{
  "totalHistoryAmount": 7830,
  "totalNumberOfHistories": 2,
  "TECNOLOGIA-occurances": 2381,
  "TECNOLOGIA-percentage": 30.408684546615582,
  "ESPORTE-occurances": 1214,
  "ESPORTE-percentage": 15.504469987228608,
  "CARROS-occurances": 555,
  "CARROS-percentage": 7.088122605363985,
  "SÉRIES E FILMES-occurances": 240,
  "SÉRIES E FILMES-percentage": 3.0651340996168583,
  "DECORAÇÃO-occurances": 134,
  "DECORAÇÃO-percentage": 1.711366538952746,
  "JOGOS-occurances": 117,
  "JOGOS-percentage": 1.4942528735632183,
  "TV E CELEBRIDADES-occurances": 85,
  "TV E CELEBRIDADES-percentage": 1.0855683269476373,
  "SEXO-occurances": 63,
  "SEXO-percentage": 0.8045977011494253,
  "FACEBOOK-occurances": 55,
  "FACEBOOK-percentage": 0.70242656449553,
  "NOTÍCIAS-occurances": 50,
  "NOTÍCIAS-percentage": 0.6385696040868455,
  "POP/ARTE-occurances": 46,
  "POP/ARTE-percentage": 0.5874840357598978,
  "TWITTER-occurances": 40,
  "TWITTER-percentage": 0.5108556832694764,
  "MODA-occurances": 36,
  "MODA-percentage": 0.45977011494252873,
  "YOUTUBE-occurances": 33,
  "YOUTUBE-percentage": 0.421455938697318,
  "FITNESS-occurances": 32,
  "FITNESS-percentage": 0.4086845466155811,
  "VIAGENS-occurances": 13,
  "VIAGENS-percentage": 0.16602809706257982,
  "LINKEDIN-occurances": 9,
  "LINKEDIN-percentage": 0.11494252873563218,
  "ECONOMIA-occurances": 9,
  "ECONOMIA-percentage": 0.11494252873563218,
  "INSTAGRAM-occurances": 6,
  "INSTAGRAM-percentage": 0.07662835249042145,
  "ALIMENTAÇÃO E SAÚDE-occurances": 4,
  "ALIMENTAÇÃO E SAÚDE-percentage": 0.05108556832694764,
  "POLÍTICA-occurances": 2,
  "POLÍTICA-percentage": 0.02554278416347382,
  "HUMOR-occurances": 1,
  "HUMOR-percentage": 0.01277139208173691,
  "INTERNACIONAL-occurances": 1,
  "INTERNACIONAL-percentage": 0.01277139208173691,
  "ESOTERISMO-occurances": 1,
  "ESOTERISMO-percentage": 0.01277139208173691,
  "EDUCAÇÃO-occurances": 0,
  "EDUCAÇÃO-percentage": 0,
  "CIÊNCIA-occurances": 0,
  "CIÊNCIA-percentage": 0,
  "NATUREZA-occurances": 0,
  "NATUREZA-percentage": 0
}
