{
  "totalHistoryAmount": 4461918,
  "TECNOLOGIA-occurances": 1496489,
  "TECNOLOGIA-percentage": 33.539141687498514,
  "TWITTER-occurances": 18191,
  "TWITTER-percentage": 0.407694628184561,
  "ESPORTE-occurances": 238093,
  "ESPORTE-percentage": 5.336113303740678,
  "YOUTUBE-occurances": 161765,
  "YOUTUBE-percentage": 3.6254588273473427,
  "SÉRIES E FILMES-occurances": 90596,
  "SÉRIES E FILMES-percentage": 2.0304272736522724,
  "JOGOS-occurances": 19310,
  "JOGOS-percentage": 0.43277352923115125,
  "POP/ARTE-occurances": 59561,
  "POP/ARTE-percentage": 1.3348743746523357,
  "FITNESS-occurances": 9795,
  "FITNESS-percentage": 0.21952442873221784,
  "CARROS-occurances": 36255,
  "CARROS-percentage": 0.8125429467775965,
  "FACEBOOK-occurances": 295919,
  "FACEBOOK-percentage": 6.632103055233198,
  "INSTAGRAM-occurances": 34890,
  "INSTAGRAM-percentage": 0.781950721640335,
  "TV E CELEBRIDADES-occurances": 33357,
  "TV E CELEBRIDADES-percentage": 0.7475932995631027,
  "NOTÍCIAS-occurances": 179943,
  "NOTÍCIAS-percentage": 4.032862101006787,
  "ESOTERISMO-occurances": 24671,
  "ESOTERISMO-percentage": 0.5529236530120006,
  "LINKEDIN-occurances": 31058,
  "LINKEDIN-percentage": 0.696068372390528,
  "ECONOMIA-occurances": 9637,
  "ECONOMIA-percentage": 0.21598335065772165,
  "MODA-occurances": 72121,
  "MODA-percentage": 1.6163676696882372,
  "VIAGENS-occurances": 13237,
  "VIAGENS-percentage": 0.29666614222852145,
  "EDUCAÇÃO-occurances": 21903,
  "EDUCAÇÃO-percentage": 0.4908875510486746,
  "DECORAÇÃO-occurances": 181237,
  "DECORAÇÃO-percentage": 4.06186308219918,
  "HUMOR-occurances": 6631,
  "HUMOR-percentage": 0.14861321969610378,
  "SEXO-occurances": 97270,
  "SEXO-percentage": 2.1800042044699164,
  "CIÊNCIA-occurances": 8429,
  "CIÊNCIA-percentage": 0.1889097917084088,
  "NATUREZA-occurances": 3514,
  "NATUREZA-percentage": 0.07875536932771961,
  "INTERNACIONAL-occurances": 8245,
  "INTERNACIONAL-percentage": 0.18478600458367903,
  "ALIMENTAÇÃO E SAÚDE-occurances": 26022,
  "ALIMENTAÇÃO E SAÚDE-percentage": 0.5832021117375981,
  "POLÍTICA-occurances": 8775,
  "POLÍTICA-percentage": 0.19666430445382457
}
