{"totalHistoryAmount":3096,"TECNOLOGIA-occurances":1133,"TECNOLOGIA-percentage":36.59560723514212,"DECORAÇÃO-occurances":420,"DECORAÇÃO-percentage":13.565891472868216,"FACEBOOK-occurances":152,"FACEBOOK-percentage":4.909560723514212,"ESPORTE-occurances":115,"ESPORTE-percentage":3.714470284237726,"POP/ARTE-occurances":43,"POP/ARTE-percentage":1.3888888888888888,"ALIMENTAÇÃO E SAÚDE-occurances":35,"ALIMENTAÇÃO E SAÚDE-percentage":1.1304909560723515,"NOTÍCIAS-occurances":34,"NOTÍCIAS-percentage":1.0981912144702843,"SÉRIES E FILMES-occurances":32,"SÉRIES E FILMES-percentage":1.0335917312661498,"MODA-occurances":24,"MODA-percentage":0.7751937984496124,"JOGOS-occurances":21,"JOGOS-percentage":0.6782945736434108,"YOUTUBE-occurances":17,"YOUTUBE-percentage":0.5490956072351422,"TWITTER-occurances":16,"TWITTER-percentage":0.5167958656330749,"FITNESS-occurances":11,"FITNESS-percentage":0.355297157622739,"ECONOMIA-occurances":10,"ECONOMIA-percentage":0.32299741602067183,"CARROS-occurances":9,"CARROS-percentage":0.29069767441860467,"INSTAGRAM-occurances":8,"INSTAGRAM-percentage":0.25839793281653745,"VIAGENS-occurances":7,"VIAGENS-percentage":0.22609819121447028,"INTERNACIONAL-occurances":6,"INTERNACIONAL-percentage":0.1937984496124031,"EDUCAÇÃO-occurances":5,"EDUCAÇÃO-percentage":0.16149870801033592,"ESOTERISMO-occurances":4,"ESOTERISMO-percentage":0.12919896640826872,"NATUREZA-occurances":4,"NATUREZA-percentage":0.12919896640826872,"TV E CELEBRIDADES-occurances":4,"TV E CELEBRIDADES-percentage":0.12919896640826872,"HUMOR-occurances":3,"HUMOR-percentage":0.09689922480620156,"CIÊNCIA-occurances":2,"CIÊNCIA-percentage":0.06459948320413436,"POLÍTICA-occurances":2,"POLÍTICA-percentage":0.06459948320413436,"SEXO-occurances":2,"SEXO-percentage":0.06459948320413436,"LINKEDIN-occurances":0,"LINKEDIN-percentage":0}