{"totalHistoryAmount":6575,"TECNOLOGIA-occurances":1826,"TECNOLOGIA-percentage":27.771863117870723,"YOUTUBE-occurances":446,"YOUTUBE-percentage":6.783269961977187,"NOTÍCIAS-occurances":436,"NOTÍCIAS-percentage":6.6311787072243344,"DECORAÇÃO-occurances":387,"DECORAÇÃO-percentage":5.885931558935361,"SÉRIES E FILMES-occurances":257,"SÉRIES E FILMES-percentage":3.908745247148289,"FACEBOOK-occurances":181,"FACEBOOK-percentage":2.752851711026616,"ESPORTE-occurances":124,"ESPORTE-percentage":1.8859315589353611,"POP/ARTE-occurances":122,"POP/ARTE-percentage":1.855513307984791,"TV E CELEBRIDADES-occurances":75,"TV E CELEBRIDADES-percentage":1.1406844106463878,"MODA-occurances":66,"MODA-percentage":1.0038022813688212,"CARROS-occurances":64,"CARROS-percentage":0.973384030418251,"ALIMENTAÇÃO E SAÚDE-occurances":58,"ALIMENTAÇÃO E SAÚDE-percentage":0.8821292775665399,"JOGOS-occurances":39,"JOGOS-percentage":0.5931558935361216,"VIAGENS-occurances":37,"VIAGENS-percentage":0.5627376425855514,"SEXO-occurances":28,"SEXO-percentage":0.42585551330798477,"EDUCAÇÃO-occurances":24,"EDUCAÇÃO-percentage":0.3650190114068441,"INTERNACIONAL-occurances":19,"INTERNACIONAL-percentage":0.2889733840304182,"CIÊNCIA-occurances":11,"CIÊNCIA-percentage":0.16730038022813687,"HUMOR-occurances":10,"HUMOR-percentage":0.1520912547528517,"LINKEDIN-occurances":10,"LINKEDIN-percentage":0.1520912547528517,"ESOTERISMO-occurances":9,"ESOTERISMO-percentage":0.13688212927756654,"ECONOMIA-occurances":8,"ECONOMIA-percentage":0.12167300380228137,"FITNESS-occurances":8,"FITNESS-percentage":0.12167300380228137,"NATUREZA-occurances":5,"NATUREZA-percentage":0.07604562737642585,"TWITTER-occurances":3,"TWITTER-percentage":0.045627376425855515,"POLÍTICA-occurances":1,"POLÍTICA-percentage":0.015209125475285171,"INSTAGRAM-occurances":0,"INSTAGRAM-percentage":0}