{"totalHistoryAmount":5166,"TECNOLOGIA-occurances":1538,"TECNOLOGIA-percentage":29.771583430120014,"YOUTUBE-occurances":602,"YOUTUBE-percentage":11.653116531165312,"SÉRIES E FILMES-occurances":407,"SÉRIES E FILMES-percentage":7.878435927216415,"DECORAÇÃO-occurances":361,"DECORAÇÃO-percentage":6.987998451413086,"FACEBOOK-occurances":123,"FACEBOOK-percentage":2.380952380952381,"NOTÍCIAS-occurances":103,"NOTÍCIAS-percentage":1.9938056523422376,"POP/ARTE-occurances":82,"POP/ARTE-percentage":1.5873015873015872,"CARROS-occurances":58,"CARROS-percentage":1.1227255129694154,"TV E CELEBRIDADES-occurances":43,"TV E CELEBRIDADES-percentage":0.832365466511808,"ALIMENTAÇÃO E SAÚDE-occurances":42,"ALIMENTAÇÃO E SAÚDE-percentage":0.8130081300813008,"ESPORTE-occurances":40,"ESPORTE-percentage":0.7742934572202865,"SEXO-occurances":23,"SEXO-percentage":0.4452187379016647,"MODA-occurances":20,"MODA-percentage":0.38714672861014326,"INTERNACIONAL-occurances":14,"INTERNACIONAL-percentage":0.27100271002710025,"VIAGENS-occurances":10,"VIAGENS-percentage":0.19357336430507163,"JOGOS-occurances":8,"JOGOS-percentage":0.1548586914440573,"EDUCAÇÃO-occurances":7,"EDUCAÇÃO-percentage":0.13550135501355012,"ESOTERISMO-occurances":7,"ESOTERISMO-percentage":0.13550135501355012,"CIÊNCIA-occurances":6,"CIÊNCIA-percentage":0.11614401858304298,"FITNESS-occurances":6,"FITNESS-percentage":0.11614401858304298,"INSTAGRAM-occurances":6,"INSTAGRAM-percentage":0.11614401858304298,"LINKEDIN-occurances":6,"LINKEDIN-percentage":0.11614401858304298,"HUMOR-occurances":5,"HUMOR-percentage":0.09678668215253582,"NATUREZA-occurances":3,"NATUREZA-percentage":0.05807200929152149,"ECONOMIA-occurances":1,"ECONOMIA-percentage":0.019357336430507164,"POLÍTICA-occurances":1,"POLÍTICA-percentage":0.019357336430507164,"TWITTER-occurances":1,"TWITTER-percentage":0.019357336430507164}