{"totalHistoryAmount":6922,"TECNOLOGIA-occurances":1929,"TECNOLOGIA-percentage":27.867668303958393,"NOTÍCIAS-occurances":463,"NOTÍCIAS-percentage":6.688818260618318,"DECORAÇÃO-occurances":363,"DECORAÇÃO-percentage":5.244149089858422,"FACEBOOK-occurances":298,"FACEBOOK-percentage":4.30511412886449,"MODA-occurances":270,"MODA-percentage":3.900606761051719,"YOUTUBE-occurances":237,"YOUTUBE-percentage":3.4238659347009537,"ESPORTE-occurances":164,"ESPORTE-percentage":2.3692574400462294,"SÉRIES E FILMES-occurances":161,"SÉRIES E FILMES-percentage":2.3259173649234324,"POP/ARTE-occurances":131,"POP/ARTE-percentage":1.8925166136954636,"ALIMENTAÇÃO E SAÚDE-occurances":70,"ALIMENTAÇÃO E SAÚDE-percentage":1.0112684195319273,"TV E CELEBRIDADES-occurances":58,"TV E CELEBRIDADES-percentage":0.8379081190407397,"CARROS-occurances":47,"CARROS-percentage":0.6789945102571511,"JOGOS-occurances":36,"JOGOS-percentage":0.5200809014735626,"VIAGENS-occurances":36,"VIAGENS-percentage":0.5200809014735626,"SEXO-occurances":32,"SEXO-percentage":0.4622941346431667,"EDUCAÇÃO-occurances":26,"EDUCAÇÃO-percentage":0.37561398439757293,"CIÊNCIA-occurances":18,"CIÊNCIA-percentage":0.2600404507367813,"INTERNACIONAL-occurances":16,"INTERNACIONAL-percentage":0.23114706732158335,"HUMOR-occurances":11,"HUMOR-percentage":0.15891360878358857,"LINKEDIN-occurances":10,"LINKEDIN-percentage":0.1444669170759896,"ECONOMIA-occurances":9,"ECONOMIA-percentage":0.13002022536839064,"NATUREZA-occurances":8,"NATUREZA-percentage":0.11557353366079168,"FITNESS-occurances":7,"FITNESS-percentage":0.10112684195319271,"ESOTERISMO-occurances":5,"ESOTERISMO-percentage":0.0722334585379948,"INSTAGRAM-occurances":4,"INSTAGRAM-percentage":0.05778676683039584,"TWITTER-occurances":3,"TWITTER-percentage":0.04334007512279688,"POLÍTICA-occurances":2,"POLÍTICA-percentage":0.02889338341519792}