{"totalHistoryAmount":6510,"TECNOLOGIA-occurances":1594,"TECNOLOGIA-percentage":24.48540706605223,"FACEBOOK-occurances":611,"FACEBOOK-percentage":9.385560675883257,"DECORAÇÃO-occurances":406,"DECORAÇÃO-percentage":6.236559139784946,"NOTÍCIAS-occurances":383,"NOTÍCIAS-percentage":5.883256528417819,"MODA-occurances":267,"MODA-percentage":4.1013824884792625,"ESPORTE-occurances":227,"ESPORTE-percentage":3.4869431643625193,"LINKEDIN-occurances":125,"LINKEDIN-percentage":1.9201228878648233,"ESOTERISMO-occurances":115,"ESOTERISMO-percentage":1.7665130568356375,"POP/ARTE-occurances":109,"POP/ARTE-percentage":1.674347158218126,"TV E CELEBRIDADES-occurances":82,"TV E CELEBRIDADES-percentage":1.2596006144393241,"YOUTUBE-occurances":79,"YOUTUBE-percentage":1.2135176651305684,"SÉRIES E FILMES-occurances":67,"SÉRIES E FILMES-percentage":1.0291858678955452,"ALIMENTAÇÃO E SAÚDE-occurances":58,"ALIMENTAÇÃO E SAÚDE-percentage":0.890937019969278,"POLÍTICA-occurances":44,"POLÍTICA-percentage":0.6758832565284179,"EDUCAÇÃO-occurances":38,"EDUCAÇÃO-percentage":0.5837173579109063,"CARROS-occurances":34,"CARROS-percentage":0.522273425499232,"ECONOMIA-occurances":20,"ECONOMIA-percentage":0.30721966205837176,"CIÊNCIA-occurances":19,"CIÊNCIA-percentage":0.29185867895545314,"SEXO-occurances":19,"SEXO-percentage":0.29185867895545314,"HUMOR-occurances":16,"HUMOR-percentage":0.2457757296466974,"INTERNACIONAL-occurances":13,"INTERNACIONAL-percentage":0.19969278033794163,"TWITTER-occurances":9,"TWITTER-percentage":0.1382488479262673,"JOGOS-occurances":8,"JOGOS-percentage":0.1228878648233487,"NATUREZA-occurances":7,"NATUREZA-percentage":0.10752688172043011,"VIAGENS-occurances":7,"VIAGENS-percentage":0.10752688172043011,"INSTAGRAM-occurances":6,"INSTAGRAM-percentage":0.09216589861751152,"FITNESS-occurances":4,"FITNESS-percentage":0.06144393241167435}