{"totalHistoryAmount":2968,"TECNOLOGIA-occurances":1378,"TECNOLOGIA-percentage":46.42857142857143,"YOUTUBE-occurances":254,"YOUTUBE-percentage":8.557951482479785,"FACEBOOK-occurances":140,"FACEBOOK-percentage":4.716981132075472,"ESPORTE-occurances":138,"ESPORTE-percentage":4.649595687331536,"FITNESS-occurances":56,"FITNESS-percentage":1.8867924528301887,"POP/ARTE-occurances":36,"POP/ARTE-percentage":1.2129380053908356,"ECONOMIA-occurances":34,"ECONOMIA-percentage":1.1455525606469004,"INSTAGRAM-occurances":33,"INSTAGRAM-percentage":1.1118598382749325,"MODA-occurances":25,"MODA-percentage":0.8423180592991913,"JOGOS-occurances":18,"JOGOS-percentage":0.6064690026954178,"TV E CELEBRIDADES-occurances":18,"TV E CELEBRIDADES-percentage":0.6064690026954178,"NOTÍCIAS-occurances":17,"NOTÍCIAS-percentage":0.5727762803234502,"SÉRIES E FILMES-occurances":17,"SÉRIES E FILMES-percentage":0.5727762803234502,"POLÍTICA-occurances":15,"POLÍTICA-percentage":0.5053908355795148,"EDUCAÇÃO-occurances":13,"EDUCAÇÃO-percentage":0.4380053908355795,"VIAGENS-occurances":12,"VIAGENS-percentage":0.40431266846361186,"INTERNACIONAL-occurances":9,"INTERNACIONAL-percentage":0.3032345013477089,"CARROS-occurances":7,"CARROS-percentage":0.2358490566037736,"HUMOR-occurances":6,"HUMOR-percentage":0.20215633423180593,"ESOTERISMO-occurances":2,"ESOTERISMO-percentage":0.0673854447439353,"CIÊNCIA-occurances":1,"CIÊNCIA-percentage":0.03369272237196765,"DECORAÇÃO-occurances":1,"DECORAÇÃO-percentage":0.03369272237196765,"LINKEDIN-occurances":1,"LINKEDIN-percentage":0.03369272237196765,"NATUREZA-occurances":1,"NATUREZA-percentage":0.03369272237196765,"ALIMENTAÇÃO E SAÚDE-occurances":0,"ALIMENTAÇÃO E SAÚDE-percentage":0,"SEXO-occurances":0,"SEXO-percentage":0,"TWITTER-occurances":0,"TWITTER-percentage":0}