{"totalHistoryAmount":9195,"TECNOLOGIA-occurances":4184,"TECNOLOGIA-percentage":45.502990755845566,"ESPORTE-occurances":1558,"ESPORTE-percentage":16.94399129961936,"FACEBOOK-occurances":1205,"FACEBOOK-percentage":13.10494834148994,"SEXO-occurances":574,"SEXO-percentage":6.242523110386079,"INSTAGRAM-occurances":162,"INSTAGRAM-percentage":1.761827079934747,"CARROS-occurances":130,"CARROS-percentage":1.4138118542686242,"DECORAÇÃO-occurances":66,"DECORAÇÃO-percentage":0.7177814029363785,"POP/ARTE-occurances":62,"POP/ARTE-percentage":0.6742794997281131,"EDUCAÇÃO-occurances":55,"EDUCAÇÃO-percentage":0.5981511691136487,"NOTÍCIAS-occurances":48,"NOTÍCIAS-percentage":0.5220228384991843,"YOUTUBE-occurances":42,"YOUTUBE-percentage":0.4567699836867863,"ESOTERISMO-occurances":37,"ESOTERISMO-percentage":0.4023926046764546,"JOGOS-occurances":25,"JOGOS-percentage":0.27188689505165853,"LINKEDIN-occurances":21,"LINKEDIN-percentage":0.22838499184339314,"MODA-occurances":17,"MODA-percentage":0.18488308863512778,"TWITTER-occurances":12,"TWITTER-percentage":0.13050570962479607,"ECONOMIA-occurances":11,"ECONOMIA-percentage":0.11963023382272975,"SÉRIES E FILMES-occurances":11,"SÉRIES E FILMES-percentage":0.11963023382272975,"TV E CELEBRIDADES-occurances":10,"TV E CELEBRIDADES-percentage":0.10875475802066341,"ALIMENTAÇÃO E SAÚDE-occurances":4,"ALIMENTAÇÃO E SAÚDE-percentage":0.043501903208265365,"FITNESS-occurances":4,"FITNESS-percentage":0.043501903208265365,"VIAGENS-occurances":3,"VIAGENS-percentage":0.03262642740619902,"CIÊNCIA-occurances":2,"CIÊNCIA-percentage":0.021750951604132682,"POLÍTICA-occurances":2,"POLÍTICA-percentage":0.021750951604132682,"INTERNACIONAL-occurances":1,"INTERNACIONAL-percentage":0.010875475802066341,"HUMOR-occurances":0,"HUMOR-percentage":0,"NATUREZA-occurances":0,"NATUREZA-percentage":0}