{"totalHistoryAmount":6526,"TECNOLOGIA-occurances":1849,"TECNOLOGIA-percentage":28.332822555930125,"NOTÍCIAS-occurances":455,"NOTÍCIAS-percentage":6.972111553784861,"DECORAÇÃO-occurances":351,"DECORAÇÃO-percentage":5.378486055776892,"FACEBOOK-occurances":261,"FACEBOOK-percentage":3.999387067116151,"YOUTUBE-occurances":251,"YOUTUBE-percentage":3.8461538461538463,"SÉRIES E FILMES-occurances":202,"SÉRIES E FILMES-percentage":3.0953110634385537,"ESPORTE-occurances":140,"ESPORTE-percentage":2.145265093472265,"POP/ARTE-occurances":130,"POP/ARTE-percentage":1.9920318725099602,"MODA-occurances":78,"MODA-percentage":1.1952191235059761,"TV E CELEBRIDADES-occurances":61,"TV E CELEBRIDADES-percentage":0.9347226478700582,"ALIMENTAÇÃO E SAÚDE-occurances":59,"ALIMENTAÇÃO E SAÚDE-percentage":0.9040760036775973,"CARROS-occurances":56,"CARROS-percentage":0.8581060373889059,"JOGOS-occurances":36,"JOGOS-percentage":0.5516395954642966,"VIAGENS-occurances":36,"VIAGENS-percentage":0.5516395954642966,"SEXO-occurances":32,"SEXO-percentage":0.4903463070793748,"EDUCAÇÃO-occurances":25,"EDUCAÇÃO-percentage":0.38308305240576157,"CIÊNCIA-occurances":15,"CIÊNCIA-percentage":0.22984983144345694,"INTERNACIONAL-occurances":15,"INTERNACIONAL-percentage":0.22984983144345694,"HUMOR-occurances":11,"HUMOR-percentage":0.1685565430585351,"ECONOMIA-occurances":10,"ECONOMIA-percentage":0.15323322096230463,"LINKEDIN-occurances":10,"LINKEDIN-percentage":0.15323322096230463,"FITNESS-occurances":7,"FITNESS-percentage":0.10726325467361324,"ESOTERISMO-occurances":6,"ESOTERISMO-percentage":0.09193993257738278,"NATUREZA-occurances":5,"NATUREZA-percentage":0.07661661048115231,"INSTAGRAM-occurances":3,"INSTAGRAM-percentage":0.04596996628869139,"TWITTER-occurances":3,"TWITTER-percentage":0.04596996628869139,"POLÍTICA-occurances":2,"POLÍTICA-percentage":0.030646644192460926}