{"totalHistoryAmount":4092,"TECNOLOGIA-occurances":1417,"TECNOLOGIA-percentage":34.62854349951124,"LINKEDIN-occurances":311,"LINKEDIN-percentage":7.60019550342131,"FACEBOOK-occurances":108,"FACEBOOK-percentage":2.6392961876832843,"EDUCAÇÃO-occurances":106,"EDUCAÇÃO-percentage":2.590420332355816,"CARROS-occurances":44,"CARROS-percentage":1.075268817204301,"ESPORTE-occurances":42,"ESPORTE-percentage":1.0263929618768328,"VIAGENS-occurances":42,"VIAGENS-percentage":1.0263929618768328,"INSTAGRAM-occurances":35,"INSTAGRAM-percentage":0.855327468230694,"NOTÍCIAS-occurances":33,"NOTÍCIAS-percentage":0.8064516129032258,"SÉRIES E FILMES-occurances":31,"SÉRIES E FILMES-percentage":0.7575757575757576,"MODA-occurances":30,"MODA-percentage":0.7331378299120235,"YOUTUBE-occurances":28,"YOUTUBE-percentage":0.6842619745845552,"FITNESS-occurances":27,"FITNESS-percentage":0.6598240469208211,"JOGOS-occurances":22,"JOGOS-percentage":0.5376344086021505,"CIÊNCIA-occurances":21,"CIÊNCIA-percentage":0.5131964809384164,"TV E CELEBRIDADES-occurances":21,"TV E CELEBRIDADES-percentage":0.5131964809384164,"POP/ARTE-occurances":18,"POP/ARTE-percentage":0.4398826979472141,"DECORAÇÃO-occurances":17,"DECORAÇÃO-percentage":0.41544477028348,"TWITTER-occurances":17,"TWITTER-percentage":0.41544477028348,"ECONOMIA-occurances":15,"ECONOMIA-percentage":0.36656891495601174,"SEXO-occurances":15,"SEXO-percentage":0.36656891495601174,"ESOTERISMO-occurances":10,"ESOTERISMO-percentage":0.24437927663734116,"ALIMENTAÇÃO E SAÚDE-occurances":5,"ALIMENTAÇÃO E SAÚDE-percentage":0.12218963831867058,"POLÍTICA-occurances":4,"POLÍTICA-percentage":0.09775171065493646,"HUMOR-occurances":0,"HUMOR-percentage":0,"INTERNACIONAL-occurances":0,"INTERNACIONAL-percentage":0,"NATUREZA-occurances":0,"NATUREZA-percentage":0}