{"totalHistoryAmount":6497,"TECNOLOGIA-occurances":1824,"TECNOLOGIA-percentage":28.074495921194398,"YOUTUBE-occurances":446,"YOUTUBE-percentage":6.864706787748191,"NOTÍCIAS-occurances":434,"NOTÍCIAS-percentage":6.680006156687702,"DECORAÇÃO-occurances":370,"DECORAÇÃO-percentage":5.694936124365092,"SÉRIES E FILMES-occurances":258,"SÉRIES E FILMES-percentage":3.9710635678005235,"FACEBOOK-occurances":189,"FACEBOOK-percentage":2.909034939202709,"POP/ARTE-occurances":126,"POP/ARTE-percentage":1.9393566261351394,"ESPORTE-occurances":108,"ESPORTE-percentage":1.6623056795444051,"TV E CELEBRIDADES-occurances":72,"TV E CELEBRIDADES-percentage":1.1082037863629368,"CARROS-occurances":64,"CARROS-percentage":0.9850700323226105,"MODA-occurances":64,"MODA-percentage":0.9850700323226105,"ALIMENTAÇÃO E SAÚDE-occurances":57,"ALIMENTAÇÃO E SAÚDE-percentage":0.8773279975373249,"JOGOS-occurances":39,"JOGOS-percentage":0.6002770509465908,"VIAGENS-occurances":36,"VIAGENS-percentage":0.5541018931814684,"SEXO-occurances":28,"SEXO-percentage":0.43096813914114207,"EDUCAÇÃO-occurances":24,"EDUCAÇÃO-percentage":0.3694012621209789,"INTERNACIONAL-occurances":19,"INTERNACIONAL-percentage":0.292442665845775,"CIÊNCIA-occurances":11,"CIÊNCIA-percentage":0.16930891180544866,"HUMOR-occurances":10,"HUMOR-percentage":0.1539171925504079,"LINKEDIN-occurances":10,"LINKEDIN-percentage":0.1539171925504079,"ESOTERISMO-occurances":9,"ESOTERISMO-percentage":0.1385254732953671,"ECONOMIA-occurances":8,"ECONOMIA-percentage":0.12313375404032631,"FITNESS-occurances":8,"FITNESS-percentage":0.12313375404032631,"NATUREZA-occurances":5,"NATUREZA-percentage":0.07695859627520395,"TWITTER-occurances":3,"TWITTER-percentage":0.04617515776512236,"POLÍTICA-occurances":1,"POLÍTICA-percentage":0.015391719255040789,"INSTAGRAM-occurances":0,"INSTAGRAM-percentage":0}