{"totalHistoryAmount":8820,"TECNOLOGIA-occurances":4126,"TECNOLOGIA-percentage":46.78004535147392,"ESPORTE-occurances":1427,"ESPORTE-percentage":16.179138321995463,"FACEBOOK-occurances":1067,"FACEBOOK-percentage":12.09750566893424,"SEXO-occurances":693,"SEXO-percentage":7.857142857142857,"INSTAGRAM-occurances":173,"INSTAGRAM-percentage":1.961451247165533,"CARROS-occurances":98,"CARROS-percentage":1.1111111111111112,"YOUTUBE-occurances":62,"YOUTUBE-percentage":0.7029478458049887,"DECORAÇÃO-occurances":54,"DECORAÇÃO-percentage":0.6122448979591837,"NOTÍCIAS-occurances":41,"NOTÍCIAS-percentage":0.46485260770975056,"EDUCAÇÃO-occurances":37,"EDUCAÇÃO-percentage":0.41950113378684806,"MODA-occurances":24,"MODA-percentage":0.272108843537415,"ESOTERISMO-occurances":14,"ESOTERISMO-percentage":0.15873015873015872,"CIÊNCIA-occurances":11,"CIÊNCIA-percentage":0.12471655328798185,"ECONOMIA-occurances":11,"ECONOMIA-percentage":0.12471655328798185,"LINKEDIN-occurances":11,"LINKEDIN-percentage":0.12471655328798185,"POP/ARTE-occurances":10,"POP/ARTE-percentage":0.11337868480725624,"SÉRIES E FILMES-occurances":8,"SÉRIES E FILMES-percentage":0.09070294784580499,"TV E CELEBRIDADES-occurances":3,"TV E CELEBRIDADES-percentage":0.034013605442176874,"TWITTER-occurances":3,"TWITTER-percentage":0.034013605442176874,"FITNESS-occurances":2,"FITNESS-percentage":0.022675736961451247,"VIAGENS-occurances":2,"VIAGENS-percentage":0.022675736961451247,"ALIMENTAÇÃO E SAÚDE-occurances":1,"ALIMENTAÇÃO E SAÚDE-percentage":0.011337868480725623,"INTERNACIONAL-occurances":1,"INTERNACIONAL-percentage":0.011337868480725623,"POLÍTICA-occurances":1,"POLÍTICA-percentage":0.011337868480725623,"HUMOR-occurances":0,"HUMOR-percentage":0,"JOGOS-occurances":0,"JOGOS-percentage":0,"NATUREZA-occurances":0,"NATUREZA-percentage":0}