{"totalHistoryAmount":5124,"TECNOLOGIA-occurances":1425,"TECNOLOGIA-percentage":27.81030444964871,"YOUTUBE-occurances":613,"YOUTUBE-percentage":11.963309914129587,"SÉRIES E FILMES-occurances":380,"SÉRIES E FILMES-percentage":7.41608118657299,"DECORAÇÃO-occurances":296,"DECORAÇÃO-percentage":5.776736924277908,"NOTÍCIAS-occurances":182,"NOTÍCIAS-percentage":3.551912568306011,"FACEBOOK-occurances":157,"FACEBOOK-percentage":3.0640124902419985,"POP/ARTE-occurances":98,"POP/ARTE-percentage":1.9125683060109289,"TV E CELEBRIDADES-occurances":67,"TV E CELEBRIDADES-percentage":1.3075722092115534,"CARROS-occurances":57,"CARROS-percentage":1.1124121779859484,"ESPORTE-occurances":56,"ESPORTE-percentage":1.092896174863388,"ALIMENTAÇÃO E SAÚDE-occurances":42,"ALIMENTAÇÃO E SAÚDE-percentage":0.819672131147541,"SEXO-occurances":24,"SEXO-percentage":0.468384074941452,"MODA-occurances":21,"MODA-percentage":0.4098360655737705,"INTERNACIONAL-occurances":10,"INTERNACIONAL-percentage":0.195160031225605,"VIAGENS-occurances":10,"VIAGENS-percentage":0.195160031225605,"EDUCAÇÃO-occurances":9,"EDUCAÇÃO-percentage":0.1756440281030445,"JOGOS-occurances":9,"JOGOS-percentage":0.1756440281030445,"CIÊNCIA-occurances":6,"CIÊNCIA-percentage":0.117096018735363,"ESOTERISMO-occurances":6,"ESOTERISMO-percentage":0.117096018735363,"FITNESS-occurances":6,"FITNESS-percentage":0.117096018735363,"INSTAGRAM-occurances":6,"INSTAGRAM-percentage":0.117096018735363,"LINKEDIN-occurances":6,"LINKEDIN-percentage":0.117096018735363,"HUMOR-occurances":5,"HUMOR-percentage":0.0975800156128025,"NATUREZA-occurances":4,"NATUREZA-percentage":0.078064012490242,"ECONOMIA-occurances":2,"ECONOMIA-percentage":0.039032006245121,"TWITTER-occurances":1,"TWITTER-percentage":0.0195160031225605,"POLÍTICA-occurances":0,"POLÍTICA-percentage":0}