{"totalHistoryAmount":6996,"TECNOLOGIA-occurances":1740,"TECNOLOGIA-percentage":24.871355060034304,"FACEBOOK-occurances":581,"FACEBOOK-percentage":8.304745568896513,"NOTÍCIAS-occurances":495,"NOTÍCIAS-percentage":7.0754716981132075,"DECORAÇÃO-occurances":409,"DECORAÇÃO-percentage":5.8461978273299025,"MODA-occurances":287,"MODA-percentage":4.102344196683819,"ESPORTE-occurances":223,"ESPORTE-percentage":3.187535734705546,"POP/ARTE-occurances":126,"POP/ARTE-percentage":1.8010291595197256,"LINKEDIN-occurances":125,"LINKEDIN-percentage":1.786735277301315,"ESOTERISMO-occurances":110,"ESOTERISMO-percentage":1.5723270440251573,"YOUTUBE-occurances":95,"YOUTUBE-percentage":1.3579188107489994,"SÉRIES E FILMES-occurances":78,"SÉRIES E FILMES-percentage":1.1149228130360205,"TV E CELEBRIDADES-occurances":77,"TV E CELEBRIDADES-percentage":1.10062893081761,"ALIMENTAÇÃO E SAÚDE-occurances":59,"ALIMENTAÇÃO E SAÚDE-percentage":0.8433390508862207,"EDUCAÇÃO-occurances":38,"EDUCAÇÃO-percentage":0.5431675242995998,"CARROS-occurances":36,"CARROS-percentage":0.5145797598627787,"POLÍTICA-occurances":36,"POLÍTICA-percentage":0.5145797598627787,"VIAGENS-occurances":31,"VIAGENS-percentage":0.44311034877072614,"CIÊNCIA-occurances":23,"CIÊNCIA-percentage":0.328759291023442,"SEXO-occurances":17,"SEXO-percentage":0.24299599771297883,"ECONOMIA-occurances":15,"ECONOMIA-percentage":0.2144082332761578,"HUMOR-occurances":15,"HUMOR-percentage":0.2144082332761578,"INTERNACIONAL-occurances":14,"INTERNACIONAL-percentage":0.20011435105774728,"FITNESS-occurances":7,"FITNESS-percentage":0.10005717552887364,"JOGOS-occurances":7,"JOGOS-percentage":0.10005717552887364,"NATUREZA-occurances":7,"NATUREZA-percentage":0.10005717552887364,"TWITTER-occurances":7,"TWITTER-percentage":0.10005717552887364,"INSTAGRAM-occurances":6,"INSTAGRAM-percentage":0.08576329331046312}