{"totalHistoryAmount":2905,"TECNOLOGIA-occurances":1324,"TECNOLOGIA-percentage":45.57659208261618,"YOUTUBE-occurances":254,"YOUTUBE-percentage":8.74354561101549,"FACEBOOK-occurances":140,"FACEBOOK-percentage":4.819277108433735,"ESPORTE-occurances":137,"ESPORTE-percentage":4.716006884681583,"FITNESS-occurances":56,"FITNESS-percentage":1.927710843373494,"ECONOMIA-occurances":34,"ECONOMIA-percentage":1.1703958691910499,"INSTAGRAM-occurances":33,"INSTAGRAM-percentage":1.1359724612736661,"POP/ARTE-occurances":32,"POP/ARTE-percentage":1.1015490533562822,"MODA-occurances":25,"MODA-percentage":0.8605851979345955,"JOGOS-occurances":18,"JOGOS-percentage":0.6196213425129088,"TV E CELEBRIDADES-occurances":18,"TV E CELEBRIDADES-percentage":0.6196213425129088,"NOTÍCIAS-occurances":17,"NOTÍCIAS-percentage":0.5851979345955249,"POLÍTICA-occurances":15,"POLÍTICA-percentage":0.5163511187607573,"SÉRIES E FILMES-occurances":14,"SÉRIES E FILMES-percentage":0.4819277108433735,"EDUCAÇÃO-occurances":13,"EDUCAÇÃO-percentage":0.4475043029259897,"VIAGENS-occurances":12,"VIAGENS-percentage":0.41308089500860584,"INTERNACIONAL-occurances":9,"INTERNACIONAL-percentage":0.3098106712564544,"CARROS-occurances":7,"CARROS-percentage":0.24096385542168675,"HUMOR-occurances":6,"HUMOR-percentage":0.20654044750430292,"ESOTERISMO-occurances":2,"ESOTERISMO-percentage":0.06884681583476764,"CIÊNCIA-occurances":1,"CIÊNCIA-percentage":0.03442340791738382,"DECORAÇÃO-occurances":1,"DECORAÇÃO-percentage":0.03442340791738382,"LINKEDIN-occurances":1,"LINKEDIN-percentage":0.03442340791738382,"NATUREZA-occurances":1,"NATUREZA-percentage":0.03442340791738382,"ALIMENTAÇÃO E SAÚDE-occurances":0,"ALIMENTAÇÃO E SAÚDE-percentage":0,"SEXO-occurances":0,"SEXO-percentage":0,"TWITTER-occurances":0,"TWITTER-percentage":0}