{"totalHistoryAmount":2891,"TECNOLOGIA-occurances":955,"TECNOLOGIA-percentage":33.033552404012454,"LINKEDIN-occurances":280,"LINKEDIN-percentage":9.685230024213075,"EDUCAÇÃO-occurances":92,"EDUCAÇÃO-percentage":3.182289865098582,"FACEBOOK-occurances":69,"FACEBOOK-percentage":2.3867173988239365,"CARROS-occurances":38,"CARROS-percentage":1.3144240747146316,"VIAGENS-occurances":38,"VIAGENS-percentage":1.3144240747146316,"ESPORTE-occurances":30,"ESPORTE-percentage":1.0377032168799722,"FITNESS-occurances":26,"FITNESS-percentage":0.8993427879626427,"YOUTUBE-occurances":25,"YOUTUBE-percentage":0.8647526807333102,"INSTAGRAM-occurances":22,"INSTAGRAM-percentage":0.7609823590453131,"NOTÍCIAS-occurances":21,"NOTÍCIAS-percentage":0.7263922518159807,"CIÊNCIA-occurances":18,"CIÊNCIA-percentage":0.6226219301279834,"DECORAÇÃO-occurances":17,"DECORAÇÃO-percentage":0.588031822898651,"TWITTER-occurances":17,"TWITTER-percentage":0.588031822898651,"JOGOS-occurances":15,"JOGOS-percentage":0.5188516084399861,"ECONOMIA-occurances":13,"ECONOMIA-percentage":0.44967139398132133,"TV E CELEBRIDADES-occurances":13,"TV E CELEBRIDADES-percentage":0.44967139398132133,"POP/ARTE-occurances":12,"POP/ARTE-percentage":0.4150812867519889,"SEXO-occurances":11,"SEXO-percentage":0.38049117952265654,"MODA-occurances":9,"MODA-percentage":0.3113109650639917,"ESOTERISMO-occurances":6,"ESOTERISMO-percentage":0.20754064337599445,"ALIMENTAÇÃO E SAÚDE-occurances":5,"ALIMENTAÇÃO E SAÚDE-percentage":0.17295053614666206,"POLÍTICA-occurances":3,"POLÍTICA-percentage":0.10377032168799723,"HUMOR-occurances":0,"HUMOR-percentage":0,"INTERNACIONAL-occurances":0,"INTERNACIONAL-percentage":0,"NATUREZA-occurances":0,"NATUREZA-percentage":0,"SÉRIES E FILMES-occurances":0,"SÉRIES E FILMES-percentage":0}