{"totalHistoryAmount":1109,"TECNOLOGIA-occurances":485,"TECNOLOGIA-percentage":43.733092876465285,"YOUTUBE-occurances":86,"YOUTUBE-percentage":7.754733994589721,"ESPORTE-occurances":61,"ESPORTE-percentage":5.500450856627593,"FITNESS-occurances":37,"FITNESS-percentage":3.3363390441839496,"POP/ARTE-occurances":27,"POP/ARTE-percentage":2.434625788999098,"ECONOMIA-occurances":18,"ECONOMIA-percentage":1.6230838593327321,"FACEBOOK-occurances":18,"FACEBOOK-percentage":1.6230838593327321,"INSTAGRAM-occurances":18,"INSTAGRAM-percentage":1.6230838593327321,"SÉRIES E FILMES-occurances":13,"SÉRIES E FILMES-percentage":1.1722272317403066,"VIAGENS-occurances":11,"VIAGENS-percentage":0.9918845807033363,"JOGOS-occurances":8,"JOGOS-percentage":0.721370604147881,"POLÍTICA-occurances":5,"POLÍTICA-percentage":0.4508566275924256,"CARROS-occurances":4,"CARROS-percentage":0.3606853020739405,"NOTÍCIAS-occurances":4,"NOTÍCIAS-percentage":0.3606853020739405,"EDUCAÇÃO-occurances":3,"EDUCAÇÃO-percentage":0.27051397655545534,"ESOTERISMO-occurances":2,"ESOTERISMO-percentage":0.18034265103697025,"HUMOR-occurances":2,"HUMOR-percentage":0.18034265103697025,"TV E CELEBRIDADES-occurances":2,"TV E CELEBRIDADES-percentage":0.18034265103697025,"CIÊNCIA-occurances":1,"CIÊNCIA-percentage":0.09017132551848513,"DECORAÇÃO-occurances":1,"DECORAÇÃO-percentage":0.09017132551848513,"LINKEDIN-occurances":1,"LINKEDIN-percentage":0.09017132551848513,"MODA-occurances":1,"MODA-percentage":0.09017132551848513,"NATUREZA-occurances":1,"NATUREZA-percentage":0.09017132551848513,"ALIMENTAÇÃO E SAÚDE-occurances":0,"ALIMENTAÇÃO E SAÚDE-percentage":0,"INTERNACIONAL-occurances":0,"INTERNACIONAL-percentage":0,"SEXO-occurances":0,"SEXO-percentage":0,"TWITTER-occurances":0,"TWITTER-percentage":0}