{"totalHistoryAmount":5325,"TECNOLOGIA-occurances":1489,"TECNOLOGIA-percentage":27.962441314553992,"YOUTUBE-occurances":549,"YOUTUBE-percentage":10.309859154929578,"SÉRIES E FILMES-occurances":370,"SÉRIES E FILMES-percentage":6.948356807511737,"DECORAÇÃO-occurances":279,"DECORAÇÃO-percentage":5.23943661971831,"NOTÍCIAS-occurances":228,"NOTÍCIAS-percentage":4.28169014084507,"FACEBOOK-occurances":159,"FACEBOOK-percentage":2.9859154929577465,"POP/ARTE-occurances":100,"POP/ARTE-percentage":1.8779342723004695,"TV E CELEBRIDADES-occurances":68,"TV E CELEBRIDADES-percentage":1.2769953051643192,"ESPORTE-occurances":64,"ESPORTE-percentage":1.2018779342723005,"CARROS-occurances":58,"CARROS-percentage":1.0892018779342723,"ALIMENTAÇÃO E SAÚDE-occurances":43,"ALIMENTAÇÃO E SAÚDE-percentage":0.8075117370892019,"JOGOS-occurances":36,"JOGOS-percentage":0.676056338028169,"SEXO-occurances":24,"SEXO-percentage":0.4507042253521127,"MODA-occurances":19,"MODA-percentage":0.3568075117370892,"INTERNACIONAL-occurances":18,"INTERNACIONAL-percentage":0.3380281690140845,"EDUCAÇÃO-occurances":11,"EDUCAÇÃO-percentage":0.20657276995305165,"VIAGENS-occurances":10,"VIAGENS-percentage":0.18779342723004694,"HUMOR-occurances":9,"HUMOR-percentage":0.16901408450704225,"CIÊNCIA-occurances":8,"CIÊNCIA-percentage":0.15023474178403756,"ESOTERISMO-occurances":6,"ESOTERISMO-percentage":0.11267605633802817,"LINKEDIN-occurances":6,"LINKEDIN-percentage":0.11267605633802817,"INSTAGRAM-occurances":5,"INSTAGRAM-percentage":0.09389671361502347,"FITNESS-occurances":4,"FITNESS-percentage":0.07511737089201878,"NATUREZA-occurances":4,"NATUREZA-percentage":0.07511737089201878,"ECONOMIA-occurances":3,"ECONOMIA-percentage":0.056338028169014086,"TWITTER-occurances":1,"TWITTER-percentage":0.018779342723004695,"POLÍTICA-occurances":0,"POLÍTICA-percentage":0}