{"totalHistoryAmount":6656,"TECNOLOGIA-occurances":1646,"TECNOLOGIA-percentage":24.729567307692307,"FACEBOOK-occurances":587,"FACEBOOK-percentage":8.819110576923077,"NOTÍCIAS-occurances":421,"NOTÍCIAS-percentage":6.3251201923076925,"DECORAÇÃO-occurances":352,"DECORAÇÃO-percentage":5.288461538461538,"MODA-occurances":270,"MODA-percentage":4.056490384615385,"ESPORTE-occurances":229,"ESPORTE-percentage":3.4405048076923075,"LINKEDIN-occurances":128,"LINKEDIN-percentage":1.9230769230769231,"POP/ARTE-occurances":123,"POP/ARTE-percentage":1.8479567307692308,"ESOTERISMO-occurances":116,"ESOTERISMO-percentage":1.7427884615384615,"YOUTUBE-occurances":83,"YOUTUBE-percentage":1.2469951923076923,"TV E CELEBRIDADES-occurances":82,"TV E CELEBRIDADES-percentage":1.2319711538461537,"SÉRIES E FILMES-occurances":68,"SÉRIES E FILMES-percentage":1.0216346153846154,"ALIMENTAÇÃO E SAÚDE-occurances":61,"ALIMENTAÇÃO E SAÚDE-percentage":0.9164663461538461,"POLÍTICA-occurances":44,"POLÍTICA-percentage":0.6610576923076923,"EDUCAÇÃO-occurances":38,"EDUCAÇÃO-percentage":0.5709134615384616,"CARROS-occurances":33,"CARROS-percentage":0.4957932692307692,"VIAGENS-occurances":30,"VIAGENS-percentage":0.45072115384615385,"ECONOMIA-occurances":23,"ECONOMIA-percentage":0.34555288461538464,"CIÊNCIA-occurances":20,"CIÊNCIA-percentage":0.3004807692307692,"SEXO-occurances":19,"SEXO-percentage":0.2854567307692308,"HUMOR-occurances":16,"HUMOR-percentage":0.2403846153846154,"INTERNACIONAL-occurances":14,"INTERNACIONAL-percentage":0.21033653846153846,"JOGOS-occurances":9,"JOGOS-percentage":0.13521634615384615,"TWITTER-occurances":9,"TWITTER-percentage":0.13521634615384615,"NATUREZA-occurances":7,"NATUREZA-percentage":0.10516826923076923,"INSTAGRAM-occurances":6,"INSTAGRAM-percentage":0.09014423076923077,"FITNESS-occurances":4,"FITNESS-percentage":0.06009615384615385}