{"totalHistoryAmount":6629,"TECNOLOGIA-occurances":1816,"TECNOLOGIA-percentage":27.394780509880828,"NOTÍCIAS-occurances":436,"NOTÍCIAS-percentage":6.577160959420727,"YOUTUBE-occurances":412,"YOUTUBE-percentage":6.215115402021421,"DECORAÇÃO-occurances":386,"DECORAÇÃO-percentage":5.822899381505506,"SÉRIES E FILMES-occurances":246,"SÉRIES E FILMES-percentage":3.7109669633428872,"FACEBOOK-occurances":212,"FACEBOOK-percentage":3.198069090360537,"ESPORTE-occurances":133,"ESPORTE-percentage":2.0063357972544877,"POP/ARTE-occurances":132,"POP/ARTE-percentage":1.9912505656961834,"TV E CELEBRIDADES-occurances":72,"TV E CELEBRIDADES-percentage":1.0861366721979182,"MODA-occurances":66,"MODA-percentage":0.9956252828480917,"ALIMENTAÇÃO E SAÚDE-occurances":58,"ALIMENTAÇÃO E SAÚDE-percentage":0.8749434303816563,"CARROS-occurances":58,"CARROS-percentage":0.8749434303816563,"JOGOS-occurances":40,"JOGOS-percentage":0.6034092623321768,"VIAGENS-occurances":37,"VIAGENS-percentage":0.5581535676572635,"SEXO-occurances":28,"SEXO-percentage":0.42238648363252373,"EDUCAÇÃO-occurances":24,"EDUCAÇÃO-percentage":0.3620455573993061,"INTERNACIONAL-occurances":19,"INTERNACIONAL-percentage":0.286619399607784,"CIÊNCIA-occurances":12,"CIÊNCIA-percentage":0.18102277869965305,"HUMOR-occurances":12,"HUMOR-percentage":0.18102277869965305,"LINKEDIN-occurances":10,"LINKEDIN-percentage":0.1508523155830442,"ECONOMIA-occurances":8,"ECONOMIA-percentage":0.12068185246643535,"ESOTERISMO-occurances":8,"ESOTERISMO-percentage":0.12068185246643535,"FITNESS-occurances":8,"FITNESS-percentage":0.12068185246643535,"NATUREZA-occurances":5,"NATUREZA-percentage":0.0754261577915221,"TWITTER-occurances":3,"TWITTER-percentage":0.04525569467491326,"POLÍTICA-occurances":1,"POLÍTICA-percentage":0.01508523155830442,"INSTAGRAM-occurances":0,"INSTAGRAM-percentage":0}