{"totalHistoryAmount":2930,"TECNOLOGIA-occurances":1082,"TECNOLOGIA-percentage":36.9283276450512,"DECORAÇÃO-occurances":412,"DECORAÇÃO-percentage":14.061433447098976,"FACEBOOK-occurances":140,"FACEBOOK-percentage":4.778156996587031,"ESPORTE-occurances":91,"ESPORTE-percentage":3.10580204778157,"POP/ARTE-occurances":38,"POP/ARTE-percentage":1.2969283276450512,"NOTÍCIAS-occurances":32,"NOTÍCIAS-percentage":1.0921501706484642,"ALIMENTAÇÃO E SAÚDE-occurances":30,"ALIMENTAÇÃO E SAÚDE-percentage":1.023890784982935,"MODA-occurances":25,"MODA-percentage":0.8532423208191127,"SÉRIES E FILMES-occurances":25,"SÉRIES E FILMES-percentage":0.8532423208191127,"YOUTUBE-occurances":23,"YOUTUBE-percentage":0.7849829351535836,"TWITTER-occurances":16,"TWITTER-percentage":0.5460750853242321,"JOGOS-occurances":13,"JOGOS-percentage":0.44368600682593856,"FITNESS-occurances":11,"FITNESS-percentage":0.37542662116040953,"ECONOMIA-occurances":10,"ECONOMIA-percentage":0.3412969283276451,"INSTAGRAM-occurances":8,"INSTAGRAM-percentage":0.27303754266211605,"CARROS-occurances":7,"CARROS-percentage":0.23890784982935154,"INTERNACIONAL-occurances":6,"INTERNACIONAL-percentage":0.20477815699658702,"VIAGENS-occurances":6,"VIAGENS-percentage":0.20477815699658702,"EDUCAÇÃO-occurances":5,"EDUCAÇÃO-percentage":0.17064846416382254,"ESOTERISMO-occurances":4,"ESOTERISMO-percentage":0.13651877133105803,"NATUREZA-occurances":4,"NATUREZA-percentage":0.13651877133105803,"SEXO-occurances":4,"SEXO-percentage":0.13651877133105803,"TV E CELEBRIDADES-occurances":4,"TV E CELEBRIDADES-percentage":0.13651877133105803,"HUMOR-occurances":3,"HUMOR-percentage":0.10238907849829351,"CIÊNCIA-occurances":1,"CIÊNCIA-percentage":0.034129692832764506,"POLÍTICA-occurances":1,"POLÍTICA-percentage":0.034129692832764506,"LINKEDIN-occurances":0,"LINKEDIN-percentage":0}