{"totalHistoryAmount":2542,"TECNOLOGIA-occurances":1064,"TECNOLOGIA-percentage":41.856805664830844,"NOTÍCIAS-occurances":263,"NOTÍCIAS-percentage":10.34618410700236,"ESPORTE-occurances":158,"ESPORTE-percentage":6.215578284815106,"YOUTUBE-occurances":123,"YOUTUBE-percentage":4.838709677419355,"FACEBOOK-occurances":85,"FACEBOOK-percentage":3.3438237608182533,"JOGOS-occurances":40,"JOGOS-percentage":1.5735641227380015,"POLÍTICA-occurances":27,"POLÍTICA-percentage":1.0621557828481512,"SEXO-occurances":25,"SEXO-percentage":0.983477576711251,"POP/ARTE-occurances":19,"POP/ARTE-percentage":0.7474429583005507,"SÉRIES E FILMES-occurances":19,"SÉRIES E FILMES-percentage":0.7474429583005507,"EDUCAÇÃO-occurances":18,"EDUCAÇÃO-percentage":0.7081038552321007,"INTERNACIONAL-occurances":16,"INTERNACIONAL-percentage":0.6294256490952006,"MODA-occurances":15,"MODA-percentage":0.5900865460267506,"INSTAGRAM-occurances":14,"INSTAGRAM-percentage":0.5507474429583006,"TWITTER-occurances":11,"TWITTER-percentage":0.43273013375295044,"LINKEDIN-occurances":8,"LINKEDIN-percentage":0.3147128245476003,"ALIMENTAÇÃO E SAÚDE-occurances":6,"ALIMENTAÇÃO E SAÚDE-percentage":0.23603461841070023,"TV E CELEBRIDADES-occurances":6,"TV E CELEBRIDADES-percentage":0.23603461841070023,"DECORAÇÃO-occurances":5,"DECORAÇÃO-percentage":0.1966955153422502,"VIAGENS-occurances":5,"VIAGENS-percentage":0.1966955153422502,"CARROS-occurances":4,"CARROS-percentage":0.15735641227380015,"ESOTERISMO-occurances":3,"ESOTERISMO-percentage":0.11801730920535011,"CIÊNCIA-occurances":2,"CIÊNCIA-percentage":0.07867820613690008,"NATUREZA-occurances":2,"NATUREZA-percentage":0.07867820613690008,"ECONOMIA-occurances":1,"ECONOMIA-percentage":0.03933910306845004,"FITNESS-occurances":1,"FITNESS-percentage":0.03933910306845004,"HUMOR-occurances":1,"HUMOR-percentage":0.03933910306845004}