{"totalHistoryAmount":7203,"TECNOLOGIA-occurances":1788,"TECNOLOGIA-percentage":24.82299042065806,"NOTÍCIAS-occurances":556,"NOTÍCIAS-percentage":7.719005969734833,"FACEBOOK-occurances":546,"FACEBOOK-percentage":7.580174927113703,"DECORAÇÃO-occurances":328,"DECORAÇÃO-percentage":4.553658197973067,"MODA-occurances":278,"MODA-percentage":3.8595029848674165,"ESPORTE-occurances":219,"ESPORTE-percentage":3.040399833402749,"YOUTUBE-occurances":125,"YOUTUBE-percentage":1.735388032764126,"POP/ARTE-occurances":120,"POP/ARTE-percentage":1.665972511453561,"SÉRIES E FILMES-occurances":108,"SÉRIES E FILMES-percentage":1.499375260308205,"LINKEDIN-occurances":86,"LINKEDIN-percentage":1.1939469665417188,"ESOTERISMO-occurances":78,"ESOTERISMO-percentage":1.0828821324448146,"TV E CELEBRIDADES-occurances":66,"TV E CELEBRIDADES-percentage":0.9162848812994585,"ALIMENTAÇÃO E SAÚDE-occurances":58,"ALIMENTAÇÃO E SAÚDE-percentage":0.8052200472025545,"EDUCAÇÃO-occurances":38,"EDUCAÇÃO-percentage":0.5275579619602944,"JOGOS-occurances":34,"JOGOS-percentage":0.4720255449118423,"VIAGENS-occurances":32,"VIAGENS-percentage":0.4442593363876163,"CARROS-occurances":29,"CARROS-percentage":0.40261002360127723,"CIÊNCIA-occurances":23,"CIÊNCIA-percentage":0.3193113980285992,"SEXO-occurances":23,"SEXO-percentage":0.3193113980285992,"INTERNACIONAL-occurances":21,"INTERNACIONAL-percentage":0.2915451895043732,"HUMOR-occurances":20,"HUMOR-percentage":0.27766208524226016,"ECONOMIA-occurances":13,"ECONOMIA-percentage":0.18048035540746912,"POLÍTICA-occurances":13,"POLÍTICA-percentage":0.18048035540746912,"NATUREZA-occurances":8,"NATUREZA-percentage":0.11106483409690407,"TWITTER-occurances":7,"TWITTER-percentage":0.09718172983479106,"INSTAGRAM-occurances":6,"INSTAGRAM-percentage":0.08329862557267805,"FITNESS-occurances":5,"FITNESS-percentage":0.06941552131056504}