{"totalHistoryAmount":6935,"TECNOLOGIA-occurances":1792,"TECNOLOGIA-percentage":25.839942321557317,"NOTÍCIAS-occurances":492,"NOTÍCIAS-percentage":7.0944484498918525,"FACEBOOK-occurances":435,"FACEBOOK-percentage":6.272530641672675,"DECORAÇÃO-occurances":365,"DECORAÇÃO-percentage":5.2631578947368425,"MODA-occurances":276,"MODA-percentage":3.979812545061283,"ESPORTE-occurances":191,"ESPORTE-percentage":2.7541456380677722,"YOUTUBE-occurances":188,"YOUTUBE-percentage":2.7108868060562363,"POP/ARTE-occurances":128,"POP/ARTE-percentage":1.8457101658255226,"SÉRIES E FILMES-occurances":108,"SÉRIES E FILMES-percentage":1.5573179524152847,"TV E CELEBRIDADES-occurances":59,"TV E CELEBRIDADES-percentage":0.8507570295602018,"ALIMENTAÇÃO E SAÚDE-occurances":55,"ALIMENTAÇÃO E SAÚDE-percentage":0.7930785868781542,"EDUCAÇÃO-occurances":35,"EDUCAÇÃO-percentage":0.5046863734679163,"JOGOS-occurances":35,"JOGOS-percentage":0.5046863734679163,"CARROS-occurances":34,"CARROS-percentage":0.49026676279740444,"VIAGENS-occurances":34,"VIAGENS-percentage":0.49026676279740444,"SEXO-occurances":32,"SEXO-percentage":0.46142754145638065,"LINKEDIN-occurances":26,"LINKEDIN-percentage":0.3749098774333093,"INTERNACIONAL-occurances":22,"INTERNACIONAL-percentage":0.3172314347512617,"CIÊNCIA-occurances":21,"CIÊNCIA-percentage":0.3028118240807498,"HUMOR-occurances":18,"HUMOR-percentage":0.2595529920692141,"ECONOMIA-occurances":11,"ECONOMIA-percentage":0.15861571737563085,"NATUREZA-occurances":8,"NATUREZA-percentage":0.11535688536409516,"POLÍTICA-occurances":8,"POLÍTICA-percentage":0.11535688536409516,"ESOTERISMO-occurances":6,"ESOTERISMO-percentage":0.08651766402307137,"FITNESS-occurances":5,"FITNESS-percentage":0.07209805335255948,"INSTAGRAM-occurances":4,"INSTAGRAM-percentage":0.05767844268204758,"TWITTER-occurances":4,"TWITTER-percentage":0.05767844268204758}