{"totalHistoryAmount":6512,"TECNOLOGIA-occurances":1873,"TECNOLOGIA-percentage":28.762285012285012,"YOUTUBE-occurances":436,"YOUTUBE-percentage":6.695331695331696,"NOTÍCIAS-occurances":410,"NOTÍCIAS-percentage":6.296068796068796,"DECORAÇÃO-occurances":367,"DECORAÇÃO-percentage":5.635749385749386,"SÉRIES E FILMES-occurances":296,"SÉRIES E FILMES-percentage":4.545454545454546,"FACEBOOK-occurances":190,"FACEBOOK-percentage":2.9176904176904177,"POP/ARTE-occurances":130,"POP/ARTE-percentage":1.9963144963144963,"ESPORTE-occurances":81,"ESPORTE-percentage":1.2438574938574938,"TV E CELEBRIDADES-occurances":72,"TV E CELEBRIDADES-percentage":1.1056511056511056,"MODA-occurances":65,"MODA-percentage":0.9981572481572482,"CARROS-occurances":63,"CARROS-percentage":0.9674447174447175,"ALIMENTAÇÃO E SAÚDE-occurances":57,"ALIMENTAÇÃO E SAÚDE-percentage":0.8753071253071253,"JOGOS-occurances":39,"JOGOS-percentage":0.5988943488943489,"VIAGENS-occurances":36,"VIAGENS-percentage":0.5528255528255528,"SEXO-occurances":27,"SEXO-percentage":0.4146191646191646,"INTERNACIONAL-occurances":19,"INTERNACIONAL-percentage":0.2917690417690418,"EDUCAÇÃO-occurances":13,"EDUCAÇÃO-percentage":0.19963144963144963,"CIÊNCIA-occurances":11,"CIÊNCIA-percentage":0.16891891891891891,"HUMOR-occurances":10,"HUMOR-percentage":0.15356265356265356,"LINKEDIN-occurances":10,"LINKEDIN-percentage":0.15356265356265356,"ECONOMIA-occurances":7,"ECONOMIA-percentage":0.1074938574938575,"FITNESS-occurances":7,"FITNESS-percentage":0.1074938574938575,"ESOTERISMO-occurances":6,"ESOTERISMO-percentage":0.09213759213759214,"NATUREZA-occurances":4,"NATUREZA-percentage":0.06142506142506143,"POLÍTICA-occurances":1,"POLÍTICA-percentage":0.015356265356265357,"TWITTER-occurances":1,"TWITTER-percentage":0.015356265356265357,"INSTAGRAM-occurances":0,"INSTAGRAM-percentage":0}