{"totalHistoryAmount":5144,"TECNOLOGIA-occurances":1533,"TECNOLOGIA-percentage":29.801710730948678,"YOUTUBE-occurances":602,"YOUTUBE-percentage":11.702954898911353,"SÉRIES E FILMES-occurances":407,"SÉRIES E FILMES-percentage":7.912130637636081,"DECORAÇÃO-occurances":361,"DECORAÇÃO-percentage":7.017884914463453,"FACEBOOK-occurances":122,"FACEBOOK-percentage":2.3716951788491447,"NOTÍCIAS-occurances":103,"NOTÍCIAS-percentage":2.0023328149300155,"POP/ARTE-occurances":82,"POP/ARTE-percentage":1.594090202177294,"CARROS-occurances":58,"CARROS-percentage":1.1275272161741836,"TV E CELEBRIDADES-occurances":43,"TV E CELEBRIDADES-percentage":0.8359253499222395,"ALIMENTAÇÃO E SAÚDE-occurances":42,"ALIMENTAÇÃO E SAÚDE-percentage":0.8164852255054432,"ESPORTE-occurances":40,"ESPORTE-percentage":0.7776049766718507,"SEXO-occurances":23,"SEXO-percentage":0.44712286158631415,"MODA-occurances":20,"MODA-percentage":0.38880248833592534,"INTERNACIONAL-occurances":13,"INTERNACIONAL-percentage":0.2527216174183515,"VIAGENS-occurances":10,"VIAGENS-percentage":0.19440124416796267,"JOGOS-occurances":8,"JOGOS-percentage":0.15552099533437014,"EDUCAÇÃO-occurances":7,"EDUCAÇÃO-percentage":0.13608087091757387,"ESOTERISMO-occurances":7,"ESOTERISMO-percentage":0.13608087091757387,"CIÊNCIA-occurances":6,"CIÊNCIA-percentage":0.1166407465007776,"FITNESS-occurances":6,"FITNESS-percentage":0.1166407465007776,"INSTAGRAM-occurances":6,"INSTAGRAM-percentage":0.1166407465007776,"LINKEDIN-occurances":6,"LINKEDIN-percentage":0.1166407465007776,"HUMOR-occurances":5,"HUMOR-percentage":0.09720062208398134,"NATUREZA-occurances":3,"NATUREZA-percentage":0.0583203732503888,"ECONOMIA-occurances":1,"ECONOMIA-percentage":0.019440124416796267,"POLÍTICA-occurances":1,"POLÍTICA-percentage":0.019440124416796267,"TWITTER-occurances":1,"TWITTER-percentage":0.019440124416796267}