{"totalHistoryAmount":2808,"TECNOLOGIA-occurances":1110,"TECNOLOGIA-percentage":39.52991452991453,"DECORAÇÃO-occurances":380,"DECORAÇÃO-percentage":13.532763532763532,"FACEBOOK-occurances":95,"FACEBOOK-percentage":3.383190883190883,"ESPORTE-occurances":65,"ESPORTE-percentage":2.314814814814815,"NOTÍCIAS-occurances":36,"NOTÍCIAS-percentage":1.2820512820512822,"POP/ARTE-occurances":35,"POP/ARTE-percentage":1.2464387464387465,"ALIMENTAÇÃO E SAÚDE-occurances":31,"ALIMENTAÇÃO E SAÚDE-percentage":1.103988603988604,"MODA-occurances":25,"MODA-percentage":0.8903133903133903,"SÉRIES E FILMES-occurances":25,"SÉRIES E FILMES-percentage":0.8903133903133903,"YOUTUBE-occurances":21,"YOUTUBE-percentage":0.7478632478632479,"JOGOS-occurances":13,"JOGOS-percentage":0.46296296296296297,"ECONOMIA-occurances":10,"ECONOMIA-percentage":0.3561253561253561,"FITNESS-occurances":10,"FITNESS-percentage":0.3561253561253561,"INSTAGRAM-occurances":8,"INSTAGRAM-percentage":0.2849002849002849,"VIAGENS-occurances":6,"VIAGENS-percentage":0.21367521367521367,"CARROS-occurances":5,"CARROS-percentage":0.17806267806267806,"EDUCAÇÃO-occurances":5,"EDUCAÇÃO-percentage":0.17806267806267806,"INTERNACIONAL-occurances":5,"INTERNACIONAL-percentage":0.17806267806267806,"ESOTERISMO-occurances":4,"ESOTERISMO-percentage":0.14245014245014245,"NATUREZA-occurances":4,"NATUREZA-percentage":0.14245014245014245,"TV E CELEBRIDADES-occurances":4,"TV E CELEBRIDADES-percentage":0.14245014245014245,"HUMOR-occurances":3,"HUMOR-percentage":0.10683760683760683,"SEXO-occurances":3,"SEXO-percentage":0.10683760683760683,"CIÊNCIA-occurances":1,"CIÊNCIA-percentage":0.03561253561253561,"POLÍTICA-occurances":1,"POLÍTICA-percentage":0.03561253561253561,"TWITTER-occurances":1,"TWITTER-percentage":0.03561253561253561,"LINKEDIN-occurances":0,"LINKEDIN-percentage":0}