{"totalHistoryAmount":3852,"TECNOLOGIA-occurances":1974,"TECNOLOGIA-percentage":51.246105919003114,"YOUTUBE-occurances":288,"YOUTUBE-percentage":7.4766355140186915,"FACEBOOK-occurances":205,"FACEBOOK-percentage":5.3219106957424716,"ESPORTE-occurances":184,"ESPORTE-percentage":4.7767393561786085,"POP/ARTE-occurances":50,"POP/ARTE-percentage":1.2980269989615785,"INSTAGRAM-occurances":40,"INSTAGRAM-percentage":1.0384215991692627,"ECONOMIA-occurances":36,"ECONOMIA-percentage":0.9345794392523364,"MODA-occurances":26,"MODA-percentage":0.6749740394600208,"NOTÍCIAS-occurances":26,"NOTÍCIAS-percentage":0.6749740394600208,"POLÍTICA-occurances":23,"POLÍTICA-percentage":0.5970924195223261,"TV E CELEBRIDADES-occurances":21,"TV E CELEBRIDADES-percentage":0.5451713395638629,"FITNESS-occurances":20,"FITNESS-percentage":0.5192107995846313,"ESOTERISMO-occurances":16,"ESOTERISMO-percentage":0.4153686396677051,"EDUCAÇÃO-occurances":13,"EDUCAÇÃO-percentage":0.3374870197300104,"VIAGENS-occurances":12,"VIAGENS-percentage":0.3115264797507788,"JOGOS-occurances":11,"JOGOS-percentage":0.28556593977154726,"INTERNACIONAL-occurances":10,"INTERNACIONAL-percentage":0.25960539979231567,"CARROS-occurances":6,"CARROS-percentage":0.1557632398753894,"DECORAÇÃO-occurances":6,"DECORAÇÃO-percentage":0.1557632398753894,"HUMOR-occurances":6,"HUMOR-percentage":0.1557632398753894,"LINKEDIN-occurances":6,"LINKEDIN-percentage":0.1557632398753894,"SÉRIES E FILMES-occurances":5,"SÉRIES E FILMES-percentage":0.12980269989615784,"SEXO-occurances":5,"SEXO-percentage":0.12980269989615784,"TWITTER-occurances":3,"TWITTER-percentage":0.0778816199376947,"ALIMENTAÇÃO E SAÚDE-occurances":0,"ALIMENTAÇÃO E SAÚDE-percentage":0,"CIÊNCIA-occurances":0,"CIÊNCIA-percentage":0,"NATUREZA-occurances":0,"NATUREZA-percentage":0}