{"totalHistoryAmount":6547,"TECNOLOGIA-occurances":1874,"TECNOLOGIA-percentage":28.623797159004123,"YOUTUBE-occurances":462,"YOUTUBE-percentage":7.056667175805712,"NOTÍCIAS-occurances":411,"NOTÍCIAS-percentage":6.277684435619368,"DECORAÇÃO-occurances":367,"DECORAÇÃO-percentage":5.605620895066442,"SÉRIES E FILMES-occurances":296,"SÉRIES E FILMES-percentage":4.521154727356041,"FACEBOOK-occurances":190,"FACEBOOK-percentage":2.90209256147854,"POP/ARTE-occurances":130,"POP/ARTE-percentage":1.9856422789063692,"ESPORTE-occurances":81,"ESPORTE-percentage":1.23720788147243,"TV E CELEBRIDADES-occurances":72,"TV E CELEBRIDADES-percentage":1.0997403390866045,"MODA-occurances":65,"MODA-percentage":0.9928211394531846,"CARROS-occurances":63,"CARROS-percentage":0.962272796700779,"ALIMENTAÇÃO E SAÚDE-occurances":57,"ALIMENTAÇÃO E SAÚDE-percentage":0.8706277684435619,"JOGOS-occurances":39,"JOGOS-percentage":0.5956926836719107,"VIAGENS-occurances":36,"VIAGENS-percentage":0.5498701695433023,"SEXO-occurances":27,"SEXO-percentage":0.4124026271574767,"INTERNACIONAL-occurances":19,"INTERNACIONAL-percentage":0.290209256147854,"EDUCAÇÃO-occurances":13,"EDUCAÇÃO-percentage":0.19856422789063694,"CIÊNCIA-occurances":11,"CIÊNCIA-percentage":0.16801588513823126,"HUMOR-occurances":10,"HUMOR-percentage":0.1527417137620284,"LINKEDIN-occurances":10,"LINKEDIN-percentage":0.1527417137620284,"ECONOMIA-occurances":7,"ECONOMIA-percentage":0.10691919963341989,"FITNESS-occurances":7,"FITNESS-percentage":0.10691919963341989,"ESOTERISMO-occurances":6,"ESOTERISMO-percentage":0.09164502825721704,"NATUREZA-occurances":4,"NATUREZA-percentage":0.061096685504811364,"POLÍTICA-occurances":1,"POLÍTICA-percentage":0.015274171376202841,"TWITTER-occurances":1,"TWITTER-percentage":0.015274171376202841,"INSTAGRAM-occurances":0,"INSTAGRAM-percentage":0}