{"totalHistoryAmount":7024,"TECNOLOGIA-occurances":1927,"TECNOLOGIA-percentage":27.434510250569478,"NOTÍCIAS-occurances":470,"NOTÍCIAS-percentage":6.691343963553531,"DECORAÇÃO-occurances":359,"DECORAÇÃO-percentage":5.111047835990888,"FACEBOOK-occurances":332,"FACEBOOK-percentage":4.7266514806378135,"MODA-occurances":269,"MODA-percentage":3.829726651480638,"YOUTUBE-occurances":229,"YOUTUBE-percentage":3.260250569476082,"SÉRIES E FILMES-occurances":165,"SÉRIES E FILMES-percentage":2.3490888382687927,"ESPORTE-occurances":163,"ESPORTE-percentage":2.320615034168565,"POP/ARTE-occurances":128,"POP/ARTE-percentage":1.8223234624145785,"ALIMENTAÇÃO E SAÚDE-occurances":71,"ALIMENTAÇÃO E SAÚDE-percentage":1.0108200455580865,"TV E CELEBRIDADES-occurances":60,"TV E CELEBRIDADES-percentage":0.8542141230068337,"CARROS-occurances":47,"CARROS-percentage":0.6691343963553531,"JOGOS-occurances":36,"JOGOS-percentage":0.5125284738041003,"VIAGENS-occurances":36,"VIAGENS-percentage":0.5125284738041003,"SEXO-occurances":32,"SEXO-percentage":0.45558086560364464,"EDUCAÇÃO-occurances":28,"EDUCAÇÃO-percentage":0.39863325740318906,"CIÊNCIA-occurances":19,"CIÊNCIA-percentage":0.270501138952164,"INTERNACIONAL-occurances":17,"INTERNACIONAL-percentage":0.24202733485193623,"HUMOR-occurances":16,"HUMOR-percentage":0.22779043280182232,"LINKEDIN-occurances":10,"LINKEDIN-percentage":0.14236902050113895,"ECONOMIA-occurances":9,"ECONOMIA-percentage":0.12813211845102507,"NATUREZA-occurances":8,"NATUREZA-percentage":0.11389521640091116,"FITNESS-occurances":7,"FITNESS-percentage":0.09965831435079726,"ESOTERISMO-occurances":5,"ESOTERISMO-percentage":0.07118451025056947,"INSTAGRAM-occurances":4,"INSTAGRAM-percentage":0.05694760820045558,"POLÍTICA-occurances":3,"POLÍTICA-percentage":0.042710706150341685,"TWITTER-occurances":3,"TWITTER-percentage":0.042710706150341685}