{"totalHistoryAmount":6240,"TECNOLOGIA-occurances":1446,"TECNOLOGIA-percentage":23.173076923076923,"FACEBOOK-occurances":617,"FACEBOOK-percentage":9.887820512820513,"DECORAÇÃO-occurances":391,"DECORAÇÃO-percentage":6.266025641025641,"NOTÍCIAS-occurances":376,"NOTÍCIAS-percentage":6.0256410256410255,"MODA-occurances":242,"MODA-percentage":3.878205128205128,"ESPORTE-occurances":227,"ESPORTE-percentage":3.6378205128205128,"LINKEDIN-occurances":126,"LINKEDIN-percentage":2.019230769230769,"ESOTERISMO-occurances":114,"ESOTERISMO-percentage":1.8269230769230769,"POP/ARTE-occurances":104,"POP/ARTE-percentage":1.6666666666666667,"TV E CELEBRIDADES-occurances":84,"TV E CELEBRIDADES-percentage":1.3461538461538463,"YOUTUBE-occurances":79,"YOUTUBE-percentage":1.266025641025641,"SÉRIES E FILMES-occurances":67,"SÉRIES E FILMES-percentage":1.0737179487179487,"ALIMENTAÇÃO E SAÚDE-occurances":59,"ALIMENTAÇÃO E SAÚDE-percentage":0.9455128205128205,"POLÍTICA-occurances":46,"POLÍTICA-percentage":0.7371794871794872,"EDUCAÇÃO-occurances":39,"EDUCAÇÃO-percentage":0.625,"CARROS-occurances":35,"CARROS-percentage":0.5608974358974359,"ECONOMIA-occurances":21,"ECONOMIA-percentage":0.33653846153846156,"CIÊNCIA-occurances":19,"CIÊNCIA-percentage":0.30448717948717946,"SEXO-occurances":18,"SEXO-percentage":0.28846153846153844,"HUMOR-occurances":16,"HUMOR-percentage":0.2564102564102564,"INTERNACIONAL-occurances":13,"INTERNACIONAL-percentage":0.20833333333333334,"TWITTER-occurances":9,"TWITTER-percentage":0.14423076923076922,"JOGOS-occurances":7,"JOGOS-percentage":0.11217948717948718,"NATUREZA-occurances":7,"NATUREZA-percentage":0.11217948717948718,"INSTAGRAM-occurances":6,"INSTAGRAM-percentage":0.09615384615384616,"FITNESS-occurances":4,"FITNESS-percentage":0.0641025641025641,"VIAGENS-occurances":4,"VIAGENS-percentage":0.0641025641025641}