{"totalHistoryAmount":6865,"TECNOLOGIA-occurances":1860,"TECNOLOGIA-percentage":27.093954843408593,"NOTÍCIAS-occurances":465,"NOTÍCIAS-percentage":6.773488710852148,"FACEBOOK-occurances":362,"FACEBOOK-percentage":5.2731245447924255,"DECORAÇÃO-occurances":348,"DECORAÇÃO-percentage":5.069191551347415,"MODA-occurances":271,"MODA-percentage":3.947560087399854,"YOUTUBE-occurances":213,"YOUTUBE-percentage":3.102694828841952,"ESPORTE-occurances":167,"ESPORTE-percentage":2.4326292789512016,"SÉRIES E FILMES-occurances":156,"SÉRIES E FILMES-percentage":2.272396212672979,"POP/ARTE-occurances":125,"POP/ARTE-percentage":1.820830298616169,"ALIMENTAÇÃO E SAÚDE-occurances":63,"ALIMENTAÇÃO E SAÚDE-percentage":0.9176984705025492,"TV E CELEBRIDADES-occurances":59,"TV E CELEBRIDADES-percentage":0.8594319009468318,"CARROS-occurances":48,"CARROS-percentage":0.6991988346686089,"JOGOS-occurances":36,"JOGOS-percentage":0.5243991260014567,"VIAGENS-occurances":36,"VIAGENS-percentage":0.5243991260014567,"SEXO-occurances":30,"SEXO-percentage":0.43699927166788055,"EDUCAÇÃO-occurances":28,"EDUCAÇÃO-percentage":0.40786598689002185,"INTERNACIONAL-occurances":21,"INTERNACIONAL-percentage":0.3058994901675164,"CIÊNCIA-occurances":19,"CIÊNCIA-percentage":0.2767662053896577,"HUMOR-occurances":16,"HUMOR-percentage":0.23306627822286963,"LINKEDIN-occurances":10,"LINKEDIN-percentage":0.14566642388929352,"ECONOMIA-occurances":9,"ECONOMIA-percentage":0.13109978150036417,"NATUREZA-occurances":8,"NATUREZA-percentage":0.11653313911143481,"ESOTERISMO-occurances":5,"ESOTERISMO-percentage":0.07283321194464676,"FITNESS-occurances":5,"FITNESS-percentage":0.07283321194464676,"INSTAGRAM-occurances":4,"INSTAGRAM-percentage":0.05826656955571741,"POLÍTICA-occurances":3,"POLÍTICA-percentage":0.043699927166788055,"TWITTER-occurances":3,"TWITTER-percentage":0.043699927166788055}