{"totalHistoryAmount":9333,"TECNOLOGIA-occurances":4328,"TECNOLOGIA-percentage":46.373084753026895,"ESPORTE-occurances":1572,"ESPORTE-percentage":16.84345869495339,"FACEBOOK-occurances":1201,"FACEBOOK-percentage":12.868316725597342,"SEXO-occurances":574,"SEXO-percentage":6.1502196507018105,"INSTAGRAM-occurances":161,"INSTAGRAM-percentage":1.7250616093431907,"CARROS-occurances":130,"CARROS-percentage":1.3929068895317689,"DECORAÇÃO-occurances":66,"DECORAÇÃO-percentage":0.7071681131468981,"POP/ARTE-occurances":60,"POP/ARTE-percentage":0.6428801028608164,"EDUCAÇÃO-occurances":48,"EDUCAÇÃO-percentage":0.5143040822886532,"NOTÍCIAS-occurances":47,"NOTÍCIAS-percentage":0.5035894139076396,"YOUTUBE-occurances":42,"YOUTUBE-percentage":0.45001607200257154,"ESOTERISMO-occurances":37,"ESOTERISMO-percentage":0.39644273009750347,"LINKEDIN-occurances":21,"LINKEDIN-percentage":0.22500803600128577,"MODA-occurances":21,"MODA-percentage":0.22500803600128577,"JOGOS-occurances":19,"JOGOS-percentage":0.20357869923925853,"ECONOMIA-occurances":11,"ECONOMIA-percentage":0.11786135219114968,"SÉRIES E FILMES-occurances":11,"SÉRIES E FILMES-percentage":0.11786135219114968,"TV E CELEBRIDADES-occurances":10,"TV E CELEBRIDADES-percentage":0.10714668381013608,"TWITTER-occurances":10,"TWITTER-percentage":0.10714668381013608,"ALIMENTAÇÃO E SAÚDE-occurances":4,"ALIMENTAÇÃO E SAÚDE-percentage":0.04285867352405443,"FITNESS-occurances":4,"FITNESS-percentage":0.04285867352405443,"VIAGENS-occurances":4,"VIAGENS-percentage":0.04285867352405443,"CIÊNCIA-occurances":2,"CIÊNCIA-percentage":0.021429336762027216,"POLÍTICA-occurances":2,"POLÍTICA-percentage":0.021429336762027216,"INTERNACIONAL-occurances":1,"INTERNACIONAL-percentage":0.010714668381013608,"HUMOR-occurances":0,"HUMOR-percentage":0,"NATUREZA-occurances":0,"NATUREZA-percentage":0}