{"totalHistoryAmount":6495,"TECNOLOGIA-occurances":1824,"TECNOLOGIA-percentage":28.08314087759815,"YOUTUBE-occurances":446,"YOUTUBE-percentage":6.866820631254812,"NOTÍCIAS-occurances":434,"NOTÍCIAS-percentage":6.68206312548114,"DECORAÇÃO-occurances":370,"DECORAÇÃO-percentage":5.696689761354889,"SÉRIES E FILMES-occurances":258,"SÉRIES E FILMES-percentage":3.972286374133949,"FACEBOOK-occurances":189,"FACEBOOK-percentage":2.9099307159353347,"POP/ARTE-occurances":126,"POP/ARTE-percentage":1.9399538106235565,"ESPORTE-occurances":108,"ESPORTE-percentage":1.6628175519630486,"TV E CELEBRIDADES-occurances":72,"TV E CELEBRIDADES-percentage":1.1085450346420322,"CARROS-occurances":64,"CARROS-percentage":0.985373364126251,"MODA-occurances":64,"MODA-percentage":0.985373364126251,"ALIMENTAÇÃO E SAÚDE-occurances":57,"ALIMENTAÇÃO E SAÚDE-percentage":0.8775981524249422,"JOGOS-occurances":39,"JOGOS-percentage":0.6004618937644342,"VIAGENS-occurances":36,"VIAGENS-percentage":0.5542725173210161,"SEXO-occurances":28,"SEXO-percentage":0.4311008468052348,"EDUCAÇÃO-occurances":24,"EDUCAÇÃO-percentage":0.3695150115473441,"INTERNACIONAL-occurances":19,"INTERNACIONAL-percentage":0.2925327174749808,"CIÊNCIA-occurances":11,"CIÊNCIA-percentage":0.16936104695919937,"HUMOR-occurances":10,"HUMOR-percentage":0.15396458814472672,"LINKEDIN-occurances":10,"LINKEDIN-percentage":0.15396458814472672,"ESOTERISMO-occurances":9,"ESOTERISMO-percentage":0.13856812933025403,"ECONOMIA-occurances":8,"ECONOMIA-percentage":0.12317167051578137,"FITNESS-occurances":8,"FITNESS-percentage":0.12317167051578137,"NATUREZA-occurances":5,"NATUREZA-percentage":0.07698229407236336,"TWITTER-occurances":3,"TWITTER-percentage":0.046189376443418015,"POLÍTICA-occurances":1,"POLÍTICA-percentage":0.015396458814472672,"INSTAGRAM-occurances":0,"INSTAGRAM-percentage":0}