{"totalHistoryAmount":7314,"TECNOLOGIA-occurances":1752,"TECNOLOGIA-percentage":23.954060705496307,"NOTÍCIAS-occurances":607,"NOTÍCIAS-percentage":8.299152310637135,"FACEBOOK-occurances":581,"FACEBOOK-percentage":7.943669674596664,"DECORAÇÃO-occurances":396,"DECORAÇÃO-percentage":5.414273995077933,"MODA-occurances":283,"MODA-percentage":3.8692917692097346,"ESPORTE-occurances":237,"ESPORTE-percentage":3.240360951599672,"POP/ARTE-occurances":131,"POP/ARTE-percentage":1.7910855892808313,"LINKEDIN-occurances":121,"LINKEDIN-percentage":1.654361498496035,"YOUTUBE-occurances":103,"YOUTUBE-percentage":1.4082581350834016,"ESOTERISMO-occurances":94,"ESOTERISMO-percentage":1.285206453377085,"SÉRIES E FILMES-occurances":88,"SÉRIES E FILMES-percentage":1.2031719989062073,"TV E CELEBRIDADES-occurances":87,"TV E CELEBRIDADES-percentage":1.1894995898277276,"ALIMENTAÇÃO E SAÚDE-occurances":63,"ALIMENTAÇÃO E SAÚDE-percentage":0.8613617719442166,"EDUCAÇÃO-occurances":40,"EDUCAÇÃO-percentage":0.5468963631391851,"CARROS-occurances":36,"CARROS-percentage":0.4922067268252666,"JOGOS-occurances":35,"JOGOS-percentage":0.478534317746787,"VIAGENS-occurances":31,"VIAGENS-percentage":0.42384468143286846,"CIÊNCIA-occurances":23,"CIÊNCIA-percentage":0.31446540880503143,"INTERNACIONAL-occurances":21,"INTERNACIONAL-percentage":0.2871205906480722,"POLÍTICA-occurances":21,"POLÍTICA-percentage":0.2871205906480722,"HUMOR-occurances":19,"HUMOR-percentage":0.25977577249111294,"SEXO-occurances":19,"SEXO-percentage":0.25977577249111294,"ECONOMIA-occurances":16,"ECONOMIA-percentage":0.21875854525567404,"FITNESS-occurances":7,"FITNESS-percentage":0.0957068635493574,"INSTAGRAM-occurances":6,"INSTAGRAM-percentage":0.08203445447087777,"NATUREZA-occurances":6,"NATUREZA-percentage":0.08203445447087777,"TWITTER-occurances":6,"TWITTER-percentage":0.08203445447087777}