{"totalHistoryAmount":6573,"TECNOLOGIA-occurances":1872,"TECNOLOGIA-percentage":28.480146052031035,"YOUTUBE-occurances":446,"YOUTUBE-percentage":6.785333941883462,"NOTÍCIAS-occurances":432,"NOTÍCIAS-percentage":6.572341396622547,"DECORAÇÃO-occurances":367,"DECORAÇÃO-percentage":5.58344743648258,"SÉRIES E FILMES-occurances":260,"SÉRIES E FILMES-percentage":3.955575840559866,"FACEBOOK-occurances":192,"FACEBOOK-percentage":2.921040620721132,"POP/ARTE-occurances":128,"POP/ARTE-percentage":1.9473604138140879,"ESPORTE-occurances":88,"ESPORTE-percentage":1.3388102844971854,"TV E CELEBRIDADES-occurances":72,"TV E CELEBRIDADES-percentage":1.0953902327704244,"MODA-occurances":65,"MODA-percentage":0.9888939601399666,"CARROS-occurances":63,"CARROS-percentage":0.9584664536741214,"ALIMENTAÇÃO E SAÚDE-occurances":58,"ALIMENTAÇÃO E SAÚDE-percentage":0.8823976875095086,"JOGOS-occurances":39,"JOGOS-percentage":0.5933363760839799,"VIAGENS-occurances":36,"VIAGENS-percentage":0.5476951163852122,"SEXO-occurances":28,"SEXO-percentage":0.42598509052183176,"EDUCAÇÃO-occurances":24,"EDUCAÇÃO-percentage":0.3651300775901415,"INTERNACIONAL-occurances":19,"INTERNACIONAL-percentage":0.28906131142552866,"CIÊNCIA-occurances":11,"CIÊNCIA-percentage":0.16735128556214818,"HUMOR-occurances":10,"HUMOR-percentage":0.1521375323292256,"LINKEDIN-occurances":10,"LINKEDIN-percentage":0.1521375323292256,"ESOTERISMO-occurances":9,"ESOTERISMO-percentage":0.13692377909630304,"ECONOMIA-occurances":8,"ECONOMIA-percentage":0.12171002586338049,"FITNESS-occurances":7,"FITNESS-percentage":0.10649627263045794,"NATUREZA-occurances":4,"NATUREZA-percentage":0.060855012931690246,"POLÍTICA-occurances":1,"POLÍTICA-percentage":0.015213753232922561,"TWITTER-occurances":1,"TWITTER-percentage":0.015213753232922561,"INSTAGRAM-occurances":0,"INSTAGRAM-percentage":0}