{"totalHistoryAmount":2767,"TECNOLOGIA-occurances":1116,"TECNOLOGIA-percentage":40.33249006143838,"NOTÍCIAS-occurances":263,"NOTÍCIAS-percentage":9.504878930249367,"ESPORTE-occurances":179,"ESPORTE-percentage":6.4691001084206725,"YOUTUBE-occurances":143,"YOUTUBE-percentage":5.16805204192266,"HUMOR-occurances":90,"HUMOR-percentage":3.252620166245031,"FACEBOOK-occurances":85,"FACEBOOK-percentage":3.0719190458980847,"JOGOS-occurances":40,"JOGOS-percentage":1.4456089627755693,"POLÍTICA-occurances":31,"POLÍTICA-percentage":1.1203469461510662,"SEXO-occurances":25,"SEXO-percentage":0.9035056017347307,"POP/ARTE-occurances":20,"POP/ARTE-percentage":0.7228044813877846,"EDUCAÇÃO-occurances":19,"EDUCAÇÃO-percentage":0.6866642573183954,"SÉRIES E FILMES-occurances":19,"SÉRIES E FILMES-percentage":0.6866642573183954,"INTERNACIONAL-occurances":16,"INTERNACIONAL-percentage":0.5782435851102277,"MODA-occurances":15,"MODA-percentage":0.5421033610408384,"INSTAGRAM-occurances":14,"INSTAGRAM-percentage":0.5059631369714492,"TWITTER-occurances":11,"TWITTER-percentage":0.39754246476328153,"ESOTERISMO-occurances":8,"ESOTERISMO-percentage":0.28912179255511383,"LINKEDIN-occurances":8,"LINKEDIN-percentage":0.28912179255511383,"TV E CELEBRIDADES-occurances":7,"TV E CELEBRIDADES-percentage":0.2529815684857246,"ALIMENTAÇÃO E SAÚDE-occurances":6,"ALIMENTAÇÃO E SAÚDE-percentage":0.21684134441633537,"CARROS-occurances":6,"CARROS-percentage":0.21684134441633537,"DECORAÇÃO-occurances":5,"DECORAÇÃO-percentage":0.18070112034694616,"VIAGENS-occurances":5,"VIAGENS-percentage":0.18070112034694616,"CIÊNCIA-occurances":2,"CIÊNCIA-percentage":0.07228044813877846,"NATUREZA-occurances":2,"NATUREZA-percentage":0.07228044813877846,"ECONOMIA-occurances":1,"ECONOMIA-percentage":0.03614022406938923,"FITNESS-occurances":1,"FITNESS-percentage":0.03614022406938923}