{"totalHistoryAmount":7276,"TECNOLOGIA-occurances":1745,"TECNOLOGIA-percentage":23.98295766904893,"NOTÍCIAS-occurances":599,"NOTÍCIAS-percentage":8.232545354590433,"FACEBOOK-occurances":584,"FACEBOOK-percentage":8.026388125343596,"DECORAÇÃO-occurances":398,"DECORAÇÃO-percentage":5.470038482682793,"MODA-occurances":282,"MODA-percentage":3.8757559098405716,"ESPORTE-occurances":225,"ESPORTE-percentage":3.092358438702584,"POP/ARTE-occurances":132,"POP/ARTE-percentage":1.8141836173721826,"LINKEDIN-occurances":123,"LINKEDIN-percentage":1.6904892798240791,"YOUTUBE-occurances":103,"YOUTUBE-percentage":1.4156129741616272,"ESOTERISMO-occurances":94,"ESOTERISMO-percentage":1.291918636613524,"TV E CELEBRIDADES-occurances":90,"TV E CELEBRIDADES-percentage":1.2369433754810335,"SÉRIES E FILMES-occurances":84,"SÉRIES E FILMES-percentage":1.154480483782298,"ALIMENTAÇÃO E SAÚDE-occurances":60,"ALIMENTAÇÃO E SAÚDE-percentage":0.8246289169873557,"EDUCAÇÃO-occurances":41,"EDUCAÇÃO-percentage":0.5634964266080263,"CARROS-occurances":36,"CARROS-percentage":0.4947773501924134,"JOGOS-occurances":35,"JOGOS-percentage":0.4810335349092908,"VIAGENS-occurances":31,"VIAGENS-percentage":0.42605827377680044,"POLÍTICA-occurances":28,"POLÍTICA-percentage":0.38482682792743267,"CIÊNCIA-occurances":23,"CIÊNCIA-percentage":0.3161077515118197,"INTERNACIONAL-occurances":20,"INTERNACIONAL-percentage":0.2748763056624519,"HUMOR-occurances":19,"HUMOR-percentage":0.2611324903793293,"SEXO-occurances":19,"SEXO-percentage":0.2611324903793293,"ECONOMIA-occurances":17,"ECONOMIA-percentage":0.2336448598130841,"FITNESS-occurances":7,"FITNESS-percentage":0.09620670698185817,"INSTAGRAM-occurances":6,"INSTAGRAM-percentage":0.08246289169873557,"NATUREZA-occurances":6,"NATUREZA-percentage":0.08246289169873557,"TWITTER-occurances":6,"TWITTER-percentage":0.08246289169873557}