{"totalHistoryAmount":6902,"TECNOLOGIA-occurances":1692,"TECNOLOGIA-percentage":24.51463343958273,"FACEBOOK-occurances":583,"FACEBOOK-percentage":8.446827006664735,"NOTÍCIAS-occurances":456,"NOTÍCIAS-percentage":6.606780643291799,"DECORAÇÃO-occurances":404,"DECORAÇÃO-percentage":5.8533758330918575,"MODA-occurances":289,"MODA-percentage":4.187192118226601,"ESPORTE-occurances":226,"ESPORTE-percentage":3.2744132135612865,"LINKEDIN-occurances":127,"LINKEDIN-percentage":1.8400463633729354,"POP/ARTE-occurances":127,"POP/ARTE-percentage":1.8400463633729354,"ESOTERISMO-occurances":111,"ESOTERISMO-percentage":1.6082294986960302,"YOUTUBE-occurances":86,"YOUTUBE-percentage":1.2460156476383657,"TV E CELEBRIDADES-occurances":79,"TV E CELEBRIDADES-percentage":1.1445957693422197,"SÉRIES E FILMES-occurances":73,"SÉRIES E FILMES-percentage":1.05766444508838,"ALIMENTAÇÃO E SAÚDE-occurances":65,"ALIMENTAÇÃO E SAÚDE-percentage":0.9417560127499276,"POLÍTICA-occurances":39,"POLÍTICA-percentage":0.5650536076499565,"EDUCAÇÃO-occurances":38,"EDUCAÇÃO-percentage":0.55056505360765,"CARROS-occurances":36,"CARROS-percentage":0.5215879455230368,"VIAGENS-occurances":31,"VIAGENS-percentage":0.4491451753115039,"CIÊNCIA-occurances":21,"CIÊNCIA-percentage":0.30425963488843816,"SEXO-occurances":18,"SEXO-percentage":0.2607939727615184,"HUMOR-occurances":16,"HUMOR-percentage":0.23181686467690524,"ECONOMIA-occurances":15,"ECONOMIA-percentage":0.21732831063459868,"INTERNACIONAL-occurances":14,"INTERNACIONAL-percentage":0.2028397565922921,"JOGOS-occurances":10,"JOGOS-percentage":0.14488554042306578,"FITNESS-occurances":7,"FITNESS-percentage":0.10141987829614604,"NATUREZA-occurances":7,"NATUREZA-percentage":0.10141987829614604,"TWITTER-occurances":7,"TWITTER-percentage":0.10141987829614604,"INSTAGRAM-occurances":6,"INSTAGRAM-percentage":0.08693132425383947}