{"totalHistoryAmount":5034,"TECNOLOGIA-occurances":1420,"TECNOLOGIA-percentage":28.20818434644418,"YOUTUBE-occurances":606,"YOUTUBE-percentage":12.038140643623361,"SÉRIES E FILMES-occurances":382,"SÉRIES E FILMES-percentage":7.588398887564561,"DECORAÇÃO-occurances":296,"DECORAÇÃO-percentage":5.880015891934843,"FACEBOOK-occurances":154,"FACEBOOK-percentage":3.0591974572904252,"NOTÍCIAS-occurances":129,"NOTÍCIAS-percentage":2.562574493444577,"POP/ARTE-occurances":94,"POP/ARTE-percentage":1.8673023440603893,"TV E CELEBRIDADES-occurances":67,"TV E CELEBRIDADES-percentage":1.3309495431068732,"CARROS-occurances":57,"CARROS-percentage":1.132300357568534,"ESPORTE-occurances":54,"ESPORTE-percentage":1.0727056019070322,"ALIMENTAÇÃO E SAÚDE-occurances":43,"ALIMENTAÇÃO E SAÚDE-percentage":0.8541914978148589,"SEXO-occurances":24,"SEXO-percentage":0.4767580452920143,"MODA-occurances":21,"MODA-percentage":0.4171632896305125,"INTERNACIONAL-occurances":14,"INTERNACIONAL-percentage":0.278108859753675,"VIAGENS-occurances":10,"VIAGENS-percentage":0.1986491855383393,"CIÊNCIA-occurances":9,"CIÊNCIA-percentage":0.17878426698450536,"EDUCAÇÃO-occurances":9,"EDUCAÇÃO-percentage":0.17878426698450536,"JOGOS-occurances":9,"JOGOS-percentage":0.17878426698450536,"ESOTERISMO-occurances":6,"ESOTERISMO-percentage":0.11918951132300358,"FITNESS-occurances":6,"FITNESS-percentage":0.11918951132300358,"INSTAGRAM-occurances":6,"INSTAGRAM-percentage":0.11918951132300358,"LINKEDIN-occurances":6,"LINKEDIN-percentage":0.11918951132300358,"HUMOR-occurances":5,"HUMOR-percentage":0.09932459276916965,"NATUREZA-occurances":4,"NATUREZA-percentage":0.07945967421533572,"ECONOMIA-occurances":2,"ECONOMIA-percentage":0.03972983710766786,"POLÍTICA-occurances":1,"POLÍTICA-percentage":0.01986491855383393,"TWITTER-occurances":1,"TWITTER-percentage":0.01986491855383393}