{"totalHistoryAmount":3370,"TECNOLOGIA-occurances":1667,"TECNOLOGIA-percentage":49.46587537091988,"YOUTUBE-occurances":269,"YOUTUBE-percentage":7.982195845697329,"ESPORTE-occurances":144,"ESPORTE-percentage":4.27299703264095,"FACEBOOK-occurances":140,"FACEBOOK-percentage":4.154302670623146,"FITNESS-occurances":57,"FITNESS-percentage":1.6913946587537092,"POP/ARTE-occurances":37,"POP/ARTE-percentage":1.0979228486646884,"ECONOMIA-occurances":35,"ECONOMIA-percentage":1.0385756676557865,"INSTAGRAM-occurances":33,"INSTAGRAM-percentage":0.9792284866468842,"MODA-occurances":25,"MODA-percentage":0.7418397626112759,"NOTÍCIAS-occurances":21,"NOTÍCIAS-percentage":0.6231454005934718,"TV E CELEBRIDADES-occurances":19,"TV E CELEBRIDADES-percentage":0.5637982195845698,"JOGOS-occurances":18,"JOGOS-percentage":0.5341246290801187,"SÉRIES E FILMES-occurances":17,"SÉRIES E FILMES-percentage":0.5044510385756676,"POLÍTICA-occurances":15,"POLÍTICA-percentage":0.44510385756676557,"EDUCAÇÃO-occurances":13,"EDUCAÇÃO-percentage":0.3857566765578635,"VIAGENS-occurances":12,"VIAGENS-percentage":0.3560830860534125,"INTERNACIONAL-occurances":9,"INTERNACIONAL-percentage":0.26706231454005935,"CARROS-occurances":7,"CARROS-percentage":0.20771513353115728,"HUMOR-occurances":6,"HUMOR-percentage":0.17804154302670624,"DECORAÇÃO-occurances":5,"DECORAÇÃO-percentage":0.14836795252225518,"ESOTERISMO-occurances":2,"ESOTERISMO-percentage":0.05934718100890208,"CIÊNCIA-occurances":1,"CIÊNCIA-percentage":0.02967359050445104,"LINKEDIN-occurances":1,"LINKEDIN-percentage":0.02967359050445104,"NATUREZA-occurances":1,"NATUREZA-percentage":0.02967359050445104,"TWITTER-occurances":1,"TWITTER-percentage":0.02967359050445104,"ALIMENTAÇÃO E SAÚDE-occurances":0,"ALIMENTAÇÃO E SAÚDE-percentage":0,"SEXO-occurances":0,"SEXO-percentage":0}