{"totalHistoryAmount":6700,"TECNOLOGIA-occurances":1685,"TECNOLOGIA-percentage":25.149253731343283,"FACEBOOK-occurances":724,"FACEBOOK-percentage":10.805970149253731,"NOTÍCIAS-occurances":399,"NOTÍCIAS-percentage":5.955223880597015,"DECORAÇÃO-occurances":357,"DECORAÇÃO-percentage":5.3283582089552235,"MODA-occurances":252,"MODA-percentage":3.7611940298507465,"ESPORTE-occurances":221,"ESPORTE-percentage":3.298507462686567,"ESOTERISMO-occurances":162,"ESOTERISMO-percentage":2.417910447761194,"LINKEDIN-occurances":136,"LINKEDIN-percentage":2.029850746268657,"TV E CELEBRIDADES-occurances":106,"TV E CELEBRIDADES-percentage":1.5820895522388059,"YOUTUBE-occurances":99,"YOUTUBE-percentage":1.4776119402985075,"POP/ARTE-occurances":93,"POP/ARTE-percentage":1.3880597014925373,"SÉRIES E FILMES-occurances":74,"SÉRIES E FILMES-percentage":1.1044776119402986,"ALIMENTAÇÃO E SAÚDE-occurances":63,"ALIMENTAÇÃO E SAÚDE-percentage":0.9402985074626866,"POLÍTICA-occurances":55,"POLÍTICA-percentage":0.8208955223880597,"CARROS-occurances":41,"CARROS-percentage":0.6119402985074627,"EDUCAÇÃO-occurances":32,"EDUCAÇÃO-percentage":0.47761194029850745,"ECONOMIA-occurances":26,"ECONOMIA-percentage":0.3880597014925373,"CIÊNCIA-occurances":25,"CIÊNCIA-percentage":0.373134328358209,"JOGOS-occurances":25,"JOGOS-percentage":0.373134328358209,"NATUREZA-occurances":18,"NATUREZA-percentage":0.26865671641791045,"SEXO-occurances":18,"SEXO-percentage":0.26865671641791045,"INTERNACIONAL-occurances":14,"INTERNACIONAL-percentage":0.208955223880597,"HUMOR-occurances":13,"HUMOR-percentage":0.19402985074626866,"TWITTER-occurances":10,"TWITTER-percentage":0.14925373134328357,"FITNESS-occurances":9,"FITNESS-percentage":0.13432835820895522,"INSTAGRAM-occurances":7,"INSTAGRAM-percentage":0.1044776119402985,"VIAGENS-occurances":6,"VIAGENS-percentage":0.08955223880597014}