{"totalHistoryAmount":3003,"TECNOLOGIA-occurances":1131,"TECNOLOGIA-percentage":37.66233766233766,"DECORAÇÃO-occurances":374,"DECORAÇÃO-percentage":12.454212454212454,"FACEBOOK-occurances":152,"FACEBOOK-percentage":5.061605061605062,"ESPORTE-occurances":90,"ESPORTE-percentage":2.997002997002997,"POP/ARTE-occurances":40,"POP/ARTE-percentage":1.332001332001332,"ALIMENTAÇÃO E SAÚDE-occurances":35,"ALIMENTAÇÃO E SAÚDE-percentage":1.1655011655011656,"NOTÍCIAS-occurances":34,"NOTÍCIAS-percentage":1.1322011322011323,"SÉRIES E FILMES-occurances":32,"SÉRIES E FILMES-percentage":1.0656010656010657,"MODA-occurances":24,"MODA-percentage":0.7992007992007992,"JOGOS-occurances":21,"JOGOS-percentage":0.6993006993006993,"YOUTUBE-occurances":17,"YOUTUBE-percentage":0.5661005661005661,"TWITTER-occurances":16,"TWITTER-percentage":0.5328005328005329,"FITNESS-occurances":11,"FITNESS-percentage":0.3663003663003663,"ECONOMIA-occurances":10,"ECONOMIA-percentage":0.333000333000333,"CARROS-occurances":8,"CARROS-percentage":0.26640026640026643,"INSTAGRAM-occurances":8,"INSTAGRAM-percentage":0.26640026640026643,"VIAGENS-occurances":7,"VIAGENS-percentage":0.2331002331002331,"INTERNACIONAL-occurances":6,"INTERNACIONAL-percentage":0.1998001998001998,"EDUCAÇÃO-occurances":5,"EDUCAÇÃO-percentage":0.1665001665001665,"ESOTERISMO-occurances":4,"ESOTERISMO-percentage":0.13320013320013321,"NATUREZA-occurances":4,"NATUREZA-percentage":0.13320013320013321,"TV E CELEBRIDADES-occurances":4,"TV E CELEBRIDADES-percentage":0.13320013320013321,"HUMOR-occurances":3,"HUMOR-percentage":0.0999000999000999,"CIÊNCIA-occurances":2,"CIÊNCIA-percentage":0.06660006660006661,"POLÍTICA-occurances":2,"POLÍTICA-percentage":0.06660006660006661,"SEXO-occurances":2,"SEXO-percentage":0.06660006660006661,"LINKEDIN-occurances":0,"LINKEDIN-percentage":0}