{"totalHistoryAmount":5037,"TECNOLOGIA-occurances":1444,"TECNOLOGIA-percentage":28.66785785189597,"YOUTUBE-occurances":602,"YOUTUBE-percentage":11.951558467341671,"SÉRIES E FILMES-occurances":404,"SÉRIES E FILMES-percentage":8.020647210641254,"DECORAÇÃO-occurances":339,"DECORAÇÃO-percentage":6.730196545562835,"FACEBOOK-occurances":151,"FACEBOOK-percentage":2.997816160412944,"NOTÍCIAS-occurances":107,"NOTÍCIAS-percentage":2.1242803255906293,"POP/ARTE-occurances":85,"POP/ARTE-percentage":1.687512408179472,"TV E CELEBRIDADES-occurances":67,"TV E CELEBRIDADES-percentage":1.330156839388525,"CARROS-occurances":57,"CARROS-percentage":1.1316259678379987,"ESPORTE-occurances":53,"ESPORTE-percentage":1.0522136192177884,"ALIMENTAÇÃO E SAÚDE-occurances":43,"ALIMENTAÇÃO E SAÚDE-percentage":0.8536827476672623,"SEXO-occurances":24,"SEXO-percentage":0.47647409172126265,"MODA-occurances":21,"MODA-percentage":0.4169148302561048,"INTERNACIONAL-occurances":14,"INTERNACIONAL-percentage":0.2779432201707365,"VIAGENS-occurances":10,"VIAGENS-percentage":0.1985308715505261,"JOGOS-occurances":9,"JOGOS-percentage":0.1786777843954735,"EDUCAÇÃO-occurances":8,"EDUCAÇÃO-percentage":0.1588246972404209,"CIÊNCIA-occurances":6,"CIÊNCIA-percentage":0.11911852293031566,"ESOTERISMO-occurances":6,"ESOTERISMO-percentage":0.11911852293031566,"FITNESS-occurances":6,"FITNESS-percentage":0.11911852293031566,"INSTAGRAM-occurances":6,"INSTAGRAM-percentage":0.11911852293031566,"LINKEDIN-occurances":6,"LINKEDIN-percentage":0.11911852293031566,"HUMOR-occurances":5,"HUMOR-percentage":0.09926543577526305,"NATUREZA-occurances":3,"NATUREZA-percentage":0.05955926146515783,"ECONOMIA-occurances":1,"ECONOMIA-percentage":0.01985308715505261,"POLÍTICA-occurances":1,"POLÍTICA-percentage":0.01985308715505261,"TWITTER-occurances":1,"TWITTER-percentage":0.01985308715505261}