{"totalHistoryAmount":5958,"TECNOLOGIA-occurances":1680,"TECNOLOGIA-percentage":28.197381671701912,"YOUTUBE-occurances":469,"YOUTUBE-percentage":7.871769050016784,"DECORAÇÃO-occurances":339,"DECORAÇÃO-percentage":5.689828801611279,"NOTÍCIAS-occurances":331,"NOTÍCIAS-percentage":5.555555555555555,"SÉRIES E FILMES-occurances":303,"SÉRIES E FILMES-percentage":5.085599194360523,"FACEBOOK-occurances":172,"FACEBOOK-percentage":2.886874790198053,"POP/ARTE-occurances":124,"POP/ARTE-percentage":2.0812353138637127,"TV E CELEBRIDADES-occurances":69,"TV E CELEBRIDADES-percentage":1.1581067472306144,"ESPORTE-occurances":67,"ESPORTE-percentage":1.1245384357166834,"CARROS-occurances":63,"CARROS-percentage":1.0574018126888218,"ALIMENTAÇÃO E SAÚDE-occurances":51,"ALIMENTAÇÃO E SAÚDE-percentage":0.8559919436052367,"MODA-occurances":41,"MODA-percentage":0.6881503860355824,"JOGOS-occurances":38,"JOGOS-percentage":0.6377979187646862,"VIAGENS-occurances":33,"VIAGENS-percentage":0.553877139979859,"SEXO-occurances":24,"SEXO-percentage":0.4028197381671702,"INTERNACIONAL-occurances":18,"INTERNACIONAL-percentage":0.3021148036253776,"EDUCAÇÃO-occurances":12,"EDUCAÇÃO-percentage":0.2014098690835851,"CIÊNCIA-occurances":11,"CIÊNCIA-percentage":0.18462571332661967,"HUMOR-occurances":9,"HUMOR-percentage":0.1510574018126888,"FITNESS-occurances":7,"FITNESS-percentage":0.11748909029875797,"ECONOMIA-occurances":6,"ECONOMIA-percentage":0.10070493454179255,"LINKEDIN-occurances":6,"LINKEDIN-percentage":0.10070493454179255,"ESOTERISMO-occurances":4,"ESOTERISMO-percentage":0.0671366230278617,"NATUREZA-occurances":4,"NATUREZA-percentage":0.0671366230278617,"TWITTER-occurances":1,"TWITTER-percentage":0.016784155756965426,"INSTAGRAM-occurances":0,"INSTAGRAM-percentage":0,"POLÍTICA-occurances":0,"POLÍTICA-percentage":0}