{"totalHistoryAmount":3155,"TECNOLOGIA-occurances":1155,"TECNOLOGIA-percentage":36.608557844690964,"DECORAÇÃO-occurances":422,"DECORAÇÃO-percentage":13.375594294770206,"FACEBOOK-occurances":149,"FACEBOOK-percentage":4.722662440570523,"ESPORTE-occurances":114,"ESPORTE-percentage":3.613312202852615,"POP/ARTE-occurances":43,"POP/ARTE-percentage":1.3629160063391441,"ALIMENTAÇÃO E SAÚDE-occurances":34,"ALIMENTAÇÃO E SAÚDE-percentage":1.0776545166402536,"NOTÍCIAS-occurances":34,"NOTÍCIAS-percentage":1.0776545166402536,"SÉRIES E FILMES-occurances":32,"SÉRIES E FILMES-percentage":1.0142630744849446,"MODA-occurances":24,"MODA-percentage":0.7606973058637084,"JOGOS-occurances":21,"JOGOS-percentage":0.6656101426307448,"YOUTUBE-occurances":19,"YOUTUBE-percentage":0.6022187004754358,"TWITTER-occurances":16,"TWITTER-percentage":0.5071315372424723,"CARROS-occurances":11,"CARROS-percentage":0.3486529318541997,"ECONOMIA-occurances":10,"ECONOMIA-percentage":0.31695721077654515,"INSTAGRAM-occurances":8,"INSTAGRAM-percentage":0.25356576862123614,"VIAGENS-occurances":7,"VIAGENS-percentage":0.2218700475435816,"EDUCAÇÃO-occurances":6,"EDUCAÇÃO-percentage":0.1901743264659271,"INTERNACIONAL-occurances":6,"INTERNACIONAL-percentage":0.1901743264659271,"FITNESS-occurances":5,"FITNESS-percentage":0.15847860538827258,"ESOTERISMO-occurances":4,"ESOTERISMO-percentage":0.12678288431061807,"NATUREZA-occurances":4,"NATUREZA-percentage":0.12678288431061807,"TV E CELEBRIDADES-occurances":4,"TV E CELEBRIDADES-percentage":0.12678288431061807,"HUMOR-occurances":3,"HUMOR-percentage":0.09508716323296355,"CIÊNCIA-occurances":2,"CIÊNCIA-percentage":0.06339144215530904,"POLÍTICA-occurances":2,"POLÍTICA-percentage":0.06339144215530904,"SEXO-occurances":2,"SEXO-percentage":0.06339144215530904,"LINKEDIN-occurances":0,"LINKEDIN-percentage":0}