{"totalHistoryAmount":5130,"TECNOLOGIA-occurances":1533,"TECNOLOGIA-percentage":29.883040935672515,"YOUTUBE-occurances":602,"YOUTUBE-percentage":11.734892787524366,"SÉRIES E FILMES-occurances":407,"SÉRIES E FILMES-percentage":7.9337231968810915,"DECORAÇÃO-occurances":361,"DECORAÇÃO-percentage":7.037037037037037,"FACEBOOK-occurances":122,"FACEBOOK-percentage":2.378167641325536,"NOTÍCIAS-occurances":95,"NOTÍCIAS-percentage":1.8518518518518519,"POP/ARTE-occurances":82,"POP/ARTE-percentage":1.5984405458089668,"CARROS-occurances":58,"CARROS-percentage":1.1306042884990253,"TV E CELEBRIDADES-occurances":43,"TV E CELEBRIDADES-percentage":0.8382066276803118,"ALIMENTAÇÃO E SAÚDE-occurances":41,"ALIMENTAÇÃO E SAÚDE-percentage":0.7992202729044834,"ESPORTE-occurances":40,"ESPORTE-percentage":0.7797270955165692,"SEXO-occurances":23,"SEXO-percentage":0.44834307992202727,"MODA-occurances":20,"MODA-percentage":0.3898635477582846,"INTERNACIONAL-occurances":13,"INTERNACIONAL-percentage":0.253411306042885,"VIAGENS-occurances":10,"VIAGENS-percentage":0.1949317738791423,"JOGOS-occurances":8,"JOGOS-percentage":0.15594541910331383,"EDUCAÇÃO-occurances":7,"EDUCAÇÃO-percentage":0.1364522417153996,"ESOTERISMO-occurances":7,"ESOTERISMO-percentage":0.1364522417153996,"CIÊNCIA-occurances":6,"CIÊNCIA-percentage":0.11695906432748537,"FITNESS-occurances":6,"FITNESS-percentage":0.11695906432748537,"INSTAGRAM-occurances":6,"INSTAGRAM-percentage":0.11695906432748537,"LINKEDIN-occurances":6,"LINKEDIN-percentage":0.11695906432748537,"HUMOR-occurances":5,"HUMOR-percentage":0.09746588693957114,"NATUREZA-occurances":3,"NATUREZA-percentage":0.05847953216374269,"ECONOMIA-occurances":1,"ECONOMIA-percentage":0.01949317738791423,"POLÍTICA-occurances":1,"POLÍTICA-percentage":0.01949317738791423,"TWITTER-occurances":1,"TWITTER-percentage":0.01949317738791423}