{"totalHistoryAmount":2956,"TECNOLOGIA-occurances":1083,"TECNOLOGIA-percentage":36.63734776725305,"DECORAÇÃO-occurances":413,"DECORAÇÃO-percentage":13.971583220568336,"FACEBOOK-occurances":140,"FACEBOOK-percentage":4.7361299052774015,"ESPORTE-occurances":91,"ESPORTE-percentage":3.078484438430311,"POP/ARTE-occurances":38,"POP/ARTE-percentage":1.2855209742895806,"NOTÍCIAS-occurances":32,"NOTÍCIAS-percentage":1.0825439783491204,"SÉRIES E FILMES-occurances":31,"SÉRIES E FILMES-percentage":1.0487144790257104,"ALIMENTAÇÃO E SAÚDE-occurances":30,"ALIMENTAÇÃO E SAÚDE-percentage":1.0148849797023005,"MODA-occurances":25,"MODA-percentage":0.8457374830852503,"YOUTUBE-occurances":23,"YOUTUBE-percentage":0.7780784844384303,"JOGOS-occurances":21,"JOGOS-percentage":0.7104194857916103,"TWITTER-occurances":16,"TWITTER-percentage":0.5412719891745602,"FITNESS-occurances":11,"FITNESS-percentage":0.3721244925575101,"ECONOMIA-occurances":10,"ECONOMIA-percentage":0.3382949932341001,"INSTAGRAM-occurances":8,"INSTAGRAM-percentage":0.2706359945872801,"CARROS-occurances":7,"CARROS-percentage":0.2368064952638701,"INTERNACIONAL-occurances":6,"INTERNACIONAL-percentage":0.2029769959404601,"VIAGENS-occurances":6,"VIAGENS-percentage":0.2029769959404601,"EDUCAÇÃO-occurances":5,"EDUCAÇÃO-percentage":0.16914749661705006,"ESOTERISMO-occurances":4,"ESOTERISMO-percentage":0.13531799729364005,"NATUREZA-occurances":4,"NATUREZA-percentage":0.13531799729364005,"SEXO-occurances":4,"SEXO-percentage":0.13531799729364005,"TV E CELEBRIDADES-occurances":4,"TV E CELEBRIDADES-percentage":0.13531799729364005,"HUMOR-occurances":3,"HUMOR-percentage":0.10148849797023005,"CIÊNCIA-occurances":1,"CIÊNCIA-percentage":0.03382949932341001,"POLÍTICA-occurances":1,"POLÍTICA-percentage":0.03382949932341001,"LINKEDIN-occurances":0,"LINKEDIN-percentage":0}