{"totalHistoryAmount":2939,"TECNOLOGIA-occurances":1082,"TECNOLOGIA-percentage":36.81524328002722,"DECORAÇÃO-occurances":412,"DECORAÇÃO-percentage":14.018373596461382,"FACEBOOK-occurances":140,"FACEBOOK-percentage":4.763525008506295,"ESPORTE-occurances":91,"ESPORTE-percentage":3.0962912555290916,"POP/ARTE-occurances":38,"POP/ARTE-percentage":1.2929567880231372,"NOTÍCIAS-occurances":32,"NOTÍCIAS-percentage":1.0888057162300102,"ALIMENTAÇÃO E SAÚDE-occurances":30,"ALIMENTAÇÃO E SAÚDE-percentage":1.0207553589656346,"MODA-occurances":25,"MODA-percentage":0.8506294658046955,"SÉRIES E FILMES-occurances":25,"SÉRIES E FILMES-percentage":0.8506294658046955,"YOUTUBE-occurances":23,"YOUTUBE-percentage":0.7825791085403199,"JOGOS-occurances":21,"JOGOS-percentage":0.7145287512759442,"TWITTER-occurances":16,"TWITTER-percentage":0.5444028581150051,"FITNESS-occurances":11,"FITNESS-percentage":0.374276964954066,"ECONOMIA-occurances":10,"ECONOMIA-percentage":0.3402517863218782,"INSTAGRAM-occurances":8,"INSTAGRAM-percentage":0.27220142905750255,"CARROS-occurances":7,"CARROS-percentage":0.23817625042531473,"INTERNACIONAL-occurances":6,"INTERNACIONAL-percentage":0.20415107179312691,"VIAGENS-occurances":6,"VIAGENS-percentage":0.20415107179312691,"EDUCAÇÃO-occurances":5,"EDUCAÇÃO-percentage":0.1701258931609391,"ESOTERISMO-occurances":4,"ESOTERISMO-percentage":0.13610071452875128,"NATUREZA-occurances":4,"NATUREZA-percentage":0.13610071452875128,"SEXO-occurances":4,"SEXO-percentage":0.13610071452875128,"TV E CELEBRIDADES-occurances":4,"TV E CELEBRIDADES-percentage":0.13610071452875128,"HUMOR-occurances":3,"HUMOR-percentage":0.10207553589656346,"CIÊNCIA-occurances":1,"CIÊNCIA-percentage":0.03402517863218782,"POLÍTICA-occurances":1,"POLÍTICA-percentage":0.03402517863218782,"LINKEDIN-occurances":0,"LINKEDIN-percentage":0}