{"totalHistoryAmount":6947,"TECNOLOGIA-occurances":1894,"TECNOLOGIA-percentage":27.263567007341297,"NOTÍCIAS-occurances":466,"NOTÍCIAS-percentage":6.707931481214913,"DECORAÇÃO-occurances":360,"DECORAÇÃO-percentage":5.182092989779761,"FACEBOOK-occurances":331,"FACEBOOK-percentage":4.764646610047502,"MODA-occurances":268,"MODA-percentage":3.8577803368360444,"YOUTUBE-occurances":237,"YOUTUBE-percentage":3.4115445516050094,"SÉRIES E FILMES-occurances":165,"SÉRIES E FILMES-percentage":2.375125953649057,"ESPORTE-occurances":162,"ESPORTE-percentage":2.3319418454008924,"POP/ARTE-occurances":128,"POP/ARTE-percentage":1.8425219519216929,"ALIMENTAÇÃO E SAÚDE-occurances":71,"ALIMENTAÇÃO E SAÚDE-percentage":1.022023895206564,"TV E CELEBRIDADES-occurances":59,"TV E CELEBRIDADES-percentage":0.8492874622139053,"CARROS-occurances":47,"CARROS-percentage":0.6765510292212465,"JOGOS-occurances":36,"JOGOS-percentage":0.5182092989779761,"VIAGENS-occurances":36,"VIAGENS-percentage":0.5182092989779761,"SEXO-occurances":32,"SEXO-percentage":0.4606304879804232,"EDUCAÇÃO-occurances":27,"EDUCAÇÃO-percentage":0.38865697423348206,"CIÊNCIA-occurances":18,"CIÊNCIA-percentage":0.25910464948898804,"INTERNACIONAL-occurances":17,"INTERNACIONAL-percentage":0.24470994673959984,"HUMOR-occurances":13,"HUMOR-percentage":0.18713113574204693,"LINKEDIN-occurances":10,"LINKEDIN-percentage":0.14394702749388225,"ECONOMIA-occurances":9,"ECONOMIA-percentage":0.12955232474449402,"NATUREZA-occurances":8,"NATUREZA-percentage":0.1151576219951058,"FITNESS-occurances":7,"FITNESS-percentage":0.10076291924571758,"ESOTERISMO-occurances":5,"ESOTERISMO-percentage":0.07197351374694112,"INSTAGRAM-occurances":4,"INSTAGRAM-percentage":0.0575788109975529,"POLÍTICA-occurances":3,"POLÍTICA-percentage":0.043184108248164675,"TWITTER-occurances":3,"TWITTER-percentage":0.043184108248164675}