{"totalHistoryAmount":6515,"TECNOLOGIA-occurances":1854,"TECNOLOGIA-percentage":28.457405986185726,"NOTÍCIAS-occurances":455,"NOTÍCIAS-percentage":6.983883346124329,"DECORAÇÃO-occurances":352,"DECORAÇÃO-percentage":5.4029163468917885,"FACEBOOK-occurances":269,"FACEBOOK-percentage":4.128933231005372,"YOUTUBE-occurances":232,"YOUTUBE-percentage":3.561013046815042,"SÉRIES E FILMES-occurances":202,"SÉRIES E FILMES-percentage":3.1005372217958556,"ESPORTE-occurances":141,"ESPORTE-percentage":2.1642363775901767,"POP/ARTE-occurances":129,"POP/ARTE-percentage":1.980046047582502,"MODA-occurances":78,"MODA-percentage":1.1972371450498849,"TV E CELEBRIDADES-occurances":60,"TV E CELEBRIDADES-percentage":0.920951650038373,"ALIMENTAÇÃO E SAÚDE-occurances":59,"ALIMENTAÇÃO E SAÚDE-percentage":0.9056024558710668,"CARROS-occurances":57,"CARROS-percentage":0.8749040675364543,"JOGOS-occurances":36,"JOGOS-percentage":0.5525709900230238,"VIAGENS-occurances":35,"VIAGENS-percentage":0.5372217958557176,"SEXO-occurances":32,"SEXO-percentage":0.4911742133537989,"EDUCAÇÃO-occurances":25,"EDUCAÇÃO-percentage":0.3837298541826554,"CIÊNCIA-occurances":15,"CIÊNCIA-percentage":0.23023791250959325,"INTERNACIONAL-occurances":15,"INTERNACIONAL-percentage":0.23023791250959325,"HUMOR-occurances":11,"HUMOR-percentage":0.1688411358403684,"ECONOMIA-occurances":10,"ECONOMIA-percentage":0.15349194167306215,"LINKEDIN-occurances":10,"LINKEDIN-percentage":0.15349194167306215,"FITNESS-occurances":7,"FITNESS-percentage":0.10744435917114352,"ESOTERISMO-occurances":6,"ESOTERISMO-percentage":0.0920951650038373,"NATUREZA-occurances":5,"NATUREZA-percentage":0.07674597083653108,"INSTAGRAM-occurances":3,"INSTAGRAM-percentage":0.04604758250191865,"TWITTER-occurances":3,"TWITTER-percentage":0.04604758250191865,"POLÍTICA-occurances":2,"POLÍTICA-percentage":0.03069838833461243}