{"totalHistoryAmount":2101,"TECNOLOGIA-occurances":878,"TECNOLOGIA-percentage":41.78962398857687,"NOTÍCIAS-occurances":256,"NOTÍCIAS-percentage":12.184673964778677,"YOUTUBE-occurances":99,"YOUTUBE-percentage":4.712041884816754,"ESPORTE-occurances":97,"ESPORTE-percentage":4.61684911946692,"FACEBOOK-occurances":69,"FACEBOOK-percentage":3.2841504045692527,"JOGOS-occurances":30,"JOGOS-percentage":1.4278914802475011,"POLÍTICA-occurances":27,"POLÍTICA-percentage":1.285102332222751,"SEXO-occurances":25,"SEXO-percentage":1.1899095668729176,"SÉRIES E FILMES-occurances":19,"SÉRIES E FILMES-percentage":0.9043312708234175,"POP/ARTE-occurances":18,"POP/ARTE-percentage":0.8567348881485007,"EDUCAÇÃO-occurances":16,"EDUCAÇÃO-percentage":0.7615421227986673,"INTERNACIONAL-occurances":16,"INTERNACIONAL-percentage":0.7615421227986673,"MODA-occurances":15,"MODA-percentage":0.7139457401237506,"INSTAGRAM-occurances":14,"INSTAGRAM-percentage":0.6663493574488338,"TWITTER-occurances":11,"TWITTER-percentage":0.5235602094240838,"LINKEDIN-occurances":8,"LINKEDIN-percentage":0.38077106139933364,"ALIMENTAÇÃO E SAÚDE-occurances":6,"ALIMENTAÇÃO E SAÚDE-percentage":0.28557829604950025,"DECORAÇÃO-occurances":5,"DECORAÇÃO-percentage":0.23798191337458352,"VIAGENS-occurances":5,"VIAGENS-percentage":0.23798191337458352,"TV E CELEBRIDADES-occurances":4,"TV E CELEBRIDADES-percentage":0.19038553069966682,"CARROS-occurances":3,"CARROS-percentage":0.14278914802475012,"ESOTERISMO-occurances":3,"ESOTERISMO-percentage":0.14278914802475012,"CIÊNCIA-occurances":1,"CIÊNCIA-percentage":0.047596382674916705,"ECONOMIA-occurances":1,"ECONOMIA-percentage":0.047596382674916705,"FITNESS-occurances":1,"FITNESS-percentage":0.047596382674916705,"HUMOR-occurances":0,"HUMOR-percentage":0,"NATUREZA-occurances":0,"NATUREZA-percentage":0}