{"totalHistoryAmount":6451,"TECNOLOGIA-occurances":1808,"TECNOLOGIA-percentage":28.02666253294063,"NOTÍCIAS-occurances":447,"NOTÍCIAS-percentage":6.9291582700356535,"DECORAÇÃO-occurances":345,"DECORAÇÃO-percentage":5.348008060765773,"YOUTUBE-occurances":296,"YOUTUBE-percentage":4.588435901410634,"FACEBOOK-occurances":243,"FACEBOOK-percentage":3.766857851495892,"SÉRIES E FILMES-occurances":216,"SÉRIES E FILMES-percentage":3.3483180902185707,"POP/ARTE-occurances":133,"POP/ARTE-percentage":2.0616958611068052,"ESPORTE-occurances":132,"ESPORTE-percentage":2.0461943884669043,"MODA-occurances":68,"MODA-percentage":1.0541001395132537,"ALIMENTAÇÃO E SAÚDE-occurances":58,"ALIMENTAÇÃO E SAÚDE-percentage":0.8990854131142458,"CARROS-occurances":57,"CARROS-percentage":0.8835839404743451,"TV E CELEBRIDADES-occurances":53,"TV E CELEBRIDADES-percentage":0.8215780499147419,"JOGOS-occurances":36,"JOGOS-percentage":0.5580530150364285,"VIAGENS-occurances":36,"VIAGENS-percentage":0.5580530150364285,"SEXO-occurances":31,"SEXO-percentage":0.4805456518369245,"EDUCAÇÃO-occurances":25,"EDUCAÇÃO-percentage":0.38753681599751977,"INTERNACIONAL-occurances":15,"INTERNACIONAL-percentage":0.23252208959851187,"CIÊNCIA-occurances":14,"CIÊNCIA-percentage":0.21702061695861108,"HUMOR-occurances":11,"HUMOR-percentage":0.1705161990389087,"ECONOMIA-occurances":10,"ECONOMIA-percentage":0.1550147263990079,"LINKEDIN-occurances":10,"LINKEDIN-percentage":0.1550147263990079,"FITNESS-occurances":7,"FITNESS-percentage":0.10851030847930554,"ESOTERISMO-occurances":6,"ESOTERISMO-percentage":0.09300883583940474,"NATUREZA-occurances":5,"NATUREZA-percentage":0.07750736319950395,"INSTAGRAM-occurances":3,"INSTAGRAM-percentage":0.04650441791970237,"TWITTER-occurances":3,"TWITTER-percentage":0.04650441791970237,"POLÍTICA-occurances":1,"POLÍTICA-percentage":0.01550147263990079}