{"totalHistoryAmount":6497,"TECNOLOGIA-occurances":1837,"TECNOLOGIA-percentage":28.274588271509927,"NOTÍCIAS-occurances":451,"NOTÍCIAS-percentage":6.941665384023396,"DECORAÇÃO-occurances":351,"DECORAÇÃO-percentage":5.4024934585193165,"YOUTUBE-occurances":281,"YOUTUBE-percentage":4.3250731106664615,"FACEBOOK-occurances":245,"FACEBOOK-percentage":3.770971217484993,"SÉRIES E FILMES-occurances":214,"SÉRIES E FILMES-percentage":3.2938279205787286,"ESPORTE-occurances":134,"ESPORTE-percentage":2.0624903801754657,"POP/ARTE-occurances":129,"POP/ARTE-percentage":1.9855317839002617,"MODA-occurances":72,"MODA-percentage":1.1082037863629368,"ALIMENTAÇÃO E SAÚDE-occurances":58,"ALIMENTAÇÃO E SAÚDE-percentage":0.8927197167923657,"CARROS-occurances":57,"CARROS-percentage":0.8773279975373249,"TV E CELEBRIDADES-occurances":48,"TV E CELEBRIDADES-percentage":0.7388025242419578,"JOGOS-occurances":36,"JOGOS-percentage":0.5541018931814684,"VIAGENS-occurances":36,"VIAGENS-percentage":0.5541018931814684,"SEXO-occurances":32,"SEXO-percentage":0.49253501616130524,"EDUCAÇÃO-occurances":25,"EDUCAÇÃO-percentage":0.3847929813760197,"INTERNACIONAL-occurances":15,"INTERNACIONAL-percentage":0.23087578882561183,"CIÊNCIA-occurances":14,"CIÊNCIA-percentage":0.21548406957057104,"HUMOR-occurances":11,"HUMOR-percentage":0.16930891180544866,"ECONOMIA-occurances":10,"ECONOMIA-percentage":0.1539171925504079,"LINKEDIN-occurances":10,"LINKEDIN-percentage":0.1539171925504079,"FITNESS-occurances":7,"FITNESS-percentage":0.10774203478528552,"ESOTERISMO-occurances":6,"ESOTERISMO-percentage":0.09235031553024473,"NATUREZA-occurances":5,"NATUREZA-percentage":0.07695859627520395,"INSTAGRAM-occurances":3,"INSTAGRAM-percentage":0.04617515776512236,"TWITTER-occurances":3,"TWITTER-percentage":0.04617515776512236,"POLÍTICA-occurances":1,"POLÍTICA-percentage":0.015391719255040789}