{"totalHistoryAmount":6324,"TECNOLOGIA-occurances":1517,"TECNOLOGIA-percentage":23.98798228969007,"FACEBOOK-occurances":612,"FACEBOOK-percentage":9.67741935483871,"DECORAÇÃO-occurances":392,"DECORAÇÃO-percentage":6.1986084756483235,"NOTÍCIAS-occurances":378,"NOTÍCIAS-percentage":5.977229601518027,"MODA-occurances":242,"MODA-percentage":3.8266919671094244,"ESPORTE-occurances":228,"ESPORTE-percentage":3.6053130929791273,"LINKEDIN-occurances":126,"LINKEDIN-percentage":1.9924098671726755,"ESOTERISMO-occurances":116,"ESOTERISMO-percentage":1.8342820999367488,"POP/ARTE-occurances":103,"POP/ARTE-percentage":1.6287160025300442,"TV E CELEBRIDADES-occurances":85,"TV E CELEBRIDADES-percentage":1.3440860215053763,"YOUTUBE-occurances":80,"YOUTUBE-percentage":1.2650221378874131,"SÉRIES E FILMES-occurances":66,"SÉRIES E FILMES-percentage":1.0436432637571158,"ALIMENTAÇÃO E SAÚDE-occurances":58,"ALIMENTAÇÃO E SAÚDE-percentage":0.9171410499683744,"POLÍTICA-occurances":46,"POLÍTICA-percentage":0.7273877292852625,"EDUCAÇÃO-occurances":39,"EDUCAÇÃO-percentage":0.6166982922201139,"CARROS-occurances":36,"CARROS-percentage":0.5692599620493358,"ECONOMIA-occurances":21,"ECONOMIA-percentage":0.33206831119544594,"CIÊNCIA-occurances":19,"CIÊNCIA-percentage":0.30044275774826057,"SEXO-occurances":18,"SEXO-percentage":0.2846299810246679,"HUMOR-occurances":16,"HUMOR-percentage":0.2530044275774826,"INTERNACIONAL-occurances":13,"INTERNACIONAL-percentage":0.20556609740670462,"FITNESS-occurances":9,"FITNESS-percentage":0.14231499051233396,"JOGOS-occurances":9,"JOGOS-percentage":0.14231499051233396,"TWITTER-occurances":9,"TWITTER-percentage":0.14231499051233396,"NATUREZA-occurances":7,"NATUREZA-percentage":0.11068943706514864,"INSTAGRAM-occurances":6,"INSTAGRAM-percentage":0.09487666034155598,"VIAGENS-occurances":4,"VIAGENS-percentage":0.06325110689437065}