{"totalHistoryAmount":4981,"TECNOLOGIA-occurances":1510,"TECNOLOGIA-percentage":30.315197751455532,"YOUTUBE-occurances":602,"YOUTUBE-percentage":12.08592652077896,"SÉRIES E FILMES-occurances":387,"SÉRIES E FILMES-percentage":7.769524191929332,"DECORAÇÃO-occurances":356,"DECORAÇÃO-percentage":7.14715920497892,"FACEBOOK-occurances":118,"FACEBOOK-percentage":2.369002208391889,"NOTÍCIAS-occurances":81,"NOTÍCIAS-percentage":1.6261794820317206,"POP/ARTE-occurances":81,"POP/ARTE-percentage":1.6261794820317206,"CARROS-occurances":58,"CARROS-percentage":1.1644248142943183,"TV E CELEBRIDADES-occurances":43,"TV E CELEBRIDADES-percentage":0.8632804657699257,"ALIMENTAÇÃO E SAÚDE-occurances":42,"ALIMENTAÇÃO E SAÚDE-percentage":0.8432041758682995,"ESPORTE-occurances":37,"ESPORTE-percentage":0.7428227263601687,"SEXO-occurances":23,"SEXO-percentage":0.46175466773740215,"MODA-occurances":18,"MODA-percentage":0.3613732182292712,"INTERNACIONAL-occurances":13,"INTERNACIONAL-percentage":0.2609917687211403,"VIAGENS-occurances":10,"VIAGENS-percentage":0.2007628990162618,"ESOTERISMO-occurances":7,"ESOTERISMO-percentage":0.14053402931138326,"CIÊNCIA-occurances":6,"CIÊNCIA-percentage":0.12045773940975708,"FITNESS-occurances":6,"FITNESS-percentage":0.12045773940975708,"INSTAGRAM-occurances":6,"INSTAGRAM-percentage":0.12045773940975708,"JOGOS-occurances":6,"JOGOS-percentage":0.12045773940975708,"LINKEDIN-occurances":6,"LINKEDIN-percentage":0.12045773940975708,"EDUCAÇÃO-occurances":5,"EDUCAÇÃO-percentage":0.1003814495081309,"HUMOR-occurances":5,"HUMOR-percentage":0.1003814495081309,"NATUREZA-occurances":3,"NATUREZA-percentage":0.06022886970487854,"ECONOMIA-occurances":1,"ECONOMIA-percentage":0.02007628990162618,"POLÍTICA-occurances":1,"POLÍTICA-percentage":0.02007628990162618,"TWITTER-occurances":1,"TWITTER-percentage":0.02007628990162618}