{"totalHistoryAmount":9563,"TECNOLOGIA-occurances":4409,"TECNOLOGIA-percentage":46.10477883509359,"ESPORTE-occurances":1607,"ESPORTE-percentage":16.80435009934121,"FACEBOOK-occurances":1126,"FACEBOOK-percentage":11.774547736066088,"SEXO-occurances":695,"SEXO-percentage":7.267593851301893,"INSTAGRAM-occurances":174,"INSTAGRAM-percentage":1.8195127052180278,"CARROS-occurances":140,"CARROS-percentage":1.463975739830597,"YOUTUBE-occurances":68,"YOUTUBE-percentage":0.7110739307748615,"DECORAÇÃO-occurances":62,"DECORAÇÃO-percentage":0.6483321133535501,"NOTÍCIAS-occurances":50,"NOTÍCIAS-percentage":0.5228484785109275,"EDUCAÇÃO-occurances":44,"EDUCAÇÃO-percentage":0.46010666108961623,"POP/ARTE-occurances":35,"POP/ARTE-percentage":0.36599393495764926,"ESOTERISMO-occurances":28,"ESOTERISMO-percentage":0.29279514796611944,"MODA-occurances":24,"MODA-percentage":0.25096726968524524,"LINKEDIN-occurances":17,"LINKEDIN-percentage":0.17776848269371537,"SÉRIES E FILMES-occurances":12,"SÉRIES E FILMES-percentage":0.12548363484262262,"CIÊNCIA-occurances":11,"CIÊNCIA-percentage":0.11502666527240406,"ECONOMIA-occurances":11,"ECONOMIA-percentage":0.11502666527240406,"TWITTER-occurances":10,"TWITTER-percentage":0.10456969570218551,"TV E CELEBRIDADES-occurances":8,"TV E CELEBRIDADES-percentage":0.08365575656174841,"JOGOS-occurances":7,"JOGOS-percentage":0.07319878699152986,"VIAGENS-occurances":4,"VIAGENS-percentage":0.041827878280874205,"FITNESS-occurances":2,"FITNESS-percentage":0.020913939140437102,"ALIMENTAÇÃO E SAÚDE-occurances":1,"ALIMENTAÇÃO E SAÚDE-percentage":0.010456969570218551,"INTERNACIONAL-occurances":1,"INTERNACIONAL-percentage":0.010456969570218551,"POLÍTICA-occurances":1,"POLÍTICA-percentage":0.010456969570218551,"HUMOR-occurances":0,"HUMOR-percentage":0,"NATUREZA-occurances":0,"NATUREZA-percentage":0}