{"totalHistoryAmount":9746,"TECNOLOGIA-occurances":4499,"TECNOLOGIA-percentage":46.16252821670429,"ESPORTE-occurances":1777,"ESPORTE-percentage":18.233121280525342,"FACEBOOK-occurances":1127,"FACEBOOK-percentage":11.563718448594296,"SEXO-occurances":635,"SEXO-percentage":6.515493535809563,"INSTAGRAM-occurances":162,"INSTAGRAM-percentage":1.662220398112046,"CARROS-occurances":148,"CARROS-percentage":1.5185717217319925,"DECORAÇÃO-occurances":63,"DECORAÇÃO-percentage":0.6464190437102401,"YOUTUBE-occurances":47,"YOUTUBE-percentage":0.482249127847322,"EDUCAÇÃO-occurances":45,"EDUCAÇÃO-percentage":0.4617278883644572,"POP/ARTE-occurances":41,"POP/ARTE-percentage":0.42068540939872767,"NOTÍCIAS-occurances":39,"NOTÍCIAS-percentage":0.4001641699158629,"ESOTERISMO-occurances":36,"ESOTERISMO-percentage":0.3693823106915658,"MODA-occurances":23,"MODA-percentage":0.2359942540529448,"LINKEDIN-occurances":21,"LINKEDIN-percentage":0.21547301457008003,"SÉRIES E FILMES-occurances":13,"SÉRIES E FILMES-percentage":0.13338805663862097,"ECONOMIA-occurances":11,"ECONOMIA-percentage":0.11286681715575621,"TWITTER-occurances":10,"TWITTER-percentage":0.10260619741432382,"TV E CELEBRIDADES-occurances":9,"TV E CELEBRIDADES-percentage":0.09234557767289145,"JOGOS-occurances":7,"JOGOS-percentage":0.07182433819002668,"FITNESS-occurances":4,"FITNESS-percentage":0.04104247896572953,"VIAGENS-occurances":4,"VIAGENS-percentage":0.04104247896572953,"CIÊNCIA-occurances":3,"CIÊNCIA-percentage":0.03078185922429715,"POLÍTICA-occurances":3,"POLÍTICA-percentage":0.03078185922429715,"ALIMENTAÇÃO E SAÚDE-occurances":1,"ALIMENTAÇÃO E SAÚDE-percentage":0.010260619741432383,"INTERNACIONAL-occurances":1,"INTERNACIONAL-percentage":0.010260619741432383,"HUMOR-occurances":0,"HUMOR-percentage":0,"NATUREZA-occurances":0,"NATUREZA-percentage":0}