{"totalHistoryAmount":1778,"TECNOLOGIA-occurances":762,"TECNOLOGIA-percentage":42.857142857142854,"NOTÍCIAS-occurances":255,"NOTÍCIAS-percentage":14.341957255343083,"ESPORTE-occurances":91,"ESPORTE-percentage":5.118110236220472,"FACEBOOK-occurances":65,"FACEBOOK-percentage":3.655793025871766,"YOUTUBE-occurances":59,"YOUTUBE-percentage":3.3183352080989876,"POLÍTICA-occurances":23,"POLÍTICA-percentage":1.2935883014623173,"POP/ARTE-occurances":18,"POP/ARTE-percentage":1.0123734533183353,"EDUCAÇÃO-occurances":16,"EDUCAÇÃO-percentage":0.8998875140607424,"MODA-occurances":15,"MODA-percentage":0.843644544431946,"JOGOS-occurances":14,"JOGOS-percentage":0.7874015748031497,"SÉRIES E FILMES-occurances":12,"SÉRIES E FILMES-percentage":0.6749156355455568,"TWITTER-occurances":11,"TWITTER-percentage":0.6186726659167604,"LINKEDIN-occurances":8,"LINKEDIN-percentage":0.4499437570303712,"ALIMENTAÇÃO E SAÚDE-occurances":6,"ALIMENTAÇÃO E SAÚDE-percentage":0.3374578177727784,"VIAGENS-occurances":5,"VIAGENS-percentage":0.281214848143982,"DECORAÇÃO-occurances":4,"DECORAÇÃO-percentage":0.2249718785151856,"ESOTERISMO-occurances":3,"ESOTERISMO-percentage":0.1687289088863892,"INSTAGRAM-occurances":3,"INSTAGRAM-percentage":0.1687289088863892,"TV E CELEBRIDADES-occurances":3,"TV E CELEBRIDADES-percentage":0.1687289088863892,"SEXO-occurances":2,"SEXO-percentage":0.1124859392575928,"CARROS-occurances":1,"CARROS-percentage":0.0562429696287964,"CIÊNCIA-occurances":1,"CIÊNCIA-percentage":0.0562429696287964,"FITNESS-occurances":1,"FITNESS-percentage":0.0562429696287964,"ECONOMIA-occurances":0,"ECONOMIA-percentage":0,"HUMOR-occurances":0,"HUMOR-percentage":0,"INTERNACIONAL-occurances":0,"INTERNACIONAL-percentage":0,"NATUREZA-occurances":0,"NATUREZA-percentage":0}