{"totalHistoryAmount":6489,"TECNOLOGIA-occurances":1824,"TECNOLOGIA-percentage":28.109107720758207,"YOUTUBE-occurances":446,"YOUTUBE-percentage":6.873169979966097,"NOTÍCIAS-occurances":434,"NOTÍCIAS-percentage":6.68824163969795,"DECORAÇÃO-occurances":369,"DECORAÇÃO-percentage":5.6865464632454925,"SÉRIES E FILMES-occurances":258,"SÉRIES E FILMES-percentage":3.975959315765141,"FACEBOOK-occurances":189,"FACEBOOK-percentage":2.912621359223301,"POP/ARTE-occurances":126,"POP/ARTE-percentage":1.941747572815534,"ESPORTE-occurances":105,"ESPORTE-percentage":1.6181229773462784,"TV E CELEBRIDADES-occurances":72,"TV E CELEBRIDADES-percentage":1.1095700416088765,"CARROS-occurances":64,"CARROS-percentage":0.9862844814301125,"MODA-occurances":64,"MODA-percentage":0.9862844814301125,"ALIMENTAÇÃO E SAÚDE-occurances":57,"ALIMENTAÇÃO E SAÚDE-percentage":0.878409616273694,"JOGOS-occurances":39,"JOGOS-percentage":0.6010171058714748,"VIAGENS-occurances":36,"VIAGENS-percentage":0.5547850208044383,"SEXO-occurances":28,"SEXO-percentage":0.43149946062567424,"EDUCAÇÃO-occurances":24,"EDUCAÇÃO-percentage":0.36985668053629217,"INTERNACIONAL-occurances":19,"INTERNACIONAL-percentage":0.29280320542456467,"CIÊNCIA-occurances":11,"CIÊNCIA-percentage":0.1695176452458006,"HUMOR-occurances":10,"HUMOR-percentage":0.15410695022345508,"LINKEDIN-occurances":10,"LINKEDIN-percentage":0.15410695022345508,"ESOTERISMO-occurances":9,"ESOTERISMO-percentage":0.13869625520110956,"ECONOMIA-occurances":8,"ECONOMIA-percentage":0.12328556017876406,"FITNESS-occurances":8,"FITNESS-percentage":0.12328556017876406,"NATUREZA-occurances":5,"NATUREZA-percentage":0.07705347511172754,"TWITTER-occurances":3,"TWITTER-percentage":0.04623208506703652,"POLÍTICA-occurances":1,"POLÍTICA-percentage":0.015410695022345508,"INSTAGRAM-occurances":0,"INSTAGRAM-percentage":0}