{"totalHistoryAmount":6475,"TECNOLOGIA-occurances":1821,"TECNOLOGIA-percentage":28.123552123552123,"NOTÍCIAS-occurances":447,"NOTÍCIAS-percentage":6.903474903474904,"DECORAÇÃO-occurances":351,"DECORAÇÃO-percentage":5.420849420849421,"YOUTUBE-occurances":296,"YOUTUBE-percentage":4.571428571428571,"FACEBOOK-occurances":243,"FACEBOOK-percentage":3.752895752895753,"SÉRIES E FILMES-occurances":216,"SÉRIES E FILMES-percentage":3.335907335907336,"POP/ARTE-occurances":133,"POP/ARTE-percentage":2.054054054054054,"ESPORTE-occurances":132,"ESPORTE-percentage":2.0386100386100385,"MODA-occurances":68,"MODA-percentage":1.05019305019305,"ALIMENTAÇÃO E SAÚDE-occurances":58,"ALIMENTAÇÃO E SAÚDE-percentage":0.8957528957528957,"CARROS-occurances":57,"CARROS-percentage":0.8803088803088803,"TV E CELEBRIDADES-occurances":51,"TV E CELEBRIDADES-percentage":0.7876447876447876,"JOGOS-occurances":36,"JOGOS-percentage":0.555984555984556,"VIAGENS-occurances":36,"VIAGENS-percentage":0.555984555984556,"SEXO-occurances":31,"SEXO-percentage":0.47876447876447875,"EDUCAÇÃO-occurances":25,"EDUCAÇÃO-percentage":0.3861003861003861,"INTERNACIONAL-occurances":15,"INTERNACIONAL-percentage":0.23166023166023167,"CIÊNCIA-occurances":14,"CIÊNCIA-percentage":0.21621621621621623,"HUMOR-occurances":11,"HUMOR-percentage":0.16988416988416988,"ECONOMIA-occurances":10,"ECONOMIA-percentage":0.15444015444015444,"LINKEDIN-occurances":10,"LINKEDIN-percentage":0.15444015444015444,"FITNESS-occurances":7,"FITNESS-percentage":0.10810810810810811,"ESOTERISMO-occurances":6,"ESOTERISMO-percentage":0.09266409266409266,"NATUREZA-occurances":5,"NATUREZA-percentage":0.07722007722007722,"INSTAGRAM-occurances":3,"INSTAGRAM-percentage":0.04633204633204633,"TWITTER-occurances":3,"TWITTER-percentage":0.04633204633204633,"POLÍTICA-occurances":1,"POLÍTICA-percentage":0.015444015444015444}