{"totalHistoryAmount":7322,"TECNOLOGIA-occurances":1776,"TECNOLOGIA-percentage":24.255667850314122,"FACEBOOK-occurances":579,"FACEBOOK-percentage":7.907675498497678,"NOTÍCIAS-occurances":568,"NOTÍCIAS-percentage":7.757443321496859,"DECORAÇÃO-occurances":369,"DECORAÇÃO-percentage":5.039606664845671,"MODA-occurances":280,"MODA-percentage":3.8240917782026767,"ESPORTE-occurances":230,"ESPORTE-percentage":3.1412182463807703,"POP/ARTE-occurances":132,"POP/ARTE-percentage":1.8027861240098333,"LINKEDIN-occurances":115,"LINKEDIN-percentage":1.5706091231903851,"YOUTUBE-occurances":108,"YOUTUBE-percentage":1.4750068287353182,"SÉRIES E FILMES-occurances":103,"SÉRIES E FILMES-percentage":1.4067194755531276,"ESOTERISMO-occurances":94,"ESOTERISMO-percentage":1.2838022398251843,"TV E CELEBRIDADES-occurances":81,"TV E CELEBRIDADES-percentage":1.1062551215514886,"ALIMENTAÇÃO E SAÚDE-occurances":63,"ALIMENTAÇÃO E SAÚDE-percentage":0.8604206500956023,"EDUCAÇÃO-occurances":45,"EDUCAÇÃO-percentage":0.6145861786397159,"CARROS-occurances":35,"CARROS-percentage":0.4780114722753346,"JOGOS-occurances":34,"JOGOS-percentage":0.46435400163889645,"VIAGENS-occurances":30,"VIAGENS-percentage":0.40972411909314393,"CIÊNCIA-occurances":24,"CIÊNCIA-percentage":0.32777929527451516,"INTERNACIONAL-occurances":22,"INTERNACIONAL-percentage":0.3004643540016389,"HUMOR-occurances":19,"HUMOR-percentage":0.2594919420923245,"SEXO-occurances":19,"SEXO-percentage":0.2594919420923245,"POLÍTICA-occurances":17,"POLÍTICA-percentage":0.23217700081944823,"ECONOMIA-occurances":15,"ECONOMIA-percentage":0.20486205954657197,"FITNESS-occurances":7,"FITNESS-percentage":0.09560229445506692,"INSTAGRAM-occurances":6,"INSTAGRAM-percentage":0.08194482381862879,"NATUREZA-occurances":6,"NATUREZA-percentage":0.08194482381862879,"TWITTER-occurances":6,"TWITTER-percentage":0.08194482381862879}