{"totalHistoryAmount":6629,"TECNOLOGIA-occurances":1879,"TECNOLOGIA-percentage":28.345150098054006,"NOTÍCIAS-occurances":456,"NOTÍCIAS-percentage":6.878865590586815,"DECORAÇÃO-occurances":361,"DECORAÇÃO-percentage":5.445768592547895,"FACEBOOK-occurances":290,"FACEBOOK-percentage":4.374717151908282,"YOUTUBE-occurances":234,"YOUTUBE-percentage":3.5299441846432345,"SÉRIES E FILMES-occurances":163,"SÉRIES E FILMES-percentage":2.4588927440036206,"ESPORTE-occurances":158,"ESPORTE-percentage":2.3834665862120983,"POP/ARTE-occurances":130,"POP/ARTE-percentage":1.9610801025795745,"MODA-occurances":87,"MODA-percentage":1.3124151455724846,"ALIMENTAÇÃO E SAÚDE-occurances":69,"ALIMENTAÇÃO E SAÚDE-percentage":1.040880977523005,"TV E CELEBRIDADES-occurances":58,"TV E CELEBRIDADES-percentage":0.8749434303816563,"CARROS-occurances":44,"CARROS-percentage":0.6637501885653945,"VIAGENS-occurances":37,"VIAGENS-percentage":0.5581535676572635,"JOGOS-occurances":36,"JOGOS-percentage":0.5430683360989591,"SEXO-occurances":32,"SEXO-percentage":0.4827274098657414,"EDUCAÇÃO-occurances":25,"EDUCAÇÃO-percentage":0.3771307889576105,"CIÊNCIA-occurances":16,"CIÊNCIA-percentage":0.2413637049328707,"INTERNACIONAL-occurances":16,"INTERNACIONAL-percentage":0.2413637049328707,"HUMOR-occurances":11,"HUMOR-percentage":0.16593754714134862,"ECONOMIA-occurances":10,"ECONOMIA-percentage":0.1508523155830442,"LINKEDIN-occurances":10,"LINKEDIN-percentage":0.1508523155830442,"NATUREZA-occurances":8,"NATUREZA-percentage":0.12068185246643535,"FITNESS-occurances":7,"FITNESS-percentage":0.10559662090813093,"ESOTERISMO-occurances":5,"ESOTERISMO-percentage":0.0754261577915221,"INSTAGRAM-occurances":4,"INSTAGRAM-percentage":0.06034092623321768,"TWITTER-occurances":3,"TWITTER-percentage":0.04525569467491326,"POLÍTICA-occurances":2,"POLÍTICA-percentage":0.03017046311660884}