{"totalHistoryAmount":3026,"TECNOLOGIA-occurances":1098,"TECNOLOGIA-percentage":36.28552544613351,"DECORAÇÃO-occurances":412,"DECORAÇÃO-percentage":13.615333773959021,"FACEBOOK-occurances":146,"FACEBOOK-percentage":4.824851288830139,"ESPORTE-occurances":91,"ESPORTE-percentage":3.0072703238598812,"POP/ARTE-occurances":41,"POP/ARTE-percentage":1.3549239920687377,"NOTÍCIAS-occurances":33,"NOTÍCIAS-percentage":1.0905485789821547,"SÉRIES E FILMES-occurances":32,"SÉRIES E FILMES-percentage":1.0575016523463319,"ALIMENTAÇÃO E SAÚDE-occurances":31,"ALIMENTAÇÃO E SAÚDE-percentage":1.024454725710509,"MODA-occurances":25,"MODA-percentage":0.8261731658955717,"JOGOS-occurances":21,"JOGOS-percentage":0.6939854593522803,"YOUTUBE-occurances":18,"YOUTUBE-percentage":0.5948446794448117,"TWITTER-occurances":16,"TWITTER-percentage":0.5287508261731659,"FITNESS-occurances":11,"FITNESS-percentage":0.3635161929940516,"ECONOMIA-occurances":10,"ECONOMIA-percentage":0.3304692663582287,"CARROS-occurances":8,"CARROS-percentage":0.26437541308658297,"INSTAGRAM-occurances":8,"INSTAGRAM-percentage":0.26437541308658297,"VIAGENS-occurances":8,"VIAGENS-percentage":0.26437541308658297,"INTERNACIONAL-occurances":6,"INTERNACIONAL-percentage":0.1982815598149372,"EDUCAÇÃO-occurances":5,"EDUCAÇÃO-percentage":0.16523463317911435,"ESOTERISMO-occurances":4,"ESOTERISMO-percentage":0.13218770654329148,"NATUREZA-occurances":4,"NATUREZA-percentage":0.13218770654329148,"SEXO-occurances":4,"SEXO-percentage":0.13218770654329148,"TV E CELEBRIDADES-occurances":4,"TV E CELEBRIDADES-percentage":0.13218770654329148,"HUMOR-occurances":3,"HUMOR-percentage":0.0991407799074686,"CIÊNCIA-occurances":2,"CIÊNCIA-percentage":0.06609385327164574,"POLÍTICA-occurances":1,"POLÍTICA-percentage":0.03304692663582287,"LINKEDIN-occurances":0,"LINKEDIN-percentage":0}