{"totalHistoryAmount":2950,"TECNOLOGIA-occurances":1073,"TECNOLOGIA-percentage":36.3728813559322,"DECORAÇÃO-occurances":401,"DECORAÇÃO-percentage":13.59322033898305,"FACEBOOK-occurances":146,"FACEBOOK-percentage":4.9491525423728815,"ESPORTE-occurances":91,"ESPORTE-percentage":3.0847457627118646,"POP/ARTE-occurances":41,"POP/ARTE-percentage":1.3898305084745763,"NOTÍCIAS-occurances":33,"NOTÍCIAS-percentage":1.11864406779661,"ALIMENTAÇÃO E SAÚDE-occurances":31,"ALIMENTAÇÃO E SAÚDE-percentage":1.0508474576271187,"SÉRIES E FILMES-occurances":27,"SÉRIES E FILMES-percentage":0.9152542372881356,"MODA-occurances":25,"MODA-percentage":0.847457627118644,"JOGOS-occurances":21,"JOGOS-percentage":0.711864406779661,"YOUTUBE-occurances":18,"YOUTUBE-percentage":0.6101694915254238,"TWITTER-occurances":16,"TWITTER-percentage":0.5423728813559322,"FITNESS-occurances":11,"FITNESS-percentage":0.3728813559322034,"ECONOMIA-occurances":10,"ECONOMIA-percentage":0.3389830508474576,"CARROS-occurances":8,"CARROS-percentage":0.2711864406779661,"INSTAGRAM-occurances":8,"INSTAGRAM-percentage":0.2711864406779661,"INTERNACIONAL-occurances":6,"INTERNACIONAL-percentage":0.2033898305084746,"VIAGENS-occurances":6,"VIAGENS-percentage":0.2033898305084746,"EDUCAÇÃO-occurances":5,"EDUCAÇÃO-percentage":0.1694915254237288,"ESOTERISMO-occurances":4,"ESOTERISMO-percentage":0.13559322033898305,"NATUREZA-occurances":4,"NATUREZA-percentage":0.13559322033898305,"SEXO-occurances":4,"SEXO-percentage":0.13559322033898305,"TV E CELEBRIDADES-occurances":4,"TV E CELEBRIDADES-percentage":0.13559322033898305,"HUMOR-occurances":3,"HUMOR-percentage":0.1016949152542373,"CIÊNCIA-occurances":2,"CIÊNCIA-percentage":0.06779661016949153,"POLÍTICA-occurances":1,"POLÍTICA-percentage":0.03389830508474576,"LINKEDIN-occurances":0,"LINKEDIN-percentage":0}