{"totalHistoryAmount":9205,"TECNOLOGIA-occurances":4191,"TECNOLOGIA-percentage":45.529603476371534,"ESPORTE-occurances":1557,"ESPORTE-percentage":16.914720260727865,"FACEBOOK-occurances":1214,"FACEBOOK-percentage":13.188484519282998,"SEXO-occurances":516,"SEXO-percentage":5.605649103747963,"INSTAGRAM-occurances":186,"INSTAGRAM-percentage":2.0206409560021728,"CARROS-occurances":129,"CARROS-percentage":1.4014122759369907,"DECORAÇÃO-occurances":66,"DECORAÇÃO-percentage":0.717001629549158,"EDUCAÇÃO-occurances":63,"EDUCAÇÃO-percentage":0.6844106463878327,"POP/ARTE-occurances":62,"POP/ARTE-percentage":0.6735469853340575,"NOTÍCIAS-occurances":48,"NOTÍCIAS-percentage":0.5214557305812059,"YOUTUBE-occurances":45,"YOUTUBE-percentage":0.4888647474198805,"ESOTERISMO-occurances":43,"ESOTERISMO-percentage":0.46713742531233027,"JOGOS-occurances":25,"JOGOS-percentage":0.27159152634437805,"LINKEDIN-occurances":21,"LINKEDIN-percentage":0.22813688212927757,"MODA-occurances":17,"MODA-percentage":0.18468223791417707,"TWITTER-occurances":15,"TWITTER-percentage":0.16295491580662683,"SÉRIES E FILMES-occurances":12,"SÉRIES E FILMES-percentage":0.13036393264530147,"ECONOMIA-occurances":11,"ECONOMIA-percentage":0.11950027159152635,"TV E CELEBRIDADES-occurances":10,"TV E CELEBRIDADES-percentage":0.10863661053775123,"ALIMENTAÇÃO E SAÚDE-occurances":4,"ALIMENTAÇÃO E SAÚDE-percentage":0.04345464421510049,"FITNESS-occurances":4,"FITNESS-percentage":0.04345464421510049,"VIAGENS-occurances":3,"VIAGENS-percentage":0.03259098316132537,"CIÊNCIA-occurances":2,"CIÊNCIA-percentage":0.021727322107550243,"POLÍTICA-occurances":2,"POLÍTICA-percentage":0.021727322107550243,"INTERNACIONAL-occurances":1,"INTERNACIONAL-percentage":0.010863661053775122,"HUMOR-occurances":0,"HUMOR-percentage":0,"NATUREZA-occurances":0,"NATUREZA-percentage":0}