{"totalHistoryAmount":6413,"TECNOLOGIA-occurances":1827,"TECNOLOGIA-percentage":28.489006705130205,"YOUTUBE-occurances":468,"YOUTUBE-percentage":7.297676594417589,"NOTÍCIAS-occurances":380,"NOTÍCIAS-percentage":5.925463901450179,"DECORAÇÃO-occurances":366,"DECORAÇÃO-percentage":5.707157336659909,"SÉRIES E FILMES-occurances":301,"SÉRIES E FILMES-percentage":4.6935911429908,"FACEBOOK-occurances":183,"FACEBOOK-percentage":2.8535786683299547,"POP/ARTE-occurances":130,"POP/ARTE-percentage":2.027132387338219,"ESPORTE-occurances":80,"ESPORTE-percentage":1.2474660845158272,"TV E CELEBRIDADES-occurances":71,"TV E CELEBRIDADES-percentage":1.1071261500077967,"MODA-occurances":64,"MODA-percentage":0.9979728676126618,"CARROS-occurances":63,"CARROS-percentage":0.982379541556214,"ALIMENTAÇÃO E SAÚDE-occurances":53,"ALIMENTAÇÃO E SAÚDE-percentage":0.8264462809917356,"JOGOS-occurances":39,"JOGOS-percentage":0.6081397162014658,"VIAGENS-occurances":36,"VIAGENS-percentage":0.5613597380321222,"SEXO-occurances":26,"SEXO-percentage":0.4054264774676439,"INTERNACIONAL-occurances":19,"INTERNACIONAL-percentage":0.296273195072509,"EDUCAÇÃO-occurances":12,"EDUCAÇÃO-percentage":0.18711991267737407,"CIÊNCIA-occurances":11,"CIÊNCIA-percentage":0.17152658662092624,"LINKEDIN-occurances":10,"LINKEDIN-percentage":0.1559332605644784,"HUMOR-occurances":9,"HUMOR-percentage":0.14033993450803056,"ECONOMIA-occurances":7,"ECONOMIA-percentage":0.10915328239513489,"FITNESS-occurances":7,"FITNESS-percentage":0.10915328239513489,"ESOTERISMO-occurances":6,"ESOTERISMO-percentage":0.09355995633868704,"NATUREZA-occurances":4,"NATUREZA-percentage":0.06237330422579136,"POLÍTICA-occurances":1,"POLÍTICA-percentage":0.01559332605644784,"TWITTER-occurances":1,"TWITTER-percentage":0.01559332605644784,"INSTAGRAM-occurances":0,"INSTAGRAM-percentage":0}