{"totalHistoryAmount":6461,"TECNOLOGIA-occurances":1567,"TECNOLOGIA-percentage":24.253211577155238,"FACEBOOK-occurances":629,"FACEBOOK-percentage":9.735335087447764,"DECORAÇÃO-occurances":394,"DECORAÇÃO-percentage":6.098127224887788,"NOTÍCIAS-occurances":367,"NOTÍCIAS-percentage":5.680235257700047,"MODA-occurances":243,"MODA-percentage":3.7610277046896767,"ESPORTE-occurances":235,"ESPORTE-percentage":3.637207862559975,"ESOTERISMO-occurances":128,"ESOTERISMO-percentage":1.9811174740752207,"LINKEDIN-occurances":127,"LINKEDIN-percentage":1.965639993809008,"POP/ARTE-occurances":104,"POP/ARTE-percentage":1.6096579476861168,"YOUTUBE-occurances":94,"YOUTUBE-percentage":1.45488314502399,"TV E CELEBRIDADES-occurances":90,"TV E CELEBRIDADES-percentage":1.3929732239591395,"SÉRIES E FILMES-occurances":77,"SÉRIES E FILMES-percentage":1.191765980498375,"POLÍTICA-occurances":50,"POLÍTICA-percentage":0.773874013310633,"ALIMENTAÇÃO E SAÚDE-occurances":49,"ALIMENTAÇÃO E SAÚDE-percentage":0.7583965330444203,"EDUCAÇÃO-occurances":38,"EDUCAÇÃO-percentage":0.5881442501160811,"CARROS-occurances":36,"CARROS-percentage":0.5571892895836558,"ECONOMIA-occurances":22,"ECONOMIA-percentage":0.34050456585667854,"CIÊNCIA-occurances":19,"CIÊNCIA-percentage":0.29407212505804053,"SEXO-occurances":17,"SEXO-percentage":0.26311716452561523,"HUMOR-occurances":15,"HUMOR-percentage":0.2321622039931899,"INTERNACIONAL-occurances":13,"INTERNACIONAL-percentage":0.2012072434607646,"JOGOS-occurances":12,"JOGOS-percentage":0.18572976319455192,"NATUREZA-occurances":12,"NATUREZA-percentage":0.18572976319455192,"TWITTER-occurances":11,"TWITTER-percentage":0.17025228292833927,"FITNESS-occurances":9,"FITNESS-percentage":0.13929732239591394,"INSTAGRAM-occurances":6,"INSTAGRAM-percentage":0.09286488159727596,"VIAGENS-occurances":4,"VIAGENS-percentage":0.061909921064850645}