{"totalHistoryAmount":6938,"TECNOLOGIA-occurances":1904,"TECNOLOGIA-percentage":27.443067166330355,"NOTÍCIAS-occurances":465,"NOTÍCIAS-percentage":6.702219659844336,"DECORAÇÃO-occurances":364,"DECORAÇÃO-percentage":5.246468722974921,"FACEBOOK-occurances":319,"FACEBOOK-percentage":4.59786682040934,"MODA-occurances":268,"MODA-percentage":3.8627846641683483,"YOUTUBE-occurances":238,"YOUTUBE-percentage":3.4303833957912944,"SÉRIES E FILMES-occurances":164,"SÉRIES E FILMES-percentage":2.363793600461228,"ESPORTE-occurances":161,"ESPORTE-percentage":2.3205534736235225,"POP/ARTE-occurances":128,"POP/ARTE-percentage":1.8449120784087634,"ALIMENTAÇÃO E SAÚDE-occurances":72,"ALIMENTAÇÃO E SAÚDE-percentage":1.0377630441049295,"TV E CELEBRIDADES-occurances":59,"TV E CELEBRIDADES-percentage":0.8503891611415394,"CARROS-occurances":47,"CARROS-percentage":0.6774286537907178,"JOGOS-occurances":36,"JOGOS-percentage":0.5188815220524647,"VIAGENS-occurances":36,"VIAGENS-percentage":0.5188815220524647,"SEXO-occurances":32,"SEXO-percentage":0.46122801960219084,"EDUCAÇÃO-occurances":26,"EDUCAÇÃO-percentage":0.37474776592678005,"CIÊNCIA-occurances":18,"CIÊNCIA-percentage":0.25944076102623237,"INTERNACIONAL-occurances":17,"INTERNACIONAL-percentage":0.24502738541366387,"HUMOR-occurances":11,"HUMOR-percentage":0.1585471317382531,"LINKEDIN-occurances":10,"LINKEDIN-percentage":0.14413375612568463,"ECONOMIA-occurances":9,"ECONOMIA-percentage":0.12972038051311618,"NATUREZA-occurances":8,"NATUREZA-percentage":0.11530700490054771,"FITNESS-occurances":7,"FITNESS-percentage":0.10089362928797925,"ESOTERISMO-occurances":5,"ESOTERISMO-percentage":0.07206687806284232,"INSTAGRAM-occurances":4,"INSTAGRAM-percentage":0.057653502450273855,"TWITTER-occurances":3,"TWITTER-percentage":0.04324012683770539,"POLÍTICA-occurances":2,"POLÍTICA-percentage":0.028826751225136928}