{"totalHistoryAmount":6418,"TECNOLOGIA-occurances":1847,"TECNOLOGIA-percentage":28.77843564973512,"YOUTUBE-occurances":468,"YOUTUBE-percentage":7.291991274540355,"NOTÍCIAS-occurances":380,"NOTÍCIAS-percentage":5.920847616079776,"DECORAÇÃO-occurances":365,"DECORAÇÃO-percentage":5.687129947023995,"SÉRIES E FILMES-occurances":301,"SÉRIES E FILMES-percentage":4.689934559052665,"FACEBOOK-occurances":176,"FACEBOOK-percentage":2.7422873169211592,"POP/ARTE-occurances":128,"POP/ARTE-percentage":1.9943907759426613,"ESPORTE-occurances":80,"ESPORTE-percentage":1.2464942349641632,"TV E CELEBRIDADES-occurances":71,"TV E CELEBRIDADES-percentage":1.106263633530695,"MODA-occurances":68,"MODA-percentage":1.0595200997195389,"CARROS-occurances":63,"CARROS-percentage":0.9816142100342786,"ALIMENTAÇÃO E SAÚDE-occurances":52,"ALIMENTAÇÃO E SAÚDE-percentage":0.8102212527267061,"JOGOS-occurances":39,"JOGOS-percentage":0.6076659395450296,"VIAGENS-occurances":36,"VIAGENS-percentage":0.5609224057338735,"SEXO-occurances":26,"SEXO-percentage":0.40511062636335304,"INTERNACIONAL-occurances":19,"INTERNACIONAL-percentage":0.29604238080398876,"EDUCAÇÃO-occurances":12,"EDUCAÇÃO-percentage":0.1869741352446245,"CIÊNCIA-occurances":11,"CIÊNCIA-percentage":0.17139295730757245,"LINKEDIN-occurances":10,"LINKEDIN-percentage":0.1558117793705204,"HUMOR-occurances":9,"HUMOR-percentage":0.14023060143346838,"ECONOMIA-occurances":7,"ECONOMIA-percentage":0.10906824555936429,"FITNESS-occurances":7,"FITNESS-percentage":0.10906824555936429,"ESOTERISMO-occurances":6,"ESOTERISMO-percentage":0.09348706762231225,"NATUREZA-occurances":4,"NATUREZA-percentage":0.06232471174820817,"POLÍTICA-occurances":1,"POLÍTICA-percentage":0.015581177937052042,"TWITTER-occurances":1,"TWITTER-percentage":0.015581177937052042,"INSTAGRAM-occurances":0,"INSTAGRAM-percentage":0}