{"totalHistoryAmount":6867,"TECNOLOGIA-occurances":1889,"TECNOLOGIA-percentage":27.508373379933012,"NOTÍCIAS-occurances":461,"NOTÍCIAS-percentage":6.713266346293869,"FACEBOOK-occurances":344,"FACEBOOK-percentage":5.0094655599242754,"DECORAÇÃO-occurances":333,"DECORAÇÃO-percentage":4.849279161205767,"MODA-occurances":269,"MODA-percentage":3.9172855686617156,"YOUTUBE-occurances":222,"YOUTUBE-percentage":3.2328527741371778,"ESPORTE-occurances":162,"ESPORTE-percentage":2.3591087811271296,"SÉRIES E FILMES-occurances":157,"SÉRIES E FILMES-percentage":2.2862967817096256,"POP/ARTE-occurances":124,"POP/ARTE-percentage":1.8057375855540994,"ALIMENTAÇÃO E SAÚDE-occurances":65,"ALIMENTAÇÃO E SAÚDE-percentage":0.9465559924275521,"TV E CELEBRIDADES-occurances":57,"TV E CELEBRIDADES-percentage":0.8300567933595456,"CARROS-occurances":47,"CARROS-percentage":0.6844327945245376,"JOGOS-occurances":36,"JOGOS-percentage":0.5242463958060288,"VIAGENS-occurances":36,"VIAGENS-percentage":0.5242463958060288,"SEXO-occurances":31,"SEXO-percentage":0.45143439638852484,"EDUCAÇÃO-occurances":28,"EDUCAÇÃO-percentage":0.4077471967380224,"CIÊNCIA-occurances":19,"CIÊNCIA-percentage":0.2766855977865152,"INTERNACIONAL-occurances":17,"INTERNACIONAL-percentage":0.2475607980195136,"HUMOR-occurances":16,"HUMOR-percentage":0.2329983981360128,"LINKEDIN-occurances":10,"LINKEDIN-percentage":0.145623998835008,"ECONOMIA-occurances":9,"ECONOMIA-percentage":0.1310615989515072,"NATUREZA-occurances":8,"NATUREZA-percentage":0.1164991990680064,"ESOTERISMO-occurances":5,"ESOTERISMO-percentage":0.072811999417504,"FITNESS-occurances":5,"FITNESS-percentage":0.072811999417504,"INSTAGRAM-occurances":4,"INSTAGRAM-percentage":0.0582495995340032,"POLÍTICA-occurances":3,"POLÍTICA-percentage":0.043687199650502405,"TWITTER-occurances":3,"TWITTER-percentage":0.043687199650502405}