{"totalHistoryAmount":6596,"TECNOLOGIA-occurances":1832,"TECNOLOGIA-percentage":27.774408732565192,"NOTÍCIAS-occurances":437,"NOTÍCIAS-percentage":6.62522741055185,"YOUTUBE-occurances":405,"YOUTUBE-percentage":6.140084899939358,"DECORAÇÃO-occurances":387,"DECORAÇÃO-percentage":5.86719223771983,"SÉRIES E FILMES-occurances":252,"SÉRIES E FILMES-percentage":3.820497271073378,"FACEBOOK-occurances":180,"FACEBOOK-percentage":2.72892662219527,"POP/ARTE-occurances":133,"POP/ARTE-percentage":2.0163735597331716,"ESPORTE-occurances":128,"ESPORTE-percentage":1.9405700424499697,"TV E CELEBRIDADES-occurances":75,"TV E CELEBRIDADES-percentage":1.137052759248029,"MODA-occurances":66,"MODA-percentage":1.0006064281382656,"ALIMENTAÇÃO E SAÚDE-occurances":58,"ALIMENTAÇÃO E SAÚDE-percentage":0.8793208004851425,"CARROS-occurances":58,"CARROS-percentage":0.8793208004851425,"JOGOS-occurances":40,"JOGOS-percentage":0.6064281382656155,"VIAGENS-occurances":37,"VIAGENS-percentage":0.5609460278956944,"SEXO-occurances":28,"SEXO-percentage":0.42449969678593086,"EDUCAÇÃO-occurances":24,"EDUCAÇÃO-percentage":0.3638568829593693,"INTERNACIONAL-occurances":19,"INTERNACIONAL-percentage":0.28805336567616735,"CIÊNCIA-occurances":11,"CIÊNCIA-percentage":0.16676773802304426,"HUMOR-occurances":10,"HUMOR-percentage":0.15160703456640387,"LINKEDIN-occurances":10,"LINKEDIN-percentage":0.15160703456640387,"ECONOMIA-occurances":8,"ECONOMIA-percentage":0.1212856276531231,"ESOTERISMO-occurances":8,"ESOTERISMO-percentage":0.1212856276531231,"FITNESS-occurances":8,"FITNESS-percentage":0.1212856276531231,"NATUREZA-occurances":5,"NATUREZA-percentage":0.07580351728320193,"TWITTER-occurances":3,"TWITTER-percentage":0.04548211036992116,"POLÍTICA-occurances":1,"POLÍTICA-percentage":0.015160703456640388,"INSTAGRAM-occurances":0,"INSTAGRAM-percentage":0}