{"totalHistoryAmount":2984,"TECNOLOGIA-occurances":1380,"TECNOLOGIA-percentage":46.24664879356568,"YOUTUBE-occurances":260,"YOUTUBE-percentage":8.71313672922252,"ESPORTE-occurances":140,"ESPORTE-percentage":4.6916890080428955,"FACEBOOK-occurances":140,"FACEBOOK-percentage":4.6916890080428955,"FITNESS-occurances":56,"FITNESS-percentage":1.876675603217158,"POP/ARTE-occurances":36,"POP/ARTE-percentage":1.2064343163538873,"ECONOMIA-occurances":34,"ECONOMIA-percentage":1.1394101876675604,"INSTAGRAM-occurances":33,"INSTAGRAM-percentage":1.1058981233243967,"MODA-occurances":25,"MODA-percentage":0.8378016085790885,"JOGOS-occurances":18,"JOGOS-percentage":0.6032171581769437,"TV E CELEBRIDADES-occurances":18,"TV E CELEBRIDADES-percentage":0.6032171581769437,"NOTÍCIAS-occurances":17,"NOTÍCIAS-percentage":0.5697050938337802,"SÉRIES E FILMES-occurances":17,"SÉRIES E FILMES-percentage":0.5697050938337802,"POLÍTICA-occurances":15,"POLÍTICA-percentage":0.5026809651474531,"EDUCAÇÃO-occurances":13,"EDUCAÇÃO-percentage":0.435656836461126,"VIAGENS-occurances":12,"VIAGENS-percentage":0.40214477211796246,"INTERNACIONAL-occurances":9,"INTERNACIONAL-percentage":0.30160857908847183,"CARROS-occurances":7,"CARROS-percentage":0.23458445040214476,"HUMOR-occurances":6,"HUMOR-percentage":0.20107238605898123,"ESOTERISMO-occurances":2,"ESOTERISMO-percentage":0.06702412868632708,"CIÊNCIA-occurances":1,"CIÊNCIA-percentage":0.03351206434316354,"DECORAÇÃO-occurances":1,"DECORAÇÃO-percentage":0.03351206434316354,"LINKEDIN-occurances":1,"LINKEDIN-percentage":0.03351206434316354,"NATUREZA-occurances":1,"NATUREZA-percentage":0.03351206434316354,"ALIMENTAÇÃO E SAÚDE-occurances":0,"ALIMENTAÇÃO E SAÚDE-percentage":0,"SEXO-occurances":0,"SEXO-percentage":0,"TWITTER-occurances":0,"TWITTER-percentage":0}