{"totalHistoryAmount":6909,"TECNOLOGIA-occurances":1917,"TECNOLOGIA-percentage":27.74641771602258,"NOTÍCIAS-occurances":465,"NOTÍCIAS-percentage":6.730351715154147,"DECORAÇÃO-occurances":358,"DECORAÇÃO-percentage":5.18164712693588,"FACEBOOK-occurances":310,"FACEBOOK-percentage":4.486901143436098,"MODA-occurances":268,"MODA-percentage":3.878998407873788,"YOUTUBE-occurances":238,"YOUTUBE-percentage":3.4447821681864235,"SÉRIES E FILMES-occurances":161,"SÉRIES E FILMES-percentage":2.330293819655522,"ESPORTE-occurances":160,"ESPORTE-percentage":2.3158199449992765,"POP/ARTE-occurances":126,"POP/ARTE-percentage":1.8237082066869301,"ALIMENTAÇÃO E SAÚDE-occurances":71,"ALIMENTAÇÃO E SAÚDE-percentage":1.0276451005934288,"TV E CELEBRIDADES-occurances":59,"TV E CELEBRIDADES-percentage":0.8539586047184832,"CARROS-occurances":47,"CARROS-percentage":0.6802721088435374,"JOGOS-occurances":36,"JOGOS-percentage":0.5210594876248371,"VIAGENS-occurances":36,"VIAGENS-percentage":0.5210594876248371,"SEXO-occurances":32,"SEXO-percentage":0.4631639889998553,"EDUCAÇÃO-occurances":26,"EDUCAÇÃO-percentage":0.3763207410623824,"CIÊNCIA-occurances":18,"CIÊNCIA-percentage":0.26052974381241856,"INTERNACIONAL-occurances":17,"INTERNACIONAL-percentage":0.2460558691561731,"HUMOR-occurances":11,"HUMOR-percentage":0.15921262121870025,"LINKEDIN-occurances":10,"LINKEDIN-percentage":0.14473874656245478,"ECONOMIA-occurances":9,"ECONOMIA-percentage":0.13026487190620928,"NATUREZA-occurances":8,"NATUREZA-percentage":0.11579099724996382,"FITNESS-occurances":7,"FITNESS-percentage":0.10131712259371833,"ESOTERISMO-occurances":5,"ESOTERISMO-percentage":0.07236937328122739,"INSTAGRAM-occurances":4,"INSTAGRAM-percentage":0.05789549862498191,"TWITTER-occurances":3,"TWITTER-percentage":0.04342162396873643,"POLÍTICA-occurances":2,"POLÍTICA-percentage":0.028947749312490955}