{"totalHistoryAmount":1102,"TECNOLOGIA-occurances":484,"TECNOLOGIA-percentage":43.920145190562614,"YOUTUBE-occurances":86,"YOUTUBE-percentage":7.80399274047187,"ESPORTE-occurances":60,"ESPORTE-percentage":5.44464609800363,"FITNESS-occurances":37,"FITNESS-percentage":3.3575317604355717,"POP/ARTE-occurances":27,"POP/ARTE-percentage":2.4500907441016335,"ECONOMIA-occurances":18,"ECONOMIA-percentage":1.633393829401089,"FACEBOOK-occurances":18,"FACEBOOK-percentage":1.633393829401089,"INSTAGRAM-occurances":18,"INSTAGRAM-percentage":1.633393829401089,"SÉRIES E FILMES-occurances":13,"SÉRIES E FILMES-percentage":1.1796733212341197,"VIAGENS-occurances":11,"VIAGENS-percentage":0.9981851179673321,"JOGOS-occurances":8,"JOGOS-percentage":0.7259528130671506,"POLÍTICA-occurances":5,"POLÍTICA-percentage":0.4537205081669691,"CARROS-occurances":4,"CARROS-percentage":0.3629764065335753,"NOTÍCIAS-occurances":4,"NOTÍCIAS-percentage":0.3629764065335753,"EDUCAÇÃO-occurances":3,"EDUCAÇÃO-percentage":0.27223230490018147,"ESOTERISMO-occurances":2,"ESOTERISMO-percentage":0.18148820326678766,"HUMOR-occurances":2,"HUMOR-percentage":0.18148820326678766,"TV E CELEBRIDADES-occurances":2,"TV E CELEBRIDADES-percentage":0.18148820326678766,"CIÊNCIA-occurances":1,"CIÊNCIA-percentage":0.09074410163339383,"DECORAÇÃO-occurances":1,"DECORAÇÃO-percentage":0.09074410163339383,"LINKEDIN-occurances":1,"LINKEDIN-percentage":0.09074410163339383,"MODA-occurances":1,"MODA-percentage":0.09074410163339383,"NATUREZA-occurances":1,"NATUREZA-percentage":0.09074410163339383,"ALIMENTAÇÃO E SAÚDE-occurances":0,"ALIMENTAÇÃO E SAÚDE-percentage":0,"INTERNACIONAL-occurances":0,"INTERNACIONAL-percentage":0,"SEXO-occurances":0,"SEXO-percentage":0,"TWITTER-occurances":0,"TWITTER-percentage":0}