{"totalHistoryAmount":1307,"TECNOLOGIA-occurances":574,"TECNOLOGIA-percentage":43.917368018362666,"YOUTUBE-occurances":131,"YOUTUBE-percentage":10.022953328232594,"ESPORTE-occurances":76,"ESPORTE-percentage":5.814843152257077,"FITNESS-occurances":37,"FITNESS-percentage":2.8309104820198927,"POP/ARTE-occurances":28,"POP/ARTE-percentage":2.1423106350420813,"ECONOMIA-occurances":18,"ECONOMIA-percentage":1.3771996939556235,"FACEBOOK-occurances":18,"FACEBOOK-percentage":1.3771996939556235,"INSTAGRAM-occurances":18,"INSTAGRAM-percentage":1.3771996939556235,"SÉRIES E FILMES-occurances":14,"SÉRIES E FILMES-percentage":1.0711553175210407,"JOGOS-occurances":12,"JOGOS-percentage":0.918133129303749,"EDUCAÇÃO-occurances":11,"EDUCAÇÃO-percentage":0.8416220351951033,"VIAGENS-occurances":11,"VIAGENS-percentage":0.8416220351951033,"NOTÍCIAS-occurances":7,"NOTÍCIAS-percentage":0.5355776587605203,"POLÍTICA-occurances":6,"POLÍTICA-percentage":0.4590665646518745,"CARROS-occurances":4,"CARROS-percentage":0.306044376434583,"TV E CELEBRIDADES-occurances":4,"TV E CELEBRIDADES-percentage":0.306044376434583,"ESOTERISMO-occurances":2,"ESOTERISMO-percentage":0.1530221882172915,"HUMOR-occurances":2,"HUMOR-percentage":0.1530221882172915,"CIÊNCIA-occurances":1,"CIÊNCIA-percentage":0.07651109410864575,"DECORAÇÃO-occurances":1,"DECORAÇÃO-percentage":0.07651109410864575,"LINKEDIN-occurances":1,"LINKEDIN-percentage":0.07651109410864575,"MODA-occurances":1,"MODA-percentage":0.07651109410864575,"NATUREZA-occurances":1,"NATUREZA-percentage":0.07651109410864575,"ALIMENTAÇÃO E SAÚDE-occurances":0,"ALIMENTAÇÃO E SAÚDE-percentage":0,"INTERNACIONAL-occurances":0,"INTERNACIONAL-percentage":0,"SEXO-occurances":0,"SEXO-percentage":0,"TWITTER-occurances":0,"TWITTER-percentage":0}