{"totalHistoryAmount":6499,"TECNOLOGIA-occurances":1824,"TECNOLOGIA-percentage":28.0658562855824,"YOUTUBE-occurances":446,"YOUTUBE-percentage":6.862594245268503,"NOTÍCIAS-occurances":434,"NOTÍCIAS-percentage":6.6779504539159875,"DECORAÇÃO-occurances":370,"DECORAÇÃO-percentage":5.69318356670257,"SÉRIES E FILMES-occurances":258,"SÉRIES E FILMES-percentage":3.9698415140790893,"FACEBOOK-occurances":189,"FACEBOOK-percentage":2.9081397138021234,"POP/ARTE-occurances":126,"POP/ARTE-percentage":1.9387598092014156,"ESPORTE-occurances":108,"ESPORTE-percentage":1.661794122172642,"TV E CELEBRIDADES-occurances":72,"TV E CELEBRIDADES-percentage":1.1078627481150947,"CARROS-occurances":64,"CARROS-percentage":0.9847668872134174,"MODA-occurances":64,"MODA-percentage":0.9847668872134174,"ALIMENTAÇÃO E SAÚDE-occurances":57,"ALIMENTAÇÃO E SAÚDE-percentage":0.87705800892445,"JOGOS-occurances":39,"JOGOS-percentage":0.6000923218956763,"VIAGENS-occurances":36,"VIAGENS-percentage":0.5539313740575473,"SEXO-occurances":28,"SEXO-percentage":0.43083551315587015,"EDUCAÇÃO-occurances":24,"EDUCAÇÃO-percentage":0.36928758270503154,"INTERNACIONAL-occurances":19,"INTERNACIONAL-percentage":0.2923526696414833,"CIÊNCIA-occurances":11,"CIÊNCIA-percentage":0.1692568087398061,"HUMOR-occurances":10,"HUMOR-percentage":0.1538698261270965,"LINKEDIN-occurances":10,"LINKEDIN-percentage":0.1538698261270965,"ESOTERISMO-occurances":9,"ESOTERISMO-percentage":0.13848284351438683,"ECONOMIA-occurances":8,"ECONOMIA-percentage":0.12309586090167718,"FITNESS-occurances":8,"FITNESS-percentage":0.12309586090167718,"NATUREZA-occurances":5,"NATUREZA-percentage":0.07693491306354824,"TWITTER-occurances":3,"TWITTER-percentage":0.04616094783812894,"POLÍTICA-occurances":1,"POLÍTICA-percentage":0.015386982612709647,"INSTAGRAM-occurances":0,"INSTAGRAM-percentage":0}