{"totalHistoryAmount":6705,"TECNOLOGIA-occurances":1673,"TECNOLOGIA-percentage":24.951528709917973,"FACEBOOK-occurances":572,"FACEBOOK-percentage":8.530947054436988,"NOTÍCIAS-occurances":417,"NOTÍCIAS-percentage":6.2192393736017895,"DECORAÇÃO-occurances":353,"DECORAÇÃO-percentage":5.264727815063385,"MODA-occurances":287,"MODA-percentage":4.280387770320656,"ESPORTE-occurances":226,"ESPORTE-percentage":3.3706189410887397,"LINKEDIN-occurances":128,"LINKEDIN-percentage":1.9090231170768084,"POP/ARTE-occurances":127,"POP/ARTE-percentage":1.894108873974646,"ESOTERISMO-occurances":115,"ESOTERISMO-percentage":1.715137956748695,"YOUTUBE-occurances":82,"YOUTUBE-percentage":1.2229679343773303,"TV E CELEBRIDADES-occurances":81,"TV E CELEBRIDADES-percentage":1.2080536912751678,"SÉRIES E FILMES-occurances":68,"SÉRIES E FILMES-percentage":1.0141685309470545,"ALIMENTAÇÃO E SAÚDE-occurances":61,"ALIMENTAÇÃO E SAÚDE-percentage":0.9097688292319165,"POLÍTICA-occurances":43,"POLÍTICA-percentage":0.6413124533929903,"EDUCAÇÃO-occurances":38,"EDUCAÇÃO-percentage":0.5667412378821775,"CARROS-occurances":35,"CARROS-percentage":0.5219985085756897,"VIAGENS-occurances":31,"VIAGENS-percentage":0.46234153616703955,"ECONOMIA-occurances":23,"ECONOMIA-percentage":0.343027591349739,"CIÊNCIA-occurances":20,"CIÊNCIA-percentage":0.29828486204325133,"SEXO-occurances":19,"SEXO-percentage":0.2833706189410887,"HUMOR-occurances":16,"HUMOR-percentage":0.23862788963460105,"INTERNACIONAL-occurances":14,"INTERNACIONAL-percentage":0.20879940343027592,"JOGOS-occurances":9,"JOGOS-percentage":0.1342281879194631,"NATUREZA-occurances":7,"NATUREZA-percentage":0.10439970171513796,"TWITTER-occurances":7,"TWITTER-percentage":0.10439970171513796,"INSTAGRAM-occurances":6,"INSTAGRAM-percentage":0.0894854586129754,"FITNESS-occurances":4,"FITNESS-percentage":0.05965697240865026}