{"totalHistoryAmount":6614,"TECNOLOGIA-occurances":1820,"TECNOLOGIA-percentage":27.517387360145147,"NOTÍCIAS-occurances":435,"NOTÍCIAS-percentage":6.57695796794678,"YOUTUBE-occurances":412,"YOUTUBE-percentage":6.229210765043846,"DECORAÇÃO-occurances":381,"DECORAÇÃO-percentage":5.7605080133051105,"SÉRIES E FILMES-occurances":245,"SÉRIES E FILMES-percentage":3.704263683096462,"FACEBOOK-occurances":216,"FACEBOOK-percentage":3.2657998185666766,"ESPORTE-occurances":134,"ESPORTE-percentage":2.0260054429996974,"POP/ARTE-occurances":127,"POP/ARTE-percentage":1.9201693377683702,"MODA-occurances":66,"MODA-percentage":0.9978832778953735,"TV E CELEBRIDADES-occurances":60,"TV E CELEBRIDADES-percentage":0.9071666162685214,"ALIMENTAÇÃO E SAÚDE-occurances":57,"ALIMENTAÇÃO E SAÚDE-percentage":0.8618082854550952,"CARROS-occurances":56,"CARROS-percentage":0.8466888418506199,"JOGOS-occurances":36,"JOGOS-percentage":0.5442999697611128,"VIAGENS-occurances":36,"VIAGENS-percentage":0.5442999697611128,"SEXO-occurances":28,"SEXO-percentage":0.42334442092530994,"EDUCAÇÃO-occurances":24,"EDUCAÇÃO-percentage":0.3628666465074085,"INTERNACIONAL-occurances":19,"INTERNACIONAL-percentage":0.28726942848503173,"CIÊNCIA-occurances":12,"CIÊNCIA-percentage":0.18143332325370426,"HUMOR-occurances":12,"HUMOR-percentage":0.18143332325370426,"LINKEDIN-occurances":10,"LINKEDIN-percentage":0.15119443604475355,"ECONOMIA-occurances":8,"ECONOMIA-percentage":0.12095554883580284,"ESOTERISMO-occurances":8,"ESOTERISMO-percentage":0.12095554883580284,"FITNESS-occurances":8,"FITNESS-percentage":0.12095554883580284,"NATUREZA-occurances":5,"NATUREZA-percentage":0.07559721802237677,"TWITTER-occurances":3,"TWITTER-percentage":0.045358330813426065,"POLÍTICA-occurances":1,"POLÍTICA-percentage":0.015119443604475355,"INSTAGRAM-occurances":0,"INSTAGRAM-percentage":0}