{"totalHistoryAmount":7104,"TECNOLOGIA-occurances":1791,"TECNOLOGIA-percentage":25.21114864864865,"NOTÍCIAS-occurances":515,"NOTÍCIAS-percentage":7.249436936936937,"FACEBOOK-occurances":490,"FACEBOOK-percentage":6.8975225225225225,"DECORAÇÃO-occurances":352,"DECORAÇÃO-percentage":4.954954954954955,"MODA-occurances":278,"MODA-percentage":3.9132882882882885,"ESPORTE-occurances":206,"ESPORTE-percentage":2.899774774774775,"YOUTUBE-occurances":171,"YOUTUBE-percentage":2.4070945945945947,"POP/ARTE-occurances":126,"POP/ARTE-percentage":1.7736486486486487,"SÉRIES E FILMES-occurances":113,"SÉRIES E FILMES-percentage":1.5906531531531531,"TV E CELEBRIDADES-occurances":63,"TV E CELEBRIDADES-percentage":0.8868243243243243,"ESOTERISMO-occurances":58,"ESOTERISMO-percentage":0.8164414414414415,"ALIMENTAÇÃO E SAÚDE-occurances":54,"ALIMENTAÇÃO E SAÚDE-percentage":0.7601351351351351,"LINKEDIN-occurances":44,"LINKEDIN-percentage":0.6193693693693694,"EDUCAÇÃO-occurances":35,"EDUCAÇÃO-percentage":0.49268018018018017,"JOGOS-occurances":35,"JOGOS-percentage":0.49268018018018017,"SEXO-occurances":34,"SEXO-percentage":0.4786036036036036,"VIAGENS-occurances":33,"VIAGENS-percentage":0.46452702702702703,"CARROS-occurances":28,"CARROS-percentage":0.39414414414414417,"CIÊNCIA-occurances":23,"CIÊNCIA-percentage":0.32376126126126126,"INTERNACIONAL-occurances":21,"INTERNACIONAL-percentage":0.2956081081081081,"HUMOR-occurances":19,"HUMOR-percentage":0.26745495495495497,"ECONOMIA-occurances":12,"ECONOMIA-percentage":0.16891891891891891,"POLÍTICA-occurances":10,"POLÍTICA-percentage":0.14076576576576577,"NATUREZA-occurances":8,"NATUREZA-percentage":0.11261261261261261,"TWITTER-occurances":7,"TWITTER-percentage":0.09853603603603604,"INSTAGRAM-occurances":6,"INSTAGRAM-percentage":0.08445945945945946,"FITNESS-occurances":5,"FITNESS-percentage":0.07038288288288289}