{"totalHistoryAmount":6583,"TECNOLOGIA-occurances":1829,"TECNOLOGIA-percentage":27.78368524988607,"NOTÍCIAS-occurances":435,"NOTÍCIAS-percentage":6.607929515418502,"YOUTUBE-occurances":405,"YOUTUBE-percentage":6.152210238493089,"DECORAÇÃO-occurances":387,"DECORAÇÃO-percentage":5.87877867233784,"SÉRIES E FILMES-occurances":252,"SÉRIES E FILMES-percentage":3.8280419261734773,"FACEBOOK-occurances":179,"FACEBOOK-percentage":2.7191250189883034,"POP/ARTE-occurances":131,"POP/ARTE-percentage":1.9899741759076408,"ESPORTE-occurances":126,"ESPORTE-percentage":1.9140209630867386,"TV E CELEBRIDADES-occurances":77,"TV E CELEBRIDADES-percentage":1.1696794774418957,"MODA-occurances":66,"MODA-percentage":1.0025824092359106,"ALIMENTAÇÃO E SAÚDE-occurances":58,"ALIMENTAÇÃO E SAÚDE-percentage":0.8810572687224669,"CARROS-occurances":58,"CARROS-percentage":0.8810572687224669,"JOGOS-occurances":40,"JOGOS-percentage":0.6076257025672186,"VIAGENS-occurances":37,"VIAGENS-percentage":0.5620537748746772,"SEXO-occurances":28,"SEXO-percentage":0.425337991797053,"EDUCAÇÃO-occurances":24,"EDUCAÇÃO-percentage":0.3645754215403312,"INTERNACIONAL-occurances":19,"INTERNACIONAL-percentage":0.28862220871942884,"CIÊNCIA-occurances":11,"CIÊNCIA-percentage":0.1670970682059851,"HUMOR-occurances":10,"HUMOR-percentage":0.15190642564180465,"LINKEDIN-occurances":10,"LINKEDIN-percentage":0.15190642564180465,"ECONOMIA-occurances":8,"ECONOMIA-percentage":0.12152514051344372,"ESOTERISMO-occurances":8,"ESOTERISMO-percentage":0.12152514051344372,"FITNESS-occurances":8,"FITNESS-percentage":0.12152514051344372,"NATUREZA-occurances":5,"NATUREZA-percentage":0.07595321282090232,"TWITTER-occurances":3,"TWITTER-percentage":0.0455719276925414,"POLÍTICA-occurances":1,"POLÍTICA-percentage":0.015190642564180465,"INSTAGRAM-occurances":0,"INSTAGRAM-percentage":0}