{"totalHistoryAmount":8303,"TECNOLOGIA-occurances":2716,"TECNOLOGIA-percentage":32.711068288570395,"TWITTER-occurances":981,"TWITTER-percentage":11.815006624111767,"YOUTUBE-occurances":201,"YOUTUBE-percentage":2.4208117547874264,"SÉRIES E FILMES-occurances":176,"SÉRIES E FILMES-percentage":2.119715765386005,"JOGOS-occurances":137,"JOGOS-percentage":1.650006021919788,"ESPORTE-occurances":103,"ESPORTE-percentage":1.2405154763338553,"POP/ARTE-occurances":85,"POP/ARTE-percentage":1.023726363964832,"FACEBOOK-occurances":47,"FACEBOOK-percentage":0.5660604600746718,"CARROS-occurances":44,"CARROS-percentage":0.5299289413465013,"NOTÍCIAS-occurances":44,"NOTÍCIAS-percentage":0.5299289413465013,"TV E CELEBRIDADES-occurances":42,"TV E CELEBRIDADES-percentage":0.5058412621943875,"FITNESS-occurances":38,"FITNESS-percentage":0.4576659038901602,"ESOTERISMO-occurances":30,"ESOTERISMO-percentage":0.3613151872817054,"INSTAGRAM-occurances":24,"INSTAGRAM-percentage":0.2890521498253643,"ECONOMIA-occurances":22,"ECONOMIA-percentage":0.26496447067325063,"LINKEDIN-occurances":18,"LINKEDIN-percentage":0.21678911236902323,"EDUCAÇÃO-occurances":11,"EDUCAÇÃO-percentage":0.13248223533662531,"VIAGENS-occurances":11,"VIAGENS-percentage":0.13248223533662531,"DECORAÇÃO-occurances":10,"DECORAÇÃO-percentage":0.12043839576056847,"MODA-occurances":6,"MODA-percentage":0.07226303745634108,"CIÊNCIA-occurances":5,"CIÊNCIA-percentage":0.060219197880284236,"SEXO-occurances":3,"SEXO-percentage":0.03613151872817054,"ALIMENTAÇÃO E SAÚDE-occurances":2,"ALIMENTAÇÃO E SAÚDE-percentage":0.024087679152113694,"HUMOR-occurances":2,"HUMOR-percentage":0.024087679152113694,"INTERNACIONAL-occurances":2,"INTERNACIONAL-percentage":0.024087679152113694,"NATUREZA-occurances":0,"NATUREZA-percentage":0,"POLÍTICA-occurances":0,"POLÍTICA-percentage":0}