{"totalHistoryAmount":3536,"TECNOLOGIA-occurances":1724,"TECNOLOGIA-percentage":48.755656108597286,"YOUTUBE-occurances":273,"YOUTUBE-percentage":7.720588235294118,"FACEBOOK-occurances":212,"FACEBOOK-percentage":5.995475113122172,"ESPORTE-occurances":150,"ESPORTE-percentage":4.242081447963801,"FITNESS-occurances":57,"FITNESS-percentage":1.6119909502262444,"POP/ARTE-occurances":37,"POP/ARTE-percentage":1.0463800904977376,"ECONOMIA-occurances":35,"ECONOMIA-percentage":0.9898190045248869,"INSTAGRAM-occurances":33,"INSTAGRAM-percentage":0.9332579185520362,"MODA-occurances":25,"MODA-percentage":0.7070135746606335,"NOTÍCIAS-occurances":21,"NOTÍCIAS-percentage":0.5938914027149321,"TV E CELEBRIDADES-occurances":19,"TV E CELEBRIDADES-percentage":0.5373303167420814,"JOGOS-occurances":18,"JOGOS-percentage":0.5090497737556561,"SÉRIES E FILMES-occurances":17,"SÉRIES E FILMES-percentage":0.4807692307692308,"POLÍTICA-occurances":15,"POLÍTICA-percentage":0.4242081447963801,"EDUCAÇÃO-occurances":13,"EDUCAÇÃO-percentage":0.36764705882352944,"VIAGENS-occurances":12,"VIAGENS-percentage":0.3393665158371041,"INTERNACIONAL-occurances":9,"INTERNACIONAL-percentage":0.25452488687782804,"CARROS-occurances":8,"CARROS-percentage":0.22624434389140272,"HUMOR-occurances":6,"HUMOR-percentage":0.16968325791855204,"DECORAÇÃO-occurances":5,"DECORAÇÃO-percentage":0.1414027149321267,"ESOTERISMO-occurances":2,"ESOTERISMO-percentage":0.05656108597285068,"CIÊNCIA-occurances":1,"CIÊNCIA-percentage":0.02828054298642534,"LINKEDIN-occurances":1,"LINKEDIN-percentage":0.02828054298642534,"NATUREZA-occurances":1,"NATUREZA-percentage":0.02828054298642534,"TWITTER-occurances":1,"TWITTER-percentage":0.02828054298642534,"ALIMENTAÇÃO E SAÚDE-occurances":0,"ALIMENTAÇÃO E SAÚDE-percentage":0,"SEXO-occurances":0,"SEXO-percentage":0}