{"totalHistoryAmount":6934,"TECNOLOGIA-occurances":1849,"TECNOLOGIA-percentage":26.665705220651862,"NOTÍCIAS-occurances":470,"NOTÍCIAS-percentage":6.778194404384194,"FACEBOOK-occurances":383,"FACEBOOK-percentage":5.523507355062013,"DECORAÇÃO-occurances":345,"DECORAÇÃO-percentage":4.97548312662244,"MODA-occurances":272,"MODA-percentage":3.922699740409576,"YOUTUBE-occurances":218,"YOUTUBE-percentage":3.1439284684164983,"ESPORTE-occurances":180,"ESPORTE-percentage":2.5959042399769254,"SÉRIES E FILMES-occurances":151,"SÉRIES E FILMES-percentage":2.1776752235361982,"POP/ARTE-occurances":128,"POP/ARTE-percentage":1.8459763484280358,"ALIMENTAÇÃO E SAÚDE-occurances":62,"ALIMENTAÇÃO E SAÚDE-percentage":0.8941447937698298,"TV E CELEBRIDADES-occurances":60,"TV E CELEBRIDADES-percentage":0.8653014133256418,"CARROS-occurances":48,"CARROS-percentage":0.6922411306605134,"JOGOS-occurances":36,"JOGOS-percentage":0.5191808479953851,"VIAGENS-occurances":35,"VIAGENS-percentage":0.5047591577732911,"SEXO-occurances":30,"SEXO-percentage":0.4326507066628209,"EDUCAÇÃO-occurances":29,"EDUCAÇÃO-percentage":0.41822901644072685,"INTERNACIONAL-occurances":21,"INTERNACIONAL-percentage":0.3028554946639746,"CIÊNCIA-occurances":20,"CIÊNCIA-percentage":0.2884338044418806,"HUMOR-occurances":16,"HUMOR-percentage":0.23074704355350448,"ECONOMIA-occurances":10,"ECONOMIA-percentage":0.1442169022209403,"LINKEDIN-occurances":10,"LINKEDIN-percentage":0.1442169022209403,"NATUREZA-occurances":8,"NATUREZA-percentage":0.11537352177675224,"ESOTERISMO-occurances":5,"ESOTERISMO-percentage":0.07210845111047015,"FITNESS-occurances":5,"FITNESS-percentage":0.07210845111047015,"INSTAGRAM-occurances":4,"INSTAGRAM-percentage":0.05768676088837612,"POLÍTICA-occurances":4,"POLÍTICA-percentage":0.05768676088837612,"TWITTER-occurances":4,"TWITTER-percentage":0.05768676088837612}