{"totalHistoryAmount":10989,"TECNOLOGIA-occurances":3551,"TECNOLOGIA-percentage":32.314132314132316,"TWITTER-occurances":1209,"TWITTER-percentage":11.001911001911003,"YOUTUBE-occurances":240,"YOUTUBE-percentage":2.184002184002184,"SÉRIES E FILMES-occurances":212,"SÉRIES E FILMES-percentage":1.9292019292019291,"JOGOS-occurances":184,"JOGOS-percentage":1.6744016744016743,"ESPORTE-occurances":120,"ESPORTE-percentage":1.092001092001092,"POP/ARTE-occurances":111,"POP/ARTE-percentage":1.0101010101010102,"CARROS-occurances":62,"CARROS-percentage":0.5642005642005642,"NOTÍCIAS-occurances":55,"NOTÍCIAS-percentage":0.5005005005005005,"FACEBOOK-occurances":54,"FACEBOOK-percentage":0.4914004914004914,"TV E CELEBRIDADES-occurances":51,"TV E CELEBRIDADES-percentage":0.4641004641004641,"FITNESS-occurances":44,"FITNESS-percentage":0.4004004004004004,"ESOTERISMO-occurances":43,"ESOTERISMO-percentage":0.3913003913003913,"LINKEDIN-occurances":28,"LINKEDIN-percentage":0.2548002548002548,"ECONOMIA-occurances":24,"ECONOMIA-percentage":0.2184002184002184,"INSTAGRAM-occurances":23,"INSTAGRAM-percentage":0.2093002093002093,"MODA-occurances":16,"MODA-percentage":0.14560014560014561,"VIAGENS-occurances":12,"VIAGENS-percentage":0.1092001092001092,"DECORAÇÃO-occurances":11,"DECORAÇÃO-percentage":0.1001001001001001,"EDUCAÇÃO-occurances":11,"EDUCAÇÃO-percentage":0.1001001001001001,"CIÊNCIA-occurances":5,"CIÊNCIA-percentage":0.0455000455000455,"NATUREZA-occurances":4,"NATUREZA-percentage":0.036400036400036404,"SEXO-occurances":4,"SEXO-percentage":0.036400036400036404,"HUMOR-occurances":3,"HUMOR-percentage":0.0273000273000273,"INTERNACIONAL-occurances":2,"INTERNACIONAL-percentage":0.018200018200018202,"ALIMENTAÇÃO E SAÚDE-occurances":1,"ALIMENTAÇÃO E SAÚDE-percentage":0.009100009100009101,"POLÍTICA-occurances":1,"POLÍTICA-percentage":0.009100009100009101}