{"totalHistoryAmount":1554,"TECNOLOGIA-occurances":632,"TECNOLOGIA-percentage":40.66924066924067,"NOTÍCIAS-occurances":255,"NOTÍCIAS-percentage":16.409266409266408,"ESPORTE-occurances":87,"ESPORTE-percentage":5.598455598455598,"FACEBOOK-occurances":64,"FACEBOOK-percentage":4.1184041184041185,"POLÍTICA-occurances":23,"POLÍTICA-percentage":1.4800514800514801,"YOUTUBE-occurances":20,"YOUTUBE-percentage":1.287001287001287,"EDUCAÇÃO-occurances":16,"EDUCAÇÃO-percentage":1.0296010296010296,"POP/ARTE-occurances":16,"POP/ARTE-percentage":1.0296010296010296,"JOGOS-occurances":14,"JOGOS-percentage":0.9009009009009009,"MODA-occurances":14,"MODA-percentage":0.9009009009009009,"SÉRIES E FILMES-occurances":12,"SÉRIES E FILMES-percentage":0.7722007722007722,"TWITTER-occurances":11,"TWITTER-percentage":0.7078507078507078,"LINKEDIN-occurances":8,"LINKEDIN-percentage":0.5148005148005148,"VIAGENS-occurances":5,"VIAGENS-percentage":0.32175032175032175,"DECORAÇÃO-occurances":4,"DECORAÇÃO-percentage":0.2574002574002574,"ESOTERISMO-occurances":3,"ESOTERISMO-percentage":0.19305019305019305,"INSTAGRAM-occurances":3,"INSTAGRAM-percentage":0.19305019305019305,"SEXO-occurances":2,"SEXO-percentage":0.1287001287001287,"TV E CELEBRIDADES-occurances":2,"TV E CELEBRIDADES-percentage":0.1287001287001287,"ALIMENTAÇÃO E SAÚDE-occurances":1,"ALIMENTAÇÃO E SAÚDE-percentage":0.06435006435006435,"CARROS-occurances":1,"CARROS-percentage":0.06435006435006435,"CIÊNCIA-occurances":1,"CIÊNCIA-percentage":0.06435006435006435,"FITNESS-occurances":1,"FITNESS-percentage":0.06435006435006435,"ECONOMIA-occurances":0,"ECONOMIA-percentage":0,"HUMOR-occurances":0,"HUMOR-percentage":0,"INTERNACIONAL-occurances":0,"INTERNACIONAL-percentage":0,"NATUREZA-occurances":0,"NATUREZA-percentage":0}