{"totalHistoryAmount":9056,"TECNOLOGIA-occurances":4181,"TECNOLOGIA-percentage":46.168286219081274,"ESPORTE-occurances":1500,"ESPORTE-percentage":16.563604240282686,"FACEBOOK-occurances":1093,"FACEBOOK-percentage":12.06934628975265,"SEXO-occurances":693,"SEXO-percentage":7.652385159010601,"INSTAGRAM-occurances":173,"INSTAGRAM-percentage":1.9103356890459364,"CARROS-occurances":132,"CARROS-percentage":1.4575971731448762,"YOUTUBE-occurances":62,"YOUTUBE-percentage":0.6846289752650176,"DECORAÇÃO-occurances":54,"DECORAÇÃO-percentage":0.5962897526501767,"NOTÍCIAS-occurances":45,"NOTÍCIAS-percentage":0.49690812720848054,"EDUCAÇÃO-occurances":37,"EDUCAÇÃO-percentage":0.4085689045936396,"MODA-occurances":24,"MODA-percentage":0.26501766784452296,"LINKEDIN-occurances":17,"LINKEDIN-percentage":0.1877208480565371,"ESOTERISMO-occurances":14,"ESOTERISMO-percentage":0.15459363957597172,"POP/ARTE-occurances":12,"POP/ARTE-percentage":0.13250883392226148,"CIÊNCIA-occurances":11,"CIÊNCIA-percentage":0.12146643109540636,"ECONOMIA-occurances":11,"ECONOMIA-percentage":0.12146643109540636,"SÉRIES E FILMES-occurances":8,"SÉRIES E FILMES-percentage":0.08833922261484099,"TV E CELEBRIDADES-occurances":4,"TV E CELEBRIDADES-percentage":0.044169611307420496,"TWITTER-occurances":3,"TWITTER-percentage":0.03312720848056537,"FITNESS-occurances":2,"FITNESS-percentage":0.022084805653710248,"JOGOS-occurances":2,"JOGOS-percentage":0.022084805653710248,"VIAGENS-occurances":2,"VIAGENS-percentage":0.022084805653710248,"ALIMENTAÇÃO E SAÚDE-occurances":1,"ALIMENTAÇÃO E SAÚDE-percentage":0.011042402826855124,"INTERNACIONAL-occurances":1,"INTERNACIONAL-percentage":0.011042402826855124,"POLÍTICA-occurances":1,"POLÍTICA-percentage":0.011042402826855124,"HUMOR-occurances":0,"HUMOR-percentage":0,"NATUREZA-occurances":0,"NATUREZA-percentage":0}