{"totalHistoryAmount":6995,"TECNOLOGIA-occurances":1844,"TECNOLOGIA-percentage":26.36168691922802,"NOTÍCIAS-occurances":477,"NOTÍCIAS-percentage":6.81915654038599,"FACEBOOK-occurances":400,"FACEBOOK-percentage":5.718370264474625,"DECORAÇÃO-occurances":385,"DECORAÇÃO-percentage":5.5039313795568265,"MODA-occurances":274,"MODA-percentage":3.917083631165118,"YOUTUBE-occurances":189,"YOUTUBE-percentage":2.7019299499642604,"ESPORTE-occurances":185,"ESPORTE-percentage":2.644746247319514,"SÉRIES E FILMES-occurances":141,"SÉRIES E FILMES-percentage":2.0157255182273053,"POP/ARTE-occurances":131,"POP/ARTE-percentage":1.8727662616154397,"ALIMENTAÇÃO E SAÚDE-occurances":62,"ALIMENTAÇÃO E SAÚDE-percentage":0.8863473909935669,"TV E CELEBRIDADES-occurances":58,"TV E CELEBRIDADES-percentage":0.8291636883488206,"CARROS-occurances":49,"CARROS-percentage":0.7005003573981415,"JOGOS-occurances":36,"JOGOS-percentage":0.5146533238027162,"VIAGENS-occurances":35,"VIAGENS-percentage":0.5003573981415297,"EDUCAÇÃO-occurances":33,"EDUCAÇÃO-percentage":0.47176554681915656,"SEXO-occurances":32,"SEXO-percentage":0.45746962115796996,"INTERNACIONAL-occurances":22,"INTERNACIONAL-percentage":0.31451036454610437,"CIÊNCIA-occurances":21,"CIÊNCIA-percentage":0.3002144388849178,"HUMOR-occurances":16,"HUMOR-percentage":0.22873481057898498,"ECONOMIA-occurances":11,"ECONOMIA-percentage":0.15725518227305219,"LINKEDIN-occurances":10,"LINKEDIN-percentage":0.14295925661186562,"NATUREZA-occurances":8,"NATUREZA-percentage":0.11436740528949249,"ESOTERISMO-occurances":6,"ESOTERISMO-percentage":0.08577555396711938,"POLÍTICA-occurances":6,"POLÍTICA-percentage":0.08577555396711938,"FITNESS-occurances":5,"FITNESS-percentage":0.07147962830593281,"INSTAGRAM-occurances":4,"INSTAGRAM-percentage":0.057183702644746245,"TWITTER-occurances":4,"TWITTER-percentage":0.057183702644746245}