{"totalHistoryAmount":6611,"TECNOLOGIA-occurances":1834,"TECNOLOGIA-percentage":27.741642716684314,"YOUTUBE-occurances":446,"YOUTUBE-percentage":6.746331871123885,"NOTÍCIAS-occurances":442,"NOTÍCIAS-percentage":6.685826652548783,"DECORAÇÃO-occurances":387,"DECORAÇÃO-percentage":5.8538798971411286,"SÉRIES E FILMES-occurances":257,"SÉRIES E FILMES-percentage":3.88746029345031,"FACEBOOK-occurances":183,"FACEBOOK-percentage":2.7681137498109214,"ESPORTE-occurances":124,"ESPORTE-percentage":1.8756617758281653,"POP/ARTE-occurances":122,"POP/ARTE-percentage":1.845409166540614,"TV E CELEBRIDADES-occurances":77,"TV E CELEBRIDADES-percentage":1.1647254575707155,"MODA-occurances":66,"MODA-percentage":0.9983361064891847,"CARROS-occurances":64,"CARROS-percentage":0.9680834972016337,"ALIMENTAÇÃO E SAÚDE-occurances":58,"ALIMENTAÇÃO E SAÚDE-percentage":0.8773256693389805,"JOGOS-occurances":39,"JOGOS-percentage":0.5899258811072455,"VIAGENS-occurances":37,"VIAGENS-percentage":0.5596732718196944,"SEXO-occurances":28,"SEXO-percentage":0.42353653002571473,"EDUCAÇÃO-occurances":24,"EDUCAÇÃO-percentage":0.3630313114506126,"INTERNACIONAL-occurances":19,"INTERNACIONAL-percentage":0.287399788231735,"CIÊNCIA-occurances":11,"CIÊNCIA-percentage":0.16638935108153077,"HUMOR-occurances":10,"HUMOR-percentage":0.15126304643775526,"LINKEDIN-occurances":10,"LINKEDIN-percentage":0.15126304643775526,"ESOTERISMO-occurances":9,"ESOTERISMO-percentage":0.13613674179397972,"FITNESS-occurances":9,"FITNESS-percentage":0.13613674179397972,"ECONOMIA-occurances":8,"ECONOMIA-percentage":0.12101043715020421,"NATUREZA-occurances":5,"NATUREZA-percentage":0.07563152321887763,"TWITTER-occurances":3,"TWITTER-percentage":0.04537891393132658,"POLÍTICA-occurances":1,"POLÍTICA-percentage":0.015126304643775526,"INSTAGRAM-occurances":0,"INSTAGRAM-percentage":0}