{"totalHistoryAmount":6441,"TECNOLOGIA-occurances":1802,"TECNOLOGIA-percentage":27.977022201521503,"NOTÍCIAS-occurances":447,"NOTÍCIAS-percentage":6.939916162086632,"DECORAÇÃO-occurances":343,"DECORAÇÃO-percentage":5.325260052786835,"YOUTUBE-occurances":296,"YOUTUBE-percentage":4.595559695699426,"FACEBOOK-occurances":243,"FACEBOOK-percentage":3.7727061015370285,"SÉRIES E FILMES-occurances":216,"SÉRIES E FILMES-percentage":3.353516534699581,"POP/ARTE-occurances":133,"POP/ARTE-percentage":2.0648967551622417,"ESPORTE-occurances":132,"ESPORTE-percentage":2.0493712156497437,"MODA-occurances":68,"MODA-percentage":1.055736686849868,"ALIMENTAÇÃO E SAÚDE-occurances":58,"ALIMENTAÇÃO E SAÚDE-percentage":0.9004812917248874,"CARROS-occurances":57,"CARROS-percentage":0.8849557522123894,"TV E CELEBRIDADES-occurances":53,"TV E CELEBRIDADES-percentage":0.8228535941623971,"JOGOS-occurances":36,"JOGOS-percentage":0.5589194224499301,"VIAGENS-occurances":36,"VIAGENS-percentage":0.5589194224499301,"SEXO-occurances":31,"SEXO-percentage":0.4812917248874398,"EDUCAÇÃO-occurances":25,"EDUCAÇÃO-percentage":0.38813848781245147,"INTERNACIONAL-occurances":15,"INTERNACIONAL-percentage":0.2328830926874709,"CIÊNCIA-occurances":14,"CIÊNCIA-percentage":0.21735755317497282,"HUMOR-occurances":11,"HUMOR-percentage":0.17078093463747865,"ECONOMIA-occurances":10,"ECONOMIA-percentage":0.1552553951249806,"LINKEDIN-occurances":10,"LINKEDIN-percentage":0.1552553951249806,"FITNESS-occurances":7,"FITNESS-percentage":0.10867877658748641,"ESOTERISMO-occurances":6,"ESOTERISMO-percentage":0.09315323707498836,"NATUREZA-occurances":5,"NATUREZA-percentage":0.0776276975624903,"INSTAGRAM-occurances":3,"INSTAGRAM-percentage":0.04657661853749418,"TWITTER-occurances":3,"TWITTER-percentage":0.04657661853749418,"POLÍTICA-occurances":1,"POLÍTICA-percentage":0.01552553951249806}