{"totalHistoryAmount":10022,"TECNOLOGIA-occurances":4677,"TECNOLOGIA-percentage":46.66733186988625,"ESPORTE-occurances":1806,"ESPORTE-percentage":18.020355218519256,"FACEBOOK-occurances":1152,"FACEBOOK-percentage":11.494711634404311,"SEXO-occurances":652,"SEXO-percentage":6.50568748752744,"INSTAGRAM-occurances":159,"INSTAGRAM-percentage":1.586509678706845,"CARROS-occurances":157,"CARROS-percentage":1.5665535821193375,"DECORAÇÃO-occurances":63,"DECORAÇÃO-percentage":0.6286170425064858,"YOUTUBE-occurances":63,"YOUTUBE-percentage":0.6286170425064858,"EDUCAÇÃO-occurances":48,"EDUCAÇÃO-percentage":0.4789463181001796,"POP/ARTE-occurances":41,"POP/ARTE-percentage":0.4090999800439034,"NOTÍCIAS-occurances":40,"NOTÍCIAS-percentage":0.39912193175014965,"ESOTERISMO-occurances":36,"ESOTERISMO-percentage":0.3592097385751347,"MODA-occurances":23,"MODA-percentage":0.22949511075633605,"LINKEDIN-occurances":21,"LINKEDIN-percentage":0.20953901416882859,"SÉRIES E FILMES-occurances":16,"SÉRIES E FILMES-percentage":0.15964877270005987,"ECONOMIA-occurances":11,"ECONOMIA-percentage":0.10975853123129116,"TWITTER-occurances":10,"TWITTER-percentage":0.09978048293753741,"TV E CELEBRIDADES-occurances":9,"TV E CELEBRIDADES-percentage":0.08980243464378368,"JOGOS-occurances":7,"JOGOS-percentage":0.06984633805627619,"VIAGENS-occurances":4,"VIAGENS-percentage":0.039912193175014966,"CIÊNCIA-occurances":3,"CIÊNCIA-percentage":0.029934144881261227,"POLÍTICA-occurances":3,"POLÍTICA-percentage":0.029934144881261227,"FITNESS-occurances":2,"FITNESS-percentage":0.019956096587507483,"ALIMENTAÇÃO E SAÚDE-occurances":1,"ALIMENTAÇÃO E SAÚDE-percentage":0.009978048293753742,"INTERNACIONAL-occurances":1,"INTERNACIONAL-percentage":0.009978048293753742,"HUMOR-occurances":0,"HUMOR-percentage":0,"NATUREZA-occurances":0,"NATUREZA-percentage":0}