{"totalHistoryAmount":7011,"TECNOLOGIA-occurances":1771,"TECNOLOGIA-percentage":25.260305234631293,"NOTÍCIAS-occurances":508,"NOTÍCIAS-percentage":7.245756668092997,"FACEBOOK-occurances":473,"FACEBOOK-percentage":6.746541149622023,"DECORAÇÃO-occurances":352,"DECORAÇÃO-percentage":5.020681785765226,"MODA-occurances":278,"MODA-percentage":3.965197546712309,"ESPORTE-occurances":199,"ESPORTE-percentage":2.8383968050206816,"YOUTUBE-occurances":175,"YOUTUBE-percentage":2.496077592354871,"POP/ARTE-occurances":123,"POP/ARTE-percentage":1.7543859649122806,"SÉRIES E FILMES-occurances":110,"SÉRIES E FILMES-percentage":1.5689630580516332,"TV E CELEBRIDADES-occurances":60,"TV E CELEBRIDADES-percentage":0.8557980316645272,"ESOTERISMO-occurances":58,"ESOTERISMO-percentage":0.827271430609043,"ALIMENTAÇÃO E SAÚDE-occurances":54,"ALIMENTAÇÃO E SAÚDE-percentage":0.7702182284980744,"LINKEDIN-occurances":41,"LINKEDIN-percentage":0.5847953216374269,"EDUCAÇÃO-occurances":35,"EDUCAÇÃO-percentage":0.4992155184709742,"JOGOS-occurances":35,"JOGOS-percentage":0.4992155184709742,"SEXO-occurances":34,"SEXO-percentage":0.48495221794323207,"VIAGENS-occurances":33,"VIAGENS-percentage":0.47068891741548996,"CARROS-occurances":28,"CARROS-percentage":0.39937241477677937,"CIÊNCIA-occurances":21,"CIÊNCIA-percentage":0.2995293110825845,"INTERNACIONAL-occurances":20,"INTERNACIONAL-percentage":0.2852660105548424,"HUMOR-occurances":19,"HUMOR-percentage":0.27100271002710025,"ECONOMIA-occurances":12,"ECONOMIA-percentage":0.17115960633290545,"POLÍTICA-occurances":10,"POLÍTICA-percentage":0.1426330052774212,"NATUREZA-occurances":8,"NATUREZA-percentage":0.11410640422193695,"FITNESS-occurances":5,"FITNESS-percentage":0.0713165026387106,"TWITTER-occurances":5,"TWITTER-percentage":0.0713165026387106,"INSTAGRAM-occurances":4,"INSTAGRAM-percentage":0.057053202110968475}