{"totalHistoryAmount":6383,"TECNOLOGIA-occurances":1559,"TECNOLOGIA-percentage":24.42425191916027,"FACEBOOK-occurances":668,"FACEBOOK-percentage":10.46529844900517,"NOTÍCIAS-occurances":371,"NOTÍCIAS-percentage":5.81231395895347,"DECORAÇÃO-occurances":353,"DECORAÇÃO-percentage":5.530314898950337,"MODA-occurances":245,"MODA-percentage":3.8383205389315367,"ESPORTE-occurances":213,"ESPORTE-percentage":3.336988876703744,"ESOTERISMO-occurances":153,"ESOTERISMO-percentage":2.3969920100266333,"LINKEDIN-occurances":136,"LINKEDIN-percentage":2.1306595644681185,"POP/ARTE-occurances":108,"POP/ARTE-percentage":1.6919943600187999,"TV E CELEBRIDADES-occurances":98,"TV E CELEBRIDADES-percentage":1.5353282155726147,"YOUTUBE-occurances":85,"YOUTUBE-percentage":1.331662227792574,"SÉRIES E FILMES-occurances":74,"SÉRIES E FILMES-percentage":1.1593294689017704,"POLÍTICA-occurances":53,"POLÍTICA-percentage":0.8303305655647815,"ALIMENTAÇÃO E SAÚDE-occurances":52,"ALIMENTAÇÃO E SAÚDE-percentage":0.814663951120163,"CARROS-occurances":39,"CARROS-percentage":0.6109979633401222,"EDUCAÇÃO-occurances":29,"EDUCAÇÃO-percentage":0.45433181889393703,"CIÊNCIA-occurances":24,"CIÊNCIA-percentage":0.37599874667084443,"ECONOMIA-occurances":24,"ECONOMIA-percentage":0.37599874667084443,"NATUREZA-occurances":18,"NATUREZA-percentage":0.28199906000313335,"SEXO-occurances":18,"SEXO-percentage":0.28199906000313335,"JOGOS-occurances":17,"JOGOS-percentage":0.2663324455585148,"HUMOR-occurances":15,"HUMOR-percentage":0.23499921666927778,"INTERNACIONAL-occurances":13,"INTERNACIONAL-percentage":0.20366598778004075,"TWITTER-occurances":9,"TWITTER-percentage":0.14099953000156668,"INSTAGRAM-occurances":8,"INSTAGRAM-percentage":0.12533291555694814,"FITNESS-occurances":7,"FITNESS-percentage":0.10966630111232963,"VIAGENS-occurances":4,"VIAGENS-percentage":0.06266645777847407}