{"totalHistoryAmount":6530,"TECNOLOGIA-occurances":1819,"TECNOLOGIA-percentage":27.85604900459418,"NOTÍCIAS-occurances":433,"NOTÍCIAS-percentage":6.63093415007657,"YOUTUBE-occurances":386,"YOUTUBE-percentage":5.911179173047473,"DECORAÇÃO-occurances":366,"DECORAÇÃO-percentage":5.6049004594180705,"SÉRIES E FILMES-occurances":244,"SÉRIES E FILMES-percentage":3.7366003062787136,"FACEBOOK-occurances":212,"FACEBOOK-percentage":3.246554364471669,"ESPORTE-occurances":132,"ESPORTE-percentage":2.021439509954058,"POP/ARTE-occurances":117,"POP/ARTE-percentage":1.7917304747320062,"MODA-occurances":66,"MODA-percentage":1.010719754977029,"TV E CELEBRIDADES-occurances":62,"TV E CELEBRIDADES-percentage":0.9494640122511485,"ALIMENTAÇÃO E SAÚDE-occurances":57,"ALIMENTAÇÃO E SAÚDE-percentage":0.8728943338437979,"CARROS-occurances":56,"CARROS-percentage":0.8575803981623277,"JOGOS-occurances":36,"JOGOS-percentage":0.5513016845329249,"VIAGENS-occurances":36,"VIAGENS-percentage":0.5513016845329249,"SEXO-occurances":29,"SEXO-percentage":0.444104134762634,"EDUCAÇÃO-occurances":24,"EDUCAÇÃO-percentage":0.3675344563552833,"INTERNACIONAL-occurances":19,"INTERNACIONAL-percentage":0.29096477794793263,"CIÊNCIA-occurances":12,"CIÊNCIA-percentage":0.18376722817764166,"HUMOR-occurances":11,"HUMOR-percentage":0.16845329249617153,"LINKEDIN-occurances":10,"LINKEDIN-percentage":0.15313935681470137,"ECONOMIA-occurances":8,"ECONOMIA-percentage":0.1225114854517611,"FITNESS-occurances":8,"FITNESS-percentage":0.1225114854517611,"ESOTERISMO-occurances":7,"ESOTERISMO-percentage":0.10719754977029096,"NATUREZA-occurances":5,"NATUREZA-percentage":0.07656967840735068,"INSTAGRAM-occurances":3,"INSTAGRAM-percentage":0.045941807044410414,"TWITTER-occurances":3,"TWITTER-percentage":0.045941807044410414,"POLÍTICA-occurances":1,"POLÍTICA-percentage":0.015313935681470138}