{"totalHistoryAmount":2741,"TECNOLOGIA-occurances":1062,"TECNOLOGIA-percentage":38.74498358263408,"DECORAÇÃO-occurances":380,"DECORAÇÃO-percentage":13.863553447646844,"FACEBOOK-occurances":95,"FACEBOOK-percentage":3.465888361911711,"ESPORTE-occurances":64,"ESPORTE-percentage":2.334914264866837,"POP/ARTE-occurances":36,"POP/ARTE-percentage":1.3133892739875959,"NOTÍCIAS-occurances":35,"NOTÍCIAS-percentage":1.2769062385990515,"ALIMENTAÇÃO E SAÚDE-occurances":32,"ALIMENTAÇÃO E SAÚDE-percentage":1.1674571324334184,"SÉRIES E FILMES-occurances":31,"SÉRIES E FILMES-percentage":1.130974097044874,"MODA-occurances":25,"MODA-percentage":0.9120758847136081,"YOUTUBE-occurances":21,"YOUTUBE-percentage":0.7661437431594309,"ECONOMIA-occurances":10,"ECONOMIA-percentage":0.36483035388544327,"FITNESS-occurances":10,"FITNESS-percentage":0.36483035388544327,"JOGOS-occurances":10,"JOGOS-percentage":0.36483035388544327,"INSTAGRAM-occurances":8,"INSTAGRAM-percentage":0.2918642831083546,"VIAGENS-occurances":6,"VIAGENS-percentage":0.21889821233126597,"CARROS-occurances":5,"CARROS-percentage":0.18241517694272164,"EDUCAÇÃO-occurances":5,"EDUCAÇÃO-percentage":0.18241517694272164,"INTERNACIONAL-occurances":5,"INTERNACIONAL-percentage":0.18241517694272164,"ESOTERISMO-occurances":4,"ESOTERISMO-percentage":0.1459321415541773,"NATUREZA-occurances":4,"NATUREZA-percentage":0.1459321415541773,"TV E CELEBRIDADES-occurances":4,"TV E CELEBRIDADES-percentage":0.1459321415541773,"HUMOR-occurances":3,"HUMOR-percentage":0.10944910616563298,"SEXO-occurances":3,"SEXO-percentage":0.10944910616563298,"CIÊNCIA-occurances":1,"CIÊNCIA-percentage":0.036483035388544326,"POLÍTICA-occurances":1,"POLÍTICA-percentage":0.036483035388544326,"TWITTER-occurances":1,"TWITTER-percentage":0.036483035388544326,"LINKEDIN-occurances":0,"LINKEDIN-percentage":0}