{"totalHistoryAmount":3007,"TECNOLOGIA-occurances":1093,"TECNOLOGIA-percentage":36.348520119720654,"DECORAÇÃO-occurances":404,"DECORAÇÃO-percentage":13.435317592284669,"FACEBOOK-occurances":146,"FACEBOOK-percentage":4.855337545726638,"ESPORTE-occurances":91,"ESPORTE-percentage":3.026272031925507,"POP/ARTE-occurances":41,"POP/ARTE-percentage":1.3634852011972065,"NOTÍCIAS-occurances":33,"NOTÍCIAS-percentage":1.0974393082806784,"SÉRIES E FILMES-occurances":32,"SÉRIES E FILMES-percentage":1.0641835716661123,"ALIMENTAÇÃO E SAÚDE-occurances":31,"ALIMENTAÇÃO E SAÚDE-percentage":1.0309278350515463,"MODA-occurances":25,"MODA-percentage":0.8313934153641503,"JOGOS-occurances":21,"JOGOS-percentage":0.6983704689058863,"YOUTUBE-occurances":18,"YOUTUBE-percentage":0.5986032590621883,"TWITTER-occurances":16,"TWITTER-percentage":0.5320917858330562,"FITNESS-occurances":11,"FITNESS-percentage":0.36581310276022616,"ECONOMIA-occurances":10,"ECONOMIA-percentage":0.3325573661456601,"CARROS-occurances":8,"CARROS-percentage":0.2660458929165281,"INSTAGRAM-occurances":8,"INSTAGRAM-percentage":0.2660458929165281,"VIAGENS-occurances":8,"VIAGENS-percentage":0.2660458929165281,"INTERNACIONAL-occurances":6,"INTERNACIONAL-percentage":0.19953441968739608,"EDUCAÇÃO-occurances":5,"EDUCAÇÃO-percentage":0.16627868307283006,"ESOTERISMO-occurances":4,"ESOTERISMO-percentage":0.13302294645826404,"NATUREZA-occurances":4,"NATUREZA-percentage":0.13302294645826404,"SEXO-occurances":4,"SEXO-percentage":0.13302294645826404,"TV E CELEBRIDADES-occurances":4,"TV E CELEBRIDADES-percentage":0.13302294645826404,"HUMOR-occurances":3,"HUMOR-percentage":0.09976720984369804,"CIÊNCIA-occurances":2,"CIÊNCIA-percentage":0.06651147322913202,"POLÍTICA-occurances":1,"POLÍTICA-percentage":0.03325573661456601,"LINKEDIN-occurances":0,"LINKEDIN-percentage":0}