{"totalHistoryAmount":6608,"TECNOLOGIA-occurances":1631,"TECNOLOGIA-percentage":24.68220338983051,"FACEBOOK-occurances":601,"FACEBOOK-percentage":9.095036319612591,"NOTÍCIAS-occurances":421,"NOTÍCIAS-percentage":6.371065375302663,"DECORAÇÃO-occurances":348,"DECORAÇÃO-percentage":5.266343825665859,"MODA-occurances":268,"MODA-percentage":4.0556900726392255,"ESPORTE-occurances":228,"ESPORTE-percentage":3.450363196125908,"LINKEDIN-occurances":128,"LINKEDIN-percentage":1.937046004842615,"POP/ARTE-occurances":117,"POP/ARTE-percentage":1.7705811138014529,"ESOTERISMO-occurances":116,"ESOTERISMO-percentage":1.7554479418886197,"YOUTUBE-occurances":83,"YOUTUBE-percentage":1.2560532687651331,"TV E CELEBRIDADES-occurances":82,"TV E CELEBRIDADES-percentage":1.2409200968523002,"SÉRIES E FILMES-occurances":68,"SÉRIES E FILMES-percentage":1.0290556900726393,"ALIMENTAÇÃO E SAÚDE-occurances":61,"ALIMENTAÇÃO E SAÚDE-percentage":0.9231234866828087,"POLÍTICA-occurances":44,"POLÍTICA-percentage":0.6658595641646489,"EDUCAÇÃO-occurances":38,"EDUCAÇÃO-percentage":0.5750605326876513,"CARROS-occurances":33,"CARROS-percentage":0.4993946731234867,"VIAGENS-occurances":28,"VIAGENS-percentage":0.423728813559322,"ECONOMIA-occurances":22,"ECONOMIA-percentage":0.33292978208232443,"CIÊNCIA-occurances":20,"CIÊNCIA-percentage":0.3026634382566586,"SEXO-occurances":19,"SEXO-percentage":0.28753026634382567,"HUMOR-occurances":16,"HUMOR-percentage":0.24213075060532688,"INTERNACIONAL-occurances":14,"INTERNACIONAL-percentage":0.211864406779661,"JOGOS-occurances":9,"JOGOS-percentage":0.13619854721549637,"TWITTER-occurances":9,"TWITTER-percentage":0.13619854721549637,"NATUREZA-occurances":7,"NATUREZA-percentage":0.1059322033898305,"INSTAGRAM-occurances":6,"INSTAGRAM-percentage":0.09079903147699758,"FITNESS-occurances":4,"FITNESS-percentage":0.06053268765133172}