{"totalHistoryAmount":6632,"TECNOLOGIA-occurances":1907,"TECNOLOGIA-percentage":28.754523522316042,"NOTÍCIAS-occurances":455,"NOTÍCIAS-percentage":6.860675512665862,"DECORAÇÃO-occurances":352,"DECORAÇÃO-percentage":5.307599517490953,"FACEBOOK-occurances":283,"FACEBOOK-percentage":4.267189384800965,"YOUTUBE-occurances":232,"YOUTUBE-percentage":3.4981905910735827,"SÉRIES E FILMES-occurances":196,"SÉRIES E FILMES-percentage":2.9553679131483714,"ESPORTE-occurances":141,"ESPORTE-percentage":2.12605548854041,"POP/ARTE-occurances":133,"POP/ARTE-percentage":2.005428226779252,"MODA-occurances":79,"MODA-percentage":1.1911942098914354,"ALIMENTAÇÃO E SAÚDE-occurances":70,"ALIMENTAÇÃO E SAÚDE-percentage":1.0554885404101326,"TV E CELEBRIDADES-occurances":60,"TV E CELEBRIDADES-percentage":0.9047044632086851,"CARROS-occurances":56,"CARROS-percentage":0.8443908323281062,"JOGOS-occurances":36,"JOGOS-percentage":0.5428226779252111,"VIAGENS-occurances":36,"VIAGENS-percentage":0.5428226779252111,"SEXO-occurances":33,"SEXO-percentage":0.49758745476477684,"EDUCAÇÃO-occurances":25,"EDUCAÇÃO-percentage":0.3769601930036188,"CIÊNCIA-occurances":16,"CIÊNCIA-percentage":0.24125452352231605,"INTERNACIONAL-occurances":16,"INTERNACIONAL-percentage":0.24125452352231605,"HUMOR-occurances":11,"HUMOR-percentage":0.16586248492159228,"ECONOMIA-occurances":10,"ECONOMIA-percentage":0.15078407720144751,"LINKEDIN-occurances":10,"LINKEDIN-percentage":0.15078407720144751,"NATUREZA-occurances":8,"NATUREZA-percentage":0.12062726176115803,"FITNESS-occurances":7,"FITNESS-percentage":0.10554885404101327,"ESOTERISMO-occurances":6,"ESOTERISMO-percentage":0.09047044632086852,"INSTAGRAM-occurances":3,"INSTAGRAM-percentage":0.04523522316043426,"TWITTER-occurances":3,"TWITTER-percentage":0.04523522316043426,"POLÍTICA-occurances":2,"POLÍTICA-percentage":0.030156815440289506}