{"totalHistoryAmount":1542,"TECNOLOGIA-occurances":631,"TECNOLOGIA-percentage":40.920881971465626,"NOTÍCIAS-occurances":255,"NOTÍCIAS-percentage":16.53696498054475,"ESPORTE-occurances":86,"ESPORTE-percentage":5.577172503242542,"FACEBOOK-occurances":64,"FACEBOOK-percentage":4.150453955901427,"POLÍTICA-occurances":23,"POLÍTICA-percentage":1.4915693904020753,"YOUTUBE-occurances":20,"YOUTUBE-percentage":1.297016861219196,"EDUCAÇÃO-occurances":16,"EDUCAÇÃO-percentage":1.0376134889753568,"POP/ARTE-occurances":16,"POP/ARTE-percentage":1.0376134889753568,"JOGOS-occurances":14,"JOGOS-percentage":0.9079118028534371,"MODA-occurances":14,"MODA-percentage":0.9079118028534371,"SÉRIES E FILMES-occurances":12,"SÉRIES E FILMES-percentage":0.7782101167315175,"TWITTER-occurances":11,"TWITTER-percentage":0.7133592736705577,"LINKEDIN-occurances":8,"LINKEDIN-percentage":0.5188067444876784,"VIAGENS-occurances":5,"VIAGENS-percentage":0.324254215304799,"DECORAÇÃO-occurances":4,"DECORAÇÃO-percentage":0.2594033722438392,"ESOTERISMO-occurances":3,"ESOTERISMO-percentage":0.19455252918287938,"INSTAGRAM-occurances":3,"INSTAGRAM-percentage":0.19455252918287938,"SEXO-occurances":2,"SEXO-percentage":0.1297016861219196,"TV E CELEBRIDADES-occurances":2,"TV E CELEBRIDADES-percentage":0.1297016861219196,"ALIMENTAÇÃO E SAÚDE-occurances":1,"ALIMENTAÇÃO E SAÚDE-percentage":0.0648508430609598,"CARROS-occurances":1,"CARROS-percentage":0.0648508430609598,"CIÊNCIA-occurances":1,"CIÊNCIA-percentage":0.0648508430609598,"FITNESS-occurances":1,"FITNESS-percentage":0.0648508430609598,"ECONOMIA-occurances":0,"ECONOMIA-percentage":0,"HUMOR-occurances":0,"HUMOR-percentage":0,"INTERNACIONAL-occurances":0,"INTERNACIONAL-percentage":0,"NATUREZA-occurances":0,"NATUREZA-percentage":0}