{"totalHistoryAmount":2075,"TECNOLOGIA-occurances":868,"TECNOLOGIA-percentage":41.83132530120482,"NOTÍCIAS-occurances":256,"NOTÍCIAS-percentage":12.337349397590362,"YOUTUBE-occurances":99,"YOUTUBE-percentage":4.771084337349397,"ESPORTE-occurances":96,"ESPORTE-percentage":4.626506024096385,"FACEBOOK-occurances":69,"FACEBOOK-percentage":3.325301204819277,"JOGOS-occurances":30,"JOGOS-percentage":1.4457831325301205,"SEXO-occurances":25,"SEXO-percentage":1.2048192771084338,"POLÍTICA-occurances":23,"POLÍTICA-percentage":1.108433734939759,"SÉRIES E FILMES-occurances":19,"SÉRIES E FILMES-percentage":0.9156626506024096,"POP/ARTE-occurances":18,"POP/ARTE-percentage":0.8674698795180723,"EDUCAÇÃO-occurances":16,"EDUCAÇÃO-percentage":0.7710843373493976,"INTERNACIONAL-occurances":16,"INTERNACIONAL-percentage":0.7710843373493976,"MODA-occurances":15,"MODA-percentage":0.7228915662650602,"TWITTER-occurances":11,"TWITTER-percentage":0.5301204819277109,"INSTAGRAM-occurances":9,"INSTAGRAM-percentage":0.43373493975903615,"LINKEDIN-occurances":8,"LINKEDIN-percentage":0.3855421686746988,"ALIMENTAÇÃO E SAÚDE-occurances":6,"ALIMENTAÇÃO E SAÚDE-percentage":0.2891566265060241,"DECORAÇÃO-occurances":5,"DECORAÇÃO-percentage":0.24096385542168675,"VIAGENS-occurances":5,"VIAGENS-percentage":0.24096385542168675,"TV E CELEBRIDADES-occurances":4,"TV E CELEBRIDADES-percentage":0.1927710843373494,"CARROS-occurances":3,"CARROS-percentage":0.14457831325301204,"ESOTERISMO-occurances":3,"ESOTERISMO-percentage":0.14457831325301204,"CIÊNCIA-occurances":1,"CIÊNCIA-percentage":0.04819277108433735,"ECONOMIA-occurances":1,"ECONOMIA-percentage":0.04819277108433735,"FITNESS-occurances":1,"FITNESS-percentage":0.04819277108433735,"HUMOR-occurances":0,"HUMOR-percentage":0,"NATUREZA-occurances":0,"NATUREZA-percentage":0}