{"totalHistoryAmount":3871,"TECNOLOGIA-occurances":1982,"TECNOLOGIA-percentage":51.20123998966675,"YOUTUBE-occurances":294,"YOUTUBE-percentage":7.594936708860759,"FACEBOOK-occurances":203,"FACEBOOK-percentage":5.244122965641953,"ESPORTE-occurances":182,"ESPORTE-percentage":4.701627486437613,"POP/ARTE-occurances":50,"POP/ARTE-percentage":1.2916559028674761,"DECORAÇÃO-occurances":40,"DECORAÇÃO-percentage":1.033324722293981,"ECONOMIA-occurances":36,"ECONOMIA-percentage":0.9299922500645827,"MODA-occurances":26,"MODA-percentage":0.6716610694910876,"NOTÍCIAS-occurances":26,"NOTÍCIAS-percentage":0.6716610694910876,"INSTAGRAM-occurances":23,"INSTAGRAM-percentage":0.594161715319039,"POLÍTICA-occurances":23,"POLÍTICA-percentage":0.594161715319039,"TV E CELEBRIDADES-occurances":21,"TV E CELEBRIDADES-percentage":0.5424954792043399,"FITNESS-occurances":20,"FITNESS-percentage":0.5166623611469905,"ESOTERISMO-occurances":16,"ESOTERISMO-percentage":0.41332988891759237,"EDUCAÇÃO-occurances":13,"EDUCAÇÃO-percentage":0.3358305347455438,"VIAGENS-occurances":12,"VIAGENS-percentage":0.30999741668819425,"JOGOS-occurances":11,"JOGOS-percentage":0.28416429863084475,"INTERNACIONAL-occurances":10,"INTERNACIONAL-percentage":0.25833118057349524,"CARROS-occurances":7,"CARROS-percentage":0.18083182640144665,"HUMOR-occurances":6,"HUMOR-percentage":0.15499870834409712,"LINKEDIN-occurances":6,"LINKEDIN-percentage":0.15499870834409712,"SÉRIES E FILMES-occurances":5,"SÉRIES E FILMES-percentage":0.12916559028674762,"SEXO-occurances":5,"SEXO-percentage":0.12916559028674762,"TWITTER-occurances":3,"TWITTER-percentage":0.07749935417204856,"ALIMENTAÇÃO E SAÚDE-occurances":0,"ALIMENTAÇÃO E SAÚDE-percentage":0,"CIÊNCIA-occurances":0,"CIÊNCIA-percentage":0,"NATUREZA-occurances":0,"NATUREZA-percentage":0}