{"totalHistoryAmount":10299,"TECNOLOGIA-occurances":4813,"TECNOLOGIA-percentage":46.73269249441693,"ESPORTE-occurances":1783,"ESPORTE-percentage":17.31236042334207,"FACEBOOK-occurances":1164,"FACEBOOK-percentage":11.302068161957472,"SEXO-occurances":679,"SEXO-percentage":6.592873094475192,"INSTAGRAM-occurances":181,"INSTAGRAM-percentage":1.7574521798232838,"CARROS-occurances":161,"CARROS-percentage":1.5632585687930867,"YOUTUBE-occurances":79,"YOUTUBE-percentage":0.7670647635692786,"DECORAÇÃO-occurances":63,"DECORAÇÃO-percentage":0.6117098747451208,"NOTÍCIAS-occurances":53,"NOTÍCIAS-percentage":0.5146130692300224,"EDUCAÇÃO-occurances":48,"EDUCAÇÃO-percentage":0.4660646664724731,"POP/ARTE-occurances":41,"POP/ARTE-percentage":0.39809690261190406,"ESOTERISMO-occurances":36,"ESOTERISMO-percentage":0.34954849985435477,"MODA-occurances":24,"MODA-percentage":0.23303233323623654,"LINKEDIN-occurances":21,"LINKEDIN-percentage":0.20390329158170697,"SÉRIES E FILMES-occurances":16,"SÉRIES E FILMES-percentage":0.15535488882415768,"CIÊNCIA-occurances":11,"CIÊNCIA-percentage":0.1068064860666084,"ECONOMIA-occurances":11,"ECONOMIA-percentage":0.1068064860666084,"TV E CELEBRIDADES-occurances":10,"TV E CELEBRIDADES-percentage":0.09709680551509856,"TWITTER-occurances":10,"TWITTER-percentage":0.09709680551509856,"JOGOS-occurances":7,"JOGOS-percentage":0.06796776386056899,"VIAGENS-occurances":4,"VIAGENS-percentage":0.03883872220603942,"POLÍTICA-occurances":3,"POLÍTICA-percentage":0.029129041654529567,"FITNESS-occurances":2,"FITNESS-percentage":0.01941936110301971,"ALIMENTAÇÃO E SAÚDE-occurances":1,"ALIMENTAÇÃO E SAÚDE-percentage":0.009709680551509855,"INTERNACIONAL-occurances":1,"INTERNACIONAL-percentage":0.009709680551509855,"HUMOR-occurances":0,"HUMOR-percentage":0,"NATUREZA-occurances":0,"NATUREZA-percentage":0}