{"totalHistoryAmount":5058,"TECNOLOGIA-occurances":1518,"TECNOLOGIA-percentage":30.011862396204034,"YOUTUBE-occurances":602,"YOUTUBE-percentage":11.901937524713325,"SÉRIES E FILMES-occurances":392,"SÉRIES E FILMES-percentage":7.7500988533017,"DECORAÇÃO-occurances":361,"DECORAÇÃO-percentage":7.137208382759984,"FACEBOOK-occurances":122,"FACEBOOK-percentage":2.4120205614867536,"NOTÍCIAS-occurances":87,"NOTÍCIAS-percentage":1.7200474495848161,"POP/ARTE-occurances":82,"POP/ARTE-percentage":1.6211941478845393,"CARROS-occurances":58,"CARROS-percentage":1.1466982997232107,"TV E CELEBRIDADES-occurances":43,"TV E CELEBRIDADES-percentage":0.8501383946223804,"ALIMENTAÇÃO E SAÚDE-occurances":41,"ALIMENTAÇÃO E SAÚDE-percentage":0.8105970739422697,"ESPORTE-occurances":38,"ESPORTE-percentage":0.7512850929221035,"SEXO-occurances":23,"SEXO-percentage":0.45472518782127325,"MODA-occurances":19,"MODA-percentage":0.3756425464610518,"INTERNACIONAL-occurances":13,"INTERNACIONAL-percentage":0.2570185844207197,"VIAGENS-occurances":10,"VIAGENS-percentage":0.19770660340055357,"JOGOS-occurances":8,"JOGOS-percentage":0.15816528272044286,"EDUCAÇÃO-occurances":7,"EDUCAÇÃO-percentage":0.1383946223803875,"ESOTERISMO-occurances":7,"ESOTERISMO-percentage":0.1383946223803875,"CIÊNCIA-occurances":6,"CIÊNCIA-percentage":0.11862396204033215,"FITNESS-occurances":6,"FITNESS-percentage":0.11862396204033215,"INSTAGRAM-occurances":6,"INSTAGRAM-percentage":0.11862396204033215,"LINKEDIN-occurances":6,"LINKEDIN-percentage":0.11862396204033215,"HUMOR-occurances":5,"HUMOR-percentage":0.09885330170027679,"NATUREZA-occurances":3,"NATUREZA-percentage":0.05931198102016608,"ECONOMIA-occurances":1,"ECONOMIA-percentage":0.019770660340055358,"POLÍTICA-occurances":1,"POLÍTICA-percentage":0.019770660340055358,"TWITTER-occurances":1,"TWITTER-percentage":0.019770660340055358}