{"totalHistoryAmount":3080,"TECNOLOGIA-occurances":1142,"TECNOLOGIA-percentage":37.077922077922075,"DECORAÇÃO-occurances":391,"DECORAÇÃO-percentage":12.694805194805195,"FACEBOOK-occurances":149,"FACEBOOK-percentage":4.837662337662338,"ESPORTE-occurances":109,"ESPORTE-percentage":3.538961038961039,"POP/ARTE-occurances":45,"POP/ARTE-percentage":1.4610389610389611,"ALIMENTAÇÃO E SAÚDE-occurances":34,"ALIMENTAÇÃO E SAÚDE-percentage":1.103896103896104,"NOTÍCIAS-occurances":32,"NOTÍCIAS-percentage":1.0389610389610389,"SÉRIES E FILMES-occurances":28,"SÉRIES E FILMES-percentage":0.9090909090909091,"MODA-occurances":23,"MODA-percentage":0.7467532467532467,"JOGOS-occurances":19,"JOGOS-percentage":0.6168831168831169,"YOUTUBE-occurances":17,"YOUTUBE-percentage":0.551948051948052,"TWITTER-occurances":16,"TWITTER-percentage":0.5194805194805194,"CARROS-occurances":11,"CARROS-percentage":0.35714285714285715,"ECONOMIA-occurances":10,"ECONOMIA-percentage":0.3246753246753247,"INSTAGRAM-occurances":8,"INSTAGRAM-percentage":0.2597402597402597,"VIAGENS-occurances":7,"VIAGENS-percentage":0.22727272727272727,"EDUCAÇÃO-occurances":6,"EDUCAÇÃO-percentage":0.19480519480519481,"ESOTERISMO-occurances":6,"ESOTERISMO-percentage":0.19480519480519481,"INTERNACIONAL-occurances":6,"INTERNACIONAL-percentage":0.19480519480519481,"NATUREZA-occurances":4,"NATUREZA-percentage":0.12987012987012986,"FITNESS-occurances":3,"FITNESS-percentage":0.09740259740259741,"HUMOR-occurances":3,"HUMOR-percentage":0.09740259740259741,"TV E CELEBRIDADES-occurances":3,"TV E CELEBRIDADES-percentage":0.09740259740259741,"CIÊNCIA-occurances":2,"CIÊNCIA-percentage":0.06493506493506493,"POLÍTICA-occurances":2,"POLÍTICA-percentage":0.06493506493506493,"SEXO-occurances":2,"SEXO-percentage":0.06493506493506493,"LINKEDIN-occurances":0,"LINKEDIN-percentage":0}