{"totalHistoryAmount":1812,"TECNOLOGIA-occurances":792,"TECNOLOGIA-percentage":43.70860927152318,"NOTÍCIAS-occurances":255,"NOTÍCIAS-percentage":14.072847682119205,"ESPORTE-occurances":92,"ESPORTE-percentage":5.077262693156733,"FACEBOOK-occurances":65,"FACEBOOK-percentage":3.58719646799117,"YOUTUBE-occurances":59,"YOUTUBE-percentage":3.2560706401766004,"POLÍTICA-occurances":23,"POLÍTICA-percentage":1.2693156732891833,"POP/ARTE-occurances":18,"POP/ARTE-percentage":0.9933774834437086,"EDUCAÇÃO-occurances":16,"EDUCAÇÃO-percentage":0.8830022075055187,"MODA-occurances":15,"MODA-percentage":0.8278145695364238,"JOGOS-occurances":14,"JOGOS-percentage":0.7726269315673289,"SÉRIES E FILMES-occurances":12,"SÉRIES E FILMES-percentage":0.6622516556291391,"TWITTER-occurances":11,"TWITTER-percentage":0.6070640176600441,"LINKEDIN-occurances":8,"LINKEDIN-percentage":0.44150110375275936,"ALIMENTAÇÃO E SAÚDE-occurances":6,"ALIMENTAÇÃO E SAÚDE-percentage":0.33112582781456956,"VIAGENS-occurances":5,"VIAGENS-percentage":0.27593818984547464,"DECORAÇÃO-occurances":4,"DECORAÇÃO-percentage":0.22075055187637968,"ESOTERISMO-occurances":3,"ESOTERISMO-percentage":0.16556291390728478,"INSTAGRAM-occurances":3,"INSTAGRAM-percentage":0.16556291390728478,"TV E CELEBRIDADES-occurances":3,"TV E CELEBRIDADES-percentage":0.16556291390728478,"SEXO-occurances":2,"SEXO-percentage":0.11037527593818984,"CARROS-occurances":1,"CARROS-percentage":0.05518763796909492,"CIÊNCIA-occurances":1,"CIÊNCIA-percentage":0.05518763796909492,"FITNESS-occurances":1,"FITNESS-percentage":0.05518763796909492,"ECONOMIA-occurances":0,"ECONOMIA-percentage":0,"HUMOR-occurances":0,"HUMOR-percentage":0,"INTERNACIONAL-occurances":0,"INTERNACIONAL-percentage":0,"NATUREZA-occurances":0,"NATUREZA-percentage":0}