{"totalHistoryAmount":6595,"TECNOLOGIA-occurances":1830,"TECNOLOGIA-percentage":27.748294162244125,"YOUTUBE-occurances":446,"YOUTUBE-percentage":6.762699014404852,"NOTÍCIAS-occurances":442,"NOTÍCIAS-percentage":6.702047005307051,"DECORAÇÃO-occurances":387,"DECORAÇÃO-percentage":5.868081880212282,"SÉRIES E FILMES-occurances":257,"SÉRIES E FILMES-percentage":3.8968915845337375,"FACEBOOK-occurances":181,"FACEBOOK-percentage":2.744503411675512,"ESPORTE-occurances":124,"ESPORTE-percentage":1.8802122820318423,"POP/ARTE-occurances":122,"POP/ARTE-percentage":1.8498862774829417,"TV E CELEBRIDADES-occurances":77,"TV E CELEBRIDADES-percentage":1.1675511751326764,"MODA-occurances":66,"MODA-percentage":1.0007581501137226,"CARROS-occurances":64,"CARROS-percentage":0.9704321455648218,"ALIMENTAÇÃO E SAÚDE-occurances":58,"ALIMENTAÇÃO E SAÚDE-percentage":0.8794541319181198,"JOGOS-occurances":39,"JOGOS-percentage":0.5913570887035633,"VIAGENS-occurances":37,"VIAGENS-percentage":0.5610310841546626,"SEXO-occurances":28,"SEXO-percentage":0.4245640636846095,"EDUCAÇÃO-occurances":24,"EDUCAÇÃO-percentage":0.3639120545868082,"INTERNACIONAL-occurances":19,"INTERNACIONAL-percentage":0.2880970432145565,"CIÊNCIA-occurances":11,"CIÊNCIA-percentage":0.16679302501895377,"HUMOR-occurances":10,"HUMOR-percentage":0.1516300227445034,"LINKEDIN-occurances":10,"LINKEDIN-percentage":0.1516300227445034,"ESOTERISMO-occurances":9,"ESOTERISMO-percentage":0.13646702047005307,"ECONOMIA-occurances":8,"ECONOMIA-percentage":0.12130401819560273,"FITNESS-occurances":8,"FITNESS-percentage":0.12130401819560273,"NATUREZA-occurances":5,"NATUREZA-percentage":0.0758150113722517,"TWITTER-occurances":3,"TWITTER-percentage":0.045489006823351025,"POLÍTICA-occurances":1,"POLÍTICA-percentage":0.015163002274450341,"INSTAGRAM-occurances":0,"INSTAGRAM-percentage":0}