{"totalHistoryAmount":1430,"TECNOLOGIA-occurances":533,"TECNOLOGIA-percentage":37.27272727272727,"LINKEDIN-occurances":113,"LINKEDIN-percentage":7.9020979020979025,"VIAGENS-occurances":45,"VIAGENS-percentage":3.1468531468531467,"EDUCAÇÃO-occurances":43,"EDUCAÇÃO-percentage":3.006993006993007,"FACEBOOK-occurances":20,"FACEBOOK-percentage":1.3986013986013985,"NOTÍCIAS-occurances":20,"NOTÍCIAS-percentage":1.3986013986013985,"TV E CELEBRIDADES-occurances":15,"TV E CELEBRIDADES-percentage":1.048951048951049,"TWITTER-occurances":14,"TWITTER-percentage":0.9790209790209791,"ESPORTE-occurances":13,"ESPORTE-percentage":0.9090909090909091,"CIÊNCIA-occurances":12,"CIÊNCIA-percentage":0.8391608391608392,"SEXO-occurances":12,"SEXO-percentage":0.8391608391608392,"DECORAÇÃO-occurances":11,"DECORAÇÃO-percentage":0.7692307692307693,"YOUTUBE-occurances":8,"YOUTUBE-percentage":0.5594405594405595,"ESOTERISMO-occurances":7,"ESOTERISMO-percentage":0.48951048951048953,"POP/ARTE-occurances":6,"POP/ARTE-percentage":0.4195804195804196,"INSTAGRAM-occurances":5,"INSTAGRAM-percentage":0.34965034965034963,"ECONOMIA-occurances":3,"ECONOMIA-percentage":0.2097902097902098,"CARROS-occurances":2,"CARROS-percentage":0.13986013986013987,"FITNESS-occurances":2,"FITNESS-percentage":0.13986013986013987,"JOGOS-occurances":2,"JOGOS-percentage":0.13986013986013987,"MODA-occurances":2,"MODA-percentage":0.13986013986013987,"POLÍTICA-occurances":2,"POLÍTICA-percentage":0.13986013986013987,"SÉRIES E FILMES-occurances":1,"SÉRIES E FILMES-percentage":0.06993006993006994,"ALIMENTAÇÃO E SAÚDE-occurances":0,"ALIMENTAÇÃO E SAÚDE-percentage":0,"HUMOR-occurances":0,"HUMOR-percentage":0,"INTERNACIONAL-occurances":0,"INTERNACIONAL-percentage":0,"NATUREZA-occurances":0,"NATUREZA-percentage":0}