{"totalHistoryAmount":9735,"TECNOLOGIA-occurances":4512,"TECNOLOGIA-percentage":46.348228043143294,"ESPORTE-occurances":1623,"ESPORTE-percentage":16.67180277349769,"FACEBOOK-occurances":1143,"FACEBOOK-percentage":11.741140215716486,"SEXO-occurances":697,"SEXO-percentage":7.159732922444787,"INSTAGRAM-occurances":181,"INSTAGRAM-percentage":1.8592706728299948,"CARROS-occurances":142,"CARROS-percentage":1.4586543400102723,"YOUTUBE-occurances":75,"YOUTUBE-percentage":0.7704160246533128,"DECORAÇÃO-occurances":63,"DECORAÇÃO-percentage":0.6471494607087828,"NOTÍCIAS-occurances":52,"NOTÍCIAS-percentage":0.5341551104262968,"EDUCAÇÃO-occurances":44,"EDUCAÇÃO-percentage":0.4519774011299435,"POP/ARTE-occurances":35,"POP/ARTE-percentage":0.35952747817154596,"ESOTERISMO-occurances":28,"ESOTERISMO-percentage":0.28762198253723675,"MODA-occurances":24,"MODA-percentage":0.2465331278890601,"LINKEDIN-occurances":17,"LINKEDIN-percentage":0.1746276322547509,"SÉRIES E FILMES-occurances":12,"SÉRIES E FILMES-percentage":0.12326656394453005,"CIÊNCIA-occurances":11,"CIÊNCIA-percentage":0.11299435028248588,"ECONOMIA-occurances":11,"ECONOMIA-percentage":0.11299435028248588,"TWITTER-occurances":10,"TWITTER-percentage":0.1027221366204417,"TV E CELEBRIDADES-occurances":8,"TV E CELEBRIDADES-percentage":0.08217770929635336,"JOGOS-occurances":7,"JOGOS-percentage":0.07190549563430919,"VIAGENS-occurances":4,"VIAGENS-percentage":0.04108885464817668,"FITNESS-occurances":2,"FITNESS-percentage":0.02054442732408834,"POLÍTICA-occurances":2,"POLÍTICA-percentage":0.02054442732408834,"ALIMENTAÇÃO E SAÚDE-occurances":1,"ALIMENTAÇÃO E SAÚDE-percentage":0.01027221366204417,"INTERNACIONAL-occurances":1,"INTERNACIONAL-percentage":0.01027221366204417,"HUMOR-occurances":0,"HUMOR-percentage":0,"NATUREZA-occurances":0,"NATUREZA-percentage":0}