{"totalHistoryAmount":3121,"TECNOLOGIA-occurances":1156,"TECNOLOGIA-percentage":37.03941044537007,"DECORAÇÃO-occurances":392,"DECORAÇÃO-percentage":12.56007689842999,"FACEBOOK-occurances":168,"FACEBOOK-percentage":5.382890099327139,"ESPORTE-occurances":109,"ESPORTE-percentage":3.4924703620634414,"POP/ARTE-occurances":47,"POP/ARTE-percentage":1.505927587311759,"ALIMENTAÇÃO E SAÚDE-occurances":33,"ALIMENTAÇÃO E SAÚDE-percentage":1.0573534123678308,"NOTÍCIAS-occurances":32,"NOTÍCIAS-percentage":1.0253123998718359,"SÉRIES E FILMES-occurances":28,"SÉRIES E FILMES-percentage":0.8971483498878564,"MODA-occurances":23,"MODA-percentage":0.7369432874078821,"JOGOS-occurances":19,"JOGOS-percentage":0.6087792374239026,"YOUTUBE-occurances":17,"YOUTUBE-percentage":0.5446972124319128,"TWITTER-occurances":16,"TWITTER-percentage":0.5126561999359179,"CARROS-occurances":11,"CARROS-percentage":0.3524511374559436,"INSTAGRAM-occurances":9,"INSTAGRAM-percentage":0.28836911246395386,"ECONOMIA-occurances":8,"ECONOMIA-percentage":0.25632809996795897,"VIAGENS-occurances":7,"VIAGENS-percentage":0.2242870874719641,"EDUCAÇÃO-occurances":6,"EDUCAÇÃO-percentage":0.19224607497596924,"ESOTERISMO-occurances":6,"ESOTERISMO-percentage":0.19224607497596924,"INTERNACIONAL-occurances":6,"INTERNACIONAL-percentage":0.19224607497596924,"NATUREZA-occurances":4,"NATUREZA-percentage":0.12816404998397948,"HUMOR-occurances":3,"HUMOR-percentage":0.09612303748798462,"TV E CELEBRIDADES-occurances":3,"TV E CELEBRIDADES-percentage":0.09612303748798462,"CIÊNCIA-occurances":2,"CIÊNCIA-percentage":0.06408202499198974,"FITNESS-occurances":2,"FITNESS-percentage":0.06408202499198974,"POLÍTICA-occurances":2,"POLÍTICA-percentage":0.06408202499198974,"SEXO-occurances":2,"SEXO-percentage":0.06408202499198974,"LINKEDIN-occurances":0,"LINKEDIN-percentage":0}