{"totalHistoryAmount":7342,"TECNOLOGIA-occurances":1792,"TECNOLOGIA-percentage":24.407518387360394,"FACEBOOK-occurances":572,"FACEBOOK-percentage":7.790792699536911,"NOTÍCIAS-occurances":572,"NOTÍCIAS-percentage":7.790792699536911,"DECORAÇÃO-occurances":365,"DECORAÇÃO-percentage":4.971397439389812,"MODA-occurances":279,"MODA-percentage":3.800054481067829,"ESPORTE-occurances":224,"ESPORTE-percentage":3.0509397984200493,"POP/ARTE-occurances":123,"POP/ARTE-percentage":1.6752928357395804,"YOUTUBE-occurances":117,"YOUTUBE-percentage":1.5935712339961863,"SÉRIES E FILMES-occurances":103,"SÉRIES E FILMES-percentage":1.4028874965949332,"LINKEDIN-occurances":102,"LINKEDIN-percentage":1.3892672296377009,"ESOTERISMO-occurances":83,"ESOTERISMO-percentage":1.1304821574502861,"TV E CELEBRIDADES-occurances":75,"TV E CELEBRIDADES-percentage":1.0215200217924272,"ALIMENTAÇÃO E SAÚDE-occurances":60,"ALIMENTAÇÃO E SAÚDE-percentage":0.8172160174339417,"EDUCAÇÃO-occurances":39,"EDUCAÇÃO-percentage":0.5311904113320621,"JOGOS-occurances":34,"JOGOS-percentage":0.4630890765459003,"VIAGENS-occurances":30,"VIAGENS-percentage":0.40860800871697084,"CARROS-occurances":29,"CARROS-percentage":0.3949877417597385,"SEXO-occurances":24,"SEXO-percentage":0.3268864069735767,"CIÊNCIA-occurances":23,"CIÊNCIA-percentage":0.31326614001634434,"HUMOR-occurances":23,"HUMOR-percentage":0.31326614001634434,"INTERNACIONAL-occurances":21,"INTERNACIONAL-percentage":0.2860256061018796,"ECONOMIA-occurances":15,"ECONOMIA-percentage":0.20430400435848542,"POLÍTICA-occurances":13,"POLÍTICA-percentage":0.1770634704440207,"NATUREZA-occurances":9,"NATUREZA-percentage":0.12258240261509126,"TWITTER-occurances":7,"TWITTER-percentage":0.09534186870062654,"INSTAGRAM-occurances":6,"INSTAGRAM-percentage":0.08172160174339417,"FITNESS-occurances":5,"FITNESS-percentage":0.06810133478616182}