{"totalHistoryAmount":6697,"TECNOLOGIA-occurances":1746,"TECNOLOGIA-percentage":26.07137524264596,"FACEBOOK-occurances":718,"FACEBOOK-percentage":10.721218456025086,"NOTÍCIAS-occurances":390,"NOTÍCIAS-percentage":5.823503061072122,"DECORAÇÃO-occurances":362,"DECORAÇÃO-percentage":5.405405405405405,"MODA-occurances":252,"MODA-percentage":3.7628789010004478,"ESPORTE-occurances":217,"ESPORTE-percentage":3.2402568314170526,"ESOTERISMO-occurances":168,"ESOTERISMO-percentage":2.5085859340002985,"LINKEDIN-occurances":137,"LINKEDIN-percentage":2.0456921009407196,"TV E CELEBRIDADES-occurances":108,"TV E CELEBRIDADES-percentage":1.6126623861430491,"YOUTUBE-occurances":90,"YOUTUBE-percentage":1.3438853217858742,"POP/ARTE-occurances":79,"POP/ARTE-percentage":1.1796326713453786,"SÉRIES E FILMES-occurances":67,"SÉRIES E FILMES-percentage":1.0004479617739286,"ALIMENTAÇÃO E SAÚDE-occurances":65,"ALIMENTAÇÃO E SAÚDE-percentage":0.9705838435120203,"POLÍTICA-occurances":57,"POLÍTICA-percentage":0.851127370464387,"CARROS-occurances":41,"CARROS-percentage":0.6122144243691205,"EDUCAÇÃO-occurances":32,"EDUCAÇÃO-percentage":0.47782589219053306,"JOGOS-occurances":26,"JOGOS-percentage":0.38823353740480815,"ECONOMIA-occurances":24,"ECONOMIA-percentage":0.3583694191428998,"CIÊNCIA-occurances":23,"CIÊNCIA-percentage":0.34343736001194564,"NATUREZA-occurances":18,"NATUREZA-percentage":0.26877706435717486,"INTERNACIONAL-occurances":14,"INTERNACIONAL-percentage":0.2090488278333582,"HUMOR-occurances":13,"HUMOR-percentage":0.19411676870240407,"SEXO-occurances":13,"SEXO-percentage":0.19411676870240407,"FITNESS-occurances":10,"FITNESS-percentage":0.1493205913095416,"TWITTER-occurances":10,"TWITTER-percentage":0.1493205913095416,"INSTAGRAM-occurances":8,"INSTAGRAM-percentage":0.11945647304763327,"VIAGENS-occurances":6,"VIAGENS-percentage":0.08959235478572496}