{"totalHistoryAmount":2138,"TECNOLOGIA-occurances":903,"TECNOLOGIA-percentage":42.23573433115061,"NOTÍCIAS-occurances":256,"NOTÍCIAS-percentage":11.973807296538821,"YOUTUBE-occurances":100,"YOUTUBE-percentage":4.677268475210477,"ESPORTE-occurances":99,"ESPORTE-percentage":4.630495790458372,"FACEBOOK-occurances":69,"FACEBOOK-percentage":3.227315247895229,"JOGOS-occurances":33,"JOGOS-percentage":1.5434985968194574,"POLÍTICA-occurances":27,"POLÍTICA-percentage":1.262862488306829,"SEXO-occurances":25,"SEXO-percentage":1.1693171188026192,"POP/ARTE-occurances":19,"POP/ARTE-percentage":0.8886810102899907,"SÉRIES E FILMES-occurances":19,"SÉRIES E FILMES-percentage":0.8886810102899907,"EDUCAÇÃO-occurances":16,"EDUCAÇÃO-percentage":0.7483629560336763,"INTERNACIONAL-occurances":16,"INTERNACIONAL-percentage":0.7483629560336763,"MODA-occurances":15,"MODA-percentage":0.7015902712815716,"INSTAGRAM-occurances":14,"INSTAGRAM-percentage":0.6548175865294668,"TWITTER-occurances":11,"TWITTER-percentage":0.5144995322731525,"LINKEDIN-occurances":8,"LINKEDIN-percentage":0.37418147801683815,"ALIMENTAÇÃO E SAÚDE-occurances":6,"ALIMENTAÇÃO E SAÚDE-percentage":0.2806361085126286,"DECORAÇÃO-occurances":5,"DECORAÇÃO-percentage":0.23386342376052385,"VIAGENS-occurances":5,"VIAGENS-percentage":0.23386342376052385,"TV E CELEBRIDADES-occurances":4,"TV E CELEBRIDADES-percentage":0.18709073900841908,"CARROS-occurances":3,"CARROS-percentage":0.1403180542563143,"ESOTERISMO-occurances":3,"ESOTERISMO-percentage":0.1403180542563143,"CIÊNCIA-occurances":1,"CIÊNCIA-percentage":0.04677268475210477,"ECONOMIA-occurances":1,"ECONOMIA-percentage":0.04677268475210477,"FITNESS-occurances":1,"FITNESS-percentage":0.04677268475210477,"HUMOR-occurances":0,"HUMOR-percentage":0,"NATUREZA-occurances":0,"NATUREZA-percentage":0}