{"totalHistoryAmount":2947,"TECNOLOGIA-occurances":1140,"TECNOLOGIA-percentage":38.683406854428235,"NOTÍCIAS-occurances":266,"NOTÍCIAS-percentage":9.026128266033254,"ESPORTE-occurances":187,"ESPORTE-percentage":6.345436036647438,"YOUTUBE-occurances":148,"YOUTUBE-percentage":5.02205632846963,"HUMOR-occurances":90,"HUMOR-percentage":3.0539531727180185,"FACEBOOK-occurances":85,"FACEBOOK-percentage":2.8842891075670174,"JOGOS-occurances":41,"JOGOS-percentage":1.3912453342382083,"MODA-occurances":38,"MODA-percentage":1.2894468951476077,"POP/ARTE-occurances":32,"POP/ARTE-percentage":1.0858500169664065,"POLÍTICA-occurances":31,"POLÍTICA-percentage":1.0519172039362064,"SEXO-occurances":25,"SEXO-percentage":0.848320325755005,"SÉRIES E FILMES-occurances":20,"SÉRIES E FILMES-percentage":0.6786562606040041,"EDUCAÇÃO-occurances":19,"EDUCAÇÃO-percentage":0.6447234475738038,"INTERNACIONAL-occurances":16,"INTERNACIONAL-percentage":0.5429250084832032,"INSTAGRAM-occurances":14,"INSTAGRAM-percentage":0.4750593824228028,"TWITTER-occurances":11,"TWITTER-percentage":0.3732609433322022,"TV E CELEBRIDADES-occurances":10,"TV E CELEBRIDADES-percentage":0.33932813030200204,"ESOTERISMO-occurances":8,"ESOTERISMO-percentage":0.2714625042416016,"LINKEDIN-occurances":8,"LINKEDIN-percentage":0.2714625042416016,"ALIMENTAÇÃO E SAÚDE-occurances":6,"ALIMENTAÇÃO E SAÚDE-percentage":0.20359687818120123,"CARROS-occurances":6,"CARROS-percentage":0.20359687818120123,"DECORAÇÃO-occurances":5,"DECORAÇÃO-percentage":0.16966406515100102,"VIAGENS-occurances":5,"VIAGENS-percentage":0.16966406515100102,"FITNESS-occurances":4,"FITNESS-percentage":0.1357312521208008,"CIÊNCIA-occurances":2,"CIÊNCIA-percentage":0.0678656260604004,"NATUREZA-occurances":2,"NATUREZA-percentage":0.0678656260604004,"ECONOMIA-occurances":1,"ECONOMIA-percentage":0.0339328130302002}