{"totalHistoryAmount":6570,"TECNOLOGIA-occurances":1872,"TECNOLOGIA-percentage":28.493150684931507,"YOUTUBE-occurances":446,"YOUTUBE-percentage":6.788432267884323,"NOTÍCIAS-occurances":431,"NOTÍCIAS-percentage":6.560121765601218,"DECORAÇÃO-occurances":367,"DECORAÇÃO-percentage":5.58599695585997,"SÉRIES E FILMES-occurances":260,"SÉRIES E FILMES-percentage":3.95738203957382,"FACEBOOK-occurances":192,"FACEBOOK-percentage":2.922374429223744,"POP/ARTE-occurances":128,"POP/ARTE-percentage":1.948249619482496,"ESPORTE-occurances":88,"ESPORTE-percentage":1.339421613394216,"TV E CELEBRIDADES-occurances":72,"TV E CELEBRIDADES-percentage":1.095890410958904,"MODA-occurances":65,"MODA-percentage":0.989345509893455,"CARROS-occurances":63,"CARROS-percentage":0.958904109589041,"ALIMENTAÇÃO E SAÚDE-occurances":58,"ALIMENTAÇÃO E SAÚDE-percentage":0.882800608828006,"JOGOS-occurances":39,"JOGOS-percentage":0.593607305936073,"VIAGENS-occurances":36,"VIAGENS-percentage":0.547945205479452,"SEXO-occurances":28,"SEXO-percentage":0.426179604261796,"EDUCAÇÃO-occurances":24,"EDUCAÇÃO-percentage":0.365296803652968,"INTERNACIONAL-occurances":19,"INTERNACIONAL-percentage":0.289193302891933,"CIÊNCIA-occurances":11,"CIÊNCIA-percentage":0.167427701674277,"HUMOR-occurances":10,"HUMOR-percentage":0.15220700152207,"LINKEDIN-occurances":10,"LINKEDIN-percentage":0.15220700152207,"ESOTERISMO-occurances":9,"ESOTERISMO-percentage":0.136986301369863,"ECONOMIA-occurances":8,"ECONOMIA-percentage":0.121765601217656,"FITNESS-occurances":7,"FITNESS-percentage":0.106544901065449,"NATUREZA-occurances":4,"NATUREZA-percentage":0.060882800608828,"POLÍTICA-occurances":1,"POLÍTICA-percentage":0.015220700152207,"TWITTER-occurances":1,"TWITTER-percentage":0.015220700152207,"INSTAGRAM-occurances":0,"INSTAGRAM-percentage":0}