{"totalHistoryAmount":3120,"TECNOLOGIA-occurances":1142,"TECNOLOGIA-percentage":36.6025641025641,"DECORAÇÃO-occurances":422,"DECORAÇÃO-percentage":13.525641025641026,"FACEBOOK-occurances":153,"FACEBOOK-percentage":4.903846153846154,"ESPORTE-occurances":115,"ESPORTE-percentage":3.6858974358974357,"POP/ARTE-occurances":43,"POP/ARTE-percentage":1.3782051282051282,"ALIMENTAÇÃO E SAÚDE-occurances":35,"ALIMENTAÇÃO E SAÚDE-percentage":1.1217948717948718,"NOTÍCIAS-occurances":34,"NOTÍCIAS-percentage":1.0897435897435896,"SÉRIES E FILMES-occurances":32,"SÉRIES E FILMES-percentage":1.0256410256410255,"MODA-occurances":24,"MODA-percentage":0.7692307692307693,"JOGOS-occurances":21,"JOGOS-percentage":0.6730769230769231,"YOUTUBE-occurances":19,"YOUTUBE-percentage":0.6089743589743589,"TWITTER-occurances":16,"TWITTER-percentage":0.5128205128205128,"FITNESS-occurances":11,"FITNESS-percentage":0.3525641025641026,"CARROS-occurances":10,"CARROS-percentage":0.32051282051282054,"ECONOMIA-occurances":10,"ECONOMIA-percentage":0.32051282051282054,"INSTAGRAM-occurances":8,"INSTAGRAM-percentage":0.2564102564102564,"VIAGENS-occurances":7,"VIAGENS-percentage":0.22435897435897437,"INTERNACIONAL-occurances":6,"INTERNACIONAL-percentage":0.19230769230769232,"EDUCAÇÃO-occurances":5,"EDUCAÇÃO-percentage":0.16025641025641027,"ESOTERISMO-occurances":4,"ESOTERISMO-percentage":0.1282051282051282,"NATUREZA-occurances":4,"NATUREZA-percentage":0.1282051282051282,"TV E CELEBRIDADES-occurances":4,"TV E CELEBRIDADES-percentage":0.1282051282051282,"HUMOR-occurances":3,"HUMOR-percentage":0.09615384615384616,"CIÊNCIA-occurances":2,"CIÊNCIA-percentage":0.0641025641025641,"POLÍTICA-occurances":2,"POLÍTICA-percentage":0.0641025641025641,"SEXO-occurances":2,"SEXO-percentage":0.0641025641025641,"LINKEDIN-occurances":0,"LINKEDIN-percentage":0}