{"totalHistoryAmount":6908,"TECNOLOGIA-occurances":1868,"TECNOLOGIA-percentage":27.041111754487552,"NOTÍCIAS-occurances":466,"NOTÍCIAS-percentage":6.745801968731905,"FACEBOOK-occurances":373,"FACEBOOK-percentage":5.399536768963521,"DECORAÇÃO-occurances":349,"DECORAÇÃO-percentage":5.052113491603937,"MODA-occurances":271,"MODA-percentage":3.9229878401852925,"YOUTUBE-occurances":213,"YOUTUBE-percentage":3.0833815865663,"ESPORTE-occurances":171,"ESPORTE-percentage":2.4753908511870297,"SÉRIES E FILMES-occurances":156,"SÉRIES E FILMES-percentage":2.25825130283729,"POP/ARTE-occurances":125,"POP/ARTE-percentage":1.8094962362478286,"ALIMENTAÇÃO E SAÚDE-occurances":63,"ALIMENTAÇÃO E SAÚDE-percentage":0.9119861030689056,"TV E CELEBRIDADES-occurances":59,"TV E CELEBRIDADES-percentage":0.8540822235089751,"CARROS-occurances":48,"CARROS-percentage":0.6948465547191662,"JOGOS-occurances":36,"JOGOS-percentage":0.5211349160393747,"VIAGENS-occurances":36,"VIAGENS-percentage":0.5211349160393747,"SEXO-occurances":30,"SEXO-percentage":0.43427909669947884,"EDUCAÇÃO-occurances":28,"EDUCAÇÃO-percentage":0.4053271569195136,"INTERNACIONAL-occurances":21,"INTERNACIONAL-percentage":0.3039953676896352,"CIÊNCIA-occurances":19,"CIÊNCIA-percentage":0.27504342790966996,"HUMOR-occurances":16,"HUMOR-percentage":0.23161551823972207,"LINKEDIN-occurances":10,"LINKEDIN-percentage":0.1447596988998263,"ECONOMIA-occurances":9,"ECONOMIA-percentage":0.13028372900984367,"NATUREZA-occurances":8,"NATUREZA-percentage":0.11580775911986103,"ESOTERISMO-occurances":5,"ESOTERISMO-percentage":0.07237984944991314,"FITNESS-occurances":5,"FITNESS-percentage":0.07237984944991314,"INSTAGRAM-occurances":4,"INSTAGRAM-percentage":0.05790387955993052,"TWITTER-occurances":4,"TWITTER-percentage":0.05790387955993052,"POLÍTICA-occurances":3,"POLÍTICA-percentage":0.04342790966994789}