{"totalHistoryAmount":6902,"TECNOLOGIA-occurances":1863,"TECNOLOGIA-percentage":26.992176180817154,"NOTÍCIAS-occurances":466,"NOTÍCIAS-percentage":6.751666183714865,"FACEBOOK-occurances":374,"FACEBOOK-percentage":5.41871921182266,"DECORAÇÃO-occurances":348,"DECORAÇÃO-percentage":5.042016806722689,"MODA-occurances":271,"MODA-percentage":3.9263981454650825,"YOUTUBE-occurances":213,"YOUTUBE-percentage":3.0860620110113013,"ESPORTE-occurances":179,"ESPORTE-percentage":2.5934511735728774,"SÉRIES E FILMES-occurances":151,"SÉRIES E FILMES-percentage":2.187771660388293,"POP/ARTE-occurances":125,"POP/ARTE-percentage":1.8110692552883223,"ALIMENTAÇÃO E SAÚDE-occurances":62,"ALIMENTAÇÃO E SAÚDE-percentage":0.8982903506230078,"TV E CELEBRIDADES-occurances":59,"TV E CELEBRIDADES-percentage":0.8548246884960881,"CARROS-occurances":48,"CARROS-percentage":0.6954505940307157,"JOGOS-occurances":36,"JOGOS-percentage":0.5215879455230368,"VIAGENS-occurances":35,"VIAGENS-percentage":0.5070993914807302,"SEXO-occurances":30,"SEXO-percentage":0.43465662126919735,"EDUCAÇÃO-occurances":28,"EDUCAÇÃO-percentage":0.4056795131845842,"INTERNACIONAL-occurances":21,"INTERNACIONAL-percentage":0.30425963488843816,"CIÊNCIA-occurances":19,"CIÊNCIA-percentage":0.275282526803825,"HUMOR-occurances":16,"HUMOR-percentage":0.23181686467690524,"LINKEDIN-occurances":10,"LINKEDIN-percentage":0.14488554042306578,"ECONOMIA-occurances":9,"ECONOMIA-percentage":0.1303969863807592,"NATUREZA-occurances":8,"NATUREZA-percentage":0.11590843233845262,"ESOTERISMO-occurances":5,"ESOTERISMO-percentage":0.07244277021153289,"FITNESS-occurances":5,"FITNESS-percentage":0.07244277021153289,"INSTAGRAM-occurances":4,"INSTAGRAM-percentage":0.05795421616922631,"POLÍTICA-occurances":4,"POLÍTICA-percentage":0.05795421616922631,"TWITTER-occurances":4,"TWITTER-percentage":0.05795421616922631}