{"totalHistoryAmount":6692,"TECNOLOGIA-occurances":1716,"TECNOLOGIA-percentage":25.642558278541543,"FACEBOOK-occurances":719,"FACEBOOK-percentage":10.744172145845786,"NOTÍCIAS-occurances":391,"NOTÍCIAS-percentage":5.842797369994023,"DECORAÇÃO-occurances":364,"DECORAÇÃO-percentage":5.439330543933054,"MODA-occurances":252,"MODA-percentage":3.7656903765690375,"ESPORTE-occurances":222,"ESPORTE-percentage":3.317393903167962,"ESOTERISMO-occurances":168,"ESOTERISMO-percentage":2.510460251046025,"LINKEDIN-occurances":137,"LINKEDIN-percentage":2.0472205618649135,"TV E CELEBRIDADES-occurances":108,"TV E CELEBRIDADES-percentage":1.6138673042438734,"YOUTUBE-occurances":102,"YOUTUBE-percentage":1.524208009563658,"POP/ARTE-occurances":84,"POP/ARTE-percentage":1.2552301255230125,"SÉRIES E FILMES-occurances":67,"SÉRIES E FILMES-percentage":1.0011954572624029,"ALIMENTAÇÃO E SAÚDE-occurances":65,"ALIMENTAÇÃO E SAÚDE-percentage":0.9713090257023311,"POLÍTICA-occurances":57,"POLÍTICA-percentage":0.8517632994620442,"CARROS-occurances":40,"CARROS-percentage":0.5977286312014346,"EDUCAÇÃO-occurances":32,"EDUCAÇÃO-percentage":0.4781829049611476,"JOGOS-occurances":26,"JOGOS-percentage":0.38852361028093246,"CIÊNCIA-occurances":24,"CIÊNCIA-percentage":0.3586371787208607,"ECONOMIA-occurances":24,"ECONOMIA-percentage":0.3586371787208607,"NATUREZA-occurances":18,"NATUREZA-percentage":0.26897788404064554,"INTERNACIONAL-occurances":14,"INTERNACIONAL-percentage":0.20920502092050208,"HUMOR-occurances":13,"HUMOR-percentage":0.19426180514046623,"SEXO-occurances":13,"SEXO-percentage":0.19426180514046623,"FITNESS-occurances":10,"FITNESS-percentage":0.14943215780035865,"TWITTER-occurances":10,"TWITTER-percentage":0.14943215780035865,"INSTAGRAM-occurances":8,"INSTAGRAM-percentage":0.1195457262402869,"VIAGENS-occurances":6,"VIAGENS-percentage":0.08965929468021518}