{"totalHistoryAmount":7318,"TECNOLOGIA-occurances":1759,"TECNOLOGIA-percentage":24.03662202787647,"NOTÍCIAS-occurances":598,"NOTÍCIAS-percentage":8.171631593331512,"FACEBOOK-occurances":582,"FACEBOOK-percentage":7.9529926209346815,"DECORAÇÃO-occurances":398,"DECORAÇÃO-percentage":5.438644438371139,"MODA-occurances":282,"MODA-percentage":3.853511888494124,"ESPORTE-occurances":238,"ESPORTE-percentage":3.2522547144028424,"POP/ARTE-occurances":132,"POP/ARTE-percentage":1.8037715222738453,"LINKEDIN-occurances":123,"LINKEDIN-percentage":1.6807871003006285,"YOUTUBE-occurances":103,"YOUTUBE-percentage":1.4074883848045914,"ESOTERISMO-occurances":94,"ESOTERISMO-percentage":1.2845039628313748,"TV E CELEBRIDADES-occurances":90,"TV E CELEBRIDADES-percentage":1.2298442197321673,"SÉRIES E FILMES-occurances":84,"SÉRIES E FILMES-percentage":1.147854605083356,"ALIMENTAÇÃO E SAÚDE-occurances":64,"ALIMENTAÇÃO E SAÚDE-percentage":0.8745558895873189,"EDUCAÇÃO-occurances":41,"EDUCAÇÃO-percentage":0.5602623667668762,"CARROS-occurances":36,"CARROS-percentage":0.4919376878928669,"JOGOS-occurances":35,"JOGOS-percentage":0.478272752118065,"VIAGENS-occurances":31,"VIAGENS-percentage":0.4236130090188576,"POLÍTICA-occurances":28,"POLÍTICA-percentage":0.38261820169445204,"CIÊNCIA-occurances":23,"CIÊNCIA-percentage":0.31429352282044276,"INTERNACIONAL-occurances":21,"INTERNACIONAL-percentage":0.286963651270839,"HUMOR-occurances":19,"HUMOR-percentage":0.2596337797212353,"SEXO-occurances":19,"SEXO-percentage":0.2596337797212353,"ECONOMIA-occurances":16,"ECONOMIA-percentage":0.21863897239682972,"FITNESS-occurances":7,"FITNESS-percentage":0.09565455042361301,"INSTAGRAM-occurances":6,"INSTAGRAM-percentage":0.08198961464881115,"NATUREZA-occurances":6,"NATUREZA-percentage":0.08198961464881115,"TWITTER-occurances":6,"TWITTER-percentage":0.08198961464881115}