{"totalHistoryAmount":5352,"TECNOLOGIA-occurances":1494,"TECNOLOGIA-percentage":27.91479820627803,"YOUTUBE-occurances":549,"YOUTUBE-percentage":10.257847533632287,"SÉRIES E FILMES-occurances":370,"SÉRIES E FILMES-percentage":6.913303437967115,"DECORAÇÃO-occurances":279,"DECORAÇÃO-percentage":5.213004484304933,"NOTÍCIAS-occurances":239,"NOTÍCIAS-percentage":4.465620328849028,"FACEBOOK-occurances":159,"FACEBOOK-percentage":2.9708520179372195,"POP/ARTE-occurances":100,"POP/ARTE-percentage":1.8684603886397608,"TV E CELEBRIDADES-occurances":68,"TV E CELEBRIDADES-percentage":1.2705530642750373,"ESPORTE-occurances":64,"ESPORTE-percentage":1.195814648729447,"CARROS-occurances":60,"CARROS-percentage":1.1210762331838564,"ALIMENTAÇÃO E SAÚDE-occurances":43,"ALIMENTAÇÃO E SAÚDE-percentage":0.8034379671150972,"JOGOS-occurances":36,"JOGOS-percentage":0.672645739910314,"SEXO-occurances":24,"SEXO-percentage":0.4484304932735426,"MODA-occurances":19,"MODA-percentage":0.35500747384155457,"INTERNACIONAL-occurances":18,"INTERNACIONAL-percentage":0.336322869955157,"EDUCAÇÃO-occurances":12,"EDUCAÇÃO-percentage":0.2242152466367713,"VIAGENS-occurances":10,"VIAGENS-percentage":0.18684603886397608,"HUMOR-occurances":9,"HUMOR-percentage":0.1681614349775785,"CIÊNCIA-occurances":8,"CIÊNCIA-percentage":0.14947683109118087,"ESOTERISMO-occurances":6,"ESOTERISMO-percentage":0.11210762331838565,"LINKEDIN-occurances":6,"LINKEDIN-percentage":0.11210762331838565,"INSTAGRAM-occurances":5,"INSTAGRAM-percentage":0.09342301943198804,"FITNESS-occurances":4,"FITNESS-percentage":0.07473841554559044,"NATUREZA-occurances":4,"NATUREZA-percentage":0.07473841554559044,"ECONOMIA-occurances":3,"ECONOMIA-percentage":0.05605381165919283,"TWITTER-occurances":1,"TWITTER-percentage":0.01868460388639761,"POLÍTICA-occurances":0,"POLÍTICA-percentage":0}