{"totalHistoryAmount":3521,"TECNOLOGIA-occurances":1719,"TECNOLOGIA-percentage":48.82135756887248,"YOUTUBE-occurances":273,"YOUTUBE-percentage":7.753479125248509,"FACEBOOK-occurances":212,"FACEBOOK-percentage":6.021016756603237,"ESPORTE-occurances":148,"ESPORTE-percentage":4.203351320647544,"FITNESS-occurances":57,"FITNESS-percentage":1.6188582788980403,"POP/ARTE-occurances":37,"POP/ARTE-percentage":1.050837830161886,"ECONOMIA-occurances":35,"ECONOMIA-percentage":0.9940357852882704,"INSTAGRAM-occurances":33,"INSTAGRAM-percentage":0.9372337404146549,"MODA-occurances":25,"MODA-percentage":0.7100255609201931,"NOTÍCIAS-occurances":21,"NOTÍCIAS-percentage":0.5964214711729622,"TV E CELEBRIDADES-occurances":19,"TV E CELEBRIDADES-percentage":0.5396194262993468,"JOGOS-occurances":18,"JOGOS-percentage":0.511218403862539,"SÉRIES E FILMES-occurances":17,"SÉRIES E FILMES-percentage":0.48281738142573133,"POLÍTICA-occurances":15,"POLÍTICA-percentage":0.4260153365521159,"EDUCAÇÃO-occurances":13,"EDUCAÇÃO-percentage":0.3692132916785004,"VIAGENS-occurances":12,"VIAGENS-percentage":0.3408122692416927,"INTERNACIONAL-occurances":9,"INTERNACIONAL-percentage":0.2556092019312695,"CARROS-occurances":8,"CARROS-percentage":0.2272081794944618,"HUMOR-occurances":6,"HUMOR-percentage":0.17040613462084636,"DECORAÇÃO-occurances":5,"DECORAÇÃO-percentage":0.14200511218403863,"ESOTERISMO-occurances":2,"ESOTERISMO-percentage":0.05680204487361545,"CIÊNCIA-occurances":1,"CIÊNCIA-percentage":0.028401022436807723,"LINKEDIN-occurances":1,"LINKEDIN-percentage":0.028401022436807723,"NATUREZA-occurances":1,"NATUREZA-percentage":0.028401022436807723,"TWITTER-occurances":1,"TWITTER-percentage":0.028401022436807723,"ALIMENTAÇÃO E SAÚDE-occurances":0,"ALIMENTAÇÃO E SAÚDE-percentage":0,"SEXO-occurances":0,"SEXO-percentage":0}