{"totalHistoryAmount":2263,"TECNOLOGIA-occurances":1170,"TECNOLOGIA-percentage":51.70128148475475,"YOUTUBE-occurances":192,"YOUTUBE-percentage":8.484312859036677,"FACEBOOK-occurances":140,"FACEBOOK-percentage":6.18647812638091,"ESPORTE-occurances":98,"ESPORTE-percentage":4.330534688466638,"FITNESS-occurances":56,"FITNESS-percentage":2.474591250552364,"ECONOMIA-occurances":33,"ECONOMIA-percentage":1.458241272646929,"POP/ARTE-occurances":29,"POP/ARTE-percentage":1.2814847547503314,"INSTAGRAM-occurances":27,"INSTAGRAM-percentage":1.1931064958020328,"NOTÍCIAS-occurances":15,"NOTÍCIAS-percentage":0.6628369421122404,"SÉRIES E FILMES-occurances":14,"SÉRIES E FILMES-percentage":0.618647812638091,"JOGOS-occurances":13,"JOGOS-percentage":0.5744586831639417,"EDUCAÇÃO-occurances":12,"EDUCAÇÃO-percentage":0.5302695536897923,"VIAGENS-occurances":11,"VIAGENS-percentage":0.48608042421564296,"HUMOR-occurances":6,"HUMOR-percentage":0.26513477684489617,"POLÍTICA-occurances":6,"POLÍTICA-percentage":0.26513477684489617,"CARROS-occurances":5,"CARROS-percentage":0.2209456473707468,"TV E CELEBRIDADES-occurances":5,"TV E CELEBRIDADES-percentage":0.2209456473707468,"ESOTERISMO-occurances":2,"ESOTERISMO-percentage":0.08837825894829872,"CIÊNCIA-occurances":1,"CIÊNCIA-percentage":0.04418912947414936,"DECORAÇÃO-occurances":1,"DECORAÇÃO-percentage":0.04418912947414936,"LINKEDIN-occurances":1,"LINKEDIN-percentage":0.04418912947414936,"MODA-occurances":1,"MODA-percentage":0.04418912947414936,"NATUREZA-occurances":1,"NATUREZA-percentage":0.04418912947414936,"ALIMENTAÇÃO E SAÚDE-occurances":0,"ALIMENTAÇÃO E SAÚDE-percentage":0,"INTERNACIONAL-occurances":0,"INTERNACIONAL-percentage":0,"SEXO-occurances":0,"SEXO-percentage":0,"TWITTER-occurances":0,"TWITTER-percentage":0}