{"totalHistoryAmount":8821,"TECNOLOGIA-occurances":4127,"TECNOLOGIA-percentage":46.78607867588709,"ESPORTE-occurances":1427,"ESPORTE-percentage":16.177304160526017,"FACEBOOK-occurances":1067,"FACEBOOK-percentage":12.096134225144542,"SEXO-occurances":693,"SEXO-percentage":7.856252125609341,"INSTAGRAM-occurances":173,"INSTAGRAM-percentage":1.961228885613876,"CARROS-occurances":98,"CARROS-percentage":1.1109851490760685,"YOUTUBE-occurances":62,"YOUTUBE-percentage":0.7028681555379209,"DECORAÇÃO-occurances":54,"DECORAÇÃO-percentage":0.6121754903072214,"NOTÍCIAS-occurances":41,"NOTÍCIAS-percentage":0.4647999093073348,"EDUCAÇÃO-occurances":37,"EDUCAÇÃO-percentage":0.419453576691985,"MODA-occurances":24,"MODA-percentage":0.2720779956920984,"ESOTERISMO-occurances":14,"ESOTERISMO-percentage":0.15871216415372408,"CIÊNCIA-occurances":11,"CIÊNCIA-percentage":0.12470241469221177,"ECONOMIA-occurances":11,"ECONOMIA-percentage":0.12470241469221177,"LINKEDIN-occurances":11,"LINKEDIN-percentage":0.12470241469221177,"POP/ARTE-occurances":10,"POP/ARTE-percentage":0.11336583153837433,"SÉRIES E FILMES-occurances":8,"SÉRIES E FILMES-percentage":0.09069266523069947,"TV E CELEBRIDADES-occurances":3,"TV E CELEBRIDADES-percentage":0.0340097494615123,"TWITTER-occurances":3,"TWITTER-percentage":0.0340097494615123,"FITNESS-occurances":2,"FITNESS-percentage":0.022673166307674866,"VIAGENS-occurances":2,"VIAGENS-percentage":0.022673166307674866,"ALIMENTAÇÃO E SAÚDE-occurances":1,"ALIMENTAÇÃO E SAÚDE-percentage":0.011336583153837433,"INTERNACIONAL-occurances":1,"INTERNACIONAL-percentage":0.011336583153837433,"POLÍTICA-occurances":1,"POLÍTICA-percentage":0.011336583153837433,"HUMOR-occurances":0,"HUMOR-percentage":0,"JOGOS-occurances":0,"JOGOS-percentage":0,"NATUREZA-occurances":0,"NATUREZA-percentage":0}