{"totalHistoryAmount":6411,"TECNOLOGIA-occurances":1564,"TECNOLOGIA-percentage":24.395570113866793,"FACEBOOK-occurances":694,"FACEBOOK-percentage":10.82514428326314,"NOTÍCIAS-occurances":380,"NOTÍCIAS-percentage":5.927312431757916,"DECORAÇÃO-occurances":353,"DECORAÇÃO-percentage":5.506161285290906,"MODA-occurances":248,"MODA-percentage":3.8683512712525348,"ESPORTE-occurances":211,"ESPORTE-percentage":3.2912182186866326,"ESOTERISMO-occurances":160,"ESOTERISMO-percentage":2.4957104975822806,"LINKEDIN-occurances":136,"LINKEDIN-percentage":2.1213539229449383,"TV E CELEBRIDADES-occurances":99,"TV E CELEBRIDADES-percentage":1.544220870379036,"POP/ARTE-occurances":91,"POP/ARTE-percentage":1.419435345499922,"YOUTUBE-occurances":85,"YOUTUBE-percentage":1.3258462018405865,"SÉRIES E FILMES-occurances":76,"SÉRIES E FILMES-percentage":1.1854624863515832,"ALIMENTAÇÃO E SAÚDE-occurances":59,"ALIMENTAÇÃO E SAÚDE-percentage":0.920293245983466,"POLÍTICA-occurances":55,"POLÍTICA-percentage":0.8579004835439089,"CARROS-occurances":37,"CARROS-percentage":0.5771330525659023,"EDUCAÇÃO-occurances":30,"EDUCAÇÃO-percentage":0.4679457182966776,"ECONOMIA-occurances":26,"ECONOMIA-percentage":0.4055529558571206,"CIÊNCIA-occurances":24,"CIÊNCIA-percentage":0.37435657463734207,"NATUREZA-occurances":18,"NATUREZA-percentage":0.28076743097800655,"SEXO-occurances":18,"SEXO-percentage":0.28076743097800655,"JOGOS-occurances":17,"JOGOS-percentage":0.2651692403681173,"HUMOR-occurances":15,"HUMOR-percentage":0.2339728591483388,"INTERNACIONAL-occurances":13,"INTERNACIONAL-percentage":0.2027764779285603,"TWITTER-occurances":10,"TWITTER-percentage":0.15598190609889254,"FITNESS-occurances":9,"FITNESS-percentage":0.14038371548900327,"INSTAGRAM-occurances":8,"INSTAGRAM-percentage":0.12478552487911403,"VIAGENS-occurances":6,"VIAGENS-percentage":0.09358914365933552}