{"totalHistoryAmount":6530,"TECNOLOGIA-occurances":1838,"TECNOLOGIA-percentage":28.147013782542114,"NOTÍCIAS-occurances":456,"NOTÍCIAS-percentage":6.983154670750383,"DECORAÇÃO-occurances":352,"DECORAÇÃO-percentage":5.390505359877489,"YOUTUBE-occurances":281,"YOUTUBE-percentage":4.303215926493109,"FACEBOOK-occurances":252,"FACEBOOK-percentage":3.859111791730475,"SÉRIES E FILMES-occurances":214,"SÉRIES E FILMES-percentage":3.2771822358346094,"ESPORTE-occurances":134,"ESPORTE-percentage":2.0520673813169985,"POP/ARTE-occurances":130,"POP/ARTE-percentage":1.9908116385911179,"MODA-occurances":74,"MODA-percentage":1.1332312404287903,"TV E CELEBRIDADES-occurances":61,"TV E CELEBRIDADES-percentage":0.9341500765696784,"ALIMENTAÇÃO E SAÚDE-occurances":58,"ALIMENTAÇÃO E SAÚDE-percentage":0.888208269525268,"CARROS-occurances":57,"CARROS-percentage":0.8728943338437979,"JOGOS-occurances":36,"JOGOS-percentage":0.5513016845329249,"VIAGENS-occurances":36,"VIAGENS-percentage":0.5513016845329249,"SEXO-occurances":32,"SEXO-percentage":0.4900459418070444,"EDUCAÇÃO-occurances":25,"EDUCAÇÃO-percentage":0.38284839203675347,"CIÊNCIA-occurances":15,"CIÊNCIA-percentage":0.22970903522205208,"INTERNACIONAL-occurances":15,"INTERNACIONAL-percentage":0.22970903522205208,"HUMOR-occurances":11,"HUMOR-percentage":0.16845329249617153,"ECONOMIA-occurances":10,"ECONOMIA-percentage":0.15313935681470137,"LINKEDIN-occurances":10,"LINKEDIN-percentage":0.15313935681470137,"FITNESS-occurances":7,"FITNESS-percentage":0.10719754977029096,"ESOTERISMO-occurances":6,"ESOTERISMO-percentage":0.09188361408882083,"NATUREZA-occurances":5,"NATUREZA-percentage":0.07656967840735068,"INSTAGRAM-occurances":3,"INSTAGRAM-percentage":0.045941807044410414,"TWITTER-occurances":3,"TWITTER-percentage":0.045941807044410414,"POLÍTICA-occurances":1,"POLÍTICA-percentage":0.015313935681470138}