{"totalHistoryAmount":4301,"TECNOLOGIA-occurances":2201,"TECNOLOGIA-percentage":51.174145547547084,"YOUTUBE-occurances":303,"YOUTUBE-percentage":7.044873285282493,"FACEBOOK-occurances":204,"FACEBOOK-percentage":4.743083003952569,"ESPORTE-occurances":185,"ESPORTE-percentage":4.301325273192281,"POP/ARTE-occurances":65,"POP/ARTE-percentage":1.5112764473378284,"DECORAÇÃO-occurances":47,"DECORAÇÃO-percentage":1.0927691234596606,"NOTÍCIAS-occurances":40,"NOTÍCIAS-percentage":0.9300162752848175,"MODA-occurances":37,"MODA-percentage":0.8602650546384562,"ECONOMIA-occurances":36,"ECONOMIA-percentage":0.8370146477563357,"ALIMENTAÇÃO E SAÚDE-occurances":27,"ALIMENTAÇÃO E SAÚDE-percentage":0.6277609858172518,"FITNESS-occurances":26,"FITNESS-percentage":0.6045105789351314,"INSTAGRAM-occurances":26,"INSTAGRAM-percentage":0.6045105789351314,"POLÍTICA-occurances":23,"POLÍTICA-percentage":0.5347593582887701,"TV E CELEBRIDADES-occurances":23,"TV E CELEBRIDADES-percentage":0.5347593582887701,"ESOTERISMO-occurances":20,"ESOTERISMO-percentage":0.4650081376424087,"JOGOS-occurances":20,"JOGOS-percentage":0.4650081376424087,"EDUCAÇÃO-occurances":13,"EDUCAÇÃO-percentage":0.3022552894675657,"VIAGENS-occurances":12,"VIAGENS-percentage":0.27900488258544526,"INTERNACIONAL-occurances":10,"INTERNACIONAL-percentage":0.23250406882120436,"CARROS-occurances":7,"CARROS-percentage":0.16275284817484306,"HUMOR-occurances":6,"HUMOR-percentage":0.13950244129272263,"LINKEDIN-occurances":6,"LINKEDIN-percentage":0.13950244129272263,"SÉRIES E FILMES-occurances":5,"SÉRIES E FILMES-percentage":0.11625203441060218,"SEXO-occurances":5,"SEXO-percentage":0.11625203441060218,"TWITTER-occurances":3,"TWITTER-percentage":0.06975122064636131,"CIÊNCIA-occurances":0,"CIÊNCIA-percentage":0,"NATUREZA-occurances":0,"NATUREZA-percentage":0}