{"totalHistoryAmount":6708,"TECNOLOGIA-occurances":1747,"TECNOLOGIA-percentage":26.043530113297557,"FACEBOOK-occurances":718,"FACEBOOK-percentage":10.703637447823494,"NOTÍCIAS-occurances":390,"NOTÍCIAS-percentage":5.813953488372093,"DECORAÇÃO-occurances":362,"DECORAÇÃO-percentage":5.396541443053071,"MODA-occurances":252,"MODA-percentage":3.7567084078711988,"ESPORTE-occurances":217,"ESPORTE-percentage":3.234943351222421,"ESOTERISMO-occurances":168,"ESOTERISMO-percentage":2.5044722719141324,"LINKEDIN-occurances":137,"LINKEDIN-percentage":2.0423375074537864,"TV E CELEBRIDADES-occurances":108,"TV E CELEBRIDADES-percentage":1.6100178890876566,"YOUTUBE-occurances":99,"YOUTUBE-percentage":1.4758497316636852,"POP/ARTE-occurances":79,"POP/ARTE-percentage":1.1776982707215264,"SÉRIES E FILMES-occurances":67,"SÉRIES E FILMES-percentage":0.9988073941562313,"ALIMENTAÇÃO E SAÚDE-occurances":65,"ALIMENTAÇÃO E SAÚDE-percentage":0.9689922480620154,"POLÍTICA-occurances":57,"POLÍTICA-percentage":0.8497316636851521,"CARROS-occurances":41,"CARROS-percentage":0.6112104949314252,"EDUCAÇÃO-occurances":32,"EDUCAÇÃO-percentage":0.4770423375074538,"JOGOS-occurances":26,"JOGOS-percentage":0.3875968992248062,"ECONOMIA-occurances":24,"ECONOMIA-percentage":0.35778175313059035,"CIÊNCIA-occurances":23,"CIÊNCIA-percentage":0.3428741800834824,"NATUREZA-occurances":18,"NATUREZA-percentage":0.26833631484794274,"INTERNACIONAL-occurances":14,"INTERNACIONAL-percentage":0.20870602265951102,"HUMOR-occurances":13,"HUMOR-percentage":0.1937984496124031,"SEXO-occurances":13,"SEXO-percentage":0.1937984496124031,"FITNESS-occurances":10,"FITNESS-percentage":0.1490757304710793,"TWITTER-occurances":10,"TWITTER-percentage":0.1490757304710793,"INSTAGRAM-occurances":8,"INSTAGRAM-percentage":0.11926058437686345,"VIAGENS-occurances":6,"VIAGENS-percentage":0.08944543828264759}