{"totalHistoryAmount":6584,"TECNOLOGIA-occurances":1883,"TECNOLOGIA-percentage":28.5996354799514,"YOUTUBE-occurances":446,"YOUTUBE-percentage":6.773997569866343,"NOTÍCIAS-occurances":427,"NOTÍCIAS-percentage":6.485419198055893,"DECORAÇÃO-occurances":367,"DECORAÇÃO-percentage":5.57411907654921,"SÉRIES E FILMES-occurances":260,"SÉRIES E FILMES-percentage":3.948967193195626,"FACEBOOK-occurances":192,"FACEBOOK-percentage":2.9161603888213854,"POP/ARTE-occurances":129,"POP/ARTE-percentage":1.9592952612393681,"ESPORTE-occurances":82,"ESPORTE-percentage":1.2454434993924666,"TV E CELEBRIDADES-occurances":72,"TV E CELEBRIDADES-percentage":1.0935601458080195,"MODA-occurances":65,"MODA-percentage":0.9872417982989065,"CARROS-occurances":63,"CARROS-percentage":0.956865127582017,"ALIMENTAÇÃO E SAÚDE-occurances":59,"ALIMENTAÇÃO E SAÚDE-percentage":0.8961117861482382,"JOGOS-occurances":39,"JOGOS-percentage":0.5923450789793439,"VIAGENS-occurances":36,"VIAGENS-percentage":0.5467800729040098,"SEXO-occurances":28,"SEXO-percentage":0.425273390036452,"EDUCAÇÃO-occurances":24,"EDUCAÇÃO-percentage":0.3645200486026732,"INTERNACIONAL-occurances":19,"INTERNACIONAL-percentage":0.2885783718104496,"CIÊNCIA-occurances":11,"CIÊNCIA-percentage":0.16707168894289187,"HUMOR-occurances":10,"HUMOR-percentage":0.15188335358444716,"LINKEDIN-occurances":10,"LINKEDIN-percentage":0.15188335358444716,"ECONOMIA-occurances":8,"ECONOMIA-percentage":0.12150668286755771,"ESOTERISMO-occurances":7,"ESOTERISMO-percentage":0.106318347509113,"FITNESS-occurances":7,"FITNESS-percentage":0.106318347509113,"NATUREZA-occurances":4,"NATUREZA-percentage":0.060753341433778855,"POLÍTICA-occurances":1,"POLÍTICA-percentage":0.015188335358444714,"TWITTER-occurances":1,"TWITTER-percentage":0.015188335358444714,"INSTAGRAM-occurances":0,"INSTAGRAM-percentage":0}