{"totalHistoryAmount":6864,"TECNOLOGIA-occurances":1876,"TECNOLOGIA-percentage":27.33100233100233,"NOTÍCIAS-occurances":468,"NOTÍCIAS-percentage":6.818181818181818,"FACEBOOK-occurances":354,"FACEBOOK-percentage":5.1573426573426575,"DECORAÇÃO-occurances":346,"DECORAÇÃO-percentage":5.040792540792541,"MODA-occurances":270,"MODA-percentage":3.9335664335664338,"YOUTUBE-occurances":213,"YOUTUBE-percentage":3.1031468531468533,"ESPORTE-occurances":163,"ESPORTE-percentage":2.374708624708625,"SÉRIES E FILMES-occurances":156,"SÉRIES E FILMES-percentage":2.272727272727273,"POP/ARTE-occurances":124,"POP/ARTE-percentage":1.8065268065268065,"ALIMENTAÇÃO E SAÚDE-occurances":65,"ALIMENTAÇÃO E SAÚDE-percentage":0.946969696969697,"TV E CELEBRIDADES-occurances":57,"TV E CELEBRIDADES-percentage":0.8304195804195804,"CARROS-occurances":48,"CARROS-percentage":0.6993006993006993,"JOGOS-occurances":36,"JOGOS-percentage":0.5244755244755245,"VIAGENS-occurances":36,"VIAGENS-percentage":0.5244755244755245,"SEXO-occurances":31,"SEXO-percentage":0.45163170163170163,"EDUCAÇÃO-occurances":28,"EDUCAÇÃO-percentage":0.40792540792540793,"INTERNACIONAL-occurances":21,"INTERNACIONAL-percentage":0.30594405594405594,"CIÊNCIA-occurances":19,"CIÊNCIA-percentage":0.2768065268065268,"HUMOR-occurances":16,"HUMOR-percentage":0.2331002331002331,"LINKEDIN-occurances":10,"LINKEDIN-percentage":0.1456876456876457,"ECONOMIA-occurances":9,"ECONOMIA-percentage":0.13111888111888112,"NATUREZA-occurances":8,"NATUREZA-percentage":0.11655011655011654,"ESOTERISMO-occurances":5,"ESOTERISMO-percentage":0.07284382284382285,"FITNESS-occurances":5,"FITNESS-percentage":0.07284382284382285,"INSTAGRAM-occurances":4,"INSTAGRAM-percentage":0.05827505827505827,"POLÍTICA-occurances":3,"POLÍTICA-percentage":0.043706293706293704,"TWITTER-occurances":3,"TWITTER-percentage":0.043706293706293704}