{"totalHistoryAmount":9290,"TECNOLOGIA-occurances":4289,"TECNOLOGIA-percentage":46.167922497308936,"ESPORTE-occurances":1507,"ESPORTE-percentage":16.22174381054898,"FACEBOOK-occurances":1122,"FACEBOOK-percentage":12.077502691065662,"SEXO-occurances":694,"SEXO-percentage":7.470398277717976,"INSTAGRAM-occurances":174,"INSTAGRAM-percentage":1.8729817007534983,"CARROS-occurances":138,"CARROS-percentage":1.4854682454251884,"YOUTUBE-occurances":63,"YOUTUBE-percentage":0.6781485468245425,"DECORAÇÃO-occurances":61,"DECORAÇÃO-percentage":0.6566200215285253,"NOTÍCIAS-occurances":49,"NOTÍCIAS-percentage":0.527448869752422,"EDUCAÇÃO-occurances":39,"EDUCAÇÃO-percentage":0.41980624327233584,"POP/ARTE-occurances":35,"POP/ARTE-percentage":0.3767491926803014,"MODA-occurances":24,"MODA-percentage":0.25834230355220666,"LINKEDIN-occurances":17,"LINKEDIN-percentage":0.18299246501614638,"ESOTERISMO-occurances":15,"ESOTERISMO-percentage":0.16146393972012918,"SÉRIES E FILMES-occurances":12,"SÉRIES E FILMES-percentage":0.12917115177610333,"CIÊNCIA-occurances":11,"CIÊNCIA-percentage":0.11840688912809473,"ECONOMIA-occurances":11,"ECONOMIA-percentage":0.11840688912809473,"TWITTER-occurances":10,"TWITTER-percentage":0.10764262648008611,"JOGOS-occurances":7,"JOGOS-percentage":0.07534983853606028,"TV E CELEBRIDADES-occurances":6,"TV E CELEBRIDADES-percentage":0.06458557588805167,"VIAGENS-occurances":3,"VIAGENS-percentage":0.03229278794402583,"FITNESS-occurances":2,"FITNESS-percentage":0.021528525296017224,"ALIMENTAÇÃO E SAÚDE-occurances":1,"ALIMENTAÇÃO E SAÚDE-percentage":0.010764262648008612,"INTERNACIONAL-occurances":1,"INTERNACIONAL-percentage":0.010764262648008612,"POLÍTICA-occurances":1,"POLÍTICA-percentage":0.010764262648008612,"HUMOR-occurances":0,"HUMOR-percentage":0,"NATUREZA-occurances":0,"NATUREZA-percentage":0}