{"totalHistoryAmount":6361,"TECNOLOGIA-occurances":1828,"TECNOLOGIA-percentage":28.73761987108945,"YOUTUBE-occurances":468,"YOUTUBE-percentage":7.35733375255463,"NOTÍCIAS-occurances":375,"NOTÍCIAS-percentage":5.895299481213645,"DECORAÇÃO-occurances":365,"DECORAÇÃO-percentage":5.738091495047948,"SÉRIES E FILMES-occurances":301,"SÉRIES E FILMES-percentage":4.731960383587486,"FACEBOOK-occurances":172,"FACEBOOK-percentage":2.7039773620499923,"POP/ARTE-occurances":128,"POP/ARTE-percentage":2.0122622229209246,"ESPORTE-occurances":80,"ESPORTE-percentage":1.2576638893255778,"TV E CELEBRIDADES-occurances":70,"TV E CELEBRIDADES-percentage":1.1004559031598806,"MODA-occurances":65,"MODA-percentage":1.021851910077032,"CARROS-occurances":63,"CARROS-percentage":0.9904103128438925,"ALIMENTAÇÃO E SAÚDE-occurances":52,"ALIMENTAÇÃO E SAÚDE-percentage":0.8174815280616256,"JOGOS-occurances":39,"JOGOS-percentage":0.6131111460462192,"VIAGENS-occurances":34,"VIAGENS-percentage":0.5345071529633706,"SEXO-occurances":24,"SEXO-percentage":0.37729916679767334,"INTERNACIONAL-occurances":19,"INTERNACIONAL-percentage":0.29869517371482474,"EDUCAÇÃO-occurances":12,"EDUCAÇÃO-percentage":0.18864958339883667,"CIÊNCIA-occurances":11,"CIÊNCIA-percentage":0.17292878478226695,"LINKEDIN-occurances":10,"LINKEDIN-percentage":0.15720798616569723,"HUMOR-occurances":9,"HUMOR-percentage":0.1414871875491275,"ECONOMIA-occurances":7,"ECONOMIA-percentage":0.11004559031598805,"FITNESS-occurances":7,"FITNESS-percentage":0.11004559031598805,"ESOTERISMO-occurances":6,"ESOTERISMO-percentage":0.09432479169941833,"NATUREZA-occurances":4,"NATUREZA-percentage":0.0628831944662789,"POLÍTICA-occurances":1,"POLÍTICA-percentage":0.015720798616569723,"TWITTER-occurances":1,"TWITTER-percentage":0.015720798616569723,"INSTAGRAM-occurances":0,"INSTAGRAM-percentage":0}