{"totalHistoryAmount":6634,"TECNOLOGIA-occurances":1907,"TECNOLOGIA-percentage":28.745854687971057,"NOTÍCIAS-occurances":455,"NOTÍCIAS-percentage":6.858607175158276,"DECORAÇÃO-occurances":352,"DECORAÇÃO-percentage":5.3059993970455235,"FACEBOOK-occurances":283,"FACEBOOK-percentage":4.265902924329213,"YOUTUBE-occurances":232,"YOUTUBE-percentage":3.4971359662345494,"SÉRIES E FILMES-occurances":197,"SÉRIES E FILMES-percentage":2.969550798914682,"ESPORTE-occurances":141,"ESPORTE-percentage":2.1254145312028943,"POP/ARTE-occurances":133,"POP/ARTE-percentage":2.004823635815496,"MODA-occurances":79,"MODA-percentage":1.1908350919505577,"ALIMENTAÇÃO E SAÚDE-occurances":70,"ALIMENTAÇÃO E SAÚDE-percentage":1.0551703346397348,"TV E CELEBRIDADES-occurances":60,"TV E CELEBRIDADES-percentage":0.9044317154054868,"CARROS-occurances":56,"CARROS-percentage":0.8441362677117877,"JOGOS-occurances":36,"JOGOS-percentage":0.5426590292432921,"VIAGENS-occurances":36,"VIAGENS-percentage":0.5426590292432921,"SEXO-occurances":33,"SEXO-percentage":0.49743744347301777,"EDUCAÇÃO-occurances":25,"EDUCAÇÃO-percentage":0.3768465480856195,"CIÊNCIA-occurances":16,"CIÊNCIA-percentage":0.2411817907747965,"INTERNACIONAL-occurances":16,"INTERNACIONAL-percentage":0.2411817907747965,"HUMOR-occurances":11,"HUMOR-percentage":0.1658124811576726,"ECONOMIA-occurances":10,"ECONOMIA-percentage":0.1507386192342478,"LINKEDIN-occurances":10,"LINKEDIN-percentage":0.1507386192342478,"NATUREZA-occurances":8,"NATUREZA-percentage":0.12059089538739826,"FITNESS-occurances":7,"FITNESS-percentage":0.10551703346397347,"ESOTERISMO-occurances":6,"ESOTERISMO-percentage":0.09044317154054869,"INSTAGRAM-occurances":3,"INSTAGRAM-percentage":0.045221585770274346,"TWITTER-occurances":3,"TWITTER-percentage":0.045221585770274346,"POLÍTICA-occurances":2,"POLÍTICA-percentage":0.030147723846849564}