{"totalHistoryAmount":3940,"TECNOLOGIA-occurances":2014,"TECNOLOGIA-percentage":51.11675126903553,"YOUTUBE-occurances":276,"YOUTUBE-percentage":7.00507614213198,"FACEBOOK-occurances":206,"FACEBOOK-percentage":5.228426395939087,"ESPORTE-occurances":185,"ESPORTE-percentage":4.695431472081219,"FITNESS-occurances":57,"FITNESS-percentage":1.4467005076142132,"POP/ARTE-occurances":50,"POP/ARTE-percentage":1.2690355329949239,"INSTAGRAM-occurances":41,"INSTAGRAM-percentage":1.0406091370558375,"ECONOMIA-occurances":36,"ECONOMIA-percentage":0.9137055837563451,"MODA-occurances":26,"MODA-percentage":0.6598984771573604,"NOTÍCIAS-occurances":26,"NOTÍCIAS-percentage":0.6598984771573604,"POLÍTICA-occurances":23,"POLÍTICA-percentage":0.583756345177665,"TV E CELEBRIDADES-occurances":21,"TV E CELEBRIDADES-percentage":0.5329949238578681,"ESOTERISMO-occurances":17,"ESOTERISMO-percentage":0.43147208121827413,"EDUCAÇÃO-occurances":13,"EDUCAÇÃO-percentage":0.3299492385786802,"JOGOS-occurances":13,"JOGOS-percentage":0.3299492385786802,"VIAGENS-occurances":12,"VIAGENS-percentage":0.30456852791878175,"INTERNACIONAL-occurances":10,"INTERNACIONAL-percentage":0.25380710659898476,"CARROS-occurances":6,"CARROS-percentage":0.15228426395939088,"DECORAÇÃO-occurances":6,"DECORAÇÃO-percentage":0.15228426395939088,"HUMOR-occurances":6,"HUMOR-percentage":0.15228426395939088,"LINKEDIN-occurances":6,"LINKEDIN-percentage":0.15228426395939088,"SÉRIES E FILMES-occurances":5,"SÉRIES E FILMES-percentage":0.12690355329949238,"SEXO-occurances":5,"SEXO-percentage":0.12690355329949238,"TWITTER-occurances":3,"TWITTER-percentage":0.07614213197969544,"ALIMENTAÇÃO E SAÚDE-occurances":0,"ALIMENTAÇÃO E SAÚDE-percentage":0,"CIÊNCIA-occurances":0,"CIÊNCIA-percentage":0,"NATUREZA-occurances":0,"NATUREZA-percentage":0}