{"totalHistoryAmount":3391,"TECNOLOGIA-occurances":1683,"TECNOLOGIA-percentage":49.63137717487467,"YOUTUBE-occurances":269,"YOUTUBE-percentage":7.93276319669714,"ESPORTE-occurances":145,"ESPORTE-percentage":4.276024771453849,"FACEBOOK-occurances":140,"FACEBOOK-percentage":4.128575641403716,"FITNESS-occurances":57,"FITNESS-percentage":1.680920082571513,"POP/ARTE-occurances":37,"POP/ARTE-percentage":1.091123562370982,"ECONOMIA-occurances":35,"ECONOMIA-percentage":1.032143910350929,"INSTAGRAM-occurances":33,"INSTAGRAM-percentage":0.9731642583308758,"MODA-occurances":25,"MODA-percentage":0.7372456502506636,"NOTÍCIAS-occurances":21,"NOTÍCIAS-percentage":0.6192863462105573,"TV E CELEBRIDADES-occurances":19,"TV E CELEBRIDADES-percentage":0.5603066941905043,"JOGOS-occurances":18,"JOGOS-percentage":0.5308168681804777,"SÉRIES E FILMES-occurances":17,"SÉRIES E FILMES-percentage":0.5013270421704512,"POLÍTICA-occurances":15,"POLÍTICA-percentage":0.4423473901503981,"EDUCAÇÃO-occurances":13,"EDUCAÇÃO-percentage":0.383367738130345,"VIAGENS-occurances":12,"VIAGENS-percentage":0.3538779121203185,"INTERNACIONAL-occurances":9,"INTERNACIONAL-percentage":0.26540843409023884,"CARROS-occurances":7,"CARROS-percentage":0.20642878207018578,"HUMOR-occurances":6,"HUMOR-percentage":0.17693895606015925,"DECORAÇÃO-occurances":5,"DECORAÇÃO-percentage":0.14744913005013272,"ESOTERISMO-occurances":2,"ESOTERISMO-percentage":0.058979652020053085,"CIÊNCIA-occurances":1,"CIÊNCIA-percentage":0.029489826010026542,"LINKEDIN-occurances":1,"LINKEDIN-percentage":0.029489826010026542,"NATUREZA-occurances":1,"NATUREZA-percentage":0.029489826010026542,"TWITTER-occurances":1,"TWITTER-percentage":0.029489826010026542,"ALIMENTAÇÃO E SAÚDE-occurances":0,"ALIMENTAÇÃO E SAÚDE-percentage":0,"SEXO-occurances":0,"SEXO-percentage":0}