{"totalHistoryAmount":7368,"TECNOLOGIA-occurances":1771,"TECNOLOGIA-percentage":24.036373507057547,"FACEBOOK-occurances":580,"FACEBOOK-percentage":7.871878393051031,"NOTÍCIAS-occurances":572,"NOTÍCIAS-percentage":7.763300760043431,"DECORAÇÃO-occurances":369,"DECORAÇÃO-percentage":5.00814332247557,"MODA-occurances":280,"MODA-percentage":3.800217155266015,"ESPORTE-occurances":231,"ESPORTE-percentage":3.1351791530944624,"POP/ARTE-occurances":129,"POP/ARTE-percentage":1.750814332247557,"LINKEDIN-occurances":115,"LINKEDIN-percentage":1.5608034744842563,"YOUTUBE-occurances":108,"YOUTUBE-percentage":1.4657980456026058,"SÉRIES E FILMES-occurances":101,"SÉRIES E FILMES-percentage":1.3707926167209554,"ESOTERISMO-occurances":94,"ESOTERISMO-percentage":1.275787187839305,"TV E CELEBRIDADES-occurances":81,"TV E CELEBRIDADES-percentage":1.0993485342019544,"ALIMENTAÇÃO E SAÚDE-occurances":63,"ALIMENTAÇÃO E SAÚDE-percentage":0.8550488599348535,"EDUCAÇÃO-occurances":45,"EDUCAÇÃO-percentage":0.6107491856677525,"CARROS-occurances":35,"CARROS-percentage":0.4750271444082519,"JOGOS-occurances":34,"JOGOS-percentage":0.46145494028230183,"VIAGENS-occurances":30,"VIAGENS-percentage":0.40716612377850164,"CIÊNCIA-occurances":24,"CIÊNCIA-percentage":0.3257328990228013,"INTERNACIONAL-occurances":22,"INTERNACIONAL-percentage":0.2985884907709012,"HUMOR-occurances":19,"HUMOR-percentage":0.25787187839305103,"SEXO-occurances":19,"SEXO-percentage":0.25787187839305103,"POLÍTICA-occurances":17,"POLÍTICA-percentage":0.23072747014115091,"ECONOMIA-occurances":15,"ECONOMIA-percentage":0.20358306188925082,"NATUREZA-occurances":9,"NATUREZA-percentage":0.12214983713355049,"FITNESS-occurances":7,"FITNESS-percentage":0.09500542888165038,"INSTAGRAM-occurances":6,"INSTAGRAM-percentage":0.08143322475570032,"TWITTER-occurances":6,"TWITTER-percentage":0.08143322475570032}