{"totalHistoryAmount":3962,"TECNOLOGIA-occurances":2057,"TECNOLOGIA-percentage":51.91822311963655,"YOUTUBE-occurances":274,"YOUTUBE-percentage":6.9156991418475515,"FACEBOOK-occurances":212,"FACEBOOK-percentage":5.350832912670368,"ESPORTE-occurances":173,"ESPORTE-percentage":4.36648157496214,"FITNESS-occurances":57,"FITNESS-percentage":1.4386673397274103,"POP/ARTE-occurances":53,"POP/ARTE-percentage":1.337708228167592,"ECONOMIA-occurances":35,"ECONOMIA-percentage":0.8833922261484098,"INSTAGRAM-occurances":33,"INSTAGRAM-percentage":0.8329126703685008,"MODA-occurances":25,"MODA-percentage":0.6309944472488642,"NOTÍCIAS-occurances":22,"NOTÍCIAS-percentage":0.5552751135790005,"TV E CELEBRIDADES-occurances":19,"TV E CELEBRIDADES-percentage":0.4795557799091368,"JOGOS-occurances":18,"JOGOS-percentage":0.4543160020191822,"SÉRIES E FILMES-occurances":18,"SÉRIES E FILMES-percentage":0.4543160020191822,"POLÍTICA-occurances":15,"POLÍTICA-percentage":0.37859666834931854,"EDUCAÇÃO-occurances":13,"EDUCAÇÃO-percentage":0.3281171125694094,"VIAGENS-occurances":12,"VIAGENS-percentage":0.3028773346794548,"INTERNACIONAL-occurances":9,"INTERNACIONAL-percentage":0.2271580010095911,"CARROS-occurances":7,"CARROS-percentage":0.17667844522968199,"HUMOR-occurances":6,"HUMOR-percentage":0.1514386673397274,"DECORAÇÃO-occurances":5,"DECORAÇÃO-percentage":0.12619888944977284,"ESOTERISMO-occurances":5,"ESOTERISMO-percentage":0.12619888944977284,"SEXO-occurances":5,"SEXO-percentage":0.12619888944977284,"CIÊNCIA-occurances":1,"CIÊNCIA-percentage":0.02523977788995457,"LINKEDIN-occurances":1,"LINKEDIN-percentage":0.02523977788995457,"NATUREZA-occurances":1,"NATUREZA-percentage":0.02523977788995457,"TWITTER-occurances":1,"TWITTER-percentage":0.02523977788995457,"ALIMENTAÇÃO E SAÚDE-occurances":0,"ALIMENTAÇÃO E SAÚDE-percentage":0}