{"totalHistoryAmount":2736,"TECNOLOGIA-occurances":1060,"TECNOLOGIA-percentage":38.74269005847953,"DECORAÇÃO-occurances":358,"DECORAÇÃO-percentage":13.084795321637428,"FACEBOOK-occurances":101,"FACEBOOK-percentage":3.6915204678362574,"ESPORTE-occurances":64,"ESPORTE-percentage":2.3391812865497075,"POP/ARTE-occurances":37,"POP/ARTE-percentage":1.3523391812865497,"NOTÍCIAS-occurances":34,"NOTÍCIAS-percentage":1.2426900584795322,"ALIMENTAÇÃO E SAÚDE-occurances":31,"ALIMENTAÇÃO E SAÚDE-percentage":1.1330409356725146,"SÉRIES E FILMES-occurances":31,"SÉRIES E FILMES-percentage":1.1330409356725146,"MODA-occurances":25,"MODA-percentage":0.9137426900584795,"YOUTUBE-occurances":20,"YOUTUBE-percentage":0.7309941520467836,"ECONOMIA-occurances":10,"ECONOMIA-percentage":0.3654970760233918,"FITNESS-occurances":10,"FITNESS-percentage":0.3654970760233918,"JOGOS-occurances":9,"JOGOS-percentage":0.32894736842105265,"INSTAGRAM-occurances":8,"INSTAGRAM-percentage":0.29239766081871343,"INTERNACIONAL-occurances":6,"INTERNACIONAL-percentage":0.21929824561403508,"VIAGENS-occurances":6,"VIAGENS-percentage":0.21929824561403508,"CARROS-occurances":5,"CARROS-percentage":0.1827485380116959,"EDUCAÇÃO-occurances":5,"EDUCAÇÃO-percentage":0.1827485380116959,"ESOTERISMO-occurances":4,"ESOTERISMO-percentage":0.14619883040935672,"NATUREZA-occurances":4,"NATUREZA-percentage":0.14619883040935672,"SEXO-occurances":4,"SEXO-percentage":0.14619883040935672,"TV E CELEBRIDADES-occurances":4,"TV E CELEBRIDADES-percentage":0.14619883040935672,"HUMOR-occurances":3,"HUMOR-percentage":0.10964912280701754,"CIÊNCIA-occurances":1,"CIÊNCIA-percentage":0.03654970760233918,"POLÍTICA-occurances":1,"POLÍTICA-percentage":0.03654970760233918,"TWITTER-occurances":1,"TWITTER-percentage":0.03654970760233918,"LINKEDIN-occurances":0,"LINKEDIN-percentage":0}