{"totalHistoryAmount":6527,"TECNOLOGIA-occurances":1819,"TECNOLOGIA-percentage":27.868852459016395,"NOTÍCIAS-occurances":433,"NOTÍCIAS-percentage":6.633981921250191,"YOUTUBE-occurances":381,"YOUTUBE-percentage":5.8372912517236095,"DECORAÇÃO-occurances":366,"DECORAÇÃO-percentage":5.607476635514018,"SÉRIES E FILMES-occurances":245,"SÉRIES E FILMES-percentage":3.7536387314233184,"FACEBOOK-occurances":212,"FACEBOOK-percentage":3.2480465757622183,"ESPORTE-occurances":132,"ESPORTE-percentage":2.0223686226444,"POP/ARTE-occurances":117,"POP/ARTE-percentage":1.7925540064348093,"MODA-occurances":66,"MODA-percentage":1.0111843113222,"TV E CELEBRIDADES-occurances":62,"TV E CELEBRIDADES-percentage":0.9499004136663092,"ALIMENTAÇÃO E SAÚDE-occurances":57,"ALIMENTAÇÃO E SAÚDE-percentage":0.8732955415964455,"CARROS-occurances":56,"CARROS-percentage":0.8579745671824728,"JOGOS-occurances":36,"JOGOS-percentage":0.5515550789030182,"VIAGENS-occurances":36,"VIAGENS-percentage":0.5515550789030182,"SEXO-occurances":29,"SEXO-percentage":0.4443082580052091,"EDUCAÇÃO-occurances":24,"EDUCAÇÃO-percentage":0.36770338593534546,"INTERNACIONAL-occurances":19,"INTERNACIONAL-percentage":0.29109851386548186,"CIÊNCIA-occurances":12,"CIÊNCIA-percentage":0.18385169296767273,"HUMOR-occurances":11,"HUMOR-percentage":0.16853071855370003,"LINKEDIN-occurances":10,"LINKEDIN-percentage":0.1532097441397273,"ECONOMIA-occurances":8,"ECONOMIA-percentage":0.12256779531178183,"FITNESS-occurances":8,"FITNESS-percentage":0.12256779531178183,"ESOTERISMO-occurances":7,"ESOTERISMO-percentage":0.1072468208978091,"NATUREZA-occurances":5,"NATUREZA-percentage":0.07660487206986365,"INSTAGRAM-occurances":3,"INSTAGRAM-percentage":0.04596292324191818,"TWITTER-occurances":3,"TWITTER-percentage":0.04596292324191818,"POLÍTICA-occurances":1,"POLÍTICA-percentage":0.015320974413972729}