{"totalHistoryAmount":2899,"TECNOLOGIA-occurances":963,"TECNOLOGIA-percentage":33.218351155570886,"LINKEDIN-occurances":280,"LINKEDIN-percentage":9.658502932045533,"EDUCAÇÃO-occurances":92,"EDUCAÇÃO-percentage":3.173508106243532,"FACEBOOK-occurances":69,"FACEBOOK-percentage":2.3801310796826494,"CARROS-occurances":38,"CARROS-percentage":1.3107968264918937,"VIAGENS-occurances":38,"VIAGENS-percentage":1.3107968264918937,"ESPORTE-occurances":30,"ESPORTE-percentage":1.0348395998620215,"FITNESS-occurances":26,"FITNESS-percentage":0.8968609865470852,"YOUTUBE-occurances":25,"YOUTUBE-percentage":0.8623663332183512,"INSTAGRAM-occurances":22,"INSTAGRAM-percentage":0.758882373232149,"NOTÍCIAS-occurances":21,"NOTÍCIAS-percentage":0.724387719903415,"CIÊNCIA-occurances":18,"CIÊNCIA-percentage":0.6209037599172128,"DECORAÇÃO-occurances":17,"DECORAÇÃO-percentage":0.5864091065884788,"TWITTER-occurances":17,"TWITTER-percentage":0.5864091065884788,"JOGOS-occurances":15,"JOGOS-percentage":0.5174197999310107,"ECONOMIA-occurances":13,"ECONOMIA-percentage":0.4484304932735426,"TV E CELEBRIDADES-occurances":13,"TV E CELEBRIDADES-percentage":0.4484304932735426,"POP/ARTE-occurances":12,"POP/ARTE-percentage":0.41393583994480854,"SEXO-occurances":11,"SEXO-percentage":0.3794411866160745,"MODA-occurances":9,"MODA-percentage":0.3104518799586064,"ESOTERISMO-occurances":6,"ESOTERISMO-percentage":0.20696791997240427,"ALIMENTAÇÃO E SAÚDE-occurances":5,"ALIMENTAÇÃO E SAÚDE-percentage":0.17247326664367024,"POLÍTICA-occurances":3,"POLÍTICA-percentage":0.10348395998620213,"HUMOR-occurances":0,"HUMOR-percentage":0,"INTERNACIONAL-occurances":0,"INTERNACIONAL-percentage":0,"NATUREZA-occurances":0,"NATUREZA-percentage":0,"SÉRIES E FILMES-occurances":0,"SÉRIES E FILMES-percentage":0}