{"totalHistoryAmount":7263,"TECNOLOGIA-occurances":1754,"TECNOLOGIA-percentage":24.149800357978798,"NOTÍCIAS-occurances":596,"NOTÍCIAS-percentage":8.205975492220846,"FACEBOOK-occurances":578,"FACEBOOK-percentage":7.958144017623572,"DECORAÇÃO-occurances":374,"DECORAÇÃO-percentage":5.1493873055211346,"MODA-occurances":281,"MODA-percentage":3.868924686768553,"ESPORTE-occurances":236,"ESPORTE-percentage":3.2493460002753682,"POP/ARTE-occurances":131,"POP/ARTE-percentage":1.8036623984579374,"LINKEDIN-occurances":120,"LINKEDIN-percentage":1.6522098306484923,"YOUTUBE-occurances":103,"YOUTUBE-percentage":1.4181467713066227,"SÉRIES E FILMES-occurances":96,"SÉRIES E FILMES-percentage":1.3217678645187938,"ESOTERISMO-occurances":94,"ESOTERISMO-percentage":1.2942310340079857,"TV E CELEBRIDADES-occurances":84,"TV E CELEBRIDADES-percentage":1.1565468814539446,"ALIMENTAÇÃO E SAÚDE-occurances":62,"ALIMENTAÇÃO E SAÚDE-percentage":0.8536417458350544,"EDUCAÇÃO-occurances":42,"EDUCAÇÃO-percentage":0.5782734407269723,"JOGOS-occurances":35,"JOGOS-percentage":0.4818945339391436,"CARROS-occurances":30,"CARROS-percentage":0.41305245766212306,"VIAGENS-occurances":30,"VIAGENS-percentage":0.41305245766212306,"CIÊNCIA-occurances":23,"CIÊNCIA-percentage":0.3166735508742944,"INTERNACIONAL-occurances":21,"INTERNACIONAL-percentage":0.28913672036348614,"HUMOR-occurances":19,"HUMOR-percentage":0.26159988985267796,"POLÍTICA-occurances":19,"POLÍTICA-percentage":0.26159988985267796,"SEXO-occurances":19,"SEXO-percentage":0.26159988985267796,"ECONOMIA-occurances":15,"ECONOMIA-percentage":0.20652622883106153,"FITNESS-occurances":7,"FITNESS-percentage":0.09637890678782872,"INSTAGRAM-occurances":6,"INSTAGRAM-percentage":0.08261049153242461,"NATUREZA-occurances":6,"NATUREZA-percentage":0.08261049153242461,"TWITTER-occurances":6,"TWITTER-percentage":0.08261049153242461}