{"totalHistoryAmount":3081,"TECNOLOGIA-occurances":1142,"TECNOLOGIA-percentage":37.06588769879909,"DECORAÇÃO-occurances":391,"DECORAÇÃO-percentage":12.690684842583577,"FACEBOOK-occurances":149,"FACEBOOK-percentage":4.836092177864329,"ESPORTE-occurances":109,"ESPORTE-percentage":3.537812398571892,"POP/ARTE-occurances":45,"POP/ARTE-percentage":1.4605647517039921,"ALIMENTAÇÃO E SAÚDE-occurances":34,"ALIMENTAÇÃO E SAÚDE-percentage":1.103537812398572,"NOTÍCIAS-occurances":32,"NOTÍCIAS-percentage":1.03862382343395,"SÉRIES E FILMES-occurances":28,"SÉRIES E FILMES-percentage":0.9087958455047063,"MODA-occurances":23,"MODA-percentage":0.7465108730931516,"JOGOS-occurances":19,"JOGOS-percentage":0.6166828951639078,"YOUTUBE-occurances":17,"YOUTUBE-percentage":0.551768906199286,"TWITTER-occurances":16,"TWITTER-percentage":0.519311911716975,"CARROS-occurances":11,"CARROS-percentage":0.35702693930542034,"ECONOMIA-occurances":10,"ECONOMIA-percentage":0.32456994482310936,"INSTAGRAM-occurances":8,"INSTAGRAM-percentage":0.2596559558584875,"VIAGENS-occurances":7,"VIAGENS-percentage":0.22719896137617657,"EDUCAÇÃO-occurances":6,"EDUCAÇÃO-percentage":0.19474196689386564,"ESOTERISMO-occurances":6,"ESOTERISMO-percentage":0.19474196689386564,"INTERNACIONAL-occurances":6,"INTERNACIONAL-percentage":0.19474196689386564,"NATUREZA-occurances":4,"NATUREZA-percentage":0.12982797792924375,"FITNESS-occurances":3,"FITNESS-percentage":0.09737098344693282,"HUMOR-occurances":3,"HUMOR-percentage":0.09737098344693282,"TV E CELEBRIDADES-occurances":3,"TV E CELEBRIDADES-percentage":0.09737098344693282,"CIÊNCIA-occurances":2,"CIÊNCIA-percentage":0.06491398896462187,"POLÍTICA-occurances":2,"POLÍTICA-percentage":0.06491398896462187,"SEXO-occurances":2,"SEXO-percentage":0.06491398896462187,"LINKEDIN-occurances":0,"LINKEDIN-percentage":0}