{"totalHistoryAmount":4960,"TECNOLOGIA-occurances":1502,"TECNOLOGIA-percentage":30.282258064516128,"YOUTUBE-occurances":602,"YOUTUBE-percentage":12.137096774193548,"SÉRIES E FILMES-occurances":387,"SÉRIES E FILMES-percentage":7.80241935483871,"DECORAÇÃO-occurances":356,"DECORAÇÃO-percentage":7.17741935483871,"FACEBOOK-occurances":118,"FACEBOOK-percentage":2.379032258064516,"NOTÍCIAS-occurances":81,"NOTÍCIAS-percentage":1.6330645161290323,"POP/ARTE-occurances":80,"POP/ARTE-percentage":1.6129032258064515,"CARROS-occurances":58,"CARROS-percentage":1.1693548387096775,"TV E CELEBRIDADES-occurances":43,"TV E CELEBRIDADES-percentage":0.8669354838709677,"ALIMENTAÇÃO E SAÚDE-occurances":42,"ALIMENTAÇÃO E SAÚDE-percentage":0.8467741935483871,"ESPORTE-occurances":38,"ESPORTE-percentage":0.7661290322580645,"SEXO-occurances":23,"SEXO-percentage":0.4637096774193548,"MODA-occurances":18,"MODA-percentage":0.3629032258064516,"INTERNACIONAL-occurances":13,"INTERNACIONAL-percentage":0.2620967741935484,"VIAGENS-occurances":10,"VIAGENS-percentage":0.20161290322580644,"ESOTERISMO-occurances":7,"ESOTERISMO-percentage":0.14112903225806453,"CIÊNCIA-occurances":6,"CIÊNCIA-percentage":0.12096774193548387,"FITNESS-occurances":6,"FITNESS-percentage":0.12096774193548387,"INSTAGRAM-occurances":6,"INSTAGRAM-percentage":0.12096774193548387,"JOGOS-occurances":6,"JOGOS-percentage":0.12096774193548387,"LINKEDIN-occurances":6,"LINKEDIN-percentage":0.12096774193548387,"EDUCAÇÃO-occurances":5,"EDUCAÇÃO-percentage":0.10080645161290322,"HUMOR-occurances":5,"HUMOR-percentage":0.10080645161290322,"NATUREZA-occurances":3,"NATUREZA-percentage":0.06048387096774194,"ECONOMIA-occurances":1,"ECONOMIA-percentage":0.020161290322580645,"POLÍTICA-occurances":1,"POLÍTICA-percentage":0.020161290322580645,"TWITTER-occurances":1,"TWITTER-percentage":0.020161290322580645}