{"totalHistoryAmount":6651,"TECNOLOGIA-occurances":1867,"TECNOLOGIA-percentage":28.070966771913998,"YOUTUBE-occurances":446,"YOUTUBE-percentage":6.705758532551496,"NOTÍCIAS-occurances":443,"NOTÍCIAS-percentage":6.660652533453616,"DECORAÇÃO-occurances":387,"DECORAÇÃO-percentage":5.818673883626523,"SÉRIES E FILMES-occurances":256,"SÉRIES E FILMES-percentage":3.849045256352428,"FACEBOOK-occurances":183,"FACEBOOK-percentage":2.7514659449706813,"ESPORTE-occurances":125,"ESPORTE-percentage":1.879416629078334,"POP/ARTE-occurances":121,"POP/ARTE-percentage":1.8192752969478274,"TV E CELEBRIDADES-occurances":77,"TV E CELEBRIDADES-percentage":1.1577206435122538,"MODA-occurances":66,"MODA-percentage":0.9923319801533604,"CARROS-occurances":64,"CARROS-percentage":0.962261314088107,"ALIMENTAÇÃO E SAÚDE-occurances":58,"ALIMENTAÇÃO E SAÚDE-percentage":0.872049315892347,"JOGOS-occurances":40,"JOGOS-percentage":0.6014133213050669,"VIAGENS-occurances":37,"VIAGENS-percentage":0.5563073222071869,"SEXO-occurances":28,"SEXO-percentage":0.42098932491354685,"EDUCAÇÃO-occurances":24,"EDUCAÇÃO-percentage":0.36084799278304014,"INTERNACIONAL-occurances":19,"INTERNACIONAL-percentage":0.28567132761990677,"CIÊNCIA-occurances":11,"CIÊNCIA-percentage":0.1653886633588934,"HUMOR-occurances":10,"HUMOR-percentage":0.15035333032626672,"LINKEDIN-occurances":10,"LINKEDIN-percentage":0.15035333032626672,"ESOTERISMO-occurances":9,"ESOTERISMO-percentage":0.13531799729364005,"FITNESS-occurances":9,"FITNESS-percentage":0.13531799729364005,"ECONOMIA-occurances":8,"ECONOMIA-percentage":0.12028266426101338,"NATUREZA-occurances":5,"NATUREZA-percentage":0.07517666516313336,"TWITTER-occurances":3,"TWITTER-percentage":0.04510599909788002,"POLÍTICA-occurances":1,"POLÍTICA-percentage":0.015035333032626672,"INSTAGRAM-occurances":0,"INSTAGRAM-percentage":0}