{"totalHistoryAmount":6751,"TECNOLOGIA-occurances":1727,"TECNOLOGIA-percentage":25.58139534883721,"FACEBOOK-occurances":727,"FACEBOOK-percentage":10.768774996296845,"NOTÍCIAS-occurances":398,"NOTÍCIAS-percentage":5.895422900311065,"DECORAÇÃO-occurances":365,"DECORAÇÃO-percentage":5.406606428677233,"MODA-occurances":253,"MODA-percentage":3.747592949192712,"ESPORTE-occurances":222,"ESPORTE-percentage":3.288401718263961,"ESOTERISMO-occurances":168,"ESOTERISMO-percentage":2.488520219226781,"LINKEDIN-occurances":137,"LINKEDIN-percentage":2.02932898829803,"TV E CELEBRIDADES-occurances":109,"TV E CELEBRIDADES-percentage":1.6145756184268998,"YOUTUBE-occurances":102,"YOUTUBE-percentage":1.5108872759591172,"POP/ARTE-occurances":85,"POP/ARTE-percentage":1.259072729965931,"SÉRIES E FILMES-occurances":68,"SÉRIES E FILMES-percentage":1.0072581839727448,"ALIMENTAÇÃO E SAÚDE-occurances":66,"ALIMENTAÇÃO E SAÚDE-percentage":0.977632943267664,"POLÍTICA-occurances":57,"POLÍTICA-percentage":0.8443193600948008,"CARROS-occurances":41,"CARROS-percentage":0.607317434454155,"EDUCAÇÃO-occurances":33,"EDUCAÇÃO-percentage":0.488816471633832,"JOGOS-occurances":26,"JOGOS-percentage":0.3851281291660495,"CIÊNCIA-occurances":24,"CIÊNCIA-percentage":0.3555028884609687,"ECONOMIA-occurances":24,"ECONOMIA-percentage":0.3555028884609687,"NATUREZA-occurances":18,"NATUREZA-percentage":0.2666271663457266,"INTERNACIONAL-occurances":14,"INTERNACIONAL-percentage":0.2073766849355651,"HUMOR-occurances":13,"HUMOR-percentage":0.19256406458302475,"SEXO-occurances":13,"SEXO-percentage":0.19256406458302475,"FITNESS-occurances":10,"FITNESS-percentage":0.14812620352540365,"TWITTER-occurances":10,"TWITTER-percentage":0.14812620352540365,"INSTAGRAM-occurances":8,"INSTAGRAM-percentage":0.11850096282032292,"VIAGENS-occurances":6,"VIAGENS-percentage":0.08887572211524218}