{"totalHistoryAmount":9736,"TECNOLOGIA-occurances":4512,"TECNOLOGIA-percentage":46.343467543138864,"ESPORTE-occurances":1622,"ESPORTE-percentage":16.659819227608875,"FACEBOOK-occurances":1143,"FACEBOOK-percentage":11.739934264585045,"SEXO-occurances":697,"SEXO-percentage":7.158997534921939,"INSTAGRAM-occurances":181,"INSTAGRAM-percentage":1.8590797041906326,"CARROS-occurances":142,"CARROS-percentage":1.458504519309778,"YOUTUBE-occurances":75,"YOUTUBE-percentage":0.7703368940016434,"DECORAÇÃO-occurances":63,"DECORAÇÃO-percentage":0.6470829909613804,"NOTÍCIAS-occurances":52,"NOTÍCIAS-percentage":0.5341002465078061,"EDUCAÇÃO-occurances":46,"EDUCAÇÃO-percentage":0.4724732949876746,"POP/ARTE-occurances":35,"POP/ARTE-percentage":0.35949055053410023,"ESOTERISMO-occurances":28,"ESOTERISMO-percentage":0.2875924404272802,"MODA-occurances":24,"MODA-percentage":0.2465078060805259,"LINKEDIN-occurances":17,"LINKEDIN-percentage":0.17460969597370585,"SÉRIES E FILMES-occurances":12,"SÉRIES E FILMES-percentage":0.12325390304026294,"CIÊNCIA-occurances":11,"CIÊNCIA-percentage":0.11298274445357437,"ECONOMIA-occurances":11,"ECONOMIA-percentage":0.11298274445357437,"TWITTER-occurances":10,"TWITTER-percentage":0.10271158586688578,"TV E CELEBRIDADES-occurances":8,"TV E CELEBRIDADES-percentage":0.08216926869350863,"JOGOS-occurances":7,"JOGOS-percentage":0.07189811010682005,"VIAGENS-occurances":4,"VIAGENS-percentage":0.041084634346754315,"FITNESS-occurances":2,"FITNESS-percentage":0.020542317173377157,"POLÍTICA-occurances":2,"POLÍTICA-percentage":0.020542317173377157,"ALIMENTAÇÃO E SAÚDE-occurances":1,"ALIMENTAÇÃO E SAÚDE-percentage":0.010271158586688579,"INTERNACIONAL-occurances":1,"INTERNACIONAL-percentage":0.010271158586688579,"HUMOR-occurances":0,"HUMOR-percentage":0,"NATUREZA-occurances":0,"NATUREZA-percentage":0}