{"totalHistoryAmount":1834,"TECNOLOGIA-occurances":1015,"TECNOLOGIA-percentage":55.343511450381676,"YOUTUBE-occurances":140,"YOUTUBE-percentage":7.633587786259542,"ESPORTE-occurances":89,"ESPORTE-percentage":4.85278080697928,"FITNESS-occurances":56,"FITNESS-percentage":3.053435114503817,"ECONOMIA-occurances":33,"ECONOMIA-percentage":1.7993456924754634,"POP/ARTE-occurances":29,"POP/ARTE-percentage":1.5812431842966195,"FACEBOOK-occurances":18,"FACEBOOK-percentage":0.9814612868047983,"INSTAGRAM-occurances":18,"INSTAGRAM-percentage":0.9814612868047983,"SÉRIES E FILMES-occurances":14,"SÉRIES E FILMES-percentage":0.7633587786259542,"JOGOS-occurances":13,"JOGOS-percentage":0.7088331515812432,"EDUCAÇÃO-occurances":12,"EDUCAÇÃO-percentage":0.6543075245365322,"VIAGENS-occurances":11,"VIAGENS-percentage":0.5997818974918212,"NOTÍCIAS-occurances":9,"NOTÍCIAS-percentage":0.49073064340239914,"POLÍTICA-occurances":6,"POLÍTICA-percentage":0.3271537622682661,"CARROS-occurances":5,"CARROS-percentage":0.27262813522355506,"TV E CELEBRIDADES-occurances":5,"TV E CELEBRIDADES-percentage":0.27262813522355506,"ESOTERISMO-occurances":2,"ESOTERISMO-percentage":0.10905125408942203,"HUMOR-occurances":2,"HUMOR-percentage":0.10905125408942203,"CIÊNCIA-occurances":1,"CIÊNCIA-percentage":0.05452562704471101,"DECORAÇÃO-occurances":1,"DECORAÇÃO-percentage":0.05452562704471101,"LINKEDIN-occurances":1,"LINKEDIN-percentage":0.05452562704471101,"MODA-occurances":1,"MODA-percentage":0.05452562704471101,"NATUREZA-occurances":1,"NATUREZA-percentage":0.05452562704471101,"ALIMENTAÇÃO E SAÚDE-occurances":0,"ALIMENTAÇÃO E SAÚDE-percentage":0,"INTERNACIONAL-occurances":0,"INTERNACIONAL-percentage":0,"SEXO-occurances":0,"SEXO-percentage":0,"TWITTER-occurances":0,"TWITTER-percentage":0}