{"totalHistoryAmount":1583,"TECNOLOGIA-occurances":648,"TECNOLOGIA-percentage":40.934933670246366,"NOTÍCIAS-occurances":255,"NOTÍCIAS-percentage":16.108654453569173,"ESPORTE-occurances":90,"ESPORTE-percentage":5.685407454200885,"FACEBOOK-occurances":65,"FACEBOOK-percentage":4.10612760581175,"POLÍTICA-occurances":23,"POLÍTICA-percentage":1.4529374605180039,"YOUTUBE-occurances":21,"YOUTUBE-percentage":1.326595072646873,"EDUCAÇÃO-occurances":16,"EDUCAÇÃO-percentage":1.010739102969046,"POP/ARTE-occurances":16,"POP/ARTE-percentage":1.010739102969046,"JOGOS-occurances":14,"JOGOS-percentage":0.8843967150979154,"MODA-occurances":14,"MODA-percentage":0.8843967150979154,"SÉRIES E FILMES-occurances":12,"SÉRIES E FILMES-percentage":0.7580543272267846,"TWITTER-occurances":11,"TWITTER-percentage":0.6948831332912192,"LINKEDIN-occurances":8,"LINKEDIN-percentage":0.505369551484523,"VIAGENS-occurances":5,"VIAGENS-percentage":0.3158559696778269,"DECORAÇÃO-occurances":4,"DECORAÇÃO-percentage":0.2526847757422615,"ESOTERISMO-occurances":3,"ESOTERISMO-percentage":0.18951358180669614,"INSTAGRAM-occurances":3,"INSTAGRAM-percentage":0.18951358180669614,"SEXO-occurances":2,"SEXO-percentage":0.12634238787113075,"TV E CELEBRIDADES-occurances":2,"TV E CELEBRIDADES-percentage":0.12634238787113075,"ALIMENTAÇÃO E SAÚDE-occurances":1,"ALIMENTAÇÃO E SAÚDE-percentage":0.06317119393556538,"CARROS-occurances":1,"CARROS-percentage":0.06317119393556538,"CIÊNCIA-occurances":1,"CIÊNCIA-percentage":0.06317119393556538,"FITNESS-occurances":1,"FITNESS-percentage":0.06317119393556538,"ECONOMIA-occurances":0,"ECONOMIA-percentage":0,"HUMOR-occurances":0,"HUMOR-percentage":0,"INTERNACIONAL-occurances":0,"INTERNACIONAL-percentage":0,"NATUREZA-occurances":0,"NATUREZA-percentage":0}