{"totalHistoryAmount":2753,"TECNOLOGIA-occurances":1307,"TECNOLOGIA-percentage":47.47548129313476,"YOUTUBE-occurances":254,"YOUTUBE-percentage":9.226298583363603,"FACEBOOK-occurances":140,"FACEBOOK-percentage":5.085361423901198,"ESPORTE-occurances":119,"ESPORTE-percentage":4.322557210316019,"FITNESS-occurances":56,"FITNESS-percentage":2.0341445695604796,"ECONOMIA-occurances":34,"ECONOMIA-percentage":1.2350163458045769,"INSTAGRAM-occurances":33,"INSTAGRAM-percentage":1.198692335633854,"POP/ARTE-occurances":31,"POP/ARTE-percentage":1.1260443152924082,"MODA-occurances":25,"MODA-percentage":0.9081002542680712,"JOGOS-occurances":18,"JOGOS-percentage":0.6538321830730113,"TV E CELEBRIDADES-occurances":18,"TV E CELEBRIDADES-percentage":0.6538321830730113,"NOTÍCIAS-occurances":17,"NOTÍCIAS-percentage":0.6175081729022884,"POLÍTICA-occurances":15,"POLÍTICA-percentage":0.5448601525608427,"SÉRIES E FILMES-occurances":14,"SÉRIES E FILMES-percentage":0.5085361423901199,"EDUCAÇÃO-occurances":12,"EDUCAÇÃO-percentage":0.43588812204867416,"VIAGENS-occurances":12,"VIAGENS-percentage":0.43588812204867416,"INTERNACIONAL-occurances":9,"INTERNACIONAL-percentage":0.32691609153650564,"CARROS-occurances":6,"CARROS-percentage":0.21794406102433708,"HUMOR-occurances":6,"HUMOR-percentage":0.21794406102433708,"ESOTERISMO-occurances":2,"ESOTERISMO-percentage":0.0726480203414457,"CIÊNCIA-occurances":1,"CIÊNCIA-percentage":0.03632401017072285,"DECORAÇÃO-occurances":1,"DECORAÇÃO-percentage":0.03632401017072285,"LINKEDIN-occurances":1,"LINKEDIN-percentage":0.03632401017072285,"NATUREZA-occurances":1,"NATUREZA-percentage":0.03632401017072285,"ALIMENTAÇÃO E SAÚDE-occurances":0,"ALIMENTAÇÃO E SAÚDE-percentage":0,"SEXO-occurances":0,"SEXO-percentage":0,"TWITTER-occurances":0,"TWITTER-percentage":0}