{"totalHistoryAmount":7321,"TECNOLOGIA-occurances":1757,"TECNOLOGIA-percentage":23.99945362655375,"NOTÍCIAS-occurances":602,"NOTÍCIAS-percentage":8.222920366070209,"FACEBOOK-occurances":582,"FACEBOOK-percentage":7.9497336429449525,"DECORAÇÃO-occurances":398,"DECORAÇÃO-percentage":5.436415790192597,"MODA-occurances":282,"MODA-percentage":3.8519327960661114,"ESPORTE-occurances":237,"ESPORTE-percentage":3.2372626690342847,"POP/ARTE-occurances":132,"POP/ARTE-percentage":1.8030323726266904,"LINKEDIN-occurances":122,"LINKEDIN-percentage":1.6664390110640623,"YOUTUBE-occurances":103,"YOUTUBE-percentage":1.406911624095069,"ESOTERISMO-occurances":94,"ESOTERISMO-percentage":1.2839775986887036,"TV E CELEBRIDADES-occurances":87,"TV E CELEBRIDADES-percentage":1.1883622455948641,"SÉRIES E FILMES-occurances":86,"SÉRIES E FILMES-percentage":1.1747029094386012,"ALIMENTAÇÃO E SAÚDE-occurances":64,"ALIMENTAÇÃO E SAÚDE-percentage":0.8741975140008196,"EDUCAÇÃO-occurances":40,"EDUCAÇÃO-percentage":0.5463734462505122,"CARROS-occurances":36,"CARROS-percentage":0.491736101625461,"JOGOS-occurances":35,"JOGOS-percentage":0.4780767654691982,"VIAGENS-occurances":31,"VIAGENS-percentage":0.423439420844147,"POLÍTICA-occurances":28,"POLÍTICA-percentage":0.3824614123753586,"CIÊNCIA-occurances":23,"CIÊNCIA-percentage":0.3141647315940445,"INTERNACIONAL-occurances":21,"INTERNACIONAL-percentage":0.2868460592815189,"HUMOR-occurances":19,"HUMOR-percentage":0.2595273869689933,"SEXO-occurances":19,"SEXO-percentage":0.2595273869689933,"ECONOMIA-occurances":16,"ECONOMIA-percentage":0.2185493785002049,"FITNESS-occurances":7,"FITNESS-percentage":0.09561535309383964,"INSTAGRAM-occurances":6,"INSTAGRAM-percentage":0.08195601693757683,"NATUREZA-occurances":6,"NATUREZA-percentage":0.08195601693757683,"TWITTER-occurances":6,"TWITTER-percentage":0.08195601693757683}