{"totalHistoryAmount":7315,"TECNOLOGIA-occurances":1752,"TECNOLOGIA-percentage":23.950786056049214,"NOTÍCIAS-occurances":607,"NOTÍCIAS-percentage":8.298017771701982,"FACEBOOK-occurances":581,"FACEBOOK-percentage":7.942583732057416,"DECORAÇÃO-occurances":396,"DECORAÇÃO-percentage":5.413533834586466,"MODA-occurances":283,"MODA-percentage":3.868762816131237,"ESPORTE-occurances":237,"ESPORTE-percentage":3.239917976760082,"POP/ARTE-occurances":131,"POP/ARTE-percentage":1.7908407382091593,"LINKEDIN-occurances":121,"LINKEDIN-percentage":1.6541353383458646,"YOUTUBE-occurances":103,"YOUTUBE-percentage":1.4080656185919345,"ESOTERISMO-occurances":94,"ESOTERISMO-percentage":1.2850307587149692,"SÉRIES E FILMES-occurances":88,"SÉRIES E FILMES-percentage":1.2030075187969924,"TV E CELEBRIDADES-occurances":87,"TV E CELEBRIDADES-percentage":1.189336978810663,"ALIMENTAÇÃO E SAÚDE-occurances":63,"ALIMENTAÇÃO E SAÚDE-percentage":0.861244019138756,"EDUCAÇÃO-occurances":40,"EDUCAÇÃO-percentage":0.5468215994531784,"CARROS-occurances":36,"CARROS-percentage":0.49213943950786054,"JOGOS-occurances":35,"JOGOS-percentage":0.4784688995215311,"VIAGENS-occurances":31,"VIAGENS-percentage":0.42378673957621327,"CIÊNCIA-occurances":23,"CIÊNCIA-percentage":0.3144224196855776,"INTERNACIONAL-occurances":21,"INTERNACIONAL-percentage":0.28708133971291866,"POLÍTICA-occurances":21,"POLÍTICA-percentage":0.28708133971291866,"HUMOR-occurances":19,"HUMOR-percentage":0.2597402597402597,"SEXO-occurances":19,"SEXO-percentage":0.2597402597402597,"ECONOMIA-occurances":16,"ECONOMIA-percentage":0.21872863978127136,"FITNESS-occurances":7,"FITNESS-percentage":0.09569377990430622,"INSTAGRAM-occurances":6,"INSTAGRAM-percentage":0.08202323991797676,"NATUREZA-occurances":6,"NATUREZA-percentage":0.08202323991797676,"TWITTER-occurances":6,"TWITTER-percentage":0.08202323991797676}