{"totalHistoryAmount":8869,"TECNOLOGIA-occurances":4125,"TECNOLOGIA-percentage":46.51031683391589,"ESPORTE-occurances":1509,"ESPORTE-percentage":17.014319539970685,"FACEBOOK-occurances":1058,"FACEBOOK-percentage":11.929191566129214,"SEXO-occurances":452,"SEXO-percentage":5.0964032021648435,"INSTAGRAM-occurances":186,"INSTAGRAM-percentage":2.09719246814748,"CARROS-occurances":128,"CARROS-percentage":1.4432292253918142,"DECORAÇÃO-occurances":66,"DECORAÇÃO-percentage":0.7441650693426541,"POP/ARTE-occurances":65,"POP/ARTE-percentage":0.7328898410192807,"EDUCAÇÃO-occurances":63,"EDUCAÇÃO-percentage":0.7103393843725335,"NOTÍCIAS-occurances":48,"NOTÍCIAS-percentage":0.5412109595219303,"YOUTUBE-occurances":46,"YOUTUBE-percentage":0.5186605028751832,"ESOTERISMO-occurances":43,"ESOTERISMO-percentage":0.48483481790506255,"JOGOS-occurances":25,"JOGOS-percentage":0.2818807080843387,"LINKEDIN-occurances":21,"LINKEDIN-percentage":0.23677979479084452,"SÉRIES E FILMES-occurances":19,"SÉRIES E FILMES-percentage":0.21422933814409742,"MODA-occurances":17,"MODA-percentage":0.19167888149735032,"TWITTER-occurances":15,"TWITTER-percentage":0.16912842485060323,"ECONOMIA-occurances":11,"ECONOMIA-percentage":0.12402751155710903,"TV E CELEBRIDADES-occurances":10,"TV E CELEBRIDADES-percentage":0.11275228323373548,"ALIMENTAÇÃO E SAÚDE-occurances":4,"ALIMENTAÇÃO E SAÚDE-percentage":0.045100913293494194,"FITNESS-occurances":4,"FITNESS-percentage":0.045100913293494194,"VIAGENS-occurances":3,"VIAGENS-percentage":0.033825684970120645,"POLÍTICA-occurances":2,"POLÍTICA-percentage":0.022550456646747097,"CIÊNCIA-occurances":1,"CIÊNCIA-percentage":0.011275228323373548,"INTERNACIONAL-occurances":1,"INTERNACIONAL-percentage":0.011275228323373548,"HUMOR-occurances":0,"HUMOR-percentage":0,"NATUREZA-occurances":0,"NATUREZA-percentage":0}