{"totalHistoryAmount":6492,"TECNOLOGIA-occurances":1864,"TECNOLOGIA-percentage":28.71226124460875,"YOUTUBE-occurances":436,"YOUTUBE-percentage":6.715958102279729,"NOTÍCIAS-occurances":409,"NOTÍCIAS-percentage":6.300061614294516,"DECORAÇÃO-occurances":366,"DECORAÇÃO-percentage":5.6377079482439925,"SÉRIES E FILMES-occurances":296,"SÉRIES E FILMES-percentage":4.559457794208257,"FACEBOOK-occurances":190,"FACEBOOK-percentage":2.92667898952557,"POP/ARTE-occurances":130,"POP/ARTE-percentage":2.0024645717806533,"ESPORTE-occurances":81,"ESPORTE-percentage":1.2476894639556377,"TV E CELEBRIDADES-occurances":72,"TV E CELEBRIDADES-percentage":1.1090573012939002,"MODA-occurances":64,"MODA-percentage":0.9858287122612446,"CARROS-occurances":63,"CARROS-percentage":0.9704251386321626,"ALIMENTAÇÃO E SAÚDE-occurances":57,"ALIMENTAÇÃO E SAÚDE-percentage":0.878003696857671,"JOGOS-occurances":39,"JOGOS-percentage":0.600739371534196,"VIAGENS-occurances":36,"VIAGENS-percentage":0.5545286506469501,"SEXO-occurances":27,"SEXO-percentage":0.41589648798521256,"INTERNACIONAL-occurances":19,"INTERNACIONAL-percentage":0.292667898952557,"EDUCAÇÃO-occurances":13,"EDUCAÇÃO-percentage":0.2002464571780653,"CIÊNCIA-occurances":11,"CIÊNCIA-percentage":0.16943930991990142,"HUMOR-occurances":10,"HUMOR-percentage":0.15403573629081946,"LINKEDIN-occurances":10,"LINKEDIN-percentage":0.15403573629081946,"ECONOMIA-occurances":7,"ECONOMIA-percentage":0.10782501540357363,"FITNESS-occurances":7,"FITNESS-percentage":0.10782501540357363,"ESOTERISMO-occurances":6,"ESOTERISMO-percentage":0.09242144177449169,"NATUREZA-occurances":4,"NATUREZA-percentage":0.061614294516327786,"POLÍTICA-occurances":1,"POLÍTICA-percentage":0.015403573629081947,"TWITTER-occurances":1,"TWITTER-percentage":0.015403573629081947,"INSTAGRAM-occurances":0,"INSTAGRAM-percentage":0}