{"totalHistoryAmount":6920,"TECNOLOGIA-occurances":1904,"TECNOLOGIA-percentage":27.514450867052023,"NOTÍCIAS-occurances":465,"NOTÍCIAS-percentage":6.719653179190751,"DECORAÇÃO-occurances":364,"DECORAÇÃO-percentage":5.2601156069364166,"FACEBOOK-occurances":319,"FACEBOOK-percentage":4.609826589595376,"MODA-occurances":268,"MODA-percentage":3.8728323699421967,"YOUTUBE-occurances":238,"YOUTUBE-percentage":3.439306358381503,"SÉRIES E FILMES-occurances":165,"SÉRIES E FILMES-percentage":2.384393063583815,"ESPORTE-occurances":161,"ESPORTE-percentage":2.3265895953757227,"POP/ARTE-occurances":128,"POP/ARTE-percentage":1.8497109826589595,"ALIMENTAÇÃO E SAÚDE-occurances":72,"ALIMENTAÇÃO E SAÚDE-percentage":1.0404624277456647,"TV E CELEBRIDADES-occurances":59,"TV E CELEBRIDADES-percentage":0.8526011560693642,"CARROS-occurances":47,"CARROS-percentage":0.6791907514450867,"JOGOS-occurances":36,"JOGOS-percentage":0.5202312138728323,"VIAGENS-occurances":36,"VIAGENS-percentage":0.5202312138728323,"SEXO-occurances":32,"SEXO-percentage":0.4624277456647399,"EDUCAÇÃO-occurances":26,"EDUCAÇÃO-percentage":0.37572254335260113,"CIÊNCIA-occurances":18,"CIÊNCIA-percentage":0.26011560693641617,"INTERNACIONAL-occurances":17,"INTERNACIONAL-percentage":0.24566473988439305,"HUMOR-occurances":11,"HUMOR-percentage":0.15895953757225434,"LINKEDIN-occurances":10,"LINKEDIN-percentage":0.14450867052023122,"ECONOMIA-occurances":9,"ECONOMIA-percentage":0.13005780346820808,"NATUREZA-occurances":8,"NATUREZA-percentage":0.11560693641618497,"FITNESS-occurances":7,"FITNESS-percentage":0.10115606936416185,"ESOTERISMO-occurances":5,"ESOTERISMO-percentage":0.07225433526011561,"INSTAGRAM-occurances":4,"INSTAGRAM-percentage":0.057803468208092484,"TWITTER-occurances":3,"TWITTER-percentage":0.04335260115606936,"POLÍTICA-occurances":2,"POLÍTICA-percentage":0.028901734104046242}