{"totalHistoryAmount":3408,"TECNOLOGIA-occurances":1198,"TECNOLOGIA-percentage":35.152582159624416,"LINKEDIN-occurances":287,"LINKEDIN-percentage":8.421361502347418,"EDUCAÇÃO-occurances":99,"EDUCAÇÃO-percentage":2.9049295774647885,"FACEBOOK-occurances":98,"FACEBOOK-percentage":2.875586854460094,"CARROS-occurances":43,"CARROS-percentage":1.261737089201878,"VIAGENS-occurances":40,"VIAGENS-percentage":1.1737089201877935,"INSTAGRAM-occurances":35,"INSTAGRAM-percentage":1.0269953051643192,"ESPORTE-occurances":32,"ESPORTE-percentage":0.9389671361502347,"NOTÍCIAS-occurances":30,"NOTÍCIAS-percentage":0.8802816901408451,"SÉRIES E FILMES-occurances":28,"SÉRIES E FILMES-percentage":0.8215962441314554,"FITNESS-occurances":27,"FITNESS-percentage":0.7922535211267606,"YOUTUBE-occurances":27,"YOUTUBE-percentage":0.7922535211267606,"CIÊNCIA-occurances":20,"CIÊNCIA-percentage":0.5868544600938967,"DECORAÇÃO-occurances":19,"DECORAÇÃO-percentage":0.5575117370892019,"POP/ARTE-occurances":18,"POP/ARTE-percentage":0.528169014084507,"JOGOS-occurances":17,"JOGOS-percentage":0.4988262910798122,"MODA-occurances":17,"MODA-percentage":0.4988262910798122,"TWITTER-occurances":17,"TWITTER-percentage":0.4988262910798122,"ECONOMIA-occurances":15,"ECONOMIA-percentage":0.44014084507042256,"TV E CELEBRIDADES-occurances":14,"TV E CELEBRIDADES-percentage":0.4107981220657277,"SEXO-occurances":11,"SEXO-percentage":0.3227699530516432,"ESOTERISMO-occurances":6,"ESOTERISMO-percentage":0.176056338028169,"ALIMENTAÇÃO E SAÚDE-occurances":5,"ALIMENTAÇÃO E SAÚDE-percentage":0.1467136150234742,"POLÍTICA-occurances":4,"POLÍTICA-percentage":0.11737089201877934,"HUMOR-occurances":0,"HUMOR-percentage":0,"INTERNACIONAL-occurances":0,"INTERNACIONAL-percentage":0,"NATUREZA-occurances":0,"NATUREZA-percentage":0}