{"totalHistoryAmount":5580,"TECNOLOGIA-occurances":1560,"TECNOLOGIA-percentage":27.956989247311828,"YOUTUBE-occurances":488,"YOUTUBE-percentage":8.745519713261649,"SÉRIES E FILMES-occurances":365,"SÉRIES E FILMES-percentage":6.541218637992832,"DECORAÇÃO-occurances":311,"DECORAÇÃO-percentage":5.573476702508961,"NOTÍCIAS-occurances":302,"NOTÍCIAS-percentage":5.412186379928316,"FACEBOOK-occurances":165,"FACEBOOK-percentage":2.956989247311828,"POP/ARTE-occurances":99,"POP/ARTE-percentage":1.7741935483870968,"TV E CELEBRIDADES-occurances":69,"TV E CELEBRIDADES-percentage":1.2365591397849462,"ESPORTE-occurances":63,"ESPORTE-percentage":1.1290322580645162,"CARROS-occurances":61,"CARROS-percentage":1.093189964157706,"ALIMENTAÇÃO E SAÚDE-occurances":49,"ALIMENTAÇÃO E SAÚDE-percentage":0.8781362007168458,"JOGOS-occurances":37,"JOGOS-percentage":0.6630824372759857,"SEXO-occurances":24,"SEXO-percentage":0.43010752688172044,"MODA-occurances":21,"MODA-percentage":0.3763440860215054,"INTERNACIONAL-occurances":18,"INTERNACIONAL-percentage":0.3225806451612903,"EDUCAÇÃO-occurances":12,"EDUCAÇÃO-percentage":0.21505376344086022,"CIÊNCIA-occurances":10,"CIÊNCIA-percentage":0.17921146953405018,"VIAGENS-occurances":10,"VIAGENS-percentage":0.17921146953405018,"HUMOR-occurances":9,"HUMOR-percentage":0.16129032258064516,"LINKEDIN-occurances":6,"LINKEDIN-percentage":0.10752688172043011,"ECONOMIA-occurances":4,"ECONOMIA-percentage":0.07168458781362007,"ESOTERISMO-occurances":4,"ESOTERISMO-percentage":0.07168458781362007,"FITNESS-occurances":4,"FITNESS-percentage":0.07168458781362007,"NATUREZA-occurances":4,"NATUREZA-percentage":0.07168458781362007,"TWITTER-occurances":1,"TWITTER-percentage":0.017921146953405017,"INSTAGRAM-occurances":0,"INSTAGRAM-percentage":0,"POLÍTICA-occurances":0,"POLÍTICA-percentage":0}