{"totalHistoryAmount":9481,"TECNOLOGIA-occurances":4470,"TECNOLOGIA-percentage":47.146925429806984,"ESPORTE-occurances":1677,"ESPORTE-percentage":17.68800759413564,"FACEBOOK-occurances":1056,"FACEBOOK-percentage":11.138065604893999,"SEXO-occurances":588,"SEXO-percentage":6.201877439088704,"INSTAGRAM-occurances":162,"INSTAGRAM-percentage":1.708680518932602,"CARROS-occurances":143,"CARROS-percentage":1.5082797173293956,"DECORAÇÃO-occurances":64,"DECORAÇÃO-percentage":0.6750342790844848,"EDUCAÇÃO-occurances":44,"EDUCAÇÃO-percentage":0.4640860668705833,"POP/ARTE-occurances":43,"POP/ARTE-percentage":0.4535386562598882,"YOUTUBE-occurances":42,"YOUTUBE-percentage":0.4429912456491931,"ESOTERISMO-occurances":36,"ESOTERISMO-percentage":0.37970678198502267,"NOTÍCIAS-occurances":36,"NOTÍCIAS-percentage":0.37970678198502267,"MODA-occurances":23,"MODA-percentage":0.2425904440459867,"LINKEDIN-occurances":21,"LINKEDIN-percentage":0.22149562282459656,"JOGOS-occurances":17,"JOGOS-percentage":0.17930598038181628,"ECONOMIA-occurances":11,"ECONOMIA-percentage":0.11602151671764582,"SÉRIES E FILMES-occurances":11,"SÉRIES E FILMES-percentage":0.11602151671764582,"TWITTER-occurances":10,"TWITTER-percentage":0.10547410610695074,"TV E CELEBRIDADES-occurances":9,"TV E CELEBRIDADES-percentage":0.09492669549625567,"FITNESS-occurances":4,"FITNESS-percentage":0.0421896424427803,"VIAGENS-occurances":4,"VIAGENS-percentage":0.0421896424427803,"POLÍTICA-occurances":3,"POLÍTICA-percentage":0.03164223183208522,"CIÊNCIA-occurances":2,"CIÊNCIA-percentage":0.02109482122139015,"ALIMENTAÇÃO E SAÚDE-occurances":1,"ALIMENTAÇÃO E SAÚDE-percentage":0.010547410610695074,"INTERNACIONAL-occurances":1,"INTERNACIONAL-percentage":0.010547410610695074,"HUMOR-occurances":0,"HUMOR-percentage":0,"NATUREZA-occurances":0,"NATUREZA-percentage":0}