{"totalHistoryAmount":5159,"TECNOLOGIA-occurances":1434,"TECNOLOGIA-percentage":27.79608451250242,"YOUTUBE-occurances":617,"YOUTUBE-percentage":11.95968210893584,"SÉRIES E FILMES-occurances":379,"SÉRIES E FILMES-percentage":7.346384958325257,"DECORAÇÃO-occurances":298,"DECORAÇÃO-percentage":5.776313238999806,"NOTÍCIAS-occurances":191,"NOTÍCIAS-percentage":3.702267881372359,"FACEBOOK-occurances":157,"FACEBOOK-percentage":3.0432254312851326,"POP/ARTE-occurances":99,"POP/ARTE-percentage":1.9189765458422174,"TV E CELEBRIDADES-occurances":67,"TV E CELEBRIDADES-percentage":1.2987012987012987,"ESPORTE-occurances":62,"ESPORTE-percentage":1.2017832913355302,"CARROS-occurances":57,"CARROS-percentage":1.1048652839697617,"ALIMENTAÇÃO E SAÚDE-occurances":42,"ALIMENTAÇÃO E SAÚDE-percentage":0.8141112618724559,"SEXO-occurances":24,"SEXO-percentage":0.46520643535568906,"MODA-occurances":21,"MODA-percentage":0.40705563093622793,"EDUCAÇÃO-occurances":10,"EDUCAÇÃO-percentage":0.1938360147315371,"INTERNACIONAL-occurances":10,"INTERNACIONAL-percentage":0.1938360147315371,"VIAGENS-occurances":10,"VIAGENS-percentage":0.1938360147315371,"HUMOR-occurances":9,"HUMOR-percentage":0.1744524132583834,"JOGOS-occurances":9,"JOGOS-percentage":0.1744524132583834,"CIÊNCIA-occurances":6,"CIÊNCIA-percentage":0.11630160883892227,"ESOTERISMO-occurances":6,"ESOTERISMO-percentage":0.11630160883892227,"FITNESS-occurances":6,"FITNESS-percentage":0.11630160883892227,"LINKEDIN-occurances":6,"LINKEDIN-percentage":0.11630160883892227,"INSTAGRAM-occurances":5,"INSTAGRAM-percentage":0.09691800736576855,"NATUREZA-occurances":4,"NATUREZA-percentage":0.07753440589261484,"ECONOMIA-occurances":2,"ECONOMIA-percentage":0.03876720294630742,"TWITTER-occurances":1,"TWITTER-percentage":0.01938360147315371,"POLÍTICA-occurances":0,"POLÍTICA-percentage":0}