{"totalHistoryAmount":5022,"TECNOLOGIA-occurances":1515,"TECNOLOGIA-percentage":30.16726403823178,"YOUTUBE-occurances":602,"YOUTUBE-percentage":11.987256073277578,"SÉRIES E FILMES-occurances":387,"SÉRIES E FILMES-percentage":7.706093189964157,"DECORAÇÃO-occurances":358,"DECORAÇÃO-percentage":7.128634010354441,"FACEBOOK-occurances":118,"FACEBOOK-percentage":2.3496614894464356,"NOTÍCIAS-occurances":83,"NOTÍCIAS-percentage":1.6527279968140183,"POP/ARTE-occurances":81,"POP/ARTE-percentage":1.6129032258064515,"CARROS-occurances":58,"CARROS-percentage":1.1549183592194345,"TV E CELEBRIDADES-occurances":43,"TV E CELEBRIDADES-percentage":0.8562325766626842,"ALIMENTAÇÃO E SAÚDE-occurances":42,"ALIMENTAÇÃO E SAÚDE-percentage":0.8363201911589009,"ESPORTE-occurances":37,"ESPORTE-percentage":0.7367582636399841,"SEXO-occurances":23,"SEXO-percentage":0.45798486658701715,"MODA-occurances":18,"MODA-percentage":0.35842293906810035,"INTERNACIONAL-occurances":13,"INTERNACIONAL-percentage":0.2588610115491836,"VIAGENS-occurances":10,"VIAGENS-percentage":0.19912385503783353,"ESOTERISMO-occurances":7,"ESOTERISMO-percentage":0.13938669852648347,"JOGOS-occurances":7,"JOGOS-percentage":0.13938669852648347,"CIÊNCIA-occurances":6,"CIÊNCIA-percentage":0.11947431302270012,"FITNESS-occurances":6,"FITNESS-percentage":0.11947431302270012,"INSTAGRAM-occurances":6,"INSTAGRAM-percentage":0.11947431302270012,"LINKEDIN-occurances":6,"LINKEDIN-percentage":0.11947431302270012,"EDUCAÇÃO-occurances":5,"EDUCAÇÃO-percentage":0.09956192751891677,"HUMOR-occurances":5,"HUMOR-percentage":0.09956192751891677,"NATUREZA-occurances":3,"NATUREZA-percentage":0.05973715651135006,"ECONOMIA-occurances":1,"ECONOMIA-percentage":0.019912385503783353,"POLÍTICA-occurances":1,"POLÍTICA-percentage":0.019912385503783353,"TWITTER-occurances":1,"TWITTER-percentage":0.019912385503783353}