{"totalHistoryAmount":7322,"TECNOLOGIA-occurances":1754,"TECNOLOGIA-percentage":23.955203496312482,"NOTÍCIAS-occurances":602,"NOTÍCIAS-percentage":8.221797323135755,"FACEBOOK-occurances":582,"FACEBOOK-percentage":7.948647910406993,"DECORAÇÃO-occurances":398,"DECORAÇÃO-percentage":5.4356733133023765,"MODA-occurances":282,"MODA-percentage":3.8514067194755532,"ESPORTE-occurances":237,"ESPORTE-percentage":3.2368205408358373,"POP/ARTE-occurances":132,"POP/ARTE-percentage":1.8027861240098333,"LINKEDIN-occurances":122,"LINKEDIN-percentage":1.666211417645452,"YOUTUBE-occurances":103,"YOUTUBE-percentage":1.4067194755531276,"ESOTERISMO-occurances":94,"ESOTERISMO-percentage":1.2838022398251843,"TV E CELEBRIDADES-occurances":87,"TV E CELEBRIDADES-percentage":1.1881999453701175,"SÉRIES E FILMES-occurances":86,"SÉRIES E FILMES-percentage":1.1745424747336792,"ALIMENTAÇÃO E SAÚDE-occurances":64,"ALIMENTAÇÃO E SAÚDE-percentage":0.8740781207320404,"EDUCAÇÃO-occurances":40,"EDUCAÇÃO-percentage":0.5462988254575253,"CARROS-occurances":36,"CARROS-percentage":0.49166894291177277,"JOGOS-occurances":35,"JOGOS-percentage":0.4780114722753346,"VIAGENS-occurances":31,"VIAGENS-percentage":0.42338158972958206,"POLÍTICA-occurances":28,"POLÍTICA-percentage":0.3824091778202677,"CIÊNCIA-occurances":23,"CIÊNCIA-percentage":0.31412182463807703,"INTERNACIONAL-occurances":21,"INTERNACIONAL-percentage":0.28680688336520077,"HUMOR-occurances":19,"HUMOR-percentage":0.2594919420923245,"SEXO-occurances":19,"SEXO-percentage":0.2594919420923245,"ECONOMIA-occurances":16,"ECONOMIA-percentage":0.2185195301830101,"FITNESS-occurances":7,"FITNESS-percentage":0.09560229445506692,"INSTAGRAM-occurances":6,"INSTAGRAM-percentage":0.08194482381862879,"NATUREZA-occurances":6,"NATUREZA-percentage":0.08194482381862879,"TWITTER-occurances":6,"TWITTER-percentage":0.08194482381862879}