{"totalHistoryAmount":5109,"TECNOLOGIA-occurances":1533,"TECNOLOGIA-percentage":30.005871990604817,"YOUTUBE-occurances":602,"YOUTUBE-percentage":11.783127813662166,"SÉRIES E FILMES-occurances":395,"SÉRIES E FILMES-percentage":7.731454296339792,"DECORAÇÃO-occurances":361,"DECORAÇÃO-percentage":7.065962027794089,"FACEBOOK-occurances":122,"FACEBOOK-percentage":2.387942845958113,"NOTÍCIAS-occurances":91,"NOTÍCIAS-percentage":1.7811704834605597,"POP/ARTE-occurances":82,"POP/ARTE-percentage":1.6050107653161088,"CARROS-occurances":58,"CARROS-percentage":1.1352515169309063,"TV E CELEBRIDADES-occurances":43,"TV E CELEBRIDADES-percentage":0.8416519866901546,"ALIMENTAÇÃO E SAÚDE-occurances":41,"ALIMENTAÇÃO E SAÚDE-percentage":0.8025053826580544,"ESPORTE-occurances":40,"ESPORTE-percentage":0.7829320806420043,"SEXO-occurances":23,"SEXO-percentage":0.4501859463691525,"MODA-occurances":20,"MODA-percentage":0.39146604032100213,"INTERNACIONAL-occurances":13,"INTERNACIONAL-percentage":0.2544529262086514,"VIAGENS-occurances":10,"VIAGENS-percentage":0.19573302016050106,"JOGOS-occurances":8,"JOGOS-percentage":0.15658641612840085,"EDUCAÇÃO-occurances":7,"EDUCAÇÃO-percentage":0.13701311411235076,"ESOTERISMO-occurances":7,"ESOTERISMO-percentage":0.13701311411235076,"CIÊNCIA-occurances":6,"CIÊNCIA-percentage":0.11743981209630065,"FITNESS-occurances":6,"FITNESS-percentage":0.11743981209630065,"INSTAGRAM-occurances":6,"INSTAGRAM-percentage":0.11743981209630065,"LINKEDIN-occurances":6,"LINKEDIN-percentage":0.11743981209630065,"HUMOR-occurances":5,"HUMOR-percentage":0.09786651008025053,"NATUREZA-occurances":3,"NATUREZA-percentage":0.058719906048150326,"ECONOMIA-occurances":1,"ECONOMIA-percentage":0.019573302016050106,"POLÍTICA-occurances":1,"POLÍTICA-percentage":0.019573302016050106,"TWITTER-occurances":1,"TWITTER-percentage":0.019573302016050106}