{"totalHistoryAmount":6455,"TECNOLOGIA-occurances":1783,"TECNOLOGIA-percentage":27.621998450813322,"NOTÍCIAS-occurances":438,"NOTÍCIAS-percentage":6.785437645236251,"YOUTUBE-occurances":376,"YOUTUBE-percentage":5.824941905499613,"DECORAÇÃO-occurances":354,"DECORAÇÃO-percentage":5.484120836560805,"SÉRIES E FILMES-occurances":246,"SÉRIES E FILMES-percentage":3.8109992254066616,"FACEBOOK-occurances":228,"FACEBOOK-percentage":3.5321456235476374,"ESPORTE-occurances":134,"ESPORTE-percentage":2.0759101471727344,"POP/ARTE-occurances":124,"POP/ARTE-percentage":1.9209914794732765,"MODA-occurances":67,"MODA-percentage":1.0379550735863672,"ALIMENTAÇÃO E SAÚDE-occurances":56,"ALIMENTAÇÃO E SAÚDE-percentage":0.8675445391169636,"CARROS-occurances":56,"CARROS-percentage":0.8675445391169636,"TV E CELEBRIDADES-occurances":53,"TV E CELEBRIDADES-percentage":0.8210689388071263,"JOGOS-occurances":36,"JOGOS-percentage":0.557707203718048,"VIAGENS-occurances":36,"VIAGENS-percentage":0.557707203718048,"SEXO-occurances":29,"SEXO-percentage":0.4492641363284276,"EDUCAÇÃO-occurances":24,"EDUCAÇÃO-percentage":0.3718048024786987,"INTERNACIONAL-occurances":15,"INTERNACIONAL-percentage":0.23237800154918667,"CIÊNCIA-occurances":13,"CIÊNCIA-percentage":0.2013942680092951,"HUMOR-occurances":11,"HUMOR-percentage":0.17041053446940357,"LINKEDIN-occurances":10,"LINKEDIN-percentage":0.15491866769945778,"ECONOMIA-occurances":9,"ECONOMIA-percentage":0.139426800929512,"ESOTERISMO-occurances":7,"ESOTERISMO-percentage":0.10844306738962045,"FITNESS-occurances":7,"FITNESS-percentage":0.10844306738962045,"NATUREZA-occurances":5,"NATUREZA-percentage":0.07745933384972889,"INSTAGRAM-occurances":3,"INSTAGRAM-percentage":0.046475600309837335,"TWITTER-occurances":3,"TWITTER-percentage":0.046475600309837335,"POLÍTICA-occurances":1,"POLÍTICA-percentage":0.015491866769945779}