{"totalHistoryAmount":2654,"TECNOLOGIA-occurances":1049,"TECNOLOGIA-percentage":39.525244913338355,"DECORAÇÃO-occurances":315,"DECORAÇÃO-percentage":11.86887716654107,"FACEBOOK-occurances":101,"FACEBOOK-percentage":3.8055764883195176,"ESPORTE-occurances":64,"ESPORTE-percentage":2.4114544084400906,"POP/ARTE-occurances":37,"POP/ARTE-percentage":1.3941220798794274,"NOTÍCIAS-occurances":34,"NOTÍCIAS-percentage":1.281085154483798,"ALIMENTAÇÃO E SAÚDE-occurances":31,"ALIMENTAÇÃO E SAÚDE-percentage":1.1680482290881689,"SÉRIES E FILMES-occurances":31,"SÉRIES E FILMES-percentage":1.1680482290881689,"MODA-occurances":25,"MODA-percentage":0.9419743782969103,"YOUTUBE-occurances":18,"YOUTUBE-percentage":0.6782215523737755,"ECONOMIA-occurances":10,"ECONOMIA-percentage":0.37678975131876413,"FITNESS-occurances":10,"FITNESS-percentage":0.37678975131876413,"JOGOS-occurances":9,"JOGOS-percentage":0.33911077618688773,"INSTAGRAM-occurances":8,"INSTAGRAM-percentage":0.30143180105501133,"INTERNACIONAL-occurances":6,"INTERNACIONAL-percentage":0.22607385079125847,"VIAGENS-occurances":6,"VIAGENS-percentage":0.22607385079125847,"CARROS-occurances":5,"CARROS-percentage":0.18839487565938207,"EDUCAÇÃO-occurances":5,"EDUCAÇÃO-percentage":0.18839487565938207,"ESOTERISMO-occurances":4,"ESOTERISMO-percentage":0.15071590052750566,"NATUREZA-occurances":4,"NATUREZA-percentage":0.15071590052750566,"SEXO-occurances":4,"SEXO-percentage":0.15071590052750566,"TV E CELEBRIDADES-occurances":4,"TV E CELEBRIDADES-percentage":0.15071590052750566,"HUMOR-occurances":3,"HUMOR-percentage":0.11303692539562923,"CIÊNCIA-occurances":1,"CIÊNCIA-percentage":0.037678975131876416,"POLÍTICA-occurances":1,"POLÍTICA-percentage":0.037678975131876416,"TWITTER-occurances":1,"TWITTER-percentage":0.037678975131876416,"LINKEDIN-occurances":0,"LINKEDIN-percentage":0}