{"totalHistoryAmount":6634,"TECNOLOGIA-occurances":1668,"TECNOLOGIA-percentage":25.143201688272537,"FACEBOOK-occurances":722,"FACEBOOK-percentage":10.883328308712692,"NOTÍCIAS-occurances":399,"NOTÍCIAS-percentage":6.014470907446488,"DECORAÇÃO-occurances":357,"DECORAÇÃO-percentage":5.381368706662647,"MODA-occurances":252,"MODA-percentage":3.7986132047030448,"ESPORTE-occurances":220,"ESPORTE-percentage":3.316249623153452,"ESOTERISMO-occurances":162,"ESOTERISMO-percentage":2.4419656315948144,"LINKEDIN-occurances":136,"LINKEDIN-percentage":2.05004522158577,"TV E CELEBRIDADES-occurances":103,"TV E CELEBRIDADES-percentage":1.5526077781127525,"YOUTUBE-occurances":99,"YOUTUBE-percentage":1.4923123304190533,"POP/ARTE-occurances":92,"POP/ARTE-percentage":1.3867952969550799,"SÉRIES E FILMES-occurances":69,"SÉRIES E FILMES-percentage":1.04009647271631,"ALIMENTAÇÃO E SAÚDE-occurances":63,"ALIMENTAÇÃO E SAÚDE-percentage":0.9496533011757612,"POLÍTICA-occurances":55,"POLÍTICA-percentage":0.829062405788363,"CARROS-occurances":40,"CARROS-percentage":0.6029544769369912,"EDUCAÇÃO-occurances":32,"EDUCAÇÃO-percentage":0.482363581549593,"ECONOMIA-occurances":26,"ECONOMIA-percentage":0.3919204100090443,"CIÊNCIA-occurances":25,"CIÊNCIA-percentage":0.3768465480856195,"JOGOS-occurances":25,"JOGOS-percentage":0.3768465480856195,"NATUREZA-occurances":18,"NATUREZA-percentage":0.27132951462164606,"SEXO-occurances":15,"SEXO-percentage":0.2261079288513717,"INTERNACIONAL-occurances":14,"INTERNACIONAL-percentage":0.21103406692794693,"HUMOR-occurances":13,"HUMOR-percentage":0.19596020500452216,"TWITTER-occurances":10,"TWITTER-percentage":0.1507386192342478,"FITNESS-occurances":9,"FITNESS-percentage":0.13566475731082303,"INSTAGRAM-occurances":7,"INSTAGRAM-percentage":0.10551703346397347,"VIAGENS-occurances":6,"VIAGENS-percentage":0.09044317154054869}