{"totalHistoryAmount":6524,"TECNOLOGIA-occurances":1826,"TECNOLOGIA-percentage":27.988963825873697,"NOTÍCIAS-occurances":433,"NOTÍCIAS-percentage":6.637032495401594,"YOUTUBE-occurances":408,"YOUTUBE-percentage":6.253832004904966,"DECORAÇÃO-occurances":386,"DECORAÇÃO-percentage":5.916615573267934,"SÉRIES E FILMES-occurances":255,"SÉRIES E FILMES-percentage":3.908645003065604,"FACEBOOK-occurances":179,"FACEBOOK-percentage":2.7437155119558554,"ESPORTE-occurances":125,"ESPORTE-percentage":1.9160024524831392,"POP/ARTE-occurances":119,"POP/ARTE-percentage":1.8240343347639485,"TV E CELEBRIDADES-occurances":77,"TV E CELEBRIDADES-percentage":1.1802575107296138,"MODA-occurances":66,"MODA-percentage":1.0116492949110976,"ALIMENTAÇÃO E SAÚDE-occurances":58,"ALIMENTAÇÃO E SAÚDE-percentage":0.8890251379521765,"CARROS-occurances":56,"CARROS-percentage":0.8583690987124464,"JOGOS-occurances":40,"JOGOS-percentage":0.6131207847946045,"VIAGENS-occurances":37,"VIAGENS-percentage":0.5671367259350092,"SEXO-occurances":28,"SEXO-percentage":0.4291845493562232,"EDUCAÇÃO-occurances":24,"EDUCAÇÃO-percentage":0.3678724708767627,"INTERNACIONAL-occurances":19,"INTERNACIONAL-percentage":0.29123237277743713,"CIÊNCIA-occurances":11,"CIÊNCIA-percentage":0.16860821581851626,"HUMOR-occurances":10,"HUMOR-percentage":0.15328019619865113,"LINKEDIN-occurances":10,"LINKEDIN-percentage":0.15328019619865113,"ESOTERISMO-occurances":9,"ESOTERISMO-percentage":0.13795217657878603,"ECONOMIA-occurances":8,"ECONOMIA-percentage":0.12262415695892091,"FITNESS-occurances":8,"FITNESS-percentage":0.12262415695892091,"NATUREZA-occurances":5,"NATUREZA-percentage":0.07664009809932557,"TWITTER-occurances":3,"TWITTER-percentage":0.04598405885959534,"POLÍTICA-occurances":1,"POLÍTICA-percentage":0.015328019619865114,"INSTAGRAM-occurances":0,"INSTAGRAM-percentage":0}