{"totalHistoryAmount":6707,"TECNOLOGIA-occurances":1743,"TECNOLOGIA-percentage":25.987773967496647,"FACEBOOK-occurances":718,"FACEBOOK-percentage":10.705233338303266,"NOTÍCIAS-occurances":390,"NOTÍCIAS-percentage":5.814820336961383,"DECORAÇÃO-occurances":362,"DECORAÇÃO-percentage":5.397346056359028,"MODA-occurances":252,"MODA-percentage":3.757268525421202,"ESPORTE-occurances":217,"ESPORTE-percentage":3.235425674668257,"ESOTERISMO-occurances":168,"ESOTERISMO-percentage":2.5048456836141346,"LINKEDIN-occurances":137,"LINKEDIN-percentage":2.0426420158043834,"TV E CELEBRIDADES-occurances":108,"TV E CELEBRIDADES-percentage":1.6102579394662293,"YOUTUBE-occurances":105,"YOUTUBE-percentage":1.565528552258834,"POP/ARTE-occurances":79,"POP/ARTE-percentage":1.1778738631280752,"SÉRIES E FILMES-occurances":67,"SÉRIES E FILMES-percentage":0.9989563142984941,"ALIMENTAÇÃO E SAÚDE-occurances":65,"ALIMENTAÇÃO E SAÚDE-percentage":0.9691367228268972,"POLÍTICA-occurances":57,"POLÍTICA-percentage":0.8498583569405099,"CARROS-occurances":41,"CARROS-percentage":0.6113016251677352,"EDUCAÇÃO-occurances":32,"EDUCAÇÃO-percentage":0.4771134635455494,"JOGOS-occurances":26,"JOGOS-percentage":0.3876546891307589,"ECONOMIA-occurances":24,"ECONOMIA-percentage":0.35783509765916205,"CIÊNCIA-occurances":23,"CIÊNCIA-percentage":0.3429253019233636,"NATUREZA-occurances":18,"NATUREZA-percentage":0.26837632324437155,"INTERNACIONAL-occurances":14,"INTERNACIONAL-percentage":0.20873714030117788,"HUMOR-occurances":13,"HUMOR-percentage":0.19382734456537945,"SEXO-occurances":13,"SEXO-percentage":0.19382734456537945,"FITNESS-occurances":10,"FITNESS-percentage":0.1490979573579842,"TWITTER-occurances":10,"TWITTER-percentage":0.1490979573579842,"INSTAGRAM-occurances":8,"INSTAGRAM-percentage":0.11927836588638735,"VIAGENS-occurances":6,"VIAGENS-percentage":0.08945877441479051}