{"totalHistoryAmount":4047,"TECNOLOGIA-occurances":2095,"TECNOLOGIA-percentage":51.7667407956511,"YOUTUBE-occurances":286,"YOUTUBE-percentage":7.066963182604399,"FACEBOOK-occurances":213,"FACEBOOK-percentage":5.2631578947368425,"ESPORTE-occurances":175,"ESPORTE-percentage":4.3241907585866075,"POP/ARTE-occurances":66,"POP/ARTE-percentage":1.630837657524092,"FITNESS-occurances":57,"FITNESS-percentage":1.408450704225352,"ECONOMIA-occurances":35,"ECONOMIA-percentage":0.8648381517173215,"INSTAGRAM-occurances":33,"INSTAGRAM-percentage":0.815418828762046,"MODA-occurances":25,"MODA-percentage":0.6177415369409439,"NOTÍCIAS-occurances":22,"NOTÍCIAS-percentage":0.5436125525080306,"TV E CELEBRIDADES-occurances":19,"TV E CELEBRIDADES-percentage":0.4694835680751174,"JOGOS-occurances":18,"JOGOS-percentage":0.4447739065974796,"SÉRIES E FILMES-occurances":18,"SÉRIES E FILMES-percentage":0.4447739065974796,"POLÍTICA-occurances":16,"POLÍTICA-percentage":0.3953545836422041,"EDUCAÇÃO-occurances":13,"EDUCAÇÃO-percentage":0.32122559920929084,"VIAGENS-occurances":12,"VIAGENS-percentage":0.2965159377316531,"INTERNACIONAL-occurances":10,"INTERNACIONAL-percentage":0.24709661477637757,"CARROS-occurances":7,"CARROS-percentage":0.1729676303434643,"HUMOR-occurances":6,"HUMOR-percentage":0.14825796886582654,"DECORAÇÃO-occurances":5,"DECORAÇÃO-percentage":0.12354830738818878,"ESOTERISMO-occurances":5,"ESOTERISMO-percentage":0.12354830738818878,"SEXO-occurances":5,"SEXO-percentage":0.12354830738818878,"CIÊNCIA-occurances":1,"CIÊNCIA-percentage":0.024709661477637757,"LINKEDIN-occurances":1,"LINKEDIN-percentage":0.024709661477637757,"NATUREZA-occurances":1,"NATUREZA-percentage":0.024709661477637757,"TWITTER-occurances":1,"TWITTER-percentage":0.024709661477637757,"ALIMENTAÇÃO E SAÚDE-occurances":0,"ALIMENTAÇÃO E SAÚDE-percentage":0}