{"totalHistoryAmount":9293,"TECNOLOGIA-occurances":4269,"TECNOLOGIA-percentage":45.937802647153774,"ESPORTE-occurances":1577,"ESPORTE-percentage":16.96976218659206,"FACEBOOK-occurances":1205,"FACEBOOK-percentage":12.966749166038953,"SEXO-occurances":574,"SEXO-percentage":6.176692133864199,"INSTAGRAM-occurances":161,"INSTAGRAM-percentage":1.73248681803508,"CARROS-occurances":130,"CARROS-percentage":1.3989023996556549,"DECORAÇÃO-occurances":66,"DECORAÇÃO-percentage":0.7102119875174863,"POP/ARTE-occurances":62,"POP/ARTE-percentage":0.6671688367588507,"EDUCAÇÃO-occurances":49,"EDUCAÇÃO-percentage":0.5272785967932853,"NOTÍCIAS-occurances":47,"NOTÍCIAS-percentage":0.5057570214139675,"YOUTUBE-occurances":42,"YOUTUBE-percentage":0.4519530829656731,"ESOTERISMO-occurances":37,"ESOTERISMO-percentage":0.39814914451737865,"JOGOS-occurances":23,"JOGOS-percentage":0.2474981168621543,"LINKEDIN-occurances":21,"LINKEDIN-percentage":0.22597654148283655,"MODA-occurances":17,"MODA-percentage":0.182933390724201,"ECONOMIA-occurances":11,"ECONOMIA-percentage":0.11836866458624772,"SÉRIES E FILMES-occurances":11,"SÉRIES E FILMES-percentage":0.11836866458624772,"TV E CELEBRIDADES-occurances":10,"TV E CELEBRIDADES-percentage":0.10760787689658884,"TWITTER-occurances":10,"TWITTER-percentage":0.10760787689658884,"ALIMENTAÇÃO E SAÚDE-occurances":4,"ALIMENTAÇÃO E SAÚDE-percentage":0.04304315075863553,"FITNESS-occurances":4,"FITNESS-percentage":0.04304315075863553,"VIAGENS-occurances":3,"VIAGENS-percentage":0.03228236306897665,"CIÊNCIA-occurances":2,"CIÊNCIA-percentage":0.021521575379317766,"POLÍTICA-occurances":2,"POLÍTICA-percentage":0.021521575379317766,"INTERNACIONAL-occurances":1,"INTERNACIONAL-percentage":0.010760787689658883,"HUMOR-occurances":0,"HUMOR-percentage":0,"NATUREZA-occurances":0,"NATUREZA-percentage":0}