{"totalHistoryAmount":5495,"TECNOLOGIA-occurances":1535,"TECNOLOGIA-percentage":27.934485896269337,"YOUTUBE-occurances":527,"YOUTUBE-percentage":9.590536851683348,"SÉRIES E FILMES-occurances":374,"SÉRIES E FILMES-percentage":6.806187443130118,"DECORAÇÃO-occurances":306,"DECORAÇÃO-percentage":5.56869881710646,"NOTÍCIAS-occurances":284,"NOTÍCIAS-percentage":5.168334849863513,"FACEBOOK-occurances":173,"FACEBOOK-percentage":3.1483166515013647,"POP/ARTE-occurances":101,"POP/ARTE-percentage":1.8380345768880801,"TV E CELEBRIDADES-occurances":69,"TV E CELEBRIDADES-percentage":1.2556869881710646,"ESPORTE-occurances":64,"ESPORTE-percentage":1.1646951774340308,"CARROS-occurances":61,"CARROS-percentage":1.1101000909918108,"ALIMENTAÇÃO E SAÚDE-occurances":43,"ALIMENTAÇÃO E SAÚDE-percentage":0.7825295723384895,"JOGOS-occurances":36,"JOGOS-percentage":0.6551410373066424,"SEXO-occurances":24,"SEXO-percentage":0.4367606915377616,"MODA-occurances":21,"MODA-percentage":0.3821656050955414,"INTERNACIONAL-occurances":18,"INTERNACIONAL-percentage":0.3275705186533212,"EDUCAÇÃO-occurances":12,"EDUCAÇÃO-percentage":0.2183803457688808,"VIAGENS-occurances":10,"VIAGENS-percentage":0.18198362147406733,"HUMOR-occurances":9,"HUMOR-percentage":0.1637852593266606,"CIÊNCIA-occurances":8,"CIÊNCIA-percentage":0.14558689717925385,"ESOTERISMO-occurances":6,"ESOTERISMO-percentage":0.1091901728844404,"LINKEDIN-occurances":6,"LINKEDIN-percentage":0.1091901728844404,"INSTAGRAM-occurances":5,"INSTAGRAM-percentage":0.09099181073703366,"FITNESS-occurances":4,"FITNESS-percentage":0.07279344858962693,"NATUREZA-occurances":4,"NATUREZA-percentage":0.07279344858962693,"ECONOMIA-occurances":3,"ECONOMIA-percentage":0.0545950864422202,"TWITTER-occurances":1,"TWITTER-percentage":0.018198362147406732,"POLÍTICA-occurances":0,"POLÍTICA-percentage":0}