{"totalHistoryAmount":6957,"TECNOLOGIA-occurances":1822,"TECNOLOGIA-percentage":26.18944947534857,"NOTÍCIAS-occurances":485,"NOTÍCIAS-percentage":6.971395716544488,"FACEBOOK-occurances":428,"FACEBOOK-percentage":6.1520770447031765,"DECORAÇÃO-occurances":370,"DECORAÇÃO-percentage":5.318384361075176,"MODA-occurances":274,"MODA-percentage":3.9384792295529683,"YOUTUBE-occurances":188,"YOUTUBE-percentage":2.702314215897657,"ESPORTE-occurances":184,"ESPORTE-percentage":2.6448181687508985,"POP/ARTE-occurances":127,"POP/ARTE-percentage":1.8254994969095875,"SÉRIES E FILMES-occurances":108,"SÉRIES E FILMES-percentage":1.5523932729624839,"TV E CELEBRIDADES-occurances":59,"TV E CELEBRIDADES-percentage":0.8480666954146903,"ALIMENTAÇÃO E SAÚDE-occurances":58,"ALIMENTAÇÃO E SAÚDE-percentage":0.8336926836280005,"CARROS-occurances":51,"CARROS-percentage":0.733074601121173,"JOGOS-occurances":35,"JOGOS-percentage":0.5030904125341383,"VIAGENS-occurances":35,"VIAGENS-percentage":0.5030904125341383,"EDUCAÇÃO-occurances":33,"EDUCAÇÃO-percentage":0.4743423889607589,"SEXO-occurances":32,"SEXO-percentage":0.4599683771740693,"INTERNACIONAL-occurances":22,"INTERNACIONAL-percentage":0.31622825930717263,"CIÊNCIA-occurances":21,"CIÊNCIA-percentage":0.30185424752048295,"HUMOR-occurances":18,"HUMOR-percentage":0.258732212160414,"ECONOMIA-occurances":11,"ECONOMIA-percentage":0.15811412965358632,"LINKEDIN-occurances":10,"LINKEDIN-percentage":0.14374011786689664,"NATUREZA-occurances":8,"NATUREZA-percentage":0.11499209429351732,"ESOTERISMO-occurances":6,"ESOTERISMO-percentage":0.086244070720138,"POLÍTICA-occurances":6,"POLÍTICA-percentage":0.086244070720138,"FITNESS-occurances":5,"FITNESS-percentage":0.07187005893344832,"INSTAGRAM-occurances":4,"INSTAGRAM-percentage":0.05749604714675866,"TWITTER-occurances":4,"TWITTER-percentage":0.05749604714675866}