{"totalHistoryAmount":6606,"TECNOLOGIA-occurances":1832,"TECNOLOGIA-percentage":27.732364517105662,"NOTÍCIAS-occurances":437,"NOTÍCIAS-percentage":6.615198304571601,"YOUTUBE-occurances":412,"YOUTUBE-percentage":6.2367544656373,"DECORAÇÃO-occurances":387,"DECORAÇÃO-percentage":5.858310626702997,"SÉRIES E FILMES-occurances":252,"SÉRIES E FILMES-percentage":3.8147138964577656,"FACEBOOK-occurances":181,"FACEBOOK-percentage":2.7399333938843475,"POP/ARTE-occurances":133,"POP/ARTE-percentage":2.0133212231304873,"ESPORTE-occurances":128,"ESPORTE-percentage":1.937632455343627,"TV E CELEBRIDADES-occurances":75,"TV E CELEBRIDADES-percentage":1.1353315168029066,"MODA-occurances":66,"MODA-percentage":0.9990917347865577,"ALIMENTAÇÃO E SAÚDE-occurances":58,"ALIMENTAÇÃO E SAÚDE-percentage":0.877989706327581,"CARROS-occurances":58,"CARROS-percentage":0.877989706327581,"JOGOS-occurances":40,"JOGOS-percentage":0.6055101422948834,"VIAGENS-occurances":37,"VIAGENS-percentage":0.5600968816227672,"SEXO-occurances":28,"SEXO-percentage":0.42385709960641843,"EDUCAÇÃO-occurances":24,"EDUCAÇÃO-percentage":0.36330608537693004,"INTERNACIONAL-occurances":19,"INTERNACIONAL-percentage":0.28761731759006964,"CIÊNCIA-occurances":11,"CIÊNCIA-percentage":0.16651528913109295,"HUMOR-occurances":10,"HUMOR-percentage":0.15137753557372086,"LINKEDIN-occurances":10,"LINKEDIN-percentage":0.15137753557372086,"ECONOMIA-occurances":8,"ECONOMIA-percentage":0.12110202845897669,"ESOTERISMO-occurances":8,"ESOTERISMO-percentage":0.12110202845897669,"FITNESS-occurances":8,"FITNESS-percentage":0.12110202845897669,"NATUREZA-occurances":5,"NATUREZA-percentage":0.07568876778686043,"TWITTER-occurances":3,"TWITTER-percentage":0.045413260672116255,"POLÍTICA-occurances":1,"POLÍTICA-percentage":0.015137753557372086,"INSTAGRAM-occurances":0,"INSTAGRAM-percentage":0}