{"totalHistoryAmount":6418,"TECNOLOGIA-occurances":1562,"TECNOLOGIA-percentage":24.33779993767529,"FACEBOOK-occurances":707,"FACEBOOK-percentage":11.015892801495793,"NOTÍCIAS-occurances":378,"NOTÍCIAS-percentage":5.889685260205671,"DECORAÇÃO-occurances":353,"DECORAÇÃO-percentage":5.50015581177937,"MODA-occurances":248,"MODA-percentage":3.8641321283889063,"ESPORTE-occurances":213,"ESPORTE-percentage":3.318790900592085,"ESOTERISMO-occurances":160,"ESOTERISMO-percentage":2.4929884699283265,"LINKEDIN-occurances":136,"LINKEDIN-percentage":2.1190401994390777,"TV E CELEBRIDADES-occurances":96,"TV E CELEBRIDADES-percentage":1.495793081956996,"YOUTUBE-occurances":92,"YOUTUBE-percentage":1.4334683702087878,"POP/ARTE-occurances":91,"POP/ARTE-percentage":1.4178871922717358,"SÉRIES E FILMES-occurances":76,"SÉRIES E FILMES-percentage":1.184169523215955,"POLÍTICA-occurances":55,"POLÍTICA-percentage":0.8569647865378622,"ALIMENTAÇÃO E SAÚDE-occurances":54,"ALIMENTAÇÃO E SAÚDE-percentage":0.8413836086008102,"CARROS-occurances":37,"CARROS-percentage":0.5765035836709255,"EDUCAÇÃO-occurances":30,"EDUCAÇÃO-percentage":0.46743533811156124,"ECONOMIA-occurances":26,"ECONOMIA-percentage":0.40511062636335304,"CIÊNCIA-occurances":24,"CIÊNCIA-percentage":0.373948270489249,"NATUREZA-occurances":18,"NATUREZA-percentage":0.28046120286693677,"SEXO-occurances":18,"SEXO-percentage":0.28046120286693677,"JOGOS-occurances":17,"JOGOS-percentage":0.2648800249298847,"HUMOR-occurances":15,"HUMOR-percentage":0.23371766905578062,"INTERNACIONAL-occurances":13,"INTERNACIONAL-percentage":0.20255531318167652,"TWITTER-occurances":10,"TWITTER-percentage":0.1558117793705204,"FITNESS-occurances":9,"FITNESS-percentage":0.14023060143346838,"INSTAGRAM-occurances":8,"INSTAGRAM-percentage":0.12464942349641633,"VIAGENS-occurances":4,"VIAGENS-percentage":0.06232471174820817}