{"totalHistoryAmount":6856,"TECNOLOGIA-occurances":1894,"TECNOLOGIA-percentage":27.62543757292882,"NOTÍCIAS-occurances":463,"NOTÍCIAS-percentage":6.753208868144691,"DECORAÇÃO-occurances":363,"DECORAÇÃO-percentage":5.29463243873979,"FACEBOOK-occurances":293,"FACEBOOK-percentage":4.273628938156359,"MODA-occurances":270,"MODA-percentage":3.9381563593932323,"YOUTUBE-occurances":234,"YOUTUBE-percentage":3.413068844807468,"SÉRIES E FILMES-occurances":163,"SÉRIES E FILMES-percentage":2.377479579929988,"ESPORTE-occurances":158,"ESPORTE-percentage":2.3045507584597433,"POP/ARTE-occurances":130,"POP/ARTE-percentage":1.896149358226371,"ALIMENTAÇÃO E SAÚDE-occurances":70,"ALIMENTAÇÃO E SAÚDE-percentage":1.0210035005834306,"TV E CELEBRIDADES-occurances":58,"TV E CELEBRIDADES-percentage":0.8459743290548425,"CARROS-occurances":44,"CARROS-percentage":0.6417736289381564,"JOGOS-occurances":36,"JOGOS-percentage":0.5250875145857643,"VIAGENS-occurances":36,"VIAGENS-percentage":0.5250875145857643,"SEXO-occurances":32,"SEXO-percentage":0.46674445740956827,"EDUCAÇÃO-occurances":26,"EDUCAÇÃO-percentage":0.3792298716452742,"CIÊNCIA-occurances":16,"CIÊNCIA-percentage":0.23337222870478413,"INTERNACIONAL-occurances":16,"INTERNACIONAL-percentage":0.23337222870478413,"HUMOR-occurances":11,"HUMOR-percentage":0.1604434072345391,"ECONOMIA-occurances":10,"ECONOMIA-percentage":0.14585764294049008,"LINKEDIN-occurances":10,"LINKEDIN-percentage":0.14585764294049008,"NATUREZA-occurances":8,"NATUREZA-percentage":0.11668611435239207,"FITNESS-occurances":7,"FITNESS-percentage":0.10210035005834306,"ESOTERISMO-occurances":5,"ESOTERISMO-percentage":0.07292882147024504,"INSTAGRAM-occurances":4,"INSTAGRAM-percentage":0.058343057176196034,"TWITTER-occurances":3,"TWITTER-percentage":0.043757292882147025,"POLÍTICA-occurances":2,"POLÍTICA-percentage":0.029171528588098017}