{"totalHistoryAmount":2953,"TECNOLOGIA-occurances":1012,"TECNOLOGIA-percentage":34.27023366068405,"LINKEDIN-occurances":161,"LINKEDIN-percentage":5.4520826278360985,"EDUCAÇÃO-occurances":86,"EDUCAÇÃO-percentage":2.9122925838130715,"FACEBOOK-occurances":55,"FACEBOOK-percentage":1.86251269895022,"VIAGENS-occurances":55,"VIAGENS-percentage":1.86251269895022,"CARROS-occurances":35,"CARROS-percentage":1.1852353538774127,"NOTÍCIAS-occurances":31,"NOTÍCIAS-percentage":1.0497798848628512,"ESPORTE-occurances":29,"ESPORTE-percentage":0.9820521503555706,"YOUTUBE-occurances":29,"YOUTUBE-percentage":0.9820521503555706,"FITNESS-occurances":26,"FITNESS-percentage":0.8804605485946495,"TV E CELEBRIDADES-occurances":26,"TV E CELEBRIDADES-percentage":0.8804605485946495,"INSTAGRAM-occurances":25,"INSTAGRAM-percentage":0.8465966813410092,"TWITTER-occurances":22,"TWITTER-percentage":0.745005079580088,"CIÊNCIA-occurances":21,"CIÊNCIA-percentage":0.7111412123264477,"DECORAÇÃO-occurances":21,"DECORAÇÃO-percentage":0.7111412123264477,"SEXO-occurances":16,"SEXO-percentage":0.5418218760582458,"ECONOMIA-occurances":14,"ECONOMIA-percentage":0.47409414155096513,"JOGOS-occurances":14,"JOGOS-percentage":0.47409414155096513,"POP/ARTE-occurances":9,"POP/ARTE-percentage":0.3047748052827633,"ESOTERISMO-occurances":7,"ESOTERISMO-percentage":0.23704707077548257,"MODA-occurances":7,"MODA-percentage":0.23704707077548257,"POLÍTICA-occurances":5,"POLÍTICA-percentage":0.16931933626820184,"ALIMENTAÇÃO E SAÚDE-occurances":4,"ALIMENTAÇÃO E SAÚDE-percentage":0.13545546901456146,"SÉRIES E FILMES-occurances":1,"SÉRIES E FILMES-percentage":0.033863867253640365,"HUMOR-occurances":0,"HUMOR-percentage":0,"INTERNACIONAL-occurances":0,"INTERNACIONAL-percentage":0,"NATUREZA-occurances":0,"NATUREZA-percentage":0}