{"totalHistoryAmount":3409,"TECNOLOGIA-occurances":1198,"TECNOLOGIA-percentage":35.14227046054562,"LINKEDIN-occurances":287,"LINKEDIN-percentage":8.41889117043121,"EDUCAÇÃO-occurances":99,"EDUCAÇÃO-percentage":2.904077442065122,"FACEBOOK-occurances":98,"FACEBOOK-percentage":2.8747433264887063,"CARROS-occurances":43,"CARROS-percentage":1.261366969785861,"VIAGENS-occurances":40,"VIAGENS-percentage":1.1733646230566148,"INSTAGRAM-occurances":35,"INSTAGRAM-percentage":1.0266940451745379,"ESPORTE-occurances":32,"ESPORTE-percentage":0.9386916984452919,"NOTÍCIAS-occurances":30,"NOTÍCIAS-percentage":0.8800234672924612,"SÉRIES E FILMES-occurances":28,"SÉRIES E FILMES-percentage":0.8213552361396304,"FITNESS-occurances":27,"FITNESS-percentage":0.792021120563215,"YOUTUBE-occurances":27,"YOUTUBE-percentage":0.792021120563215,"CIÊNCIA-occurances":20,"CIÊNCIA-percentage":0.5866823115283074,"DECORAÇÃO-occurances":19,"DECORAÇÃO-percentage":0.557348195951892,"POP/ARTE-occurances":18,"POP/ARTE-percentage":0.5280140803754767,"JOGOS-occurances":17,"JOGOS-percentage":0.4986799647990613,"MODA-occurances":17,"MODA-percentage":0.4986799647990613,"TWITTER-occurances":17,"TWITTER-percentage":0.4986799647990613,"ECONOMIA-occurances":15,"ECONOMIA-percentage":0.4400117336462306,"TV E CELEBRIDADES-occurances":14,"TV E CELEBRIDADES-percentage":0.4106776180698152,"SEXO-occurances":11,"SEXO-percentage":0.32267527134056906,"ESOTERISMO-occurances":6,"ESOTERISMO-percentage":0.17600469345849223,"ALIMENTAÇÃO E SAÚDE-occurances":5,"ALIMENTAÇÃO E SAÚDE-percentage":0.14667057788207685,"POLÍTICA-occurances":4,"POLÍTICA-percentage":0.11733646230566148,"HUMOR-occurances":0,"HUMOR-percentage":0,"INTERNACIONAL-occurances":0,"INTERNACIONAL-percentage":0,"NATUREZA-occurances":0,"NATUREZA-percentage":0}