{"totalHistoryAmount":5348,"TECNOLOGIA-occurances":1493,"TECNOLOGIA-percentage":27.916978309648467,"YOUTUBE-occurances":549,"YOUTUBE-percentage":10.265519820493642,"SÉRIES E FILMES-occurances":370,"SÉRIES E FILMES-percentage":6.918474195961107,"DECORAÇÃO-occurances":279,"DECORAÇÃO-percentage":5.2169035153328345,"NOTÍCIAS-occurances":239,"NOTÍCIAS-percentage":4.468960359012715,"FACEBOOK-occurances":159,"FACEBOOK-percentage":2.9730740463724756,"POP/ARTE-occurances":100,"POP/ARTE-percentage":1.8698578908002992,"TV E CELEBRIDADES-occurances":68,"TV E CELEBRIDADES-percentage":1.2715033657442034,"ESPORTE-occurances":64,"ESPORTE-percentage":1.1967090501121915,"CARROS-occurances":60,"CARROS-percentage":1.1219147344801794,"ALIMENTAÇÃO E SAÚDE-occurances":43,"ALIMENTAÇÃO E SAÚDE-percentage":0.8040388930441287,"JOGOS-occurances":36,"JOGOS-percentage":0.6731488406881077,"SEXO-occurances":24,"SEXO-percentage":0.4487658937920718,"MODA-occurances":19,"MODA-percentage":0.35527299925205685,"INTERNACIONAL-occurances":18,"INTERNACIONAL-percentage":0.3365744203440538,"EDUCAÇÃO-occurances":12,"EDUCAÇÃO-percentage":0.2243829468960359,"VIAGENS-occurances":10,"VIAGENS-percentage":0.1869857890800299,"HUMOR-occurances":9,"HUMOR-percentage":0.1682872101720269,"CIÊNCIA-occurances":8,"CIÊNCIA-percentage":0.14958863126402394,"ESOTERISMO-occurances":6,"ESOTERISMO-percentage":0.11219147344801796,"LINKEDIN-occurances":6,"LINKEDIN-percentage":0.11219147344801796,"INSTAGRAM-occurances":5,"INSTAGRAM-percentage":0.09349289454001496,"FITNESS-occurances":4,"FITNESS-percentage":0.07479431563201197,"NATUREZA-occurances":4,"NATUREZA-percentage":0.07479431563201197,"ECONOMIA-occurances":3,"ECONOMIA-percentage":0.05609573672400898,"TWITTER-occurances":1,"TWITTER-percentage":0.018698578908002993,"POLÍTICA-occurances":0,"POLÍTICA-percentage":0}