{"totalHistoryAmount":6599,"TECNOLOGIA-occurances":1832,"TECNOLOGIA-percentage":27.76178208819518,"NOTÍCIAS-occurances":437,"NOTÍCIAS-percentage":6.62221548719503,"YOUTUBE-occurances":407,"YOUTUBE-percentage":6.16760115168965,"DECORAÇÃO-occurances":387,"DECORAÇÃO-percentage":5.864524928019397,"SÉRIES E FILMES-occurances":252,"SÉRIES E FILMES-percentage":3.818760418245189,"FACEBOOK-occurances":180,"FACEBOOK-percentage":2.7276860130322778,"POP/ARTE-occurances":133,"POP/ARTE-percentage":2.0154568874071828,"ESPORTE-occurances":128,"ESPORTE-percentage":1.9396878314896195,"TV E CELEBRIDADES-occurances":75,"TV E CELEBRIDADES-percentage":1.136535838763449,"MODA-occurances":66,"MODA-percentage":1.000151538111835,"ALIMENTAÇÃO E SAÚDE-occurances":58,"ALIMENTAÇÃO E SAÚDE-percentage":0.8789210486437339,"CARROS-occurances":58,"CARROS-percentage":0.8789210486437339,"JOGOS-occurances":40,"JOGOS-percentage":0.6061524473405061,"VIAGENS-occurances":37,"VIAGENS-percentage":0.5606910137899682,"SEXO-occurances":28,"SEXO-percentage":0.4243067131383543,"EDUCAÇÃO-occurances":24,"EDUCAÇÃO-percentage":0.36369146840430366,"INTERNACIONAL-occurances":19,"INTERNACIONAL-percentage":0.28792241248674044,"CIÊNCIA-occurances":11,"CIÊNCIA-percentage":0.1666919230186392,"HUMOR-occurances":10,"HUMOR-percentage":0.15153811183512653,"LINKEDIN-occurances":10,"LINKEDIN-percentage":0.15153811183512653,"ECONOMIA-occurances":8,"ECONOMIA-percentage":0.12123048946810122,"ESOTERISMO-occurances":8,"ESOTERISMO-percentage":0.12123048946810122,"FITNESS-occurances":8,"FITNESS-percentage":0.12123048946810122,"NATUREZA-occurances":5,"NATUREZA-percentage":0.07576905591756326,"TWITTER-occurances":3,"TWITTER-percentage":0.04546143355053796,"POLÍTICA-occurances":1,"POLÍTICA-percentage":0.015153811183512653,"INSTAGRAM-occurances":0,"INSTAGRAM-percentage":0}