{"totalHistoryAmount":2020,"TECNOLOGIA-occurances":1114,"TECNOLOGIA-percentage":55.148514851485146,"YOUTUBE-occurances":167,"YOUTUBE-percentage":8.267326732673267,"ESPORTE-occurances":94,"ESPORTE-percentage":4.653465346534653,"FITNESS-occurances":56,"FITNESS-percentage":2.772277227722772,"ECONOMIA-occurances":33,"ECONOMIA-percentage":1.6336633663366336,"POP/ARTE-occurances":29,"POP/ARTE-percentage":1.4356435643564356,"FACEBOOK-occurances":18,"FACEBOOK-percentage":0.8910891089108911,"INSTAGRAM-occurances":18,"INSTAGRAM-percentage":0.8910891089108911,"NOTÍCIAS-occurances":14,"NOTÍCIAS-percentage":0.693069306930693,"SÉRIES E FILMES-occurances":14,"SÉRIES E FILMES-percentage":0.693069306930693,"JOGOS-occurances":13,"JOGOS-percentage":0.6435643564356436,"EDUCAÇÃO-occurances":12,"EDUCAÇÃO-percentage":0.594059405940594,"VIAGENS-occurances":11,"VIAGENS-percentage":0.5445544554455446,"POLÍTICA-occurances":6,"POLÍTICA-percentage":0.297029702970297,"CARROS-occurances":5,"CARROS-percentage":0.24752475247524752,"TV E CELEBRIDADES-occurances":5,"TV E CELEBRIDADES-percentage":0.24752475247524752,"ESOTERISMO-occurances":2,"ESOTERISMO-percentage":0.09900990099009901,"HUMOR-occurances":2,"HUMOR-percentage":0.09900990099009901,"CIÊNCIA-occurances":1,"CIÊNCIA-percentage":0.04950495049504951,"DECORAÇÃO-occurances":1,"DECORAÇÃO-percentage":0.04950495049504951,"LINKEDIN-occurances":1,"LINKEDIN-percentage":0.04950495049504951,"MODA-occurances":1,"MODA-percentage":0.04950495049504951,"NATUREZA-occurances":1,"NATUREZA-percentage":0.04950495049504951,"ALIMENTAÇÃO E SAÚDE-occurances":0,"ALIMENTAÇÃO E SAÚDE-percentage":0,"INTERNACIONAL-occurances":0,"INTERNACIONAL-percentage":0,"SEXO-occurances":0,"SEXO-percentage":0,"TWITTER-occurances":0,"TWITTER-percentage":0}