{"totalHistoryAmount":8765,"TECNOLOGIA-occurances":4067,"TECNOLOGIA-percentage":46.400456360524814,"ESPORTE-occurances":1490,"ESPORTE-percentage":16.999429549343983,"FACEBOOK-occurances":1056,"FACEBOOK-percentage":12.047917855105533,"SEXO-occurances":445,"SEXO-percentage":5.077010838562464,"INSTAGRAM-occurances":186,"INSTAGRAM-percentage":2.1220764403879064,"CARROS-occurances":121,"CARROS-percentage":1.3804905875641758,"DECORAÇÃO-occurances":66,"DECORAÇÃO-percentage":0.7529948659440958,"POP/ARTE-occurances":65,"POP/ARTE-percentage":0.7415858528237308,"EDUCAÇÃO-occurances":63,"EDUCAÇÃO-percentage":0.7187678265830005,"NOTÍCIAS-occurances":48,"NOTÍCIAS-percentage":0.5476326297775242,"YOUTUBE-occurances":46,"YOUTUBE-percentage":0.5248146035367941,"ESOTERISMO-occurances":43,"ESOTERISMO-percentage":0.4905875641756988,"JOGOS-occurances":25,"JOGOS-percentage":0.2852253280091272,"LINKEDIN-occurances":21,"LINKEDIN-percentage":0.23958927552766685,"SÉRIES E FILMES-occurances":19,"SÉRIES E FILMES-percentage":0.21677124928693667,"MODA-occurances":17,"MODA-percentage":0.1939532230462065,"TWITTER-occurances":15,"TWITTER-percentage":0.17113519680547631,"ECONOMIA-occurances":11,"ECONOMIA-percentage":0.12549914432401596,"TV E CELEBRIDADES-occurances":10,"TV E CELEBRIDADES-percentage":0.11409013120365089,"ALIMENTAÇÃO E SAÚDE-occurances":4,"ALIMENTAÇÃO E SAÚDE-percentage":0.045636052481460354,"FITNESS-occurances":4,"FITNESS-percentage":0.045636052481460354,"VIAGENS-occurances":3,"VIAGENS-percentage":0.034227039361095266,"POLÍTICA-occurances":2,"POLÍTICA-percentage":0.022818026240730177,"CIÊNCIA-occurances":1,"CIÊNCIA-percentage":0.011409013120365089,"INTERNACIONAL-occurances":1,"INTERNACIONAL-percentage":0.011409013120365089,"HUMOR-occurances":0,"HUMOR-percentage":0,"NATUREZA-occurances":0,"NATUREZA-percentage":0}