{"totalHistoryAmount":6928,"TECNOLOGIA-occurances":1904,"TECNOLOGIA-percentage":27.48267898383372,"NOTÍCIAS-occurances":465,"NOTÍCIAS-percentage":6.71189376443418,"DECORAÇÃO-occurances":364,"DECORAÇÃO-percentage":5.254041570438799,"FACEBOOK-occurances":319,"FACEBOOK-percentage":4.604503464203233,"MODA-occurances":268,"MODA-percentage":3.868360277136259,"YOUTUBE-occurances":238,"YOUTUBE-percentage":3.435334872979215,"SÉRIES E FILMES-occurances":165,"SÉRIES E FILMES-percentage":2.381639722863741,"ESPORTE-occurances":161,"ESPORTE-percentage":2.3239030023094687,"POP/ARTE-occurances":128,"POP/ARTE-percentage":1.8475750577367205,"ALIMENTAÇÃO E SAÚDE-occurances":72,"ALIMENTAÇÃO E SAÚDE-percentage":1.0392609699769053,"TV E CELEBRIDADES-occurances":59,"TV E CELEBRIDADES-percentage":0.8516166281755196,"CARROS-occurances":47,"CARROS-percentage":0.6784064665127021,"JOGOS-occurances":36,"JOGOS-percentage":0.5196304849884527,"VIAGENS-occurances":36,"VIAGENS-percentage":0.5196304849884527,"SEXO-occurances":32,"SEXO-percentage":0.4618937644341801,"EDUCAÇÃO-occurances":26,"EDUCAÇÃO-percentage":0.37528868360277134,"CIÊNCIA-occurances":18,"CIÊNCIA-percentage":0.25981524249422633,"INTERNACIONAL-occurances":17,"INTERNACIONAL-percentage":0.2453810623556582,"HUMOR-occurances":11,"HUMOR-percentage":0.15877598152424943,"LINKEDIN-occurances":10,"LINKEDIN-percentage":0.14434180138568128,"ECONOMIA-occurances":9,"ECONOMIA-percentage":0.12990762124711316,"NATUREZA-occurances":8,"NATUREZA-percentage":0.11547344110854503,"FITNESS-occurances":7,"FITNESS-percentage":0.10103926096997691,"ESOTERISMO-occurances":5,"ESOTERISMO-percentage":0.07217090069284064,"INSTAGRAM-occurances":4,"INSTAGRAM-percentage":0.057736720554272515,"TWITTER-occurances":3,"TWITTER-percentage":0.04330254041570439,"POLÍTICA-occurances":2,"POLÍTICA-percentage":0.028868360277136258}