{"totalHistoryAmount":1932,"TECNOLOGIA-occurances":1060,"TECNOLOGIA-percentage":54.86542443064182,"YOUTUBE-occurances":167,"YOUTUBE-percentage":8.643892339544513,"ESPORTE-occurances":93,"ESPORTE-percentage":4.813664596273292,"FITNESS-occurances":56,"FITNESS-percentage":2.898550724637681,"ECONOMIA-occurances":33,"ECONOMIA-percentage":1.7080745341614907,"POP/ARTE-occurances":29,"POP/ARTE-percentage":1.5010351966873705,"FACEBOOK-occurances":18,"FACEBOOK-percentage":0.9316770186335404,"INSTAGRAM-occurances":18,"INSTAGRAM-percentage":0.9316770186335404,"SÉRIES E FILMES-occurances":14,"SÉRIES E FILMES-percentage":0.7246376811594203,"JOGOS-occurances":13,"JOGOS-percentage":0.6728778467908902,"EDUCAÇÃO-occurances":12,"EDUCAÇÃO-percentage":0.6211180124223602,"NOTÍCIAS-occurances":12,"NOTÍCIAS-percentage":0.6211180124223602,"VIAGENS-occurances":11,"VIAGENS-percentage":0.5693581780538303,"POLÍTICA-occurances":6,"POLÍTICA-percentage":0.3105590062111801,"CARROS-occurances":5,"CARROS-percentage":0.2587991718426501,"TV E CELEBRIDADES-occurances":5,"TV E CELEBRIDADES-percentage":0.2587991718426501,"ESOTERISMO-occurances":2,"ESOTERISMO-percentage":0.10351966873706005,"HUMOR-occurances":2,"HUMOR-percentage":0.10351966873706005,"CIÊNCIA-occurances":1,"CIÊNCIA-percentage":0.051759834368530024,"DECORAÇÃO-occurances":1,"DECORAÇÃO-percentage":0.051759834368530024,"LINKEDIN-occurances":1,"LINKEDIN-percentage":0.051759834368530024,"MODA-occurances":1,"MODA-percentage":0.051759834368530024,"NATUREZA-occurances":1,"NATUREZA-percentage":0.051759834368530024,"ALIMENTAÇÃO E SAÚDE-occurances":0,"ALIMENTAÇÃO E SAÚDE-percentage":0,"INTERNACIONAL-occurances":0,"INTERNACIONAL-percentage":0,"SEXO-occurances":0,"SEXO-percentage":0,"TWITTER-occurances":0,"TWITTER-percentage":0}