{"totalHistoryAmount":3106,"TECNOLOGIA-occurances":1138,"TECNOLOGIA-percentage":36.638763683193815,"DECORAÇÃO-occurances":420,"DECORAÇÃO-percentage":13.522215067611075,"FACEBOOK-occurances":152,"FACEBOOK-percentage":4.8937540244687705,"ESPORTE-occurances":115,"ESPORTE-percentage":3.7025112685125565,"POP/ARTE-occurances":43,"POP/ARTE-percentage":1.3844172569220863,"ALIMENTAÇÃO E SAÚDE-occurances":35,"ALIMENTAÇÃO E SAÚDE-percentage":1.1268512556342563,"NOTÍCIAS-occurances":34,"NOTÍCIAS-percentage":1.0946555054732776,"SÉRIES E FILMES-occurances":32,"SÉRIES E FILMES-percentage":1.03026400515132,"MODA-occurances":24,"MODA-percentage":0.77269800386349,"JOGOS-occurances":21,"JOGOS-percentage":0.6761107533805538,"YOUTUBE-occurances":19,"YOUTUBE-percentage":0.6117192530585963,"TWITTER-occurances":16,"TWITTER-percentage":0.51513200257566,"FITNESS-occurances":11,"FITNESS-percentage":0.3541532517707663,"ECONOMIA-occurances":10,"ECONOMIA-percentage":0.32195750160978753,"CARROS-occurances":9,"CARROS-percentage":0.2897617514488088,"INSTAGRAM-occurances":8,"INSTAGRAM-percentage":0.25756600128783,"VIAGENS-occurances":7,"VIAGENS-percentage":0.22537025112685125,"INTERNACIONAL-occurances":6,"INTERNACIONAL-percentage":0.1931745009658725,"EDUCAÇÃO-occurances":5,"EDUCAÇÃO-percentage":0.16097875080489377,"ESOTERISMO-occurances":4,"ESOTERISMO-percentage":0.128783000643915,"NATUREZA-occurances":4,"NATUREZA-percentage":0.128783000643915,"TV E CELEBRIDADES-occurances":4,"TV E CELEBRIDADES-percentage":0.128783000643915,"HUMOR-occurances":3,"HUMOR-percentage":0.09658725048293625,"CIÊNCIA-occurances":2,"CIÊNCIA-percentage":0.0643915003219575,"POLÍTICA-occurances":2,"POLÍTICA-percentage":0.0643915003219575,"SEXO-occurances":2,"SEXO-percentage":0.0643915003219575,"LINKEDIN-occurances":0,"LINKEDIN-percentage":0}