{"totalHistoryAmount":7265,"TECNOLOGIA-occurances":1767,"TECNOLOGIA-percentage":24.322092222986925,"FACEBOOK-occurances":584,"FACEBOOK-percentage":8.038540949759119,"NOTÍCIAS-occurances":563,"NOTÍCIAS-percentage":7.749483826565726,"DECORAÇÃO-occurances":407,"DECORAÇÃO-percentage":5.602202339986236,"MODA-occurances":287,"MODA-percentage":3.950447350309704,"ESPORTE-occurances":229,"ESPORTE-percentage":3.1520991052993805,"POP/ARTE-occurances":127,"POP/ARTE-percentage":1.748107364074329,"LINKEDIN-occurances":125,"LINKEDIN-percentage":1.7205781142463867,"ESOTERISMO-occurances":108,"ESOTERISMO-percentage":1.4865794907088783,"YOUTUBE-occurances":99,"YOUTUBE-percentage":1.3626978664831384,"SÉRIES E FILMES-occurances":90,"SÉRIES E FILMES-percentage":1.2388162422573985,"TV E CELEBRIDADES-occurances":73,"TV E CELEBRIDADES-percentage":1.0048176187198898,"ALIMENTAÇÃO E SAÚDE-occurances":60,"ALIMENTAÇÃO E SAÚDE-percentage":0.8258774948382657,"EDUCAÇÃO-occurances":40,"EDUCAÇÃO-percentage":0.5505849965588437,"CARROS-occurances":37,"CARROS-percentage":0.5092911218169305,"JOGOS-occurances":34,"JOGOS-percentage":0.4679972470750172,"POLÍTICA-occurances":32,"POLÍTICA-percentage":0.440467997247075,"VIAGENS-occurances":31,"VIAGENS-percentage":0.4267033723331039,"CIÊNCIA-occurances":22,"CIÊNCIA-percentage":0.30282174810736406,"INTERNACIONAL-occurances":21,"INTERNACIONAL-percentage":0.289057123193393,"HUMOR-occurances":19,"HUMOR-percentage":0.2615278733654508,"ECONOMIA-occurances":16,"ECONOMIA-percentage":0.2202339986235375,"SEXO-occurances":16,"SEXO-percentage":0.2202339986235375,"FITNESS-occurances":7,"FITNESS-percentage":0.09635237439779766,"NATUREZA-occurances":7,"NATUREZA-percentage":0.09635237439779766,"TWITTER-occurances":7,"TWITTER-percentage":0.09635237439779766,"INSTAGRAM-occurances":6,"INSTAGRAM-percentage":0.08258774948382656}