{"totalHistoryAmount":7040,"TECNOLOGIA-occurances":1747,"TECNOLOGIA-percentage":24.81534090909091,"FACEBOOK-occurances":579,"FACEBOOK-percentage":8.224431818181818,"NOTÍCIAS-occurances":506,"NOTÍCIAS-percentage":7.1875,"DECORAÇÃO-occurances":404,"DECORAÇÃO-percentage":5.738636363636363,"MODA-occurances":287,"MODA-percentage":4.076704545454546,"ESPORTE-occurances":223,"ESPORTE-percentage":3.1676136363636362,"LINKEDIN-occurances":125,"LINKEDIN-percentage":1.7755681818181819,"POP/ARTE-occurances":124,"POP/ARTE-percentage":1.7613636363636365,"ESOTERISMO-occurances":110,"ESOTERISMO-percentage":1.5625,"YOUTUBE-occurances":97,"YOUTUBE-percentage":1.3778409090909092,"SÉRIES E FILMES-occurances":88,"SÉRIES E FILMES-percentage":1.25,"TV E CELEBRIDADES-occurances":75,"TV E CELEBRIDADES-percentage":1.0653409090909092,"ALIMENTAÇÃO E SAÚDE-occurances":59,"ALIMENTAÇÃO E SAÚDE-percentage":0.8380681818181818,"EDUCAÇÃO-occurances":38,"EDUCAÇÃO-percentage":0.5397727272727273,"CARROS-occurances":36,"CARROS-percentage":0.5113636363636364,"POLÍTICA-occurances":35,"POLÍTICA-percentage":0.4971590909090909,"VIAGENS-occurances":31,"VIAGENS-percentage":0.4403409090909091,"CIÊNCIA-occurances":23,"CIÊNCIA-percentage":0.32670454545454547,"JOGOS-occurances":20,"JOGOS-percentage":0.2840909090909091,"SEXO-occurances":17,"SEXO-percentage":0.24147727272727273,"ECONOMIA-occurances":15,"ECONOMIA-percentage":0.21306818181818182,"HUMOR-occurances":15,"HUMOR-percentage":0.21306818181818182,"INTERNACIONAL-occurances":14,"INTERNACIONAL-percentage":0.19886363636363635,"FITNESS-occurances":7,"FITNESS-percentage":0.09943181818181818,"NATUREZA-occurances":7,"NATUREZA-percentage":0.09943181818181818,"TWITTER-occurances":7,"TWITTER-percentage":0.09943181818181818,"INSTAGRAM-occurances":6,"INSTAGRAM-percentage":0.08522727272727272}