{"totalHistoryAmount":6653,"TECNOLOGIA-occurances":1844,"TECNOLOGIA-percentage":27.716819479933864,"NOTÍCIAS-occurances":435,"NOTÍCIAS-percentage":6.538403727641666,"YOUTUBE-occurances":414,"YOUTUBE-percentage":6.2227566511348265,"DECORAÇÃO-occurances":381,"DECORAÇÃO-percentage":5.72673981662408,"SÉRIES E FILMES-occurances":247,"SÉRIES E FILMES-percentage":3.7126108522471064,"FACEBOOK-occurances":230,"FACEBOOK-percentage":3.4570870284082367,"ESPORTE-occurances":131,"ESPORTE-percentage":1.9690365248759958,"POP/ARTE-occurances":125,"POP/ARTE-percentage":1.8788516458740419,"MODA-occurances":66,"MODA-percentage":0.992033669021494,"TV E CELEBRIDADES-occurances":60,"TV E CELEBRIDADES-percentage":0.9018487900195401,"ALIMENTAÇÃO E SAÚDE-occurances":57,"ALIMENTAÇÃO E SAÚDE-percentage":0.856756350518563,"CARROS-occurances":56,"CARROS-percentage":0.8417255373515707,"JOGOS-occurances":36,"JOGOS-percentage":0.541109274011724,"VIAGENS-occurances":36,"VIAGENS-percentage":0.541109274011724,"SEXO-occurances":28,"SEXO-percentage":0.42086276867578537,"EDUCAÇÃO-occurances":24,"EDUCAÇÃO-percentage":0.360739516007816,"INTERNACIONAL-occurances":19,"INTERNACIONAL-percentage":0.28558545017285436,"CIÊNCIA-occurances":12,"CIÊNCIA-percentage":0.180369758003908,"HUMOR-occurances":12,"HUMOR-percentage":0.180369758003908,"LINKEDIN-occurances":10,"LINKEDIN-percentage":0.15030813166992335,"ECONOMIA-occurances":8,"ECONOMIA-percentage":0.12024650533593867,"ESOTERISMO-occurances":8,"ESOTERISMO-percentage":0.12024650533593867,"FITNESS-occurances":8,"FITNESS-percentage":0.12024650533593867,"NATUREZA-occurances":5,"NATUREZA-percentage":0.07515406583496168,"TWITTER-occurances":3,"TWITTER-percentage":0.045092439500977,"POLÍTICA-occurances":1,"POLÍTICA-percentage":0.015030813166992334,"INSTAGRAM-occurances":0,"INSTAGRAM-percentage":0}