{"totalHistoryAmount":3160,"TECNOLOGIA-occurances":1159,"TECNOLOGIA-percentage":36.677215189873415,"DECORAÇÃO-occurances":422,"DECORAÇÃO-percentage":13.354430379746836,"FACEBOOK-occurances":149,"FACEBOOK-percentage":4.715189873417722,"ESPORTE-occurances":114,"ESPORTE-percentage":3.607594936708861,"POP/ARTE-occurances":43,"POP/ARTE-percentage":1.360759493670886,"ALIMENTAÇÃO E SAÚDE-occurances":34,"ALIMENTAÇÃO E SAÚDE-percentage":1.0759493670886076,"NOTÍCIAS-occurances":34,"NOTÍCIAS-percentage":1.0759493670886076,"SÉRIES E FILMES-occurances":32,"SÉRIES E FILMES-percentage":1.0126582278481013,"MODA-occurances":24,"MODA-percentage":0.759493670886076,"JOGOS-occurances":21,"JOGOS-percentage":0.6645569620253164,"YOUTUBE-occurances":19,"YOUTUBE-percentage":0.6012658227848101,"TWITTER-occurances":16,"TWITTER-percentage":0.5063291139240507,"CARROS-occurances":11,"CARROS-percentage":0.34810126582278483,"ECONOMIA-occurances":10,"ECONOMIA-percentage":0.31645569620253167,"INSTAGRAM-occurances":8,"INSTAGRAM-percentage":0.25316455696202533,"VIAGENS-occurances":7,"VIAGENS-percentage":0.22151898734177214,"EDUCAÇÃO-occurances":6,"EDUCAÇÃO-percentage":0.189873417721519,"INTERNACIONAL-occurances":6,"INTERNACIONAL-percentage":0.189873417721519,"FITNESS-occurances":5,"FITNESS-percentage":0.15822784810126583,"ESOTERISMO-occurances":4,"ESOTERISMO-percentage":0.12658227848101267,"NATUREZA-occurances":4,"NATUREZA-percentage":0.12658227848101267,"TV E CELEBRIDADES-occurances":4,"TV E CELEBRIDADES-percentage":0.12658227848101267,"HUMOR-occurances":3,"HUMOR-percentage":0.0949367088607595,"CIÊNCIA-occurances":2,"CIÊNCIA-percentage":0.06329113924050633,"POLÍTICA-occurances":2,"POLÍTICA-percentage":0.06329113924050633,"SEXO-occurances":2,"SEXO-percentage":0.06329113924050633,"LINKEDIN-occurances":0,"LINKEDIN-percentage":0}