{"totalHistoryAmount":6850,"TECNOLOGIA-occurances":1875,"TECNOLOGIA-percentage":27.37226277372263,"NOTÍCIAS-occurances":461,"NOTÍCIAS-percentage":6.7299270072992705,"FACEBOOK-occurances":351,"FACEBOOK-percentage":5.124087591240876,"DECORAÇÃO-occurances":346,"DECORAÇÃO-percentage":5.0510948905109485,"MODA-occurances":269,"MODA-percentage":3.927007299270073,"YOUTUBE-occurances":213,"YOUTUBE-percentage":3.1094890510948905,"ESPORTE-occurances":162,"ESPORTE-percentage":2.3649635036496353,"SÉRIES E FILMES-occurances":156,"SÉRIES E FILMES-percentage":2.2773722627737225,"POP/ARTE-occurances":124,"POP/ARTE-percentage":1.8102189781021898,"ALIMENTAÇÃO E SAÚDE-occurances":65,"ALIMENTAÇÃO E SAÚDE-percentage":0.948905109489051,"TV E CELEBRIDADES-occurances":57,"TV E CELEBRIDADES-percentage":0.8321167883211679,"CARROS-occurances":48,"CARROS-percentage":0.7007299270072993,"JOGOS-occurances":36,"JOGOS-percentage":0.5255474452554745,"VIAGENS-occurances":36,"VIAGENS-percentage":0.5255474452554745,"SEXO-occurances":31,"SEXO-percentage":0.45255474452554745,"EDUCAÇÃO-occurances":28,"EDUCAÇÃO-percentage":0.40875912408759124,"INTERNACIONAL-occurances":21,"INTERNACIONAL-percentage":0.30656934306569344,"CIÊNCIA-occurances":19,"CIÊNCIA-percentage":0.2773722627737226,"HUMOR-occurances":16,"HUMOR-percentage":0.23357664233576642,"LINKEDIN-occurances":10,"LINKEDIN-percentage":0.145985401459854,"ECONOMIA-occurances":9,"ECONOMIA-percentage":0.13138686131386862,"NATUREZA-occurances":8,"NATUREZA-percentage":0.11678832116788321,"ESOTERISMO-occurances":5,"ESOTERISMO-percentage":0.072992700729927,"FITNESS-occurances":5,"FITNESS-percentage":0.072992700729927,"INSTAGRAM-occurances":4,"INSTAGRAM-percentage":0.058394160583941604,"POLÍTICA-occurances":3,"POLÍTICA-percentage":0.043795620437956206,"TWITTER-occurances":3,"TWITTER-percentage":0.043795620437956206}