{"totalHistoryAmount":2722,"TECNOLOGIA-occurances":1057,"TECNOLOGIA-percentage":38.83174136664218,"DECORAÇÃO-occurances":358,"DECORAÇÃO-percentage":13.152094048493755,"FACEBOOK-occurances":101,"FACEBOOK-percentage":3.7105069801616457,"ESPORTE-occurances":64,"ESPORTE-percentage":2.3512123438648054,"POP/ARTE-occurances":37,"POP/ARTE-percentage":1.3592946362968406,"NOTÍCIAS-occurances":34,"NOTÍCIAS-percentage":1.2490815576781777,"ALIMENTAÇÃO E SAÚDE-occurances":31,"ALIMENTAÇÃO E SAÚDE-percentage":1.1388684790595152,"SÉRIES E FILMES-occurances":31,"SÉRIES E FILMES-percentage":1.1388684790595152,"MODA-occurances":25,"MODA-percentage":0.9184423218221895,"YOUTUBE-occurances":20,"YOUTUBE-percentage":0.7347538574577517,"ECONOMIA-occurances":10,"ECONOMIA-percentage":0.36737692872887584,"FITNESS-occurances":10,"FITNESS-percentage":0.36737692872887584,"JOGOS-occurances":9,"JOGOS-percentage":0.33063923585598826,"INSTAGRAM-occurances":8,"INSTAGRAM-percentage":0.29390154298310067,"INTERNACIONAL-occurances":6,"INTERNACIONAL-percentage":0.2204261572373255,"VIAGENS-occurances":6,"VIAGENS-percentage":0.2204261572373255,"CARROS-occurances":5,"CARROS-percentage":0.18368846436443792,"EDUCAÇÃO-occurances":5,"EDUCAÇÃO-percentage":0.18368846436443792,"ESOTERISMO-occurances":4,"ESOTERISMO-percentage":0.14695077149155034,"NATUREZA-occurances":4,"NATUREZA-percentage":0.14695077149155034,"SEXO-occurances":4,"SEXO-percentage":0.14695077149155034,"TV E CELEBRIDADES-occurances":4,"TV E CELEBRIDADES-percentage":0.14695077149155034,"HUMOR-occurances":3,"HUMOR-percentage":0.11021307861866275,"CIÊNCIA-occurances":1,"CIÊNCIA-percentage":0.036737692872887584,"POLÍTICA-occurances":1,"POLÍTICA-percentage":0.036737692872887584,"TWITTER-occurances":1,"TWITTER-percentage":0.036737692872887584,"LINKEDIN-occurances":0,"LINKEDIN-percentage":0}