{"totalHistoryAmount":6589,"TECNOLOGIA-occurances":1829,"TECNOLOGIA-percentage":27.7583851874336,"NOTÍCIAS-occurances":437,"NOTÍCIAS-percentage":6.632265897708302,"YOUTUBE-occurances":405,"YOUTUBE-percentage":6.146607983001973,"DECORAÇÃO-occurances":387,"DECORAÇÃO-percentage":5.873425405979663,"SÉRIES E FILMES-occurances":252,"SÉRIES E FILMES-percentage":3.8245560783123387,"FACEBOOK-occurances":180,"FACEBOOK-percentage":2.7318257702230992,"POP/ARTE-occurances":133,"POP/ARTE-percentage":2.0185157079981786,"ESPORTE-occurances":126,"ESPORTE-percentage":1.9122780391561693,"TV E CELEBRIDADES-occurances":75,"TV E CELEBRIDADES-percentage":1.1382607375929579,"MODA-occurances":66,"MODA-percentage":1.001669449081803,"ALIMENTAÇÃO E SAÚDE-occurances":58,"ALIMENTAÇÃO E SAÚDE-percentage":0.8802549704052208,"CARROS-occurances":58,"CARROS-percentage":0.8802549704052208,"JOGOS-occurances":40,"JOGOS-percentage":0.6070723933829109,"VIAGENS-occurances":37,"VIAGENS-percentage":0.5615419638791926,"SEXO-occurances":28,"SEXO-percentage":0.42495067536803766,"EDUCAÇÃO-occurances":24,"EDUCAÇÃO-percentage":0.36424343602974657,"INTERNACIONAL-occurances":19,"INTERNACIONAL-percentage":0.28835938685688267,"CIÊNCIA-occurances":11,"CIÊNCIA-percentage":0.1669449081803005,"HUMOR-occurances":10,"HUMOR-percentage":0.15176809834572771,"LINKEDIN-occurances":10,"LINKEDIN-percentage":0.15176809834572771,"ECONOMIA-occurances":8,"ECONOMIA-percentage":0.12141447867658219,"ESOTERISMO-occurances":8,"ESOTERISMO-percentage":0.12141447867658219,"FITNESS-occurances":8,"FITNESS-percentage":0.12141447867658219,"NATUREZA-occurances":5,"NATUREZA-percentage":0.07588404917286386,"TWITTER-occurances":3,"TWITTER-percentage":0.04553042950371832,"POLÍTICA-occurances":1,"POLÍTICA-percentage":0.015176809834572773,"INSTAGRAM-occurances":0,"INSTAGRAM-percentage":0}