{"totalHistoryAmount":5017,"TECNOLOGIA-occurances":1437,"TECNOLOGIA-percentage":28.642615108630658,"YOUTUBE-occurances":602,"YOUTUBE-percentage":11.999202710783337,"SÉRIES E FILMES-occurances":402,"SÉRIES E FILMES-percentage":8.012756627466613,"DECORAÇÃO-occurances":338,"DECORAÇÃO-percentage":6.737093880805262,"FACEBOOK-occurances":151,"FACEBOOK-percentage":3.009766792904126,"NOTÍCIAS-occurances":107,"NOTÍCIAS-percentage":2.132748654574447,"POP/ARTE-occurances":85,"POP/ARTE-percentage":1.6942395854096073,"TV E CELEBRIDADES-occurances":67,"TV E CELEBRIDADES-percentage":1.3354594379111022,"CARROS-occurances":57,"CARROS-percentage":1.1361371337452661,"ESPORTE-occurances":53,"ESPORTE-percentage":1.0564082120789315,"ALIMENTAÇÃO E SAÚDE-occurances":43,"ALIMENTAÇÃO E SAÚDE-percentage":0.8570859079130955,"SEXO-occurances":24,"SEXO-percentage":0.47837352999800675,"MODA-occurances":21,"MODA-percentage":0.4185768387482559,"INTERNACIONAL-occurances":14,"INTERNACIONAL-percentage":0.2790512258321706,"VIAGENS-occurances":10,"VIAGENS-percentage":0.19932230416583616,"JOGOS-occurances":9,"JOGOS-percentage":0.17939007374925253,"EDUCAÇÃO-occurances":8,"EDUCAÇÃO-percentage":0.15945784333266894,"CIÊNCIA-occurances":6,"CIÊNCIA-percentage":0.11959338249950169,"ESOTERISMO-occurances":6,"ESOTERISMO-percentage":0.11959338249950169,"FITNESS-occurances":6,"FITNESS-percentage":0.11959338249950169,"INSTAGRAM-occurances":6,"INSTAGRAM-percentage":0.11959338249950169,"LINKEDIN-occurances":6,"LINKEDIN-percentage":0.11959338249950169,"HUMOR-occurances":5,"HUMOR-percentage":0.09966115208291808,"NATUREZA-occurances":3,"NATUREZA-percentage":0.059796691249750844,"ECONOMIA-occurances":1,"ECONOMIA-percentage":0.019932230416583617,"POLÍTICA-occurances":1,"POLÍTICA-percentage":0.019932230416583617,"TWITTER-occurances":1,"TWITTER-percentage":0.019932230416583617}