{"totalHistoryAmount":3539,"TECNOLOGIA-occurances":1225,"TECNOLOGIA-percentage":34.61429782424414,"LINKEDIN-occurances":277,"LINKEDIN-percentage":7.827069793727041,"FACEBOOK-occurances":100,"FACEBOOK-percentage":2.8256569652444194,"EDUCAÇÃO-occurances":69,"EDUCAÇÃO-percentage":1.9497033060186493,"CARROS-occurances":42,"CARROS-percentage":1.1867759254026562,"ESPORTE-occurances":42,"ESPORTE-percentage":1.1867759254026562,"SÉRIES E FILMES-occurances":36,"SÉRIES E FILMES-percentage":1.017236507487991,"INSTAGRAM-occurances":35,"INSTAGRAM-percentage":0.9889799378355467,"YOUTUBE-occurances":32,"YOUTUBE-percentage":0.9042102288782142,"MODA-occurances":28,"MODA-percentage":0.7911839502684375,"NOTÍCIAS-occurances":27,"NOTÍCIAS-percentage":0.7629273806159932,"FITNESS-occurances":25,"FITNESS-percentage":0.7064142413111049,"JOGOS-occurances":23,"JOGOS-percentage":0.6499011020062164,"TV E CELEBRIDADES-occurances":19,"TV E CELEBRIDADES-percentage":0.5368748233964397,"VIAGENS-occurances":18,"VIAGENS-percentage":0.5086182537439955,"DECORAÇÃO-occurances":16,"DECORAÇÃO-percentage":0.4521051144391071,"POP/ARTE-occurances":14,"POP/ARTE-percentage":0.39559197513421873,"ECONOMIA-occurances":13,"ECONOMIA-percentage":0.3673354054817745,"CIÊNCIA-occurances":12,"CIÊNCIA-percentage":0.3390788358293303,"TWITTER-occurances":12,"TWITTER-percentage":0.3390788358293303,"SEXO-occurances":9,"SEXO-percentage":0.25430912687199775,"ALIMENTAÇÃO E SAÚDE-occurances":5,"ALIMENTAÇÃO E SAÚDE-percentage":0.14128284826222096,"ESOTERISMO-occurances":5,"ESOTERISMO-percentage":0.14128284826222096,"POLÍTICA-occurances":4,"POLÍTICA-percentage":0.11302627860977678,"HUMOR-occurances":0,"HUMOR-percentage":0,"INTERNACIONAL-occurances":0,"INTERNACIONAL-percentage":0,"NATUREZA-occurances":0,"NATUREZA-percentage":0}