{"totalHistoryAmount":6638,"TECNOLOGIA-occurances":1832,"TECNOLOGIA-percentage":27.598674299487797,"NOTÍCIAS-occurances":437,"NOTÍCIAS-percentage":6.583308225369087,"YOUTUBE-occurances":412,"YOUTUBE-percentage":6.206688761675204,"DECORAÇÃO-occurances":387,"DECORAÇÃO-percentage":5.83006929798132,"SÉRIES E FILMES-occurances":252,"SÉRIES E FILMES-percentage":3.7963241940343475,"FACEBOOK-occurances":198,"FACEBOOK-percentage":2.982826152455559,"POP/ARTE-occurances":133,"POP/ARTE-percentage":2.0036155468514614,"ESPORTE-occurances":130,"ESPORTE-percentage":1.9584212112081953,"TV E CELEBRIDADES-occurances":75,"TV E CELEBRIDADES-percentage":1.129858391081651,"MODA-occurances":66,"MODA-percentage":0.994275384151853,"ALIMENTAÇÃO E SAÚDE-occurances":58,"ALIMENTAÇÃO E SAÚDE-percentage":0.8737571557698102,"CARROS-occurances":58,"CARROS-percentage":0.8737571557698102,"JOGOS-occurances":40,"JOGOS-percentage":0.6025911419102139,"VIAGENS-occurances":37,"VIAGENS-percentage":0.5573968062669479,"SEXO-occurances":28,"SEXO-percentage":0.42181379933714974,"EDUCAÇÃO-occurances":24,"EDUCAÇÃO-percentage":0.3615546851461284,"INTERNACIONAL-occurances":19,"INTERNACIONAL-percentage":0.2862307924073516,"CIÊNCIA-occurances":12,"CIÊNCIA-percentage":0.1807773425730642,"HUMOR-occurances":10,"HUMOR-percentage":0.15064778547755348,"LINKEDIN-occurances":10,"LINKEDIN-percentage":0.15064778547755348,"ECONOMIA-occurances":8,"ECONOMIA-percentage":0.12051822838204278,"ESOTERISMO-occurances":8,"ESOTERISMO-percentage":0.12051822838204278,"FITNESS-occurances":8,"FITNESS-percentage":0.12051822838204278,"NATUREZA-occurances":5,"NATUREZA-percentage":0.07532389273877674,"TWITTER-occurances":3,"TWITTER-percentage":0.04519433564326605,"POLÍTICA-occurances":1,"POLÍTICA-percentage":0.015064778547755347,"INSTAGRAM-occurances":0,"INSTAGRAM-percentage":0}