{"totalHistoryAmount":4998,"TECNOLOGIA-occurances":1453,"TECNOLOGIA-percentage":29.071628651460586,"YOUTUBE-occurances":602,"YOUTUBE-percentage":12.044817927170868,"SÉRIES E FILMES-occurances":404,"SÉRIES E FILMES-percentage":8.083233293317328,"DECORAÇÃO-occurances":338,"DECORAÇÃO-percentage":6.762705082032813,"FACEBOOK-occurances":123,"FACEBOOK-percentage":2.460984393757503,"NOTÍCIAS-occurances":100,"NOTÍCIAS-percentage":2.000800320128051,"POP/ARTE-occurances":82,"POP/ARTE-percentage":1.640656262505002,"TV E CELEBRIDADES-occurances":67,"TV E CELEBRIDADES-percentage":1.3405362144857944,"CARROS-occurances":57,"CARROS-percentage":1.1404561824729893,"ESPORTE-occurances":52,"ESPORTE-percentage":1.0404161664665867,"ALIMENTAÇÃO E SAÚDE-occurances":42,"ALIMENTAÇÃO E SAÚDE-percentage":0.8403361344537815,"SEXO-occurances":24,"SEXO-percentage":0.4801920768307323,"MODA-occurances":19,"MODA-percentage":0.38015206082432973,"INTERNACIONAL-occurances":14,"INTERNACIONAL-percentage":0.2801120448179272,"VIAGENS-occurances":10,"VIAGENS-percentage":0.2000800320128051,"JOGOS-occurances":9,"JOGOS-percentage":0.18007202881152462,"EDUCAÇÃO-occurances":7,"EDUCAÇÃO-percentage":0.1400560224089636,"CIÊNCIA-occurances":6,"CIÊNCIA-percentage":0.12004801920768307,"ESOTERISMO-occurances":6,"ESOTERISMO-percentage":0.12004801920768307,"FITNESS-occurances":6,"FITNESS-percentage":0.12004801920768307,"INSTAGRAM-occurances":6,"INSTAGRAM-percentage":0.12004801920768307,"LINKEDIN-occurances":6,"LINKEDIN-percentage":0.12004801920768307,"HUMOR-occurances":5,"HUMOR-percentage":0.10004001600640255,"NATUREZA-occurances":3,"NATUREZA-percentage":0.060024009603841535,"ECONOMIA-occurances":1,"ECONOMIA-percentage":0.020008003201280513,"POLÍTICA-occurances":1,"POLÍTICA-percentage":0.020008003201280513,"TWITTER-occurances":1,"TWITTER-percentage":0.020008003201280513}