{"totalHistoryAmount":10013,"TECNOLOGIA-occurances":4556,"TECNOLOGIA-percentage":45.50084889643463,"ESPORTE-occurances":1780,"ESPORTE-percentage":17.776890042944174,"FACEBOOK-occurances":1166,"FACEBOOK-percentage":11.64486167981624,"SEXO-occurances":702,"SEXO-percentage":7.010885848397084,"INSTAGRAM-occurances":181,"INSTAGRAM-percentage":1.8076500549285928,"CARROS-occurances":167,"CARROS-percentage":1.6678318186357735,"YOUTUBE-occurances":77,"YOUTUBE-percentage":0.7690002996105063,"DECORAÇÃO-occurances":63,"DECORAÇÃO-percentage":0.629182063317687,"NOTÍCIAS-occurances":53,"NOTÍCIAS-percentage":0.5293118945371018,"EDUCAÇÃO-occurances":46,"EDUCAÇÃO-percentage":0.4594027763906921,"ESOTERISMO-occurances":36,"ESOTERISMO-percentage":0.35953260761010686,"POP/ARTE-occurances":35,"POP/ARTE-percentage":0.34954559073204833,"MODA-occurances":24,"MODA-percentage":0.23968840507340458,"LINKEDIN-occurances":17,"LINKEDIN-percentage":0.1697792869269949,"SÉRIES E FILMES-occurances":12,"SÉRIES E FILMES-percentage":0.11984420253670229,"CIÊNCIA-occurances":11,"CIÊNCIA-percentage":0.10985718565864376,"ECONOMIA-occurances":11,"ECONOMIA-percentage":0.10985718565864376,"TWITTER-occurances":10,"TWITTER-percentage":0.09987016878058524,"TV E CELEBRIDADES-occurances":9,"TV E CELEBRIDADES-percentage":0.08988315190252671,"JOGOS-occurances":7,"JOGOS-percentage":0.06990911814640967,"VIAGENS-occurances":4,"VIAGENS-percentage":0.03994806751223409,"FITNESS-occurances":2,"FITNESS-percentage":0.019974033756117046,"POLÍTICA-occurances":2,"POLÍTICA-percentage":0.019974033756117046,"ALIMENTAÇÃO E SAÚDE-occurances":1,"ALIMENTAÇÃO E SAÚDE-percentage":0.009987016878058523,"INTERNACIONAL-occurances":1,"INTERNACIONAL-percentage":0.009987016878058523,"HUMOR-occurances":0,"HUMOR-percentage":0,"NATUREZA-occurances":0,"NATUREZA-percentage":0}