{"totalHistoryAmount":6596,"TECNOLOGIA-occurances":1656,"TECNOLOGIA-percentage":25.106124924196482,"FACEBOOK-occurances":693,"FACEBOOK-percentage":10.506367495451789,"NOTÍCIAS-occurances":398,"NOTÍCIAS-percentage":6.033959975742874,"DECORAÇÃO-occurances":357,"DECORAÇÃO-percentage":5.412371134020619,"MODA-occurances":250,"MODA-percentage":3.790175864160097,"ESPORTE-occurances":221,"ESPORTE-percentage":3.350515463917526,"ESOTERISMO-occurances":162,"ESOTERISMO-percentage":2.456033959975743,"LINKEDIN-occurances":136,"LINKEDIN-percentage":2.0618556701030926,"TV E CELEBRIDADES-occurances":106,"TV E CELEBRIDADES-percentage":1.6070345664038812,"POP/ARTE-occurances":93,"POP/ARTE-percentage":1.4099454214675562,"YOUTUBE-occurances":86,"YOUTUBE-percentage":1.3038204972710734,"SÉRIES E FILMES-occurances":72,"SÉRIES E FILMES-percentage":1.0915706488781078,"ALIMENTAÇÃO E SAÚDE-occurances":62,"ALIMENTAÇÃO E SAÚDE-percentage":0.939963614311704,"POLÍTICA-occurances":55,"POLÍTICA-percentage":0.8338386901152214,"CARROS-occurances":39,"CARROS-percentage":0.5912674348089751,"EDUCAÇÃO-occurances":32,"EDUCAÇÃO-percentage":0.4851425106124924,"ECONOMIA-occurances":26,"ECONOMIA-percentage":0.3941782898726501,"CIÊNCIA-occurances":25,"CIÊNCIA-percentage":0.3790175864160097,"NATUREZA-occurances":18,"NATUREZA-percentage":0.27289266221952696,"SEXO-occurances":18,"SEXO-percentage":0.27289266221952696,"JOGOS-occurances":17,"JOGOS-percentage":0.25773195876288657,"HUMOR-occurances":13,"HUMOR-percentage":0.19708914493632504,"INTERNACIONAL-occurances":13,"INTERNACIONAL-percentage":0.19708914493632504,"INSTAGRAM-occurances":10,"INSTAGRAM-percentage":0.15160703456640387,"TWITTER-occurances":10,"TWITTER-percentage":0.15160703456640387,"FITNESS-occurances":9,"FITNESS-percentage":0.13644633110976348,"VIAGENS-occurances":6,"VIAGENS-percentage":0.09096422073984232}