{"totalHistoryAmount":4029,"TECNOLOGIA-occurances":1385,"TECNOLOGIA-percentage":34.37577562670638,"LINKEDIN-occurances":298,"LINKEDIN-percentage":7.396376272027799,"FACEBOOK-occurances":109,"FACEBOOK-percentage":2.705385951849094,"EDUCAÇÃO-occurances":106,"EDUCAÇÃO-percentage":2.6309257880367336,"ESPORTE-occurances":45,"ESPORTE-percentage":1.1169024571854058,"CARROS-occurances":44,"CARROS-percentage":1.0920824025812856,"SÉRIES E FILMES-occurances":36,"SÉRIES E FILMES-percentage":0.8935219657483247,"INSTAGRAM-occurances":35,"INSTAGRAM-percentage":0.8687019111442045,"VIAGENS-occurances":35,"VIAGENS-percentage":0.8687019111442045,"YOUTUBE-occurances":33,"YOUTUBE-percentage":0.8190618019359642,"NOTÍCIAS-occurances":32,"NOTÍCIAS-percentage":0.7942417473318442,"MODA-occurances":29,"MODA-percentage":0.7197815835194837,"FITNESS-occurances":27,"FITNESS-percentage":0.6701414743112435,"JOGOS-occurances":23,"JOGOS-percentage":0.570861255894763,"CIÊNCIA-occurances":21,"CIÊNCIA-percentage":0.5212211466865228,"TV E CELEBRIDADES-occurances":21,"TV E CELEBRIDADES-percentage":0.5212211466865228,"TWITTER-occurances":21,"TWITTER-percentage":0.5212211466865228,"POP/ARTE-occurances":18,"POP/ARTE-percentage":0.4467609828741623,"DECORAÇÃO-occurances":17,"DECORAÇÃO-percentage":0.4219409282700422,"ECONOMIA-occurances":15,"ECONOMIA-percentage":0.37230081906180196,"SEXO-occurances":12,"SEXO-percentage":0.29784065524944153,"ESOTERISMO-occurances":10,"ESOTERISMO-percentage":0.2482005460412013,"ALIMENTAÇÃO E SAÚDE-occurances":5,"ALIMENTAÇÃO E SAÚDE-percentage":0.12410027302060064,"POLÍTICA-occurances":4,"POLÍTICA-percentage":0.09928021841648052,"HUMOR-occurances":0,"HUMOR-percentage":0,"INTERNACIONAL-occurances":0,"INTERNACIONAL-percentage":0,"NATUREZA-occurances":0,"NATUREZA-percentage":0}