{"totalHistoryAmount":6839,"TECNOLOGIA-occurances":1890,"TECNOLOGIA-percentage":27.635619242579324,"NOTÍCIAS-occurances":456,"NOTÍCIAS-percentage":6.667641468050885,"DECORAÇÃO-occurances":363,"DECORAÇÃO-percentage":5.307793537066822,"FACEBOOK-occurances":293,"FACEBOOK-percentage":4.284252083637959,"MODA-occurances":270,"MODA-percentage":3.9479456060827607,"YOUTUBE-occurances":234,"YOUTUBE-percentage":3.421552858605059,"SÉRIES E FILMES-occurances":162,"SÉRIES E FILMES-percentage":2.3687673636496562,"ESPORTE-occurances":158,"ESPORTE-percentage":2.3102792805965784,"POP/ARTE-occurances":130,"POP/ARTE-percentage":1.9008626992250328,"ALIMENTAÇÃO E SAÚDE-occurances":69,"ALIMENTAÇÃO E SAÚDE-percentage":1.0089194326655944,"TV E CELEBRIDADES-occurances":58,"TV E CELEBRIDADES-percentage":0.8480772042696301,"CARROS-occurances":44,"CARROS-percentage":0.6433689135838573,"JOGOS-occurances":36,"JOGOS-percentage":0.5263927474777014,"VIAGENS-occurances":36,"VIAGENS-percentage":0.5263927474777014,"SEXO-occurances":32,"SEXO-percentage":0.4679046644246235,"EDUCAÇÃO-occurances":25,"EDUCAÇÃO-percentage":0.3655505190817371,"CIÊNCIA-occurances":16,"CIÊNCIA-percentage":0.23395233221231174,"INTERNACIONAL-occurances":16,"INTERNACIONAL-percentage":0.23395233221231174,"HUMOR-occurances":11,"HUMOR-percentage":0.16084222839596432,"ECONOMIA-occurances":10,"ECONOMIA-percentage":0.14622020763269483,"LINKEDIN-occurances":10,"LINKEDIN-percentage":0.14622020763269483,"NATUREZA-occurances":8,"NATUREZA-percentage":0.11697616610615587,"FITNESS-occurances":7,"FITNESS-percentage":0.1023541453428864,"ESOTERISMO-occurances":5,"ESOTERISMO-percentage":0.07311010381634742,"INSTAGRAM-occurances":4,"INSTAGRAM-percentage":0.058488083053077934,"TWITTER-occurances":3,"TWITTER-percentage":0.04386606228980845,"POLÍTICA-occurances":2,"POLÍTICA-percentage":0.029244041526538967}