{"totalHistoryAmount":6583,"TECNOLOGIA-occurances":1880,"TECNOLOGIA-percentage":28.558408020659275,"YOUTUBE-occurances":446,"YOUTUBE-percentage":6.775026583624487,"NOTÍCIAS-occurances":427,"NOTÍCIAS-percentage":6.486404374905058,"DECORAÇÃO-occurances":367,"DECORAÇÃO-percentage":5.5749658210542306,"SÉRIES E FILMES-occurances":260,"SÉRIES E FILMES-percentage":3.949567066686921,"FACEBOOK-occurances":192,"FACEBOOK-percentage":2.9166033723226494,"POP/ARTE-occurances":129,"POP/ARTE-percentage":1.95959289077928,"ESPORTE-occurances":88,"ESPORTE-percentage":1.3367765456478808,"TV E CELEBRIDADES-occurances":72,"TV E CELEBRIDADES-percentage":1.0937262646209935,"MODA-occurances":65,"MODA-percentage":0.9873917666717302,"CARROS-occurances":63,"CARROS-percentage":0.9570104815433693,"ALIMENTAÇÃO E SAÚDE-occurances":59,"ALIMENTAÇÃO E SAÚDE-percentage":0.8962479112866474,"JOGOS-occurances":39,"JOGOS-percentage":0.5924350600030381,"VIAGENS-occurances":36,"VIAGENS-percentage":0.5468631323104968,"SEXO-occurances":28,"SEXO-percentage":0.425337991797053,"EDUCAÇÃO-occurances":24,"EDUCAÇÃO-percentage":0.3645754215403312,"INTERNACIONAL-occurances":19,"INTERNACIONAL-percentage":0.28862220871942884,"CIÊNCIA-occurances":11,"CIÊNCIA-percentage":0.1670970682059851,"HUMOR-occurances":10,"HUMOR-percentage":0.15190642564180465,"LINKEDIN-occurances":10,"LINKEDIN-percentage":0.15190642564180465,"ESOTERISMO-occurances":9,"ESOTERISMO-percentage":0.1367157830776242,"ECONOMIA-occurances":8,"ECONOMIA-percentage":0.12152514051344372,"FITNESS-occurances":7,"FITNESS-percentage":0.10633449794926325,"NATUREZA-occurances":4,"NATUREZA-percentage":0.06076257025672186,"POLÍTICA-occurances":1,"POLÍTICA-percentage":0.015190642564180465,"TWITTER-occurances":1,"TWITTER-percentage":0.015190642564180465,"INSTAGRAM-occurances":0,"INSTAGRAM-percentage":0}