{"totalHistoryAmount":6380,"TECNOLOGIA-occurances":1588,"TECNOLOGIA-percentage":24.890282131661444,"FACEBOOK-occurances":667,"FACEBOOK-percentage":10.454545454545455,"NOTÍCIAS-occurances":365,"NOTÍCIAS-percentage":5.721003134796239,"DECORAÇÃO-occurances":352,"DECORAÇÃO-percentage":5.517241379310345,"MODA-occurances":244,"MODA-percentage":3.824451410658307,"ESPORTE-occurances":212,"ESPORTE-percentage":3.322884012539185,"ESOTERISMO-occurances":153,"ESOTERISMO-percentage":2.3981191222570533,"LINKEDIN-occurances":136,"LINKEDIN-percentage":2.1316614420062696,"POP/ARTE-occurances":104,"POP/ARTE-percentage":1.6300940438871474,"TV E CELEBRIDADES-occurances":95,"TV E CELEBRIDADES-percentage":1.4890282131661443,"YOUTUBE-occurances":80,"YOUTUBE-percentage":1.2539184952978057,"SÉRIES E FILMES-occurances":74,"SÉRIES E FILMES-percentage":1.1598746081504703,"POLÍTICA-occurances":53,"POLÍTICA-percentage":0.8307210031347962,"ALIMENTAÇÃO E SAÚDE-occurances":51,"ALIMENTAÇÃO E SAÚDE-percentage":0.799373040752351,"CARROS-occurances":38,"CARROS-percentage":0.5956112852664577,"EDUCAÇÃO-occurances":29,"EDUCAÇÃO-percentage":0.45454545454545453,"CIÊNCIA-occurances":23,"CIÊNCIA-percentage":0.3605015673981191,"ECONOMIA-occurances":23,"ECONOMIA-percentage":0.3605015673981191,"JOGOS-occurances":18,"JOGOS-percentage":0.28213166144200624,"NATUREZA-occurances":18,"NATUREZA-percentage":0.28213166144200624,"SEXO-occurances":17,"SEXO-percentage":0.2664576802507837,"HUMOR-occurances":15,"HUMOR-percentage":0.23510971786833856,"INTERNACIONAL-occurances":13,"INTERNACIONAL-percentage":0.20376175548589343,"TWITTER-occurances":9,"TWITTER-percentage":0.14106583072100312,"FITNESS-occurances":7,"FITNESS-percentage":0.109717868338558,"INSTAGRAM-occurances":7,"INSTAGRAM-percentage":0.109717868338558,"VIAGENS-occurances":4,"VIAGENS-percentage":0.06269592476489028}