{"totalHistoryAmount":8892,"TECNOLOGIA-occurances":4114,"TECNOLOGIA-percentage":46.26630679262258,"ESPORTE-occurances":1514,"ESPORTE-percentage":17.026540710751238,"FACEBOOK-occurances":1059,"FACEBOOK-percentage":11.909581646423751,"SEXO-occurances":477,"SEXO-percentage":5.364372469635628,"INSTAGRAM-occurances":186,"INSTAGRAM-percentage":2.0917678812415654,"CARROS-occurances":129,"CARROS-percentage":1.4507422402159245,"DECORAÇÃO-occurances":66,"DECORAÇÃO-percentage":0.7422402159244265,"POP/ARTE-occurances":65,"POP/ARTE-percentage":0.7309941520467836,"EDUCAÇÃO-occurances":63,"EDUCAÇÃO-percentage":0.708502024291498,"NOTÍCIAS-occurances":48,"NOTÍCIAS-percentage":0.5398110661268556,"YOUTUBE-occurances":46,"YOUTUBE-percentage":0.51731893837157,"ESOTERISMO-occurances":43,"ESOTERISMO-percentage":0.4835807467386415,"JOGOS-occurances":25,"JOGOS-percentage":0.2811515969410706,"LINKEDIN-occurances":21,"LINKEDIN-percentage":0.23616734143049933,"SÉRIES E FILMES-occurances":19,"SÉRIES E FILMES-percentage":0.21367521367521367,"MODA-occurances":17,"MODA-percentage":0.19118308591992803,"TWITTER-occurances":15,"TWITTER-percentage":0.16869095816464239,"ECONOMIA-occurances":11,"ECONOMIA-percentage":0.12370670265407108,"TV E CELEBRIDADES-occurances":10,"TV E CELEBRIDADES-percentage":0.11246063877642826,"ALIMENTAÇÃO E SAÚDE-occurances":4,"ALIMENTAÇÃO E SAÚDE-percentage":0.0449842555105713,"FITNESS-occurances":4,"FITNESS-percentage":0.0449842555105713,"VIAGENS-occurances":3,"VIAGENS-percentage":0.033738191632928474,"POLÍTICA-occurances":2,"POLÍTICA-percentage":0.02249212775528565,"CIÊNCIA-occurances":1,"CIÊNCIA-percentage":0.011246063877642825,"INTERNACIONAL-occurances":1,"INTERNACIONAL-percentage":0.011246063877642825,"HUMOR-occurances":0,"HUMOR-percentage":0,"NATUREZA-occurances":0,"NATUREZA-percentage":0}