{"totalHistoryAmount":6619,"TECNOLOGIA-occurances":1692,"TECNOLOGIA-percentage":25.562773832905272,"FACEBOOK-occurances":718,"FACEBOOK-percentage":10.84756005438888,"NOTÍCIAS-occurances":390,"NOTÍCIAS-percentage":5.892128720350506,"DECORAÇÃO-occurances":361,"DECORAÇÃO-percentage":5.453996071914187,"MODA-occurances":252,"MODA-percentage":3.807221634688019,"ESPORTE-occurances":217,"ESPORTE-percentage":3.2784408520924613,"ESOTERISMO-occurances":168,"ESOTERISMO-percentage":2.5381477564586796,"LINKEDIN-occurances":137,"LINKEDIN-percentage":2.0697990633026135,"TV E CELEBRIDADES-occurances":108,"TV E CELEBRIDADES-percentage":1.631666414866294,"YOUTUBE-occurances":90,"YOUTUBE-percentage":1.3597220123885783,"POP/ARTE-occurances":79,"POP/ARTE-percentage":1.1935337664299743,"SÉRIES E FILMES-occurances":67,"SÉRIES E FILMES-percentage":1.0122374981114972,"ALIMENTAÇÃO E SAÚDE-occurances":65,"ALIMENTAÇÃO E SAÚDE-percentage":0.9820214533917511,"POLÍTICA-occurances":57,"POLÍTICA-percentage":0.8611572745127662,"CARROS-occurances":40,"CARROS-percentage":0.6043208943949238,"EDUCAÇÃO-occurances":32,"EDUCAÇÃO-percentage":0.48345671551593894,"JOGOS-occurances":26,"JOGOS-percentage":0.3928085813567004,"ECONOMIA-occurances":24,"ECONOMIA-percentage":0.36259253663695423,"CIÊNCIA-occurances":23,"CIÊNCIA-percentage":0.3474845142770811,"NATUREZA-occurances":18,"NATUREZA-percentage":0.2719444024777157,"INTERNACIONAL-occurances":14,"INTERNACIONAL-percentage":0.2115123130382233,"HUMOR-occurances":13,"HUMOR-percentage":0.1964042906783502,"SEXO-occurances":13,"SEXO-percentage":0.1964042906783502,"FITNESS-occurances":10,"FITNESS-percentage":0.15108022359873094,"TWITTER-occurances":10,"TWITTER-percentage":0.15108022359873094,"INSTAGRAM-occurances":8,"INSTAGRAM-percentage":0.12086417887898473,"VIAGENS-occurances":6,"VIAGENS-percentage":0.09064813415923856}