{"totalHistoryAmount":6848,"TECNOLOGIA-occurances":1803,"TECNOLOGIA-percentage":26.328855140186917,"NOTÍCIAS-occurances":476,"NOTÍCIAS-percentage":6.950934579439252,"FACEBOOK-occurances":397,"FACEBOOK-percentage":5.797313084112149,"DECORAÇÃO-occurances":369,"DECORAÇÃO-percentage":5.388434579439252,"MODA-occurances":273,"MODA-percentage":3.9865654205607477,"YOUTUBE-occurances":187,"YOUTUBE-percentage":2.7307242990654204,"ESPORTE-occurances":184,"ESPORTE-percentage":2.6869158878504673,"POP/ARTE-occurances":123,"POP/ARTE-percentage":1.796144859813084,"SÉRIES E FILMES-occurances":108,"SÉRIES E FILMES-percentage":1.5771028037383177,"ALIMENTAÇÃO E SAÚDE-occurances":58,"ALIMENTAÇÃO E SAÚDE-percentage":0.8469626168224299,"TV E CELEBRIDADES-occurances":58,"TV E CELEBRIDADES-percentage":0.8469626168224299,"CARROS-occurances":49,"CARROS-percentage":0.7155373831775701,"JOGOS-occurances":35,"JOGOS-percentage":0.5110981308411215,"VIAGENS-occurances":35,"VIAGENS-percentage":0.5110981308411215,"EDUCAÇÃO-occurances":33,"EDUCAÇÃO-percentage":0.48189252336448596,"SEXO-occurances":32,"SEXO-percentage":0.4672897196261682,"INTERNACIONAL-occurances":22,"INTERNACIONAL-percentage":0.3212616822429907,"CIÊNCIA-occurances":21,"CIÊNCIA-percentage":0.3066588785046729,"HUMOR-occurances":16,"HUMOR-percentage":0.2336448598130841,"ECONOMIA-occurances":11,"ECONOMIA-percentage":0.16063084112149534,"LINKEDIN-occurances":10,"LINKEDIN-percentage":0.14602803738317757,"NATUREZA-occurances":8,"NATUREZA-percentage":0.11682242990654206,"ESOTERISMO-occurances":6,"ESOTERISMO-percentage":0.08761682242990654,"POLÍTICA-occurances":6,"POLÍTICA-percentage":0.08761682242990654,"FITNESS-occurances":5,"FITNESS-percentage":0.07301401869158879,"INSTAGRAM-occurances":4,"INSTAGRAM-percentage":0.05841121495327103,"TWITTER-occurances":4,"TWITTER-percentage":0.05841121495327103}