{"totalHistoryAmount":9355,"TECNOLOGIA-occurances":1775,"TECNOLOGIA-percentage":18.97381079636558,"YOUTUBE-occurances":1253,"YOUTUBE-percentage":13.39390700160342,"TWITTER-occurances":386,"TWITTER-percentage":4.126135756280064,"INSTAGRAM-occurances":200,"INSTAGRAM-percentage":2.137894174238375,"FACEBOOK-occurances":184,"FACEBOOK-percentage":1.9668626402993052,"TV E CELEBRIDADES-occurances":164,"TV E CELEBRIDADES-percentage":1.7530732228754677,"SÉRIES E FILMES-occurances":155,"SÉRIES E FILMES-percentage":1.6568679850347408,"JOGOS-occurances":146,"JOGOS-percentage":1.560662747194014,"HUMOR-occurances":88,"HUMOR-percentage":0.9406734366648851,"CARROS-occurances":80,"CARROS-percentage":0.8551576696953501,"POP/ARTE-occurances":74,"POP/ARTE-percentage":0.7910208444681989,"ESPORTE-occurances":65,"ESPORTE-percentage":0.694815606627472,"ESOTERISMO-occurances":49,"ESOTERISMO-percentage":0.5237840726884019,"FITNESS-occurances":41,"FITNESS-percentage":0.43826830571886694,"NOTÍCIAS-occurances":39,"NOTÍCIAS-percentage":0.4168893639764832,"EDUCAÇÃO-occurances":26,"EDUCAÇÃO-percentage":0.27792624265098875,"SEXO-occurances":24,"SEXO-percentage":0.256547300908605,"MODA-occurances":18,"MODA-percentage":0.19241047568145378,"ECONOMIA-occurances":9,"ECONOMIA-percentage":0.09620523784072689,"VIAGENS-occurances":6,"VIAGENS-percentage":0.06413682522715125,"CIÊNCIA-occurances":4,"CIÊNCIA-percentage":0.04275788348476751,"NATUREZA-occurances":3,"NATUREZA-percentage":0.032068412613575625,"DECORAÇÃO-occurances":2,"DECORAÇÃO-percentage":0.021378941742383754,"ALIMENTAÇÃO E SAÚDE-occurances":1,"ALIMENTAÇÃO E SAÚDE-percentage":0.010689470871191877,"LINKEDIN-occurances":1,"LINKEDIN-percentage":0.010689470871191877,"INTERNACIONAL-occurances":0,"INTERNACIONAL-percentage":0,"POLÍTICA-occurances":0,"POLÍTICA-percentage":0}