{"totalHistoryAmount":9737,"TECNOLOGIA-occurances":4500,"TECNOLOGIA-percentage":46.21546677621444,"ESPORTE-occurances":1777,"ESPORTE-percentage":18.24997432474068,"FACEBOOK-occurances":1127,"FACEBOOK-percentage":11.574406901509706,"SEXO-occurances":623,"SEXO-percentage":6.398274622573688,"INSTAGRAM-occurances":162,"INSTAGRAM-percentage":1.6637568039437198,"CARROS-occurances":148,"CARROS-percentage":1.5199753517510526,"DECORAÇÃO-occurances":63,"DECORAÇÃO-percentage":0.6470165348670022,"YOUTUBE-occurances":47,"YOUTUBE-percentage":0.4826948752182397,"EDUCAÇÃO-occurances":45,"EDUCAÇÃO-percentage":0.4621546677621444,"POP/ARTE-occurances":41,"POP/ARTE-percentage":0.4210742528499538,"NOTÍCIAS-occurances":39,"NOTÍCIAS-percentage":0.40053404539385845,"ESOTERISMO-occurances":36,"ESOTERISMO-percentage":0.3697237342097155,"MODA-occurances":23,"MODA-percentage":0.23621238574509604,"LINKEDIN-occurances":21,"LINKEDIN-percentage":0.21567217828900073,"SÉRIES E FILMES-occurances":13,"SÉRIES E FILMES-percentage":0.13351134846461948,"ECONOMIA-occurances":11,"ECONOMIA-percentage":0.11297114100852419,"TWITTER-occurances":10,"TWITTER-percentage":0.10270103728047653,"TV E CELEBRIDADES-occurances":9,"TV E CELEBRIDADES-percentage":0.09243093355242887,"JOGOS-occurances":7,"JOGOS-percentage":0.07189072609633357,"FITNESS-occurances":4,"FITNESS-percentage":0.04108041491219061,"VIAGENS-occurances":4,"VIAGENS-percentage":0.04108041491219061,"CIÊNCIA-occurances":3,"CIÊNCIA-percentage":0.03081031118414296,"POLÍTICA-occurances":3,"POLÍTICA-percentage":0.03081031118414296,"ALIMENTAÇÃO E SAÚDE-occurances":1,"ALIMENTAÇÃO E SAÚDE-percentage":0.010270103728047653,"INTERNACIONAL-occurances":1,"INTERNACIONAL-percentage":0.010270103728047653,"HUMOR-occurances":0,"HUMOR-percentage":0,"NATUREZA-occurances":0,"NATUREZA-percentage":0}