{"totalHistoryAmount":6468,"TECNOLOGIA-occurances":1569,"TECNOLOGIA-percentage":24.257884972170686,"FACEBOOK-occurances":631,"FACEBOOK-percentage":9.755720470006183,"DECORAÇÃO-occurances":394,"DECORAÇÃO-percentage":6.091527520098949,"NOTÍCIAS-occurances":367,"NOTÍCIAS-percentage":5.67408781694496,"MODA-occurances":243,"MODA-percentage":3.7569573283858997,"ESPORTE-occurances":235,"ESPORTE-percentage":3.6332714904143475,"ESOTERISMO-occurances":128,"ESOTERISMO-percentage":1.9789734075448362,"LINKEDIN-occurances":127,"LINKEDIN-percentage":1.963512677798392,"POP/ARTE-occurances":104,"POP/ARTE-percentage":1.6079158936301794,"YOUTUBE-occurances":95,"YOUTUBE-percentage":1.468769325912183,"TV E CELEBRIDADES-occurances":90,"TV E CELEBRIDADES-percentage":1.391465677179963,"SÉRIES E FILMES-occurances":77,"SÉRIES E FILMES-percentage":1.1904761904761905,"POLÍTICA-occurances":51,"POLÍTICA-percentage":0.7884972170686456,"ALIMENTAÇÃO E SAÚDE-occurances":49,"ALIMENTAÇÃO E SAÚDE-percentage":0.7575757575757576,"EDUCAÇÃO-occurances":38,"EDUCAÇÃO-percentage":0.5875077303648732,"CARROS-occurances":36,"CARROS-percentage":0.5565862708719852,"ECONOMIA-occurances":22,"ECONOMIA-percentage":0.3401360544217687,"CIÊNCIA-occurances":19,"CIÊNCIA-percentage":0.2937538651824366,"SEXO-occurances":17,"SEXO-percentage":0.2628324056895485,"HUMOR-occurances":15,"HUMOR-percentage":0.23191094619666047,"INTERNACIONAL-occurances":13,"INTERNACIONAL-percentage":0.20098948670377242,"JOGOS-occurances":12,"JOGOS-percentage":0.18552875695732837,"NATUREZA-occurances":12,"NATUREZA-percentage":0.18552875695732837,"TWITTER-occurances":11,"TWITTER-percentage":0.17006802721088435,"FITNESS-occurances":9,"FITNESS-percentage":0.1391465677179963,"INSTAGRAM-occurances":6,"INSTAGRAM-percentage":0.09276437847866419,"VIAGENS-occurances":4,"VIAGENS-percentage":0.06184291898577613}