{"totalHistoryAmount":6856,"TECNOLOGIA-occurances":1875,"TECNOLOGIA-percentage":27.348308051341892,"NOTÍCIAS-occurances":461,"NOTÍCIAS-percentage":6.724037339556593,"FACEBOOK-occurances":354,"FACEBOOK-percentage":5.1633605600933485,"DECORAÇÃO-occurances":346,"DECORAÇÃO-percentage":5.0466744457409565,"MODA-occurances":270,"MODA-percentage":3.9381563593932323,"YOUTUBE-occurances":213,"YOUTUBE-percentage":3.1067677946324386,"ESPORTE-occurances":163,"ESPORTE-percentage":2.377479579929988,"SÉRIES E FILMES-occurances":156,"SÉRIES E FILMES-percentage":2.2753792298716453,"POP/ARTE-occurances":124,"POP/ARTE-percentage":1.808634772462077,"ALIMENTAÇÃO E SAÚDE-occurances":65,"ALIMENTAÇÃO E SAÚDE-percentage":0.9480746791131855,"TV E CELEBRIDADES-occurances":57,"TV E CELEBRIDADES-percentage":0.8313885647607935,"CARROS-occurances":48,"CARROS-percentage":0.7001166861143524,"JOGOS-occurances":36,"JOGOS-percentage":0.5250875145857643,"VIAGENS-occurances":36,"VIAGENS-percentage":0.5250875145857643,"SEXO-occurances":31,"SEXO-percentage":0.45215869311551926,"EDUCAÇÃO-occurances":28,"EDUCAÇÃO-percentage":0.40840140023337224,"INTERNACIONAL-occurances":21,"INTERNACIONAL-percentage":0.3063010501750292,"CIÊNCIA-occurances":19,"CIÊNCIA-percentage":0.27712952158693116,"HUMOR-occurances":16,"HUMOR-percentage":0.23337222870478413,"LINKEDIN-occurances":10,"LINKEDIN-percentage":0.14585764294049008,"ECONOMIA-occurances":9,"ECONOMIA-percentage":0.13127187864644108,"NATUREZA-occurances":8,"NATUREZA-percentage":0.11668611435239207,"ESOTERISMO-occurances":5,"ESOTERISMO-percentage":0.07292882147024504,"FITNESS-occurances":5,"FITNESS-percentage":0.07292882147024504,"INSTAGRAM-occurances":4,"INSTAGRAM-percentage":0.058343057176196034,"POLÍTICA-occurances":3,"POLÍTICA-percentage":0.043757292882147025,"TWITTER-occurances":3,"TWITTER-percentage":0.043757292882147025}