{"totalHistoryAmount":1441,"TECNOLOGIA-occurances":538,"TECNOLOGIA-percentage":37.335183900069396,"LINKEDIN-occurances":113,"LINKEDIN-percentage":7.8417765440666205,"VIAGENS-occurances":45,"VIAGENS-percentage":3.1228313671061763,"EDUCAÇÃO-occurances":43,"EDUCAÇÃO-percentage":2.9840388619014573,"FACEBOOK-occurances":20,"FACEBOOK-percentage":1.3879250520471895,"NOTÍCIAS-occurances":20,"NOTÍCIAS-percentage":1.3879250520471895,"TV E CELEBRIDADES-occurances":15,"TV E CELEBRIDADES-percentage":1.040943789035392,"TWITTER-occurances":14,"TWITTER-percentage":0.9715475364330326,"ESPORTE-occurances":13,"ESPORTE-percentage":0.9021512838306731,"CIÊNCIA-occurances":12,"CIÊNCIA-percentage":0.8327550312283136,"SEXO-occurances":12,"SEXO-percentage":0.8327550312283136,"DECORAÇÃO-occurances":11,"DECORAÇÃO-percentage":0.7633587786259542,"YOUTUBE-occurances":8,"YOUTUBE-percentage":0.5551700208188758,"ESOTERISMO-occurances":7,"ESOTERISMO-percentage":0.4857737682165163,"POP/ARTE-occurances":6,"POP/ARTE-percentage":0.4163775156141568,"CARROS-occurances":5,"CARROS-percentage":0.3469812630117974,"INSTAGRAM-occurances":5,"INSTAGRAM-percentage":0.3469812630117974,"ECONOMIA-occurances":3,"ECONOMIA-percentage":0.2081887578070784,"FITNESS-occurances":2,"FITNESS-percentage":0.13879250520471895,"JOGOS-occurances":2,"JOGOS-percentage":0.13879250520471895,"MODA-occurances":2,"MODA-percentage":0.13879250520471895,"POLÍTICA-occurances":2,"POLÍTICA-percentage":0.13879250520471895,"SÉRIES E FILMES-occurances":1,"SÉRIES E FILMES-percentage":0.06939625260235947,"ALIMENTAÇÃO E SAÚDE-occurances":0,"ALIMENTAÇÃO E SAÚDE-percentage":0,"HUMOR-occurances":0,"HUMOR-percentage":0,"INTERNACIONAL-occurances":0,"INTERNACIONAL-percentage":0,"NATUREZA-occurances":0,"NATUREZA-percentage":0}