{"totalHistoryAmount":7338,"TECNOLOGIA-occurances":1789,"TECNOLOGIA-percentage":24.379940038157535,"FACEBOOK-occurances":572,"FACEBOOK-percentage":7.79503952030526,"NOTÍCIAS-occurances":570,"NOTÍCIAS-percentage":7.76778413736713,"DECORAÇÃO-occurances":365,"DECORAÇÃO-percentage":4.974107386208776,"MODA-occurances":280,"MODA-percentage":3.815753611338239,"ESPORTE-occurances":225,"ESPORTE-percentage":3.066230580539657,"POP/ARTE-occurances":123,"POP/ARTE-percentage":1.6762060506950123,"YOUTUBE-occurances":110,"YOUTUBE-percentage":1.4990460615971655,"LINKEDIN-occurances":104,"LINKEDIN-percentage":1.4172799127827747,"SÉRIES E FILMES-occurances":103,"SÉRIES E FILMES-percentage":1.4036522213137095,"ESOTERISMO-occurances":83,"ESOTERISMO-percentage":1.1310983919324067,"TV E CELEBRIDADES-occurances":75,"TV E CELEBRIDADES-percentage":1.0220768601798855,"ALIMENTAÇÃO E SAÚDE-occurances":61,"ALIMENTAÇÃO E SAÚDE-percentage":0.8312891796129735,"EDUCAÇÃO-occurances":40,"EDUCAÇÃO-percentage":0.5451076587626056,"JOGOS-occurances":34,"JOGOS-percentage":0.46334150994821477,"CARROS-occurances":33,"CARROS-percentage":0.44971381847914965,"VIAGENS-occurances":30,"VIAGENS-percentage":0.4088307440719542,"CIÊNCIA-occurances":24,"CIÊNCIA-percentage":0.3270645952575634,"SEXO-occurances":24,"SEXO-percentage":0.3270645952575634,"HUMOR-occurances":23,"HUMOR-percentage":0.31343690378849826,"INTERNACIONAL-occurances":21,"INTERNACIONAL-percentage":0.28618152085036797,"ECONOMIA-occurances":15,"ECONOMIA-percentage":0.2044153720359771,"POLÍTICA-occurances":13,"POLÍTICA-percentage":0.17715998909784683,"NATUREZA-occurances":9,"NATUREZA-percentage":0.12264922322158626,"TWITTER-occurances":7,"TWITTER-percentage":0.09539384028345599,"INSTAGRAM-occurances":6,"INSTAGRAM-percentage":0.08176614881439084,"FITNESS-occurances":5,"FITNESS-percentage":0.0681384573453257}