{"totalHistoryAmount":10714,"TECNOLOGIA-occurances":3821,"TECNOLOGIA-percentage":35.6636176964719,"SEXO-occurances":2697,"SEXO-percentage":25.1726712712339,"FACEBOOK-occurances":1417,"FACEBOOK-percentage":13.225686018293821,"ESPORTE-occurances":555,"ESPORTE-percentage":5.180138137016987,"CARROS-occurances":160,"CARROS-percentage":1.4933731566175097,"YOUTUBE-occurances":96,"YOUTUBE-percentage":0.8960238939705059,"INSTAGRAM-occurances":83,"INSTAGRAM-percentage":0.7746873249953332,"SÉRIES E FILMES-occurances":76,"SÉRIES E FILMES-percentage":0.7093522493933172,"NOTÍCIAS-occurances":44,"NOTÍCIAS-percentage":0.4106776180698152,"ESOTERISMO-occurances":28,"ESOTERISMO-percentage":0.2613403024080642,"MODA-occurances":24,"MODA-percentage":0.22400597349262646,"ALIMENTAÇÃO E SAÚDE-occurances":22,"ALIMENTAÇÃO E SAÚDE-percentage":0.2053388090349076,"DECORAÇÃO-occurances":18,"DECORAÇÃO-percentage":0.16800448011946986,"TV E CELEBRIDADES-occurances":8,"TV E CELEBRIDADES-percentage":0.07466865783087549,"POP/ARTE-occurances":7,"POP/ARTE-percentage":0.06533507560201605,"CIÊNCIA-occurances":6,"CIÊNCIA-percentage":0.056001493373156616,"EDUCAÇÃO-occurances":6,"EDUCAÇÃO-percentage":0.056001493373156616,"JOGOS-occurances":6,"JOGOS-percentage":0.056001493373156616,"LINKEDIN-occurances":5,"LINKEDIN-percentage":0.04666791114429718,"VIAGENS-occurances":5,"VIAGENS-percentage":0.04666791114429718,"ECONOMIA-occurances":2,"ECONOMIA-percentage":0.018667164457718873,"FITNESS-occurances":2,"FITNESS-percentage":0.018667164457718873,"HUMOR-occurances":1,"HUMOR-percentage":0.009333582228859437,"POLÍTICA-occurances":1,"POLÍTICA-percentage":0.009333582228859437,"INTERNACIONAL-occurances":0,"INTERNACIONAL-percentage":0,"NATUREZA-occurances":0,"NATUREZA-percentage":0,"TWITTER-occurances":0,"TWITTER-percentage":0}