{"totalHistoryAmount":3172,"TECNOLOGIA-occurances":1167,"TECNOLOGIA-percentage":36.7906683480454,"DECORAÇÃO-occurances":422,"DECORAÇÃO-percentage":13.30390920554855,"FACEBOOK-occurances":149,"FACEBOOK-percentage":4.69735182849937,"ESPORTE-occurances":114,"ESPORTE-percentage":3.5939470365699875,"POP/ARTE-occurances":43,"POP/ARTE-percentage":1.355611601513241,"ALIMENTAÇÃO E SAÚDE-occurances":34,"ALIMENTAÇÃO E SAÚDE-percentage":1.0718789407313998,"NOTÍCIAS-occurances":34,"NOTÍCIAS-percentage":1.0718789407313998,"SÉRIES E FILMES-occurances":32,"SÉRIES E FILMES-percentage":1.008827238335435,"MODA-occurances":24,"MODA-percentage":0.7566204287515763,"JOGOS-occurances":21,"JOGOS-percentage":0.6620428751576293,"YOUTUBE-occurances":19,"YOUTUBE-percentage":0.5989911727616646,"TWITTER-occurances":16,"TWITTER-percentage":0.5044136191677175,"CARROS-occurances":11,"CARROS-percentage":0.3467843631778058,"ECONOMIA-occurances":10,"ECONOMIA-percentage":0.31525851197982346,"INSTAGRAM-occurances":8,"INSTAGRAM-percentage":0.25220680958385877,"VIAGENS-occurances":7,"VIAGENS-percentage":0.22068095838587642,"EDUCAÇÃO-occurances":6,"EDUCAÇÃO-percentage":0.18915510718789408,"INTERNACIONAL-occurances":6,"INTERNACIONAL-percentage":0.18915510718789408,"FITNESS-occurances":5,"FITNESS-percentage":0.15762925598991173,"ESOTERISMO-occurances":4,"ESOTERISMO-percentage":0.12610340479192939,"NATUREZA-occurances":4,"NATUREZA-percentage":0.12610340479192939,"TV E CELEBRIDADES-occurances":4,"TV E CELEBRIDADES-percentage":0.12610340479192939,"HUMOR-occurances":3,"HUMOR-percentage":0.09457755359394704,"CIÊNCIA-occurances":2,"CIÊNCIA-percentage":0.06305170239596469,"POLÍTICA-occurances":2,"POLÍTICA-percentage":0.06305170239596469,"SEXO-occurances":2,"SEXO-percentage":0.06305170239596469,"LINKEDIN-occurances":0,"LINKEDIN-percentage":0}