{"totalHistoryAmount":2733,"TECNOLOGIA-occurances":1064,"TECNOLOGIA-percentage":38.931577021588,"DECORAÇÃO-occurances":374,"DECORAÇÃO-percentage":13.684595682400293,"FACEBOOK-occurances":95,"FACEBOOK-percentage":3.4760336626417856,"ESPORTE-occurances":64,"ESPORTE-percentage":2.341748993779729,"POP/ARTE-occurances":36,"POP/ARTE-percentage":1.3172338090010978,"NOTÍCIAS-occurances":35,"NOTÍCIAS-percentage":1.2806439809732895,"SÉRIES E FILMES-occurances":31,"SÉRIES E FILMES-percentage":1.1342846688620563,"ALIMENTAÇÃO E SAÚDE-occurances":30,"ALIMENTAÇÃO E SAÚDE-percentage":1.0976948408342482,"MODA-occurances":25,"MODA-percentage":0.9147457006952068,"YOUTUBE-occurances":21,"YOUTUBE-percentage":0.7683863885839737,"ECONOMIA-occurances":10,"ECONOMIA-percentage":0.3658982802780827,"FITNESS-occurances":10,"FITNESS-percentage":0.3658982802780827,"JOGOS-occurances":10,"JOGOS-percentage":0.3658982802780827,"INSTAGRAM-occurances":8,"INSTAGRAM-percentage":0.29271862422246614,"VIAGENS-occurances":6,"VIAGENS-percentage":0.21953896816684962,"CARROS-occurances":5,"CARROS-percentage":0.18294914013904134,"EDUCAÇÃO-occurances":5,"EDUCAÇÃO-percentage":0.18294914013904134,"INTERNACIONAL-occurances":5,"INTERNACIONAL-percentage":0.18294914013904134,"ESOTERISMO-occurances":4,"ESOTERISMO-percentage":0.14635931211123307,"NATUREZA-occurances":4,"NATUREZA-percentage":0.14635931211123307,"TV E CELEBRIDADES-occurances":4,"TV E CELEBRIDADES-percentage":0.14635931211123307,"HUMOR-occurances":3,"HUMOR-percentage":0.10976948408342481,"SEXO-occurances":3,"SEXO-percentage":0.10976948408342481,"CIÊNCIA-occurances":1,"CIÊNCIA-percentage":0.03658982802780827,"POLÍTICA-occurances":1,"POLÍTICA-percentage":0.03658982802780827,"TWITTER-occurances":1,"TWITTER-percentage":0.03658982802780827,"LINKEDIN-occurances":0,"LINKEDIN-percentage":0}