{"totalHistoryAmount":3142,"TECNOLOGIA-occurances":1172,"TECNOLOGIA-percentage":37.30108211330363,"DECORAÇÃO-occurances":392,"DECORAÇÃO-percentage":12.476129853596435,"FACEBOOK-occurances":167,"FACEBOOK-percentage":5.315085932527053,"ESPORTE-occurances":109,"ESPORTE-percentage":3.469127943984723,"POP/ARTE-occurances":47,"POP/ARTE-percentage":1.4958625079567154,"ALIMENTAÇÃO E SAÚDE-occurances":33,"ALIMENTAÇÃO E SAÚDE-percentage":1.0502864417568427,"NOTÍCIAS-occurances":32,"NOTÍCIAS-percentage":1.0184595798854232,"SÉRIES E FILMES-occurances":28,"SÉRIES E FILMES-percentage":0.8911521323997453,"MODA-occurances":23,"MODA-percentage":0.732017823042648,"JOGOS-occurances":19,"JOGOS-percentage":0.60471037555697,"YOUTUBE-occurances":17,"YOUTUBE-percentage":0.5410566518141311,"TWITTER-occurances":16,"TWITTER-percentage":0.5092297899427116,"CARROS-occurances":11,"CARROS-percentage":0.35009548058561424,"INSTAGRAM-occurances":9,"INSTAGRAM-percentage":0.2864417568427753,"ECONOMIA-occurances":8,"ECONOMIA-percentage":0.2546148949713558,"EDUCAÇÃO-occurances":8,"EDUCAÇÃO-percentage":0.2546148949713558,"VIAGENS-occurances":7,"VIAGENS-percentage":0.22278803309993633,"ESOTERISMO-occurances":6,"ESOTERISMO-percentage":0.19096117122851686,"INTERNACIONAL-occurances":6,"INTERNACIONAL-percentage":0.19096117122851686,"NATUREZA-occurances":4,"NATUREZA-percentage":0.1273074474856779,"HUMOR-occurances":3,"HUMOR-percentage":0.09548058561425843,"TV E CELEBRIDADES-occurances":3,"TV E CELEBRIDADES-percentage":0.09548058561425843,"CIÊNCIA-occurances":2,"CIÊNCIA-percentage":0.06365372374283895,"FITNESS-occurances":2,"FITNESS-percentage":0.06365372374283895,"POLÍTICA-occurances":2,"POLÍTICA-percentage":0.06365372374283895,"SEXO-occurances":2,"SEXO-percentage":0.06365372374283895,"LINKEDIN-occurances":0,"LINKEDIN-percentage":0}