{"totalHistoryAmount":2747,"TECNOLOGIA-occurances":1066,"TECNOLOGIA-percentage":38.80597014925373,"DECORAÇÃO-occurances":384,"DECORAÇÃO-percentage":13.978886057517292,"FACEBOOK-occurances":95,"FACEBOOK-percentage":3.458318165271205,"ESPORTE-occurances":64,"ESPORTE-percentage":2.3298143429195486,"POP/ARTE-occurances":36,"POP/ARTE-percentage":1.310520567892246,"NOTÍCIAS-occurances":35,"NOTÍCIAS-percentage":1.274117218784128,"SÉRIES E FILMES-occurances":31,"SÉRIES E FILMES-percentage":1.1285038223516564,"ALIMENTAÇÃO E SAÚDE-occurances":30,"ALIMENTAÇÃO E SAÚDE-percentage":1.0921004732435384,"MODA-occurances":25,"MODA-percentage":0.9100837277029487,"YOUTUBE-occurances":21,"YOUTUBE-percentage":0.7644703312704769,"ECONOMIA-occurances":10,"ECONOMIA-percentage":0.3640334910811795,"FITNESS-occurances":10,"FITNESS-percentage":0.3640334910811795,"JOGOS-occurances":10,"JOGOS-percentage":0.3640334910811795,"INSTAGRAM-occurances":8,"INSTAGRAM-percentage":0.2912267928649436,"VIAGENS-occurances":6,"VIAGENS-percentage":0.21842009464870768,"CARROS-occurances":5,"CARROS-percentage":0.18201674554058975,"EDUCAÇÃO-occurances":5,"EDUCAÇÃO-percentage":0.18201674554058975,"INTERNACIONAL-occurances":5,"INTERNACIONAL-percentage":0.18201674554058975,"ESOTERISMO-occurances":4,"ESOTERISMO-percentage":0.1456133964324718,"NATUREZA-occurances":4,"NATUREZA-percentage":0.1456133964324718,"TV E CELEBRIDADES-occurances":4,"TV E CELEBRIDADES-percentage":0.1456133964324718,"HUMOR-occurances":3,"HUMOR-percentage":0.10921004732435384,"SEXO-occurances":3,"SEXO-percentage":0.10921004732435384,"CIÊNCIA-occurances":1,"CIÊNCIA-percentage":0.03640334910811795,"POLÍTICA-occurances":1,"POLÍTICA-percentage":0.03640334910811795,"TWITTER-occurances":1,"TWITTER-percentage":0.03640334910811795,"LINKEDIN-occurances":0,"LINKEDIN-percentage":0}