{"totalHistoryAmount":6761,"TECNOLOGIA-occurances":1691,"TECNOLOGIA-percentage":25.011093033574916,"FACEBOOK-occurances":741,"FACEBOOK-percentage":10.959917172015974,"NOTÍCIAS-occurances":405,"NOTÍCIAS-percentage":5.990238130454075,"DECORAÇÃO-occurances":359,"DECORAÇÃO-percentage":5.309865404525958,"MODA-occurances":254,"MODA-percentage":3.7568407040378644,"ESPORTE-occurances":223,"ESPORTE-percentage":3.298328649608046,"ESOTERISMO-occurances":168,"ESOTERISMO-percentage":2.4848395207809495,"LINKEDIN-occurances":137,"LINKEDIN-percentage":2.0263274663511317,"TV E CELEBRIDADES-occurances":108,"TV E CELEBRIDADES-percentage":1.5973968347877532,"YOUTUBE-occurances":102,"YOUTUBE-percentage":1.5086525661884336,"POP/ARTE-occurances":93,"POP/ARTE-percentage":1.3755361632894543,"SÉRIES E FILMES-occurances":69,"SÉRIES E FILMES-percentage":1.0205590888921756,"ALIMENTAÇÃO E SAÚDE-occurances":65,"ALIMENTAÇÃO E SAÚDE-percentage":0.961396243159296,"POLÍTICA-occurances":57,"POLÍTICA-percentage":0.8430705516935365,"CARROS-occurances":41,"CARROS-percentage":0.6064191687620174,"EDUCAÇÃO-occurances":32,"EDUCAÇÃO-percentage":0.473302765863038,"ECONOMIA-occurances":26,"ECONOMIA-percentage":0.3845584972637184,"CIÊNCIA-occurances":25,"CIÊNCIA-percentage":0.36976778583049846,"JOGOS-occurances":25,"JOGOS-percentage":0.36976778583049846,"NATUREZA-occurances":18,"NATUREZA-percentage":0.2662328057979589,"SEXO-occurances":15,"SEXO-percentage":0.22186067149829908,"INTERNACIONAL-occurances":14,"INTERNACIONAL-percentage":0.20706996006507913,"HUMOR-occurances":13,"HUMOR-percentage":0.1922792486318592,"TWITTER-occurances":10,"TWITTER-percentage":0.14790711433219939,"FITNESS-occurances":9,"FITNESS-percentage":0.13311640289897944,"INSTAGRAM-occurances":8,"INSTAGRAM-percentage":0.1183256914657595,"VIAGENS-occurances":6,"VIAGENS-percentage":0.08874426859931962}