{"totalHistoryAmount":6317,"TECNOLOGIA-occurances":1512,"TECNOLOGIA-percentage":23.935412379293968,"FACEBOOK-occurances":618,"FACEBOOK-percentage":9.78312490106063,"DECORAÇÃO-occurances":391,"DECORAÇÃO-percentage":6.189646984328004,"NOTÍCIAS-occurances":360,"NOTÍCIAS-percentage":5.698907709355707,"MODA-occurances":242,"MODA-percentage":3.8309324046224473,"ESPORTE-occurances":230,"ESPORTE-percentage":3.6409688143105905,"LINKEDIN-occurances":127,"LINKEDIN-percentage":2.010447997467152,"ESOTERISMO-occurances":126,"ESOTERISMO-percentage":1.9946176982744974,"POP/ARTE-occurances":104,"POP/ARTE-percentage":1.646351116036093,"YOUTUBE-occurances":89,"YOUTUBE-percentage":1.408896628146272,"TV E CELEBRIDADES-occurances":86,"TV E CELEBRIDADES-percentage":1.3614057305683078,"SÉRIES E FILMES-occurances":77,"SÉRIES E FILMES-percentage":1.218933037834415,"POLÍTICA-occurances":49,"POLÍTICA-percentage":0.7756846604400823,"ALIMENTAÇÃO E SAÚDE-occurances":47,"ALIMENTAÇÃO E SAÚDE-percentage":0.7440240620547728,"EDUCAÇÃO-occurances":38,"EDUCAÇÃO-percentage":0.6015513693208802,"CARROS-occurances":36,"CARROS-percentage":0.5698907709355707,"ECONOMIA-occurances":21,"ECONOMIA-percentage":0.33243628304574957,"CIÊNCIA-occurances":19,"CIÊNCIA-percentage":0.3007756846604401,"SEXO-occurances":17,"SEXO-percentage":0.2691150862751306,"HUMOR-occurances":15,"HUMOR-percentage":0.23745448788982113,"INTERNACIONAL-occurances":13,"INTERNACIONAL-percentage":0.20579388950451163,"JOGOS-occurances":12,"JOGOS-percentage":0.1899635903118569,"TWITTER-occurances":10,"TWITTER-percentage":0.1583029919265474,"FITNESS-occurances":9,"FITNESS-percentage":0.14247269273389268,"NATUREZA-occurances":7,"NATUREZA-percentage":0.11081209434858319,"INSTAGRAM-occurances":6,"INSTAGRAM-percentage":0.09498179515592844,"VIAGENS-occurances":4,"VIAGENS-percentage":0.06332119677061897}