{"totalHistoryAmount":1264,"TECNOLOGIA-occurances":548,"TECNOLOGIA-percentage":43.35443037974684,"YOUTUBE-occurances":131,"YOUTUBE-percentage":10.363924050632912,"ESPORTE-occurances":62,"ESPORTE-percentage":4.905063291139241,"FITNESS-occurances":37,"FITNESS-percentage":2.9272151898734178,"POP/ARTE-occurances":28,"POP/ARTE-percentage":2.2151898734177213,"ECONOMIA-occurances":18,"ECONOMIA-percentage":1.4240506329113924,"FACEBOOK-occurances":18,"FACEBOOK-percentage":1.4240506329113924,"INSTAGRAM-occurances":18,"INSTAGRAM-percentage":1.4240506329113924,"SÉRIES E FILMES-occurances":14,"SÉRIES E FILMES-percentage":1.1075949367088607,"JOGOS-occurances":12,"JOGOS-percentage":0.9493670886075949,"EDUCAÇÃO-occurances":11,"EDUCAÇÃO-percentage":0.870253164556962,"VIAGENS-occurances":11,"VIAGENS-percentage":0.870253164556962,"NOTÍCIAS-occurances":7,"NOTÍCIAS-percentage":0.5537974683544303,"POLÍTICA-occurances":5,"POLÍTICA-percentage":0.39556962025316456,"CARROS-occurances":4,"CARROS-percentage":0.31645569620253167,"TV E CELEBRIDADES-occurances":3,"TV E CELEBRIDADES-percentage":0.23734177215189872,"ESOTERISMO-occurances":2,"ESOTERISMO-percentage":0.15822784810126583,"HUMOR-occurances":2,"HUMOR-percentage":0.15822784810126583,"CIÊNCIA-occurances":1,"CIÊNCIA-percentage":0.07911392405063292,"DECORAÇÃO-occurances":1,"DECORAÇÃO-percentage":0.07911392405063292,"LINKEDIN-occurances":1,"LINKEDIN-percentage":0.07911392405063292,"MODA-occurances":1,"MODA-percentage":0.07911392405063292,"NATUREZA-occurances":1,"NATUREZA-percentage":0.07911392405063292,"ALIMENTAÇÃO E SAÚDE-occurances":0,"ALIMENTAÇÃO E SAÚDE-percentage":0,"INTERNACIONAL-occurances":0,"INTERNACIONAL-percentage":0,"SEXO-occurances":0,"SEXO-percentage":0,"TWITTER-occurances":0,"TWITTER-percentage":0}