{"totalHistoryAmount":9640,"TECNOLOGIA-occurances":4463,"TECNOLOGIA-percentage":46.29668049792531,"ESPORTE-occurances":1609,"ESPORTE-percentage":16.690871369294605,"FACEBOOK-occurances":1127,"FACEBOOK-percentage":11.690871369294605,"SEXO-occurances":695,"SEXO-percentage":7.20954356846473,"INSTAGRAM-occurances":181,"INSTAGRAM-percentage":1.8775933609958506,"CARROS-occurances":142,"CARROS-percentage":1.4730290456431536,"YOUTUBE-occurances":68,"YOUTUBE-percentage":0.7053941908713693,"DECORAÇÃO-occurances":62,"DECORAÇÃO-percentage":0.6431535269709544,"NOTÍCIAS-occurances":50,"NOTÍCIAS-percentage":0.5186721991701245,"EDUCAÇÃO-occurances":44,"EDUCAÇÃO-percentage":0.45643153526970953,"POP/ARTE-occurances":35,"POP/ARTE-percentage":0.3630705394190871,"ESOTERISMO-occurances":28,"ESOTERISMO-percentage":0.29045643153526973,"MODA-occurances":24,"MODA-percentage":0.24896265560165975,"LINKEDIN-occurances":17,"LINKEDIN-percentage":0.17634854771784234,"SÉRIES E FILMES-occurances":12,"SÉRIES E FILMES-percentage":0.12448132780082988,"CIÊNCIA-occurances":11,"CIÊNCIA-percentage":0.11410788381742738,"ECONOMIA-occurances":11,"ECONOMIA-percentage":0.11410788381742738,"TWITTER-occurances":10,"TWITTER-percentage":0.1037344398340249,"TV E CELEBRIDADES-occurances":8,"TV E CELEBRIDADES-percentage":0.08298755186721991,"JOGOS-occurances":7,"JOGOS-percentage":0.07261410788381743,"VIAGENS-occurances":4,"VIAGENS-percentage":0.04149377593360996,"FITNESS-occurances":2,"FITNESS-percentage":0.02074688796680498,"POLÍTICA-occurances":2,"POLÍTICA-percentage":0.02074688796680498,"ALIMENTAÇÃO E SAÚDE-occurances":1,"ALIMENTAÇÃO E SAÚDE-percentage":0.01037344398340249,"INTERNACIONAL-occurances":1,"INTERNACIONAL-percentage":0.01037344398340249,"HUMOR-occurances":0,"HUMOR-percentage":0,"NATUREZA-occurances":0,"NATUREZA-percentage":0}