{"totalHistoryAmount":7026,"TECNOLOGIA-occurances":1927,"TECNOLOGIA-percentage":27.426700825505264,"NOTÍCIAS-occurances":470,"NOTÍCIAS-percentage":6.6894392257329915,"DECORAÇÃO-occurances":359,"DECORAÇÃO-percentage":5.1095929405066896,"FACEBOOK-occurances":332,"FACEBOOK-percentage":4.7253060062624535,"MODA-occurances":269,"MODA-percentage":3.8286364930259036,"YOUTUBE-occurances":229,"YOUTUBE-percentage":3.259322516367777,"SÉRIES E FILMES-occurances":165,"SÉRIES E FILMES-percentage":2.3484201537147738,"ESPORTE-occurances":163,"ESPORTE-percentage":2.3199544548818674,"POP/ARTE-occurances":128,"POP/ARTE-percentage":1.8218047253060063,"ALIMENTAÇÃO E SAÚDE-occurances":71,"ALIMENTAÇÃO E SAÚDE-percentage":1.0105323085681754,"TV E CELEBRIDADES-occurances":60,"TV E CELEBRIDADES-percentage":0.8539709649871904,"CARROS-occurances":47,"CARROS-percentage":0.6689439225732992,"JOGOS-occurances":36,"JOGOS-percentage":0.5123825789923142,"VIAGENS-occurances":36,"VIAGENS-percentage":0.5123825789923142,"SEXO-occurances":32,"SEXO-percentage":0.4554511813265016,"EDUCAÇÃO-occurances":28,"EDUCAÇÃO-percentage":0.39851978366068885,"CIÊNCIA-occurances":19,"CIÊNCIA-percentage":0.2704241389126103,"INTERNACIONAL-occurances":17,"INTERNACIONAL-percentage":0.24195844007970396,"HUMOR-occurances":16,"HUMOR-percentage":0.2277255906632508,"LINKEDIN-occurances":10,"LINKEDIN-percentage":0.14232849416453175,"ECONOMIA-occurances":9,"ECONOMIA-percentage":0.12809564474807855,"NATUREZA-occurances":8,"NATUREZA-percentage":0.1138627953316254,"FITNESS-occurances":7,"FITNESS-percentage":0.09962994591517221,"ESOTERISMO-occurances":5,"ESOTERISMO-percentage":0.07116424708226587,"INSTAGRAM-occurances":4,"INSTAGRAM-percentage":0.0569313976658127,"POLÍTICA-occurances":3,"POLÍTICA-percentage":0.04269854824935952,"TWITTER-occurances":3,"TWITTER-percentage":0.04269854824935952}