{"totalHistoryAmount":2272,"TECNOLOGIA-occurances":937,"TECNOLOGIA-percentage":41.24119718309859,"NOTÍCIAS-occurances":262,"NOTÍCIAS-percentage":11.53169014084507,"ESPORTE-occurances":132,"ESPORTE-percentage":5.809859154929577,"YOUTUBE-occurances":118,"YOUTUBE-percentage":5.193661971830986,"FACEBOOK-occurances":69,"FACEBOOK-percentage":3.0369718309859155,"JOGOS-occurances":33,"JOGOS-percentage":1.4524647887323943,"POLÍTICA-occurances":27,"POLÍTICA-percentage":1.1883802816901408,"SEXO-occurances":25,"SEXO-percentage":1.1003521126760563,"POP/ARTE-occurances":19,"POP/ARTE-percentage":0.8362676056338029,"SÉRIES E FILMES-occurances":19,"SÉRIES E FILMES-percentage":0.8362676056338029,"EDUCAÇÃO-occurances":17,"EDUCAÇÃO-percentage":0.7482394366197183,"INTERNACIONAL-occurances":16,"INTERNACIONAL-percentage":0.704225352112676,"MODA-occurances":15,"MODA-percentage":0.6602112676056338,"INSTAGRAM-occurances":14,"INSTAGRAM-percentage":0.6161971830985915,"TWITTER-occurances":11,"TWITTER-percentage":0.4841549295774648,"LINKEDIN-occurances":8,"LINKEDIN-percentage":0.352112676056338,"ALIMENTAÇÃO E SAÚDE-occurances":6,"ALIMENTAÇÃO E SAÚDE-percentage":0.2640845070422535,"DECORAÇÃO-occurances":5,"DECORAÇÃO-percentage":0.22007042253521128,"VIAGENS-occurances":5,"VIAGENS-percentage":0.22007042253521128,"CARROS-occurances":4,"CARROS-percentage":0.176056338028169,"TV E CELEBRIDADES-occurances":4,"TV E CELEBRIDADES-percentage":0.176056338028169,"ESOTERISMO-occurances":3,"ESOTERISMO-percentage":0.13204225352112675,"CIÊNCIA-occurances":2,"CIÊNCIA-percentage":0.0880281690140845,"NATUREZA-occurances":2,"NATUREZA-percentage":0.0880281690140845,"ECONOMIA-occurances":1,"ECONOMIA-percentage":0.04401408450704225,"FITNESS-occurances":1,"FITNESS-percentage":0.04401408450704225,"HUMOR-occurances":1,"HUMOR-percentage":0.04401408450704225}