{"totalHistoryAmount":2766,"TECNOLOGIA-occurances":1060,"TECNOLOGIA-percentage":38.32248734634852,"DECORAÇÃO-occurances":348,"DECORAÇÃO-percentage":12.581344902386117,"FACEBOOK-occurances":128,"FACEBOOK-percentage":4.6276211135213305,"ESPORTE-occurances":74,"ESPORTE-percentage":2.6753434562545193,"POP/ARTE-occurances":35,"POP/ARTE-percentage":1.265365148228489,"ALIMENTAÇÃO E SAÚDE-occurances":30,"ALIMENTAÇÃO E SAÚDE-percentage":1.0845986984815619,"NOTÍCIAS-occurances":30,"NOTÍCIAS-percentage":1.0845986984815619,"MODA-occurances":25,"MODA-percentage":0.9038322487346349,"SÉRIES E FILMES-occurances":25,"SÉRIES E FILMES-percentage":0.9038322487346349,"YOUTUBE-occurances":23,"YOUTUBE-percentage":0.8315256688358641,"JOGOS-occurances":13,"JOGOS-percentage":0.4699927693420101,"FITNESS-occurances":11,"FITNESS-percentage":0.39768618944323936,"ECONOMIA-occurances":10,"ECONOMIA-percentage":0.3615328994938539,"INSTAGRAM-occurances":8,"INSTAGRAM-percentage":0.28922631959508316,"CARROS-occurances":6,"CARROS-percentage":0.21691973969631237,"VIAGENS-occurances":6,"VIAGENS-percentage":0.21691973969631237,"EDUCAÇÃO-occurances":5,"EDUCAÇÃO-percentage":0.18076644974692696,"ESOTERISMO-occurances":4,"ESOTERISMO-percentage":0.14461315979754158,"NATUREZA-occurances":4,"NATUREZA-percentage":0.14461315979754158,"TV E CELEBRIDADES-occurances":4,"TV E CELEBRIDADES-percentage":0.14461315979754158,"HUMOR-occurances":3,"HUMOR-percentage":0.10845986984815618,"SEXO-occurances":3,"SEXO-percentage":0.10845986984815618,"INTERNACIONAL-occurances":2,"INTERNACIONAL-percentage":0.07230657989877079,"CIÊNCIA-occurances":1,"CIÊNCIA-percentage":0.036153289949385395,"POLÍTICA-occurances":1,"POLÍTICA-percentage":0.036153289949385395,"TWITTER-occurances":1,"TWITTER-percentage":0.036153289949385395,"LINKEDIN-occurances":0,"LINKEDIN-percentage":0}