{"totalHistoryAmount":6701,"TECNOLOGIA-occurances":1673,"TECNOLOGIA-percentage":24.96642292195195,"FACEBOOK-occurances":572,"FACEBOOK-percentage":8.53603939710491,"NOTÍCIAS-occurances":417,"NOTÍCIAS-percentage":6.222951798239069,"DECORAÇÃO-occurances":353,"DECORAÇÃO-percentage":5.267870467094464,"MODA-occurances":287,"MODA-percentage":4.282942844351589,"ESPORTE-occurances":226,"ESPORTE-percentage":3.3726309506043872,"LINKEDIN-occurances":128,"LINKEDIN-percentage":1.9101626622892105,"POP/ARTE-occurances":127,"POP/ARTE-percentage":1.8952395164900762,"ESOTERISMO-occurances":115,"ESOTERISMO-percentage":1.7161617669004625,"YOUTUBE-occurances":82,"YOUTUBE-percentage":1.2236979555290255,"TV E CELEBRIDADES-occurances":81,"TV E CELEBRIDADES-percentage":1.2087748097298912,"SÉRIES E FILMES-occurances":68,"SÉRIES E FILMES-percentage":1.0147739143411432,"ALIMENTAÇÃO E SAÚDE-occurances":61,"ALIMENTAÇÃO E SAÚDE-percentage":0.9103118937472019,"POLÍTICA-occurances":43,"POLÍTICA-percentage":0.6416952693627817,"EDUCAÇÃO-occurances":38,"EDUCAÇÃO-percentage":0.5670795403671094,"CARROS-occurances":35,"CARROS-percentage":0.522310102969706,"VIAGENS-occurances":31,"VIAGENS-percentage":0.4626175197731682,"ECONOMIA-occurances":23,"ECONOMIA-percentage":0.3432323533800925,"CIÊNCIA-occurances":20,"CIÊNCIA-percentage":0.29846291598268915,"SEXO-occurances":19,"SEXO-percentage":0.2835397701835547,"HUMOR-occurances":16,"HUMOR-percentage":0.2387703327861513,"INTERNACIONAL-occurances":14,"INTERNACIONAL-percentage":0.2089240411878824,"JOGOS-occurances":9,"JOGOS-percentage":0.13430831219221012,"NATUREZA-occurances":7,"NATUREZA-percentage":0.1044620205939412,"TWITTER-occurances":7,"TWITTER-percentage":0.1044620205939412,"INSTAGRAM-occurances":6,"INSTAGRAM-percentage":0.08953887479480674,"FITNESS-occurances":4,"FITNESS-percentage":0.05969258319653783}