{"totalHistoryAmount":6585,"TECNOLOGIA-occurances":1688,"TECNOLOGIA-percentage":25.63401670463174,"FACEBOOK-occurances":726,"FACEBOOK-percentage":11.025056947608201,"NOTÍCIAS-occurances":386,"NOTÍCIAS-percentage":5.861807137433561,"DECORAÇÃO-occurances":346,"DECORAÇÃO-percentage":5.254365983295369,"MODA-occurances":248,"MODA-percentage":3.7661351556567957,"ESPORTE-occurances":216,"ESPORTE-percentage":3.2801822323462413,"ESOTERISMO-occurances":168,"ESOTERISMO-percentage":2.55125284738041,"LINKEDIN-occurances":137,"LINKEDIN-percentage":2.0804859529233104,"TV E CELEBRIDADES-occurances":108,"TV E CELEBRIDADES-percentage":1.6400911161731206,"YOUTUBE-occurances":105,"YOUTUBE-percentage":1.5945330296127562,"POP/ARTE-occurances":79,"POP/ARTE-percentage":1.199696279422931,"ALIMENTAÇÃO E SAÚDE-occurances":69,"ALIMENTAÇÃO E SAÚDE-percentage":1.0478359908883828,"SÉRIES E FILMES-occurances":67,"SÉRIES E FILMES-percentage":1.017463933181473,"POLÍTICA-occurances":57,"POLÍTICA-percentage":0.8656036446469249,"CARROS-occurances":41,"CARROS-percentage":0.6226271829916477,"EDUCAÇÃO-occurances":32,"EDUCAÇÃO-percentage":0.4859529233105543,"JOGOS-occurances":26,"JOGOS-percentage":0.39483675018982534,"ECONOMIA-occurances":24,"ECONOMIA-percentage":0.36446469248291574,"CIÊNCIA-occurances":22,"CIÊNCIA-percentage":0.3340926347760061,"NATUREZA-occurances":18,"NATUREZA-percentage":0.2733485193621868,"INTERNACIONAL-occurances":14,"INTERNACIONAL-percentage":0.2126044039483675,"HUMOR-occurances":13,"HUMOR-percentage":0.19741837509491267,"SEXO-occurances":12,"SEXO-percentage":0.18223234624145787,"FITNESS-occurances":10,"FITNESS-percentage":0.15186028853454822,"TWITTER-occurances":10,"TWITTER-percentage":0.15186028853454822,"INSTAGRAM-occurances":8,"INSTAGRAM-percentage":0.12148823082763857,"VIAGENS-occurances":6,"VIAGENS-percentage":0.09111617312072894}