{"totalHistoryAmount":5123,"TECNOLOGIA-occurances":1425,"TECNOLOGIA-percentage":27.8157329689635,"YOUTUBE-occurances":613,"YOUTUBE-percentage":11.965645129806754,"SÉRIES E FILMES-occurances":380,"SÉRIES E FILMES-percentage":7.4175287917235995,"DECORAÇÃO-occurances":296,"DECORAÇÃO-percentage":5.777864532500488,"NOTÍCIAS-occurances":182,"NOTÍCIAS-percentage":3.552605894983408,"FACEBOOK-occurances":157,"FACEBOOK-percentage":3.0646105797384346,"POP/ARTE-occurances":98,"POP/ARTE-percentage":1.9129416357602966,"TV E CELEBRIDADES-occurances":67,"TV E CELEBRIDADES-percentage":1.3078274448565295,"CARROS-occurances":57,"CARROS-percentage":1.1126293187585399,"ESPORTE-occurances":56,"ESPORTE-percentage":1.093109506148741,"ALIMENTAÇÃO E SAÚDE-occurances":42,"ALIMENTAÇÃO E SAÚDE-percentage":0.8198321296115557,"SEXO-occurances":24,"SEXO-percentage":0.4684755026351747,"MODA-occurances":21,"MODA-percentage":0.40991606480577786,"INTERNACIONAL-occurances":10,"INTERNACIONAL-percentage":0.19519812609798945,"VIAGENS-occurances":10,"VIAGENS-percentage":0.19519812609798945,"EDUCAÇÃO-occurances":9,"EDUCAÇÃO-percentage":0.17567831348819052,"JOGOS-occurances":9,"JOGOS-percentage":0.17567831348819052,"CIÊNCIA-occurances":6,"CIÊNCIA-percentage":0.11711887565879367,"ESOTERISMO-occurances":6,"ESOTERISMO-percentage":0.11711887565879367,"FITNESS-occurances":6,"FITNESS-percentage":0.11711887565879367,"INSTAGRAM-occurances":6,"INSTAGRAM-percentage":0.11711887565879367,"LINKEDIN-occurances":6,"LINKEDIN-percentage":0.11711887565879367,"HUMOR-occurances":5,"HUMOR-percentage":0.09759906304899472,"NATUREZA-occurances":4,"NATUREZA-percentage":0.07807925043919578,"ECONOMIA-occurances":2,"ECONOMIA-percentage":0.03903962521959789,"TWITTER-occurances":1,"TWITTER-percentage":0.019519812609798945,"POLÍTICA-occurances":0,"POLÍTICA-percentage":0}