{"totalHistoryAmount":6657,"TECNOLOGIA-occurances":1872,"TECNOLOGIA-percentage":28.120775123929697,"YOUTUBE-occurances":446,"YOUTUBE-percentage":6.699714586149917,"NOTÍCIAS-occurances":443,"NOTÍCIAS-percentage":6.65464924140003,"DECORAÇÃO-occurances":387,"DECORAÇÃO-percentage":5.813429472735466,"SÉRIES E FILMES-occurances":256,"SÉRIES E FILMES-percentage":3.8455760853237195,"FACEBOOK-occurances":183,"FACEBOOK-percentage":2.7489860297431274,"ESPORTE-occurances":125,"ESPORTE-percentage":1.8777226979119723,"POP/ARTE-occurances":121,"POP/ARTE-percentage":1.8176355715787893,"TV E CELEBRIDADES-occurances":77,"TV E CELEBRIDADES-percentage":1.1566771819137749,"MODA-occurances":66,"MODA-percentage":0.9914375844975214,"CARROS-occurances":64,"CARROS-percentage":0.9613940213309299,"ALIMENTAÇÃO E SAÚDE-occurances":58,"ALIMENTAÇÃO E SAÚDE-percentage":0.8712633318311552,"JOGOS-occurances":40,"JOGOS-percentage":0.6008712633318312,"VIAGENS-occurances":37,"VIAGENS-percentage":0.5558059185819438,"SEXO-occurances":28,"SEXO-percentage":0.4206098843322818,"EDUCAÇÃO-occurances":24,"EDUCAÇÃO-percentage":0.3605227579990987,"INTERNACIONAL-occurances":19,"INTERNACIONAL-percentage":0.2854138500826198,"CIÊNCIA-occurances":11,"CIÊNCIA-percentage":0.16523959741625358,"HUMOR-occurances":10,"HUMOR-percentage":0.1502178158329578,"LINKEDIN-occurances":10,"LINKEDIN-percentage":0.1502178158329578,"ESOTERISMO-occurances":9,"ESOTERISMO-percentage":0.135196034249662,"FITNESS-occurances":9,"FITNESS-percentage":0.135196034249662,"ECONOMIA-occurances":8,"ECONOMIA-percentage":0.12017425266636624,"NATUREZA-occurances":5,"NATUREZA-percentage":0.0751089079164789,"TWITTER-occurances":3,"TWITTER-percentage":0.04506534474988734,"POLÍTICA-occurances":1,"POLÍTICA-percentage":0.01502178158329578,"INSTAGRAM-occurances":0,"INSTAGRAM-percentage":0}