{"totalHistoryAmount":6572,"TECNOLOGIA-occurances":1872,"TECNOLOGIA-percentage":28.484479610468654,"YOUTUBE-occurances":446,"YOUTUBE-percentage":6.786366402921485,"NOTÍCIAS-occurances":432,"NOTÍCIAS-percentage":6.57334144856969,"DECORAÇÃO-occurances":367,"DECORAÇÃO-percentage":5.5842970176506395,"SÉRIES E FILMES-occurances":260,"SÉRIES E FILMES-percentage":3.956177723676202,"FACEBOOK-occurances":192,"FACEBOOK-percentage":2.9214850882531955,"POP/ARTE-occurances":128,"POP/ARTE-percentage":1.9476567255021302,"ESPORTE-occurances":88,"ESPORTE-percentage":1.3390139987827145,"TV E CELEBRIDADES-occurances":72,"TV E CELEBRIDADES-percentage":1.0955569080949483,"MODA-occurances":65,"MODA-percentage":0.9890444309190505,"CARROS-occurances":63,"CARROS-percentage":0.9586122945830797,"ALIMENTAÇÃO E SAÚDE-occurances":58,"ALIMENTAÇÃO E SAÚDE-percentage":0.8825319537431527,"JOGOS-occurances":39,"JOGOS-percentage":0.5934266585514303,"VIAGENS-occurances":36,"VIAGENS-percentage":0.5477784540474742,"SEXO-occurances":28,"SEXO-percentage":0.426049908703591,"EDUCAÇÃO-occurances":24,"EDUCAÇÃO-percentage":0.36518563603164944,"INTERNACIONAL-occurances":19,"INTERNACIONAL-percentage":0.28910529519172246,"CIÊNCIA-occurances":11,"CIÊNCIA-percentage":0.16737674984783932,"HUMOR-occurances":10,"HUMOR-percentage":0.15216068167985392,"LINKEDIN-occurances":10,"LINKEDIN-percentage":0.15216068167985392,"ESOTERISMO-occurances":9,"ESOTERISMO-percentage":0.13694461351186854,"ECONOMIA-occurances":8,"ECONOMIA-percentage":0.12172854534388314,"FITNESS-occurances":7,"FITNESS-percentage":0.10651247717589775,"NATUREZA-occurances":4,"NATUREZA-percentage":0.06086427267194157,"POLÍTICA-occurances":1,"POLÍTICA-percentage":0.015216068167985392,"TWITTER-occurances":1,"TWITTER-percentage":0.015216068167985392,"INSTAGRAM-occurances":0,"INSTAGRAM-percentage":0}