{"totalHistoryAmount":3927,"TECNOLOGIA-occurances":1302,"TECNOLOGIA-percentage":33.155080213903744,"LINKEDIN-occurances":305,"LINKEDIN-percentage":7.7667430608607075,"EDUCAÇÃO-occurances":106,"EDUCAÇÃO-percentage":2.6992615227909345,"FACEBOOK-occurances":98,"FACEBOOK-percentage":2.4955436720142603,"CARROS-occurances":44,"CARROS-percentage":1.1204481792717087,"ESPORTE-occurances":41,"ESPORTE-percentage":1.0440539852304558,"VIAGENS-occurances":40,"VIAGENS-percentage":1.0185892538833716,"INSTAGRAM-occurances":35,"INSTAGRAM-percentage":0.8912655971479501,"NOTÍCIAS-occurances":33,"NOTÍCIAS-percentage":0.8403361344537815,"SÉRIES E FILMES-occurances":31,"SÉRIES E FILMES-percentage":0.789406671759613,"YOUTUBE-occurances":28,"YOUTUBE-percentage":0.7130124777183601,"FITNESS-occurances":27,"FITNESS-percentage":0.6875477463712758,"TV E CELEBRIDADES-occurances":21,"TV E CELEBRIDADES-percentage":0.5347593582887701,"CIÊNCIA-occurances":20,"CIÊNCIA-percentage":0.5092946269416858,"JOGOS-occurances":20,"JOGOS-percentage":0.5092946269416858,"DECORAÇÃO-occurances":19,"DECORAÇÃO-percentage":0.4838298955946015,"MODA-occurances":19,"MODA-percentage":0.4838298955946015,"POP/ARTE-occurances":18,"POP/ARTE-percentage":0.45836516424751717,"TWITTER-occurances":17,"TWITTER-percentage":0.4329004329004329,"ECONOMIA-occurances":15,"ECONOMIA-percentage":0.3819709702062643,"SEXO-occurances":15,"SEXO-percentage":0.3819709702062643,"ESOTERISMO-occurances":7,"ESOTERISMO-percentage":0.17825311942959002,"ALIMENTAÇÃO E SAÚDE-occurances":5,"ALIMENTAÇÃO E SAÚDE-percentage":0.12732365673542145,"POLÍTICA-occurances":4,"POLÍTICA-percentage":0.10185892538833716,"HUMOR-occurances":0,"HUMOR-percentage":0,"INTERNACIONAL-occurances":0,"INTERNACIONAL-percentage":0,"NATUREZA-occurances":0,"NATUREZA-percentage":0}