{"totalHistoryAmount":8735,"TECNOLOGIA-occurances":4100,"TECNOLOGIA-percentage":46.93760732684602,"ESPORTE-occurances":1407,"ESPORTE-percentage":16.107613050944476,"FACEBOOK-occurances":1061,"FACEBOOK-percentage":12.14653692043503,"SEXO-occurances":693,"SEXO-percentage":7.933600457927876,"INSTAGRAM-occurances":173,"INSTAGRAM-percentage":1.9805380652547224,"CARROS-occurances":98,"CARROS-percentage":1.1219232970807098,"YOUTUBE-occurances":61,"YOUTUBE-percentage":0.6983400114481969,"DECORAÇÃO-occurances":49,"DECORAÇÃO-percentage":0.5609616485403549,"NOTÍCIAS-occurances":38,"NOTÍCIAS-percentage":0.4350314825414997,"MODA-occurances":23,"MODA-percentage":0.2633085289066972,"EDUCAÇÃO-occurances":21,"EDUCAÇÃO-percentage":0.24041213508872353,"ESOTERISMO-occurances":14,"ESOTERISMO-percentage":0.16027475672581568,"CIÊNCIA-occurances":11,"CIÊNCIA-percentage":0.12593016599885518,"ECONOMIA-occurances":11,"ECONOMIA-percentage":0.12593016599885518,"LINKEDIN-occurances":11,"LINKEDIN-percentage":0.12593016599885518,"POP/ARTE-occurances":10,"POP/ARTE-percentage":0.11448196908986835,"SÉRIES E FILMES-occurances":8,"SÉRIES E FILMES-percentage":0.09158557527189468,"TV E CELEBRIDADES-occurances":3,"TV E CELEBRIDADES-percentage":0.03434459072696051,"TWITTER-occurances":3,"TWITTER-percentage":0.03434459072696051,"VIAGENS-occurances":2,"VIAGENS-percentage":0.02289639381797367,"ALIMENTAÇÃO E SAÚDE-occurances":1,"ALIMENTAÇÃO E SAÚDE-percentage":0.011448196908986834,"INTERNACIONAL-occurances":1,"INTERNACIONAL-percentage":0.011448196908986834,"POLÍTICA-occurances":1,"POLÍTICA-percentage":0.011448196908986834,"FITNESS-occurances":0,"FITNESS-percentage":0,"HUMOR-occurances":0,"HUMOR-percentage":0,"JOGOS-occurances":0,"JOGOS-percentage":0,"NATUREZA-occurances":0,"NATUREZA-percentage":0}