{"totalHistoryAmount":6904,"TECNOLOGIA-occurances":1711,"TECNOLOGIA-percentage":24.78273464658169,"FACEBOOK-occurances":570,"FACEBOOK-percentage":8.256083429895712,"NOTÍCIAS-occurances":440,"NOTÍCIAS-percentage":6.373117033603708,"DECORAÇÃO-occurances":406,"DECORAÇÃO-percentage":5.880648899188876,"MODA-occurances":289,"MODA-percentage":4.1859791425260715,"ESPORTE-occurances":226,"ESPORTE-percentage":3.273464658169177,"LINKEDIN-occurances":127,"LINKEDIN-percentage":1.839513325608343,"POP/ARTE-occurances":127,"POP/ARTE-percentage":1.839513325608343,"ESOTERISMO-occurances":112,"ESOTERISMO-percentage":1.6222479721900347,"YOUTUBE-occurances":86,"YOUTUBE-percentage":1.2456546929316339,"TV E CELEBRIDADES-occurances":78,"TV E CELEBRIDADES-percentage":1.1297798377752029,"SÉRIES E FILMES-occurances":70,"SÉRIES E FILMES-percentage":1.0139049826187718,"ALIMENTAÇÃO E SAÚDE-occurances":65,"ALIMENTAÇÃO E SAÚDE-percentage":0.9414831981460023,"POLÍTICA-occurances":39,"POLÍTICA-percentage":0.5648899188876014,"EDUCAÇÃO-occurances":38,"EDUCAÇÃO-percentage":0.5504055619930475,"CARROS-occurances":35,"CARROS-percentage":0.5069524913093859,"VIAGENS-occurances":31,"VIAGENS-percentage":0.44901506373117034,"CIÊNCIA-occurances":21,"CIÊNCIA-percentage":0.3041714947856315,"SEXO-occurances":18,"SEXO-percentage":0.2607184241019699,"HUMOR-occurances":16,"HUMOR-percentage":0.23174971031286212,"ECONOMIA-occurances":15,"ECONOMIA-percentage":0.21726535341830822,"INTERNACIONAL-occurances":14,"INTERNACIONAL-percentage":0.20278099652375434,"JOGOS-occurances":10,"JOGOS-percentage":0.14484356894553882,"FITNESS-occurances":7,"FITNESS-percentage":0.10139049826187717,"NATUREZA-occurances":7,"NATUREZA-percentage":0.10139049826187717,"TWITTER-occurances":7,"TWITTER-percentage":0.10139049826187717,"INSTAGRAM-occurances":6,"INSTAGRAM-percentage":0.08690614136732329}