{"totalHistoryAmount":7260,"TECNOLOGIA-occurances":1742,"TECNOLOGIA-percentage":23.994490358126722,"NOTÍCIAS-occurances":563,"NOTÍCIAS-percentage":7.754820936639119,"FACEBOOK-occurances":562,"FACEBOOK-percentage":7.741046831955923,"DECORAÇÃO-occurances":361,"DECORAÇÃO-percentage":4.972451790633609,"MODA-occurances":279,"MODA-percentage":3.84297520661157,"ESPORTE-occurances":229,"ESPORTE-percentage":3.1542699724517904,"POP/ARTE-occurances":128,"POP/ARTE-percentage":1.7630853994490359,"YOUTUBE-occurances":108,"YOUTUBE-percentage":1.487603305785124,"LINKEDIN-occurances":106,"LINKEDIN-percentage":1.4600550964187329,"SÉRIES E FILMES-occurances":101,"SÉRIES E FILMES-percentage":1.3911845730027548,"ESOTERISMO-occurances":83,"ESOTERISMO-percentage":1.143250688705234,"TV E CELEBRIDADES-occurances":80,"TV E CELEBRIDADES-percentage":1.1019283746556474,"ALIMENTAÇÃO E SAÚDE-occurances":62,"ALIMENTAÇÃO E SAÚDE-percentage":0.8539944903581267,"EDUCAÇÃO-occurances":45,"EDUCAÇÃO-percentage":0.6198347107438017,"JOGOS-occurances":34,"JOGOS-percentage":0.46831955922865015,"CARROS-occurances":33,"CARROS-percentage":0.45454545454545453,"VIAGENS-occurances":30,"VIAGENS-percentage":0.4132231404958678,"CIÊNCIA-occurances":24,"CIÊNCIA-percentage":0.3305785123966942,"INTERNACIONAL-occurances":21,"INTERNACIONAL-percentage":0.2892561983471074,"HUMOR-occurances":19,"HUMOR-percentage":0.26170798898071623,"SEXO-occurances":19,"SEXO-percentage":0.26170798898071623,"ECONOMIA-occurances":15,"ECONOMIA-percentage":0.2066115702479339,"POLÍTICA-occurances":14,"POLÍTICA-percentage":0.1928374655647383,"NATUREZA-occurances":9,"NATUREZA-percentage":0.12396694214876033,"INSTAGRAM-occurances":6,"INSTAGRAM-percentage":0.08264462809917356,"TWITTER-occurances":6,"TWITTER-percentage":0.08264462809917356,"FITNESS-occurances":5,"FITNESS-percentage":0.06887052341597796}