{"totalHistoryAmount":2770,"TECNOLOGIA-occurances":1061,"TECNOLOGIA-percentage":38.30324909747292,"DECORAÇÃO-occurances":348,"DECORAÇÃO-percentage":12.563176895306858,"FACEBOOK-occurances":128,"FACEBOOK-percentage":4.620938628158845,"ESPORTE-occurances":74,"ESPORTE-percentage":2.6714801444043323,"POP/ARTE-occurances":35,"POP/ARTE-percentage":1.263537906137184,"NOTÍCIAS-occurances":31,"NOTÍCIAS-percentage":1.1191335740072201,"ALIMENTAÇÃO E SAÚDE-occurances":30,"ALIMENTAÇÃO E SAÚDE-percentage":1.0830324909747293,"MODA-occurances":25,"MODA-percentage":0.9025270758122743,"SÉRIES E FILMES-occurances":25,"SÉRIES E FILMES-percentage":0.9025270758122743,"YOUTUBE-occurances":23,"YOUTUBE-percentage":0.8303249097472925,"JOGOS-occurances":13,"JOGOS-percentage":0.4693140794223827,"FITNESS-occurances":11,"FITNESS-percentage":0.3971119133574007,"ECONOMIA-occurances":10,"ECONOMIA-percentage":0.36101083032490977,"INSTAGRAM-occurances":8,"INSTAGRAM-percentage":0.2888086642599278,"CARROS-occurances":6,"CARROS-percentage":0.21660649819494585,"VIAGENS-occurances":6,"VIAGENS-percentage":0.21660649819494585,"EDUCAÇÃO-occurances":5,"EDUCAÇÃO-percentage":0.18050541516245489,"ESOTERISMO-occurances":4,"ESOTERISMO-percentage":0.1444043321299639,"NATUREZA-occurances":4,"NATUREZA-percentage":0.1444043321299639,"TV E CELEBRIDADES-occurances":4,"TV E CELEBRIDADES-percentage":0.1444043321299639,"HUMOR-occurances":3,"HUMOR-percentage":0.10830324909747292,"SEXO-occurances":3,"SEXO-percentage":0.10830324909747292,"INTERNACIONAL-occurances":2,"INTERNACIONAL-percentage":0.07220216606498195,"CIÊNCIA-occurances":1,"CIÊNCIA-percentage":0.036101083032490974,"POLÍTICA-occurances":1,"POLÍTICA-percentage":0.036101083032490974,"TWITTER-occurances":1,"TWITTER-percentage":0.036101083032490974,"LINKEDIN-occurances":0,"LINKEDIN-percentage":0}