{"totalHistoryAmount":7347,"TECNOLOGIA-occurances":1794,"TECNOLOGIA-percentage":24.418129848917925,"FACEBOOK-occurances":572,"FACEBOOK-percentage":7.785490676466585,"NOTÍCIAS-occurances":572,"NOTÍCIAS-percentage":7.785490676466585,"DECORAÇÃO-occurances":365,"DECORAÇÃO-percentage":4.968014155437594,"MODA-occurances":279,"MODA-percentage":3.7974683544303796,"ESPORTE-occurances":224,"ESPORTE-percentage":3.0488634816932083,"POP/ARTE-occurances":123,"POP/ARTE-percentage":1.6741527153940383,"YOUTUBE-occurances":117,"YOUTUBE-percentage":1.592486729277256,"SÉRIES E FILMES-occurances":103,"SÉRIES E FILMES-percentage":1.4019327616714305,"LINKEDIN-occurances":102,"LINKEDIN-percentage":1.3883217639853,"ESOTERISMO-occurances":83,"ESOTERISMO-percentage":1.1297128079488226,"TV E CELEBRIDADES-occurances":75,"TV E CELEBRIDADES-percentage":1.0208248264597795,"ALIMENTAÇÃO E SAÚDE-occurances":62,"ALIMENTAÇÃO E SAÚDE-percentage":0.8438818565400844,"EDUCAÇÃO-occurances":39,"EDUCAÇÃO-percentage":0.5308289097590854,"JOGOS-occurances":34,"JOGOS-percentage":0.46277392132843337,"VIAGENS-occurances":30,"VIAGENS-percentage":0.4083299305839118,"CARROS-occurances":29,"CARROS-percentage":0.3947189328977814,"SEXO-occurances":24,"SEXO-percentage":0.32666394446712943,"CIÊNCIA-occurances":23,"CIÊNCIA-percentage":0.31305294678099904,"HUMOR-occurances":23,"HUMOR-percentage":0.31305294678099904,"INTERNACIONAL-occurances":21,"INTERNACIONAL-percentage":0.28583095140873827,"ECONOMIA-occurances":15,"ECONOMIA-percentage":0.2041649652919559,"POLÍTICA-occurances":13,"POLÍTICA-percentage":0.1769429699196951,"NATUREZA-occurances":9,"NATUREZA-percentage":0.12249897917517354,"TWITTER-occurances":7,"TWITTER-percentage":0.09527698380291276,"INSTAGRAM-occurances":6,"INSTAGRAM-percentage":0.08166598611678236,"FITNESS-occurances":5,"FITNESS-percentage":0.06805498843065197}