{"totalHistoryAmount":4072,"TECNOLOGIA-occurances":1402,"TECNOLOGIA-percentage":34.43025540275049,"LINKEDIN-occurances":311,"LINKEDIN-percentage":7.637524557956778,"FACEBOOK-occurances":108,"FACEBOOK-percentage":2.6522593320235757,"EDUCAÇÃO-occurances":106,"EDUCAÇÃO-percentage":2.6031434184675835,"CARROS-occurances":44,"CARROS-percentage":1.080550098231827,"ESPORTE-occurances":42,"ESPORTE-percentage":1.031434184675835,"VIAGENS-occurances":42,"VIAGENS-percentage":1.031434184675835,"YOUTUBE-occurances":36,"YOUTUBE-percentage":0.8840864440078585,"INSTAGRAM-occurances":35,"INSTAGRAM-percentage":0.8595284872298625,"NOTÍCIAS-occurances":33,"NOTÍCIAS-percentage":0.8104125736738703,"SÉRIES E FILMES-occurances":31,"SÉRIES E FILMES-percentage":0.7612966601178782,"MODA-occurances":30,"MODA-percentage":0.7367387033398821,"FITNESS-occurances":27,"FITNESS-percentage":0.6630648330058939,"JOGOS-occurances":23,"JOGOS-percentage":0.5648330058939096,"CIÊNCIA-occurances":21,"CIÊNCIA-percentage":0.5157170923379175,"TV E CELEBRIDADES-occurances":21,"TV E CELEBRIDADES-percentage":0.5157170923379175,"TWITTER-occurances":19,"TWITTER-percentage":0.46660117878192536,"POP/ARTE-occurances":18,"POP/ARTE-percentage":0.44204322200392926,"DECORAÇÃO-occurances":17,"DECORAÇÃO-percentage":0.4174852652259332,"ECONOMIA-occurances":15,"ECONOMIA-percentage":0.36836935166994106,"SEXO-occurances":11,"SEXO-percentage":0.27013752455795675,"ESOTERISMO-occurances":10,"ESOTERISMO-percentage":0.2455795677799607,"ALIMENTAÇÃO E SAÚDE-occurances":5,"ALIMENTAÇÃO E SAÚDE-percentage":0.12278978388998035,"POLÍTICA-occurances":4,"POLÍTICA-percentage":0.09823182711198428,"HUMOR-occurances":0,"HUMOR-percentage":0,"INTERNACIONAL-occurances":0,"INTERNACIONAL-percentage":0,"NATUREZA-occurances":0,"NATUREZA-percentage":0}