{"totalHistoryAmount":7325,"TECNOLOGIA-occurances":1760,"TECNOLOGIA-percentage":24.02730375426621,"NOTÍCIAS-occurances":600,"NOTÍCIAS-percentage":8.19112627986348,"FACEBOOK-occurances":582,"FACEBOOK-percentage":7.945392491467577,"DECORAÇÃO-occurances":398,"DECORAÇÃO-percentage":5.433447098976109,"MODA-occurances":282,"MODA-percentage":3.849829351535836,"ESPORTE-occurances":237,"ESPORTE-percentage":3.2354948805460753,"POP/ARTE-occurances":132,"POP/ARTE-percentage":1.8020477815699658,"LINKEDIN-occurances":122,"LINKEDIN-percentage":1.6655290102389078,"YOUTUBE-occurances":103,"YOUTUBE-percentage":1.4061433447098977,"ESOTERISMO-occurances":94,"ESOTERISMO-percentage":1.2832764505119454,"TV E CELEBRIDADES-occurances":88,"TV E CELEBRIDADES-percentage":1.2013651877133107,"SÉRIES E FILMES-occurances":86,"SÉRIES E FILMES-percentage":1.174061433447099,"ALIMENTAÇÃO E SAÚDE-occurances":64,"ALIMENTAÇÃO E SAÚDE-percentage":0.8737201365187713,"EDUCAÇÃO-occurances":41,"EDUCAÇÃO-percentage":0.5597269624573379,"CARROS-occurances":36,"CARROS-percentage":0.49146757679180886,"JOGOS-occurances":35,"JOGOS-percentage":0.4778156996587031,"VIAGENS-occurances":31,"VIAGENS-percentage":0.4232081911262799,"POLÍTICA-occurances":28,"POLÍTICA-percentage":0.3822525597269625,"CIÊNCIA-occurances":23,"CIÊNCIA-percentage":0.31399317406143346,"INTERNACIONAL-occurances":21,"INTERNACIONAL-percentage":0.28668941979522183,"HUMOR-occurances":19,"HUMOR-percentage":0.2593856655290102,"SEXO-occurances":19,"SEXO-percentage":0.2593856655290102,"ECONOMIA-occurances":16,"ECONOMIA-percentage":0.21843003412969283,"FITNESS-occurances":7,"FITNESS-percentage":0.09556313993174062,"INSTAGRAM-occurances":6,"INSTAGRAM-percentage":0.08191126279863481,"NATUREZA-occurances":6,"NATUREZA-percentage":0.08191126279863481,"TWITTER-occurances":6,"TWITTER-percentage":0.08191126279863481}