{"totalHistoryAmount":5016,"TECNOLOGIA-occurances":1401,"TECNOLOGIA-percentage":27.93062200956938,"YOUTUBE-occurances":606,"YOUTUBE-percentage":12.08133971291866,"SÉRIES E FILMES-occurances":401,"SÉRIES E FILMES-percentage":7.994417862838915,"DECORAÇÃO-occurances":316,"DECORAÇÃO-percentage":6.299840510366826,"FACEBOOK-occurances":154,"FACEBOOK-percentage":3.0701754385964914,"NOTÍCIAS-occurances":129,"NOTÍCIAS-percentage":2.5717703349282295,"POP/ARTE-occurances":87,"POP/ARTE-percentage":1.7344497607655502,"TV E CELEBRIDADES-occurances":67,"TV E CELEBRIDADES-percentage":1.335725677830941,"CARROS-occurances":57,"CARROS-percentage":1.1363636363636365,"ESPORTE-occurances":54,"ESPORTE-percentage":1.076555023923445,"ALIMENTAÇÃO E SAÚDE-occurances":43,"ALIMENTAÇÃO E SAÚDE-percentage":0.8572567783094099,"SEXO-occurances":24,"SEXO-percentage":0.4784688995215311,"MODA-occurances":21,"MODA-percentage":0.41866028708133973,"INTERNACIONAL-occurances":14,"INTERNACIONAL-percentage":0.27910685805422647,"VIAGENS-occurances":10,"VIAGENS-percentage":0.19936204146730463,"CIÊNCIA-occurances":9,"CIÊNCIA-percentage":0.17942583732057416,"JOGOS-occurances":9,"JOGOS-percentage":0.17942583732057416,"EDUCAÇÃO-occurances":8,"EDUCAÇÃO-percentage":0.1594896331738437,"ESOTERISMO-occurances":6,"ESOTERISMO-percentage":0.11961722488038277,"FITNESS-occurances":6,"FITNESS-percentage":0.11961722488038277,"INSTAGRAM-occurances":6,"INSTAGRAM-percentage":0.11961722488038277,"LINKEDIN-occurances":6,"LINKEDIN-percentage":0.11961722488038277,"HUMOR-occurances":5,"HUMOR-percentage":0.09968102073365231,"NATUREZA-occurances":4,"NATUREZA-percentage":0.07974481658692185,"ECONOMIA-occurances":1,"ECONOMIA-percentage":0.019936204146730464,"POLÍTICA-occurances":1,"POLÍTICA-percentage":0.019936204146730464,"TWITTER-occurances":1,"TWITTER-percentage":0.019936204146730464}