{"totalHistoryAmount":6629,"TECNOLOGIA-occurances":1693,"TECNOLOGIA-percentage":25.539297028209383,"FACEBOOK-occurances":718,"FACEBOOK-percentage":10.831196258862574,"NOTÍCIAS-occurances":390,"NOTÍCIAS-percentage":5.883240307738724,"DECORAÇÃO-occurances":362,"DECORAÇÃO-percentage":5.4608538241062,"MODA-occurances":252,"MODA-percentage":3.8014783526927136,"ESPORTE-occurances":217,"ESPORTE-percentage":3.273495248152059,"ESOTERISMO-occurances":168,"ESOTERISMO-percentage":2.5343189017951424,"LINKEDIN-occurances":137,"LINKEDIN-percentage":2.0666767234877055,"TV E CELEBRIDADES-occurances":108,"TV E CELEBRIDADES-percentage":1.6292050082968774,"YOUTUBE-occurances":90,"YOUTUBE-percentage":1.3576708402473978,"POP/ARTE-occurances":79,"POP/ARTE-percentage":1.1917332931060491,"SÉRIES E FILMES-occurances":67,"SÉRIES E FILMES-percentage":1.0107105144063961,"ALIMENTAÇÃO E SAÚDE-occurances":65,"ALIMENTAÇÃO E SAÚDE-percentage":0.9805400512897873,"POLÍTICA-occurances":57,"POLÍTICA-percentage":0.8598581988233519,"CARROS-occurances":40,"CARROS-percentage":0.6034092623321768,"EDUCAÇÃO-occurances":32,"EDUCAÇÃO-percentage":0.4827274098657414,"JOGOS-occurances":26,"JOGOS-percentage":0.3922160205159149,"ECONOMIA-occurances":24,"ECONOMIA-percentage":0.3620455573993061,"CIÊNCIA-occurances":23,"CIÊNCIA-percentage":0.34696032584100167,"NATUREZA-occurances":18,"NATUREZA-percentage":0.27153416804947955,"INTERNACIONAL-occurances":14,"INTERNACIONAL-percentage":0.21119324181626187,"HUMOR-occurances":13,"HUMOR-percentage":0.19610801025795746,"SEXO-occurances":13,"SEXO-percentage":0.19610801025795746,"FITNESS-occurances":10,"FITNESS-percentage":0.1508523155830442,"TWITTER-occurances":10,"TWITTER-percentage":0.1508523155830442,"INSTAGRAM-occurances":8,"INSTAGRAM-percentage":0.12068185246643535,"VIAGENS-occurances":6,"VIAGENS-percentage":0.09051138934982653}