{"totalHistoryAmount":10587,"TECNOLOGIA-occurances":3473,"TECNOLOGIA-percentage":32.80438273354113,"TWITTER-occurances":1162,"TWITTER-percentage":10.975724945688109,"YOUTUBE-occurances":234,"YOUTUBE-percentage":2.210257863417399,"SÉRIES E FILMES-occurances":213,"SÉRIES E FILMES-percentage":2.0119013884953243,"JOGOS-occurances":181,"JOGOS-percentage":1.7096439028997827,"ESPORTE-occurances":120,"ESPORTE-percentage":1.1334655709832815,"POP/ARTE-occurances":107,"POP/ARTE-percentage":1.0106734674600926,"CARROS-occurances":59,"CARROS-percentage":0.55728723906678,"NOTÍCIAS-occurances":55,"NOTÍCIAS-percentage":0.5195050533673373,"FACEBOOK-occurances":53,"FACEBOOK-percentage":0.500613960517616,"TV E CELEBRIDADES-occurances":51,"TV E CELEBRIDADES-percentage":0.48172286766789457,"FITNESS-occurances":44,"FITNESS-percentage":0.41560404269386986,"ESOTERISMO-occurances":42,"ESOTERISMO-percentage":0.3967129498441485,"LINKEDIN-occurances":25,"LINKEDIN-percentage":0.23613866062151695,"ECONOMIA-occurances":24,"ECONOMIA-percentage":0.22669311419665628,"INSTAGRAM-occurances":24,"INSTAGRAM-percentage":0.22669311419665628,"MODA-occurances":14,"MODA-percentage":0.13223764994804948,"VIAGENS-occurances":12,"VIAGENS-percentage":0.11334655709832814,"DECORAÇÃO-occurances":11,"DECORAÇÃO-percentage":0.10390101067346746,"EDUCAÇÃO-occurances":11,"EDUCAÇÃO-percentage":0.10390101067346746,"CIÊNCIA-occurances":5,"CIÊNCIA-percentage":0.04722773212430339,"NATUREZA-occurances":4,"NATUREZA-percentage":0.037782185699442715,"HUMOR-occurances":3,"HUMOR-percentage":0.028336639274582034,"SEXO-occurances":3,"SEXO-percentage":0.028336639274582034,"INTERNACIONAL-occurances":2,"INTERNACIONAL-percentage":0.018891092849721357,"ALIMENTAÇÃO E SAÚDE-occurances":1,"ALIMENTAÇÃO E SAÚDE-percentage":0.009445546424860679,"POLÍTICA-occurances":1,"POLÍTICA-percentage":0.009445546424860679}