{"totalHistoryAmount":5669,"TECNOLOGIA-occurances":1574,"TECNOLOGIA-percentage":27.765037925560062,"YOUTUBE-occurances":480,"YOUTUBE-percentage":8.467101781619332,"SÉRIES E FILMES-occurances":367,"SÉRIES E FILMES-percentage":6.473804903863115,"DECORAÇÃO-occurances":329,"DECORAÇÃO-percentage":5.8034926794849175,"NOTÍCIAS-occurances":314,"NOTÍCIAS-percentage":5.538895748809314,"FACEBOOK-occurances":170,"FACEBOOK-percentage":2.9987652143235137,"POP/ARTE-occurances":100,"POP/ARTE-percentage":1.763979537837361,"TV E CELEBRIDADES-occurances":69,"TV E CELEBRIDADES-percentage":1.217145881107779,"ESPORTE-occurances":63,"ESPORTE-percentage":1.1113071088375375,"CARROS-occurances":61,"CARROS-percentage":1.0760275180807903,"ALIMENTAÇÃO E SAÚDE-occurances":51,"ALIMENTAÇÃO E SAÚDE-percentage":0.8996295642970542,"JOGOS-occurances":37,"JOGOS-percentage":0.6526724289998236,"SEXO-occurances":24,"SEXO-percentage":0.42335508908096664,"MODA-occurances":21,"MODA-percentage":0.3704357029458458,"INTERNACIONAL-occurances":18,"INTERNACIONAL-percentage":0.317516316810725,"EDUCAÇÃO-occurances":12,"EDUCAÇÃO-percentage":0.21167754454048332,"CIÊNCIA-occurances":10,"CIÊNCIA-percentage":0.1763979537837361,"VIAGENS-occurances":10,"VIAGENS-percentage":0.1763979537837361,"HUMOR-occurances":9,"HUMOR-percentage":0.1587581584053625,"FITNESS-occurances":7,"FITNESS-percentage":0.12347856764861527,"LINKEDIN-occurances":6,"LINKEDIN-percentage":0.10583877227024166,"ECONOMIA-occurances":4,"ECONOMIA-percentage":0.07055918151349444,"ESOTERISMO-occurances":4,"ESOTERISMO-percentage":0.07055918151349444,"NATUREZA-occurances":4,"NATUREZA-percentage":0.07055918151349444,"TWITTER-occurances":1,"TWITTER-percentage":0.01763979537837361,"INSTAGRAM-occurances":0,"INSTAGRAM-percentage":0,"POLÍTICA-occurances":0,"POLÍTICA-percentage":0}