{"totalHistoryAmount":6249,"TECNOLOGIA-occurances":1455,"TECNOLOGIA-percentage":23.28372539606337,"FACEBOOK-occurances":618,"FACEBOOK-percentage":9.889582333173308,"DECORAÇÃO-occurances":390,"DECORAÇÃO-percentage":6.240998559769563,"NOTÍCIAS-occurances":378,"NOTÍCIAS-percentage":6.048967834853577,"MODA-occurances":242,"MODA-percentage":3.872619619139062,"ESPORTE-occurances":227,"ESPORTE-percentage":3.632581212994079,"LINKEDIN-occurances":126,"LINKEDIN-percentage":2.0163226116178588,"ESOTERISMO-occurances":114,"ESOTERISMO-percentage":1.8242918867018723,"POP/ARTE-occurances":104,"POP/ARTE-percentage":1.6642662826052168,"TV E CELEBRIDADES-occurances":85,"TV E CELEBRIDADES-percentage":1.3602176348215715,"YOUTUBE-occurances":79,"YOUTUBE-percentage":1.2642022723635782,"SÉRIES E FILMES-occurances":67,"SÉRIES E FILMES-percentage":1.0721715474475917,"ALIMENTAÇÃO E SAÚDE-occurances":59,"ALIMENTAÇÃO E SAÚDE-percentage":0.9441510641702673,"POLÍTICA-occurances":46,"POLÍTICA-percentage":0.7361177788446152,"EDUCAÇÃO-occurances":39,"EDUCAÇÃO-percentage":0.6240998559769563,"CARROS-occurances":35,"CARROS-percentage":0.5600896143382941,"ECONOMIA-occurances":20,"ECONOMIA-percentage":0.32005120819331095,"SEXO-occurances":20,"SEXO-percentage":0.32005120819331095,"CIÊNCIA-occurances":19,"CIÊNCIA-percentage":0.3040486477836454,"HUMOR-occurances":16,"HUMOR-percentage":0.25604096655464875,"INTERNACIONAL-occurances":13,"INTERNACIONAL-percentage":0.2080332853256521,"TWITTER-occurances":9,"TWITTER-percentage":0.14402304368698993,"JOGOS-occurances":7,"JOGOS-percentage":0.11201792286765883,"NATUREZA-occurances":7,"NATUREZA-percentage":0.11201792286765883,"INSTAGRAM-occurances":6,"INSTAGRAM-percentage":0.09601536245799328,"FITNESS-occurances":4,"FITNESS-percentage":0.06401024163866219,"VIAGENS-occurances":4,"VIAGENS-percentage":0.06401024163866219}