{"totalHistoryAmount":5064,"TECNOLOGIA-occurances":1428,"TECNOLOGIA-percentage":28.19905213270142,"YOUTUBE-occurances":612,"YOUTUBE-percentage":12.085308056872037,"SÉRIES E FILMES-occurances":380,"SÉRIES E FILMES-percentage":7.503949447077409,"DECORAÇÃO-occurances":295,"DECORAÇÃO-percentage":5.825434439178515,"FACEBOOK-occurances":154,"FACEBOOK-percentage":3.0410742496050553,"NOTÍCIAS-occurances":129,"NOTÍCIAS-percentage":2.5473933649289098,"POP/ARTE-occurances":98,"POP/ARTE-percentage":1.9352290679304898,"TV E CELEBRIDADES-occurances":67,"TV E CELEBRIDADES-percentage":1.3230647709320695,"CARROS-occurances":57,"CARROS-percentage":1.1255924170616114,"ESPORTE-occurances":56,"ESPORTE-percentage":1.1058451816745656,"ALIMENTAÇÃO E SAÚDE-occurances":42,"ALIMENTAÇÃO E SAÚDE-percentage":0.8293838862559242,"SEXO-occurances":24,"SEXO-percentage":0.47393364928909953,"MODA-occurances":21,"MODA-percentage":0.4146919431279621,"INTERNACIONAL-occurances":14,"INTERNACIONAL-percentage":0.2764612954186414,"VIAGENS-occurances":10,"VIAGENS-percentage":0.19747235387045814,"CIÊNCIA-occurances":9,"CIÊNCIA-percentage":0.17772511848341233,"EDUCAÇÃO-occurances":9,"EDUCAÇÃO-percentage":0.17772511848341233,"JOGOS-occurances":9,"JOGOS-percentage":0.17772511848341233,"ESOTERISMO-occurances":6,"ESOTERISMO-percentage":0.11848341232227488,"FITNESS-occurances":6,"FITNESS-percentage":0.11848341232227488,"INSTAGRAM-occurances":6,"INSTAGRAM-percentage":0.11848341232227488,"LINKEDIN-occurances":6,"LINKEDIN-percentage":0.11848341232227488,"HUMOR-occurances":5,"HUMOR-percentage":0.09873617693522907,"NATUREZA-occurances":4,"NATUREZA-percentage":0.07898894154818326,"ECONOMIA-occurances":2,"ECONOMIA-percentage":0.03949447077409163,"POLÍTICA-occurances":1,"POLÍTICA-percentage":0.019747235387045814,"TWITTER-occurances":1,"TWITTER-percentage":0.019747235387045814}