{"totalHistoryAmount":9139,"TECNOLOGIA-occurances":4340,"TECNOLOGIA-percentage":47.488784330889594,"ESPORTE-occurances":1348,"ESPORTE-percentage":14.749972644709487,"FACEBOOK-occurances":1058,"FACEBOOK-percentage":11.576758945179998,"SEXO-occurances":404,"SEXO-percentage":4.420614946930736,"INSTAGRAM-occurances":256,"INSTAGRAM-percentage":2.8011817485501695,"CARROS-occurances":115,"CARROS-percentage":1.2583433636065215,"POP/ARTE-occurances":77,"POP/ARTE-percentage":0.8425429478061057,"NOTÍCIAS-occurances":69,"NOTÍCIAS-percentage":0.7550060181639129,"EDUCAÇÃO-occurances":64,"EDUCAÇÃO-percentage":0.7002954371375424,"DECORAÇÃO-occurances":63,"DECORAÇÃO-percentage":0.6893533209322683,"YOUTUBE-occurances":49,"YOUTUBE-percentage":0.5361636940584309,"ESOTERISMO-occurances":45,"ESOTERISMO-percentage":0.4923952292373345,"LINKEDIN-occurances":38,"LINKEDIN-percentage":0.4158004158004158,"SÉRIES E FILMES-occurances":30,"SÉRIES E FILMES-percentage":0.328263486158223,"JOGOS-occurances":26,"JOGOS-percentage":0.2844950213371266,"MODA-occurances":17,"MODA-percentage":0.1860159754896597,"TV E CELEBRIDADES-occurances":15,"TV E CELEBRIDADES-percentage":0.1641317430791115,"TWITTER-occurances":15,"TWITTER-percentage":0.1641317430791115,"ECONOMIA-occurances":11,"ECONOMIA-percentage":0.1203632782580151,"CIÊNCIA-occurances":6,"CIÊNCIA-percentage":0.0656526972316446,"NATUREZA-occurances":6,"NATUREZA-percentage":0.0656526972316446,"FITNESS-occurances":5,"FITNESS-percentage":0.0547105810263705,"ALIMENTAÇÃO E SAÚDE-occurances":4,"ALIMENTAÇÃO E SAÚDE-percentage":0.0437684648210964,"INTERNACIONAL-occurances":4,"INTERNACIONAL-percentage":0.0437684648210964,"VIAGENS-occurances":3,"VIAGENS-percentage":0.0328263486158223,"POLÍTICA-occurances":2,"POLÍTICA-percentage":0.0218842324105482,"HUMOR-occurances":0,"HUMOR-percentage":0}