{"totalHistoryAmount":2002,"TECNOLOGIA-occurances":832,"TECNOLOGIA-percentage":41.55844155844156,"NOTÍCIAS-occurances":255,"NOTÍCIAS-percentage":12.737262737262737,"YOUTUBE-occurances":99,"YOUTUBE-percentage":4.945054945054945,"ESPORTE-occurances":94,"ESPORTE-percentage":4.695304695304696,"FACEBOOK-occurances":69,"FACEBOOK-percentage":3.4465534465534464,"JOGOS-occurances":30,"JOGOS-percentage":1.4985014985014986,"SEXO-occurances":25,"SEXO-percentage":1.2487512487512487,"POLÍTICA-occurances":23,"POLÍTICA-percentage":1.1488511488511488,"POP/ARTE-occurances":18,"POP/ARTE-percentage":0.8991008991008991,"EDUCAÇÃO-occurances":16,"EDUCAÇÃO-percentage":0.7992007992007992,"INTERNACIONAL-occurances":16,"INTERNACIONAL-percentage":0.7992007992007992,"MODA-occurances":15,"MODA-percentage":0.7492507492507493,"SÉRIES E FILMES-occurances":13,"SÉRIES E FILMES-percentage":0.6493506493506493,"TWITTER-occurances":11,"TWITTER-percentage":0.5494505494505495,"LINKEDIN-occurances":8,"LINKEDIN-percentage":0.3996003996003996,"ALIMENTAÇÃO E SAÚDE-occurances":6,"ALIMENTAÇÃO E SAÚDE-percentage":0.2997002997002997,"DECORAÇÃO-occurances":5,"DECORAÇÃO-percentage":0.24975024975024976,"VIAGENS-occurances":5,"VIAGENS-percentage":0.24975024975024976,"TV E CELEBRIDADES-occurances":4,"TV E CELEBRIDADES-percentage":0.1998001998001998,"CARROS-occurances":3,"CARROS-percentage":0.14985014985014986,"ESOTERISMO-occurances":3,"ESOTERISMO-percentage":0.14985014985014986,"INSTAGRAM-occurances":3,"INSTAGRAM-percentage":0.14985014985014986,"CIÊNCIA-occurances":1,"CIÊNCIA-percentage":0.04995004995004995,"ECONOMIA-occurances":1,"ECONOMIA-percentage":0.04995004995004995,"FITNESS-occurances":1,"FITNESS-percentage":0.04995004995004995,"HUMOR-occurances":0,"HUMOR-percentage":0,"NATUREZA-occurances":0,"NATUREZA-percentage":0}