{"totalHistoryAmount":6433,"TECNOLOGIA-occurances":1787,"TECNOLOGIA-percentage":27.778641380382403,"NOTÍCIAS-occurances":440,"NOTÍCIAS-percentage":6.839732628633608,"DECORAÇÃO-occurances":350,"DECORAÇÃO-percentage":5.44069640914037,"YOUTUBE-occurances":332,"YOUTUBE-percentage":5.160889165241723,"SÉRIES E FILMES-occurances":240,"SÉRIES E FILMES-percentage":3.730763251981968,"FACEBOOK-occurances":232,"FACEBOOK-percentage":3.6064044769159023,"ESPORTE-occurances":127,"ESPORTE-percentage":1.9741955541737914,"POP/ARTE-occurances":126,"POP/ARTE-percentage":1.9586507072905333,"MODA-occurances":67,"MODA-percentage":1.0415047411782994,"ALIMENTAÇÃO E SAÚDE-occurances":57,"ALIMENTAÇÃO E SAÚDE-percentage":0.8860562723457174,"CARROS-occurances":56,"CARROS-percentage":0.8705114254624592,"TV E CELEBRIDADES-occurances":53,"TV E CELEBRIDADES-percentage":0.8238768848126846,"JOGOS-occurances":36,"JOGOS-percentage":0.5596144877972952,"VIAGENS-occurances":36,"VIAGENS-percentage":0.5596144877972952,"SEXO-occurances":31,"SEXO-percentage":0.4818902533810042,"EDUCAÇÃO-occurances":25,"EDUCAÇÃO-percentage":0.388621172081455,"INTERNACIONAL-occurances":15,"INTERNACIONAL-percentage":0.233172703248873,"CIÊNCIA-occurances":13,"CIÊNCIA-percentage":0.2020830094823566,"HUMOR-occurances":11,"HUMOR-percentage":0.1709933157158402,"ECONOMIA-occurances":10,"ECONOMIA-percentage":0.155448468832582,"LINKEDIN-occurances":10,"LINKEDIN-percentage":0.155448468832582,"FITNESS-occurances":7,"FITNESS-percentage":0.1088139281828074,"ESOTERISMO-occurances":6,"ESOTERISMO-percentage":0.0932690812995492,"NATUREZA-occurances":5,"NATUREZA-percentage":0.077724234416291,"INSTAGRAM-occurances":3,"INSTAGRAM-percentage":0.0466345406497746,"TWITTER-occurances":3,"TWITTER-percentage":0.0466345406497746,"POLÍTICA-occurances":1,"POLÍTICA-percentage":0.0155448468832582}