{"totalHistoryAmount":3171,"TECNOLOGIA-occurances":1167,"TECNOLOGIA-percentage":36.80227057710501,"DECORAÇÃO-occurances":422,"DECORAÇÃO-percentage":13.308104698833176,"FACEBOOK-occurances":149,"FACEBOOK-percentage":4.698833175654368,"ESPORTE-occurances":114,"ESPORTE-percentage":3.595080416272469,"POP/ARTE-occurances":43,"POP/ARTE-percentage":1.3560391043834752,"ALIMENTAÇÃO E SAÚDE-occurances":34,"ALIMENTAÇÃO E SAÚDE-percentage":1.0722169662567014,"NOTÍCIAS-occurances":34,"NOTÍCIAS-percentage":1.0722169662567014,"SÉRIES E FILMES-occurances":32,"SÉRIES E FILMES-percentage":1.0091453800063073,"MODA-occurances":24,"MODA-percentage":0.7568590350047304,"JOGOS-occurances":21,"JOGOS-percentage":0.6622516556291391,"YOUTUBE-occurances":19,"YOUTUBE-percentage":0.5991800693787449,"TWITTER-occurances":16,"TWITTER-percentage":0.5045726900031536,"CARROS-occurances":11,"CARROS-percentage":0.3468937243771681,"ECONOMIA-occurances":10,"ECONOMIA-percentage":0.315357931251971,"INSTAGRAM-occurances":8,"INSTAGRAM-percentage":0.2522863450015768,"VIAGENS-occurances":7,"VIAGENS-percentage":0.22075055187637968,"EDUCAÇÃO-occurances":6,"EDUCAÇÃO-percentage":0.1892147587511826,"INTERNACIONAL-occurances":6,"INTERNACIONAL-percentage":0.1892147587511826,"FITNESS-occurances":5,"FITNESS-percentage":0.1576789656259855,"ESOTERISMO-occurances":4,"ESOTERISMO-percentage":0.1261431725007884,"NATUREZA-occurances":4,"NATUREZA-percentage":0.1261431725007884,"TV E CELEBRIDADES-occurances":4,"TV E CELEBRIDADES-percentage":0.1261431725007884,"HUMOR-occurances":3,"HUMOR-percentage":0.0946073793755913,"CIÊNCIA-occurances":2,"CIÊNCIA-percentage":0.0630715862503942,"POLÍTICA-occurances":2,"POLÍTICA-percentage":0.0630715862503942,"SEXO-occurances":2,"SEXO-percentage":0.0630715862503942,"LINKEDIN-occurances":0,"LINKEDIN-percentage":0}