{"totalHistoryAmount":6727,"TECNOLOGIA-occurances":1672,"TECNOLOGIA-percentage":24.855061691690203,"FACEBOOK-occurances":572,"FACEBOOK-percentage":8.503047420841385,"NOTÍCIAS-occurances":418,"NOTÍCIAS-percentage":6.213765422922551,"DECORAÇÃO-occurances":353,"DECORAÇÃO-percentage":5.247510034190575,"MODA-occurances":287,"MODA-percentage":4.266389177939646,"ESPORTE-occurances":227,"ESPORTE-percentage":3.374461126802438,"LINKEDIN-occurances":128,"LINKEDIN-percentage":1.9027798424260443,"POP/ARTE-occurances":127,"POP/ARTE-percentage":1.8879143749070908,"ESOTERISMO-occurances":115,"ESOTERISMO-percentage":1.709528764679649,"YOUTUBE-occurances":83,"YOUTUBE-percentage":1.233833804073138,"TV E CELEBRIDADES-occurances":81,"TV E CELEBRIDADES-percentage":1.2041028690352311,"SÉRIES E FILMES-occurances":68,"SÉRIES E FILMES-percentage":1.010851791288836,"ALIMENTAÇÃO E SAÚDE-occurances":61,"ALIMENTAÇÃO E SAÚDE-percentage":0.9067935186561618,"POLÍTICA-occurances":43,"POLÍTICA-percentage":0.6392151033149993,"EDUCAÇÃO-occurances":38,"EDUCAÇÃO-percentage":0.5648877657202319,"CARROS-occurances":35,"CARROS-percentage":0.5202913631633714,"VIAGENS-occurances":31,"VIAGENS-percentage":0.4608294930875576,"ECONOMIA-occurances":23,"ECONOMIA-percentage":0.34190575293592984,"CIÊNCIA-occurances":20,"CIÊNCIA-percentage":0.2973093503790694,"SEXO-occurances":19,"SEXO-percentage":0.28244388286011596,"HUMOR-occurances":16,"HUMOR-percentage":0.23784748030325553,"INTERNACIONAL-occurances":14,"INTERNACIONAL-percentage":0.2081165452653486,"JOGOS-occurances":9,"JOGOS-percentage":0.13378920767058125,"NATUREZA-occurances":7,"NATUREZA-percentage":0.1040582726326743,"TWITTER-occurances":7,"TWITTER-percentage":0.1040582726326743,"INSTAGRAM-occurances":6,"INSTAGRAM-percentage":0.08919280511372082,"FITNESS-occurances":4,"FITNESS-percentage":0.05946187007581388}