{"totalHistoryAmount":10103,"TECNOLOGIA-occurances":4718,"TECNOLOGIA-percentage":46.699000296941506,"ESPORTE-occurances":1802,"ESPORTE-percentage":17.836286251608435,"FACEBOOK-occurances":1165,"FACEBOOK-percentage":11.531228348015441,"SEXO-occurances":652,"SEXO-percentage":6.453528654854994,"INSTAGRAM-occurances":181,"INSTAGRAM-percentage":1.79154706522815,"CARROS-occurances":159,"CARROS-percentage":1.5737899633772148,"YOUTUBE-occurances":71,"YOUTUBE-percentage":0.7027615559734732,"DECORAÇÃO-occurances":63,"DECORAÇÃO-percentage":0.6235771553004058,"EDUCAÇÃO-occurances":48,"EDUCAÇÃO-percentage":0.47510640403840443,"POP/ARTE-occurances":41,"POP/ARTE-percentage":0.4058200534494705,"NOTÍCIAS-occurances":40,"NOTÍCIAS-percentage":0.395922003365337,"ESOTERISMO-occurances":36,"ESOTERISMO-percentage":0.35632980302880335,"MODA-occurances":23,"MODA-percentage":0.2276551519350688,"LINKEDIN-occurances":21,"LINKEDIN-percentage":0.20785905176680194,"SÉRIES E FILMES-occurances":16,"SÉRIES E FILMES-percentage":0.15836880134613482,"ECONOMIA-occurances":11,"ECONOMIA-percentage":0.10887855092546768,"TWITTER-occurances":10,"TWITTER-percentage":0.09898050084133425,"TV E CELEBRIDADES-occurances":9,"TV E CELEBRIDADES-percentage":0.08908245075720084,"JOGOS-occurances":7,"JOGOS-percentage":0.06928635058893398,"CIÊNCIA-occurances":5,"CIÊNCIA-percentage":0.049490250420667126,"VIAGENS-occurances":4,"VIAGENS-percentage":0.039592200336533705,"POLÍTICA-occurances":3,"POLÍTICA-percentage":0.029694150252400277,"FITNESS-occurances":2,"FITNESS-percentage":0.019796100168266852,"ALIMENTAÇÃO E SAÚDE-occurances":1,"ALIMENTAÇÃO E SAÚDE-percentage":0.009898050084133426,"INTERNACIONAL-occurances":1,"INTERNACIONAL-percentage":0.009898050084133426,"HUMOR-occurances":0,"HUMOR-percentage":0,"NATUREZA-occurances":0,"NATUREZA-percentage":0}