{"totalHistoryAmount":5033,"TECNOLOGIA-occurances":1446,"TECNOLOGIA-percentage":28.730379495330816,"YOUTUBE-occurances":602,"YOUTUBE-percentage":11.96105702364395,"SÉRIES E FILMES-occurances":404,"SÉRIES E FILMES-percentage":8.027021657063381,"DECORAÇÃO-occurances":339,"DECORAÇÃO-percentage":6.73554540035764,"FACEBOOK-occurances":151,"FACEBOOK-percentage":3.0001986886548777,"NOTÍCIAS-occurances":107,"NOTÍCIAS-percentage":2.1259686071925294,"POP/ARTE-occurances":85,"POP/ARTE-percentage":1.688853566461355,"TV E CELEBRIDADES-occurances":67,"TV E CELEBRIDADES-percentage":1.3312139876813034,"CARROS-occurances":57,"CARROS-percentage":1.132525332803497,"ESPORTE-occurances":53,"ESPORTE-percentage":1.0530498708523743,"ALIMENTAÇÃO E SAÚDE-occurances":43,"ALIMENTAÇÃO E SAÚDE-percentage":0.8543612159745678,"SEXO-occurances":24,"SEXO-percentage":0.47685277170673557,"MODA-occurances":21,"MODA-percentage":0.4172461752433936,"INTERNACIONAL-occurances":14,"INTERNACIONAL-percentage":0.27816411682892905,"VIAGENS-occurances":10,"VIAGENS-percentage":0.1986886548778065,"JOGOS-occurances":9,"JOGOS-percentage":0.17881978939002582,"EDUCAÇÃO-occurances":8,"EDUCAÇÃO-percentage":0.1589509239022452,"CIÊNCIA-occurances":6,"CIÊNCIA-percentage":0.11921319292668389,"ESOTERISMO-occurances":6,"ESOTERISMO-percentage":0.11921319292668389,"FITNESS-occurances":6,"FITNESS-percentage":0.11921319292668389,"INSTAGRAM-occurances":6,"INSTAGRAM-percentage":0.11921319292668389,"LINKEDIN-occurances":6,"LINKEDIN-percentage":0.11921319292668389,"HUMOR-occurances":5,"HUMOR-percentage":0.09934432743890324,"NATUREZA-occurances":3,"NATUREZA-percentage":0.059606596463341946,"ECONOMIA-occurances":1,"ECONOMIA-percentage":0.01986886548778065,"POLÍTICA-occurances":1,"POLÍTICA-percentage":0.01986886548778065,"TWITTER-occurances":1,"TWITTER-percentage":0.01986886548778065}