{"totalHistoryAmount":5825,"TECNOLOGIA-occurances":1629,"TECNOLOGIA-percentage":27.965665236051503,"YOUTUBE-occurances":465,"YOUTUBE-percentage":7.982832618025751,"DECORAÇÃO-occurances":337,"DECORAÇÃO-percentage":5.785407725321888,"NOTÍCIAS-occurances":325,"NOTÍCIAS-percentage":5.579399141630901,"SÉRIES E FILMES-occurances":303,"SÉRIES E FILMES-percentage":5.201716738197425,"FACEBOOK-occurances":169,"FACEBOOK-percentage":2.9012875536480687,"POP/ARTE-occurances":111,"POP/ARTE-percentage":1.905579399141631,"TV E CELEBRIDADES-occurances":69,"TV E CELEBRIDADES-percentage":1.184549356223176,"ESPORTE-occurances":67,"ESPORTE-percentage":1.150214592274678,"CARROS-occurances":63,"CARROS-percentage":1.0815450643776825,"ALIMENTAÇÃO E SAÚDE-occurances":51,"ALIMENTAÇÃO E SAÚDE-percentage":0.8755364806866953,"MODA-occurances":40,"MODA-percentage":0.6866952789699571,"JOGOS-occurances":37,"JOGOS-percentage":0.6351931330472103,"SEXO-occurances":24,"SEXO-percentage":0.41201716738197425,"VIAGENS-occurances":19,"VIAGENS-percentage":0.3261802575107296,"INTERNACIONAL-occurances":18,"INTERNACIONAL-percentage":0.3090128755364807,"EDUCAÇÃO-occurances":12,"EDUCAÇÃO-percentage":0.20600858369098712,"CIÊNCIA-occurances":10,"CIÊNCIA-percentage":0.17167381974248927,"HUMOR-occurances":9,"HUMOR-percentage":0.15450643776824036,"FITNESS-occurances":7,"FITNESS-percentage":0.12017167381974249,"LINKEDIN-occurances":6,"LINKEDIN-percentage":0.10300429184549356,"ECONOMIA-occurances":5,"ECONOMIA-percentage":0.08583690987124463,"ESOTERISMO-occurances":4,"ESOTERISMO-percentage":0.06866952789699571,"NATUREZA-occurances":4,"NATUREZA-percentage":0.06866952789699571,"TWITTER-occurances":1,"TWITTER-percentage":0.017167381974248927,"INSTAGRAM-occurances":0,"INSTAGRAM-percentage":0,"POLÍTICA-occurances":0,"POLÍTICA-percentage":0}