{"totalHistoryAmount":5076,"TECNOLOGIA-occurances":1428,"TECNOLOGIA-percentage":28.13238770685579,"YOUTUBE-occurances":611,"YOUTUBE-percentage":12.037037037037036,"SÉRIES E FILMES-occurances":380,"SÉRIES E FILMES-percentage":7.486209613869188,"DECORAÇÃO-occurances":300,"DECORAÇÃO-percentage":5.91016548463357,"FACEBOOK-occurances":154,"FACEBOOK-percentage":3.033884948778566,"NOTÍCIAS-occurances":129,"NOTÍCIAS-percentage":2.541371158392435,"POP/ARTE-occurances":98,"POP/ARTE-percentage":1.9306540583136327,"TV E CELEBRIDADES-occurances":67,"TV E CELEBRIDADES-percentage":1.3199369582348306,"CARROS-occurances":57,"CARROS-percentage":1.1229314420803782,"ESPORTE-occurances":56,"ESPORTE-percentage":1.103230890464933,"ALIMENTAÇÃO E SAÚDE-occurances":43,"ALIMENTAÇÃO E SAÚDE-percentage":0.847123719464145,"SEXO-occurances":24,"SEXO-percentage":0.4728132387706856,"MODA-occurances":21,"MODA-percentage":0.41371158392434987,"INTERNACIONAL-occurances":14,"INTERNACIONAL-percentage":0.27580772261623326,"VIAGENS-occurances":10,"VIAGENS-percentage":0.19700551615445233,"CIÊNCIA-occurances":9,"CIÊNCIA-percentage":0.1773049645390071,"EDUCAÇÃO-occurances":9,"EDUCAÇÃO-percentage":0.1773049645390071,"JOGOS-occurances":9,"JOGOS-percentage":0.1773049645390071,"ESOTERISMO-occurances":6,"ESOTERISMO-percentage":0.1182033096926714,"FITNESS-occurances":6,"FITNESS-percentage":0.1182033096926714,"INSTAGRAM-occurances":6,"INSTAGRAM-percentage":0.1182033096926714,"LINKEDIN-occurances":6,"LINKEDIN-percentage":0.1182033096926714,"HUMOR-occurances":5,"HUMOR-percentage":0.09850275807722617,"NATUREZA-occurances":4,"NATUREZA-percentage":0.07880220646178093,"ECONOMIA-occurances":2,"ECONOMIA-percentage":0.039401103230890466,"POLÍTICA-occurances":1,"POLÍTICA-percentage":0.019700551615445233,"TWITTER-occurances":1,"TWITTER-percentage":0.019700551615445233}