{"totalHistoryAmount":1668,"TECNOLOGIA-occurances":872,"TECNOLOGIA-percentage":52.278177458033575,"YOUTUBE-occurances":140,"YOUTUBE-percentage":8.393285371702637,"ESPORTE-occurances":87,"ESPORTE-percentage":5.215827338129497,"FITNESS-occurances":37,"FITNESS-percentage":2.2182254196642686,"ECONOMIA-occurances":33,"ECONOMIA-percentage":1.9784172661870503,"POP/ARTE-occurances":29,"POP/ARTE-percentage":1.7386091127098322,"FACEBOOK-occurances":18,"FACEBOOK-percentage":1.079136690647482,"INSTAGRAM-occurances":18,"INSTAGRAM-percentage":1.079136690647482,"SÉRIES E FILMES-occurances":14,"SÉRIES E FILMES-percentage":0.8393285371702638,"JOGOS-occurances":13,"JOGOS-percentage":0.7793764988009593,"EDUCAÇÃO-occurances":11,"EDUCAÇÃO-percentage":0.6594724220623501,"VIAGENS-occurances":11,"VIAGENS-percentage":0.6594724220623501,"NOTÍCIAS-occurances":9,"NOTÍCIAS-percentage":0.539568345323741,"POLÍTICA-occurances":6,"POLÍTICA-percentage":0.3597122302158273,"CARROS-occurances":5,"CARROS-percentage":0.2997601918465228,"TV E CELEBRIDADES-occurances":5,"TV E CELEBRIDADES-percentage":0.2997601918465228,"ESOTERISMO-occurances":2,"ESOTERISMO-percentage":0.11990407673860912,"HUMOR-occurances":2,"HUMOR-percentage":0.11990407673860912,"CIÊNCIA-occurances":1,"CIÊNCIA-percentage":0.05995203836930456,"DECORAÇÃO-occurances":1,"DECORAÇÃO-percentage":0.05995203836930456,"LINKEDIN-occurances":1,"LINKEDIN-percentage":0.05995203836930456,"MODA-occurances":1,"MODA-percentage":0.05995203836930456,"NATUREZA-occurances":1,"NATUREZA-percentage":0.05995203836930456,"ALIMENTAÇÃO E SAÚDE-occurances":0,"ALIMENTAÇÃO E SAÚDE-percentage":0,"INTERNACIONAL-occurances":0,"INTERNACIONAL-percentage":0,"SEXO-occurances":0,"SEXO-percentage":0,"TWITTER-occurances":0,"TWITTER-percentage":0}