{"totalHistoryAmount":6579,"TECNOLOGIA-occurances":1830,"TECNOLOGIA-percentage":27.81577747378021,"NOTÍCIAS-occurances":433,"NOTÍCIAS-percentage":6.581547347621219,"YOUTUBE-occurances":405,"YOUTUBE-percentage":6.155950752393981,"DECORAÇÃO-occurances":387,"DECORAÇÃO-percentage":5.882352941176471,"SÉRIES E FILMES-occurances":252,"SÉRIES E FILMES-percentage":3.830369357045144,"FACEBOOK-occurances":179,"FACEBOOK-percentage":2.72077823377413,"POP/ARTE-occurances":131,"POP/ARTE-percentage":1.9911840705274357,"ESPORTE-occurances":125,"ESPORTE-percentage":1.899984800121599,"TV E CELEBRIDADES-occurances":77,"TV E CELEBRIDADES-percentage":1.170390636874905,"MODA-occurances":66,"MODA-percentage":1.0031919744642044,"ALIMENTAÇÃO E SAÚDE-occurances":58,"ALIMENTAÇÃO E SAÚDE-percentage":0.8815929472564219,"CARROS-occurances":58,"CARROS-percentage":0.8815929472564219,"JOGOS-occurances":40,"JOGOS-percentage":0.6079951360389116,"VIAGENS-occurances":37,"VIAGENS-percentage":0.5623955008359933,"SEXO-occurances":28,"SEXO-percentage":0.4255965952272382,"EDUCAÇÃO-occurances":24,"EDUCAÇÃO-percentage":0.364797081623347,"INTERNACIONAL-occurances":19,"INTERNACIONAL-percentage":0.28879768961848307,"CIÊNCIA-occurances":11,"CIÊNCIA-percentage":0.16719866241070072,"HUMOR-occurances":10,"HUMOR-percentage":0.1519987840097279,"LINKEDIN-occurances":10,"LINKEDIN-percentage":0.1519987840097279,"ECONOMIA-occurances":8,"ECONOMIA-percentage":0.12159902720778233,"ESOTERISMO-occurances":8,"ESOTERISMO-percentage":0.12159902720778233,"FITNESS-occurances":8,"FITNESS-percentage":0.12159902720778233,"NATUREZA-occurances":5,"NATUREZA-percentage":0.07599939200486396,"TWITTER-occurances":3,"TWITTER-percentage":0.045599635202918376,"POLÍTICA-occurances":1,"POLÍTICA-percentage":0.015199878400972791,"INSTAGRAM-occurances":0,"INSTAGRAM-percentage":0}