{"totalHistoryAmount":9168,"TECNOLOGIA-occurances":4253,"TECNOLOGIA-percentage":46.389616055846425,"ESPORTE-occurances":1505,"ESPORTE-percentage":16.415794066317627,"FACEBOOK-occurances":1094,"FACEBOOK-percentage":11.932809773123909,"SEXO-occurances":693,"SEXO-percentage":7.55890052356021,"INSTAGRAM-occurances":174,"INSTAGRAM-percentage":1.8979057591623036,"CARROS-occurances":132,"CARROS-percentage":1.4397905759162304,"YOUTUBE-occurances":62,"YOUTUBE-percentage":0.6762652705061082,"DECORAÇÃO-occurances":61,"DECORAÇÃO-percentage":0.6653577661431065,"NOTÍCIAS-occurances":47,"NOTÍCIAS-percentage":0.5126527050610821,"EDUCAÇÃO-occurances":39,"EDUCAÇÃO-percentage":0.42539267015706805,"MODA-occurances":24,"MODA-percentage":0.2617801047120419,"LINKEDIN-occurances":17,"LINKEDIN-percentage":0.18542757417102967,"ESOTERISMO-occurances":14,"ESOTERISMO-percentage":0.15270506108202445,"POP/ARTE-occurances":12,"POP/ARTE-percentage":0.13089005235602094,"CIÊNCIA-occurances":11,"CIÊNCIA-percentage":0.1199825479930192,"ECONOMIA-occurances":11,"ECONOMIA-percentage":0.1199825479930192,"TWITTER-occurances":10,"TWITTER-percentage":0.10907504363001745,"SÉRIES E FILMES-occurances":8,"SÉRIES E FILMES-percentage":0.08726003490401396,"TV E CELEBRIDADES-occurances":6,"TV E CELEBRIDADES-percentage":0.06544502617801047,"FITNESS-occurances":2,"FITNESS-percentage":0.02181500872600349,"JOGOS-occurances":2,"JOGOS-percentage":0.02181500872600349,"VIAGENS-occurances":2,"VIAGENS-percentage":0.02181500872600349,"ALIMENTAÇÃO E SAÚDE-occurances":1,"ALIMENTAÇÃO E SAÚDE-percentage":0.010907504363001745,"INTERNACIONAL-occurances":1,"INTERNACIONAL-percentage":0.010907504363001745,"POLÍTICA-occurances":1,"POLÍTICA-percentage":0.010907504363001745,"HUMOR-occurances":0,"HUMOR-percentage":0,"NATUREZA-occurances":0,"NATUREZA-percentage":0}