{"totalHistoryAmount":3944,"TECNOLOGIA-occurances":1307,"TECNOLOGIA-percentage":33.13894523326572,"LINKEDIN-occurances":305,"LINKEDIN-percentage":7.733265720081136,"EDUCAÇÃO-occurances":106,"EDUCAÇÃO-percentage":2.68762677484787,"FACEBOOK-occurances":102,"FACEBOOK-percentage":2.586206896551724,"CARROS-occurances":44,"CARROS-percentage":1.1156186612576064,"ESPORTE-occurances":41,"ESPORTE-percentage":1.039553752535497,"VIAGENS-occurances":40,"VIAGENS-percentage":1.0141987829614605,"INSTAGRAM-occurances":35,"INSTAGRAM-percentage":0.8874239350912779,"NOTÍCIAS-occurances":33,"NOTÍCIAS-percentage":0.8367139959432048,"SÉRIES E FILMES-occurances":31,"SÉRIES E FILMES-percentage":0.7860040567951319,"YOUTUBE-occurances":28,"YOUTUBE-percentage":0.7099391480730223,"FITNESS-occurances":27,"FITNESS-percentage":0.6845841784989858,"JOGOS-occurances":22,"JOGOS-percentage":0.5578093306288032,"TV E CELEBRIDADES-occurances":21,"TV E CELEBRIDADES-percentage":0.5324543610547667,"CIÊNCIA-occurances":20,"CIÊNCIA-percentage":0.5070993914807302,"MODA-occurances":19,"MODA-percentage":0.4817444219066937,"POP/ARTE-occurances":18,"POP/ARTE-percentage":0.4563894523326572,"DECORAÇÃO-occurances":17,"DECORAÇÃO-percentage":0.43103448275862066,"TWITTER-occurances":17,"TWITTER-percentage":0.43103448275862066,"ECONOMIA-occurances":15,"ECONOMIA-percentage":0.3803245436105477,"SEXO-occurances":15,"SEXO-percentage":0.3803245436105477,"ESOTERISMO-occurances":8,"ESOTERISMO-percentage":0.2028397565922921,"ALIMENTAÇÃO E SAÚDE-occurances":5,"ALIMENTAÇÃO E SAÚDE-percentage":0.12677484787018256,"POLÍTICA-occurances":4,"POLÍTICA-percentage":0.10141987829614604,"HUMOR-occurances":0,"HUMOR-percentage":0,"INTERNACIONAL-occurances":0,"INTERNACIONAL-percentage":0,"NATUREZA-occurances":0,"NATUREZA-percentage":0}