{"totalHistoryAmount":2715,"TECNOLOGIA-occurances":1054,"TECNOLOGIA-percentage":38.821362799263355,"DECORAÇÃO-occurances":365,"DECORAÇÃO-percentage":13.443830570902394,"FACEBOOK-occurances":95,"FACEBOOK-percentage":3.4990791896869244,"ESPORTE-occurances":64,"ESPORTE-percentage":2.3572744014732967,"POP/ARTE-occurances":36,"POP/ARTE-percentage":1.3259668508287292,"NOTÍCIAS-occurances":35,"NOTÍCIAS-percentage":1.289134438305709,"ALIMENTAÇÃO E SAÚDE-occurances":32,"ALIMENTAÇÃO E SAÚDE-percentage":1.1786372007366483,"SÉRIES E FILMES-occurances":31,"SÉRIES E FILMES-percentage":1.141804788213628,"MODA-occurances":25,"MODA-percentage":0.9208103130755064,"YOUTUBE-occurances":20,"YOUTUBE-percentage":0.7366482504604052,"ECONOMIA-occurances":10,"ECONOMIA-percentage":0.3683241252302026,"FITNESS-occurances":10,"FITNESS-percentage":0.3683241252302026,"INSTAGRAM-occurances":8,"INSTAGRAM-percentage":0.2946593001841621,"JOGOS-occurances":8,"JOGOS-percentage":0.2946593001841621,"VIAGENS-occurances":6,"VIAGENS-percentage":0.22099447513812154,"CARROS-occurances":5,"CARROS-percentage":0.1841620626151013,"EDUCAÇÃO-occurances":5,"EDUCAÇÃO-percentage":0.1841620626151013,"INTERNACIONAL-occurances":5,"INTERNACIONAL-percentage":0.1841620626151013,"ESOTERISMO-occurances":4,"ESOTERISMO-percentage":0.14732965009208104,"NATUREZA-occurances":4,"NATUREZA-percentage":0.14732965009208104,"TV E CELEBRIDADES-occurances":4,"TV E CELEBRIDADES-percentage":0.14732965009208104,"HUMOR-occurances":3,"HUMOR-percentage":0.11049723756906077,"SEXO-occurances":3,"SEXO-percentage":0.11049723756906077,"CIÊNCIA-occurances":1,"CIÊNCIA-percentage":0.03683241252302026,"POLÍTICA-occurances":1,"POLÍTICA-percentage":0.03683241252302026,"TWITTER-occurances":1,"TWITTER-percentage":0.03683241252302026,"LINKEDIN-occurances":0,"LINKEDIN-percentage":0}