{"totalHistoryAmount":7051,"TECNOLOGIA-occurances":1746,"TECNOLOGIA-percentage":24.762445043256275,"NOTÍCIAS-occurances":523,"NOTÍCIAS-percentage":7.417387604595093,"FACEBOOK-occurances":509,"FACEBOOK-percentage":7.218834207913771,"DECORAÇÃO-occurances":348,"DECORAÇÃO-percentage":4.93547014607857,"MODA-occurances":280,"MODA-percentage":3.971067933626436,"ESPORTE-occurances":209,"ESPORTE-percentage":2.9641185647425896,"YOUTUBE-occurances":125,"YOUTUBE-percentage":1.772798184654659,"POP/ARTE-occurances":124,"POP/ARTE-percentage":1.7586157991774216,"SÉRIES E FILMES-occurances":110,"SÉRIES E FILMES-percentage":1.5600624024960998,"ESOTERISMO-occurances":69,"ESOTERISMO-percentage":0.9785845979293717,"TV E CELEBRIDADES-occurances":63,"TV E CELEBRIDADES-percentage":0.8934902850659481,"ALIMENTAÇÃO E SAÚDE-occurances":54,"ALIMENTAÇÃO E SAÚDE-percentage":0.7658488157708127,"LINKEDIN-occurances":46,"LINKEDIN-percentage":0.6523897319529145,"EDUCAÇÃO-occurances":36,"EDUCAÇÃO-percentage":0.5105658771805418,"JOGOS-occurances":35,"JOGOS-percentage":0.4963834917033045,"SEXO-occurances":34,"SEXO-percentage":0.4822011062260672,"VIAGENS-occurances":33,"VIAGENS-percentage":0.46801872074882994,"CARROS-occurances":28,"CARROS-percentage":0.3971067933626436,"CIÊNCIA-occurances":22,"CIÊNCIA-percentage":0.31201248049922,"INTERNACIONAL-occurances":21,"INTERNACIONAL-percentage":0.2978300950219827,"HUMOR-occurances":19,"HUMOR-percentage":0.26946532406750817,"ECONOMIA-occurances":12,"ECONOMIA-percentage":0.17018862572684726,"POLÍTICA-occurances":12,"POLÍTICA-percentage":0.17018862572684726,"NATUREZA-occurances":8,"NATUREZA-percentage":0.11345908381789817,"TWITTER-occurances":7,"TWITTER-percentage":0.0992766983406609,"INSTAGRAM-occurances":6,"INSTAGRAM-percentage":0.08509431286342363,"FITNESS-occurances":5,"FITNESS-percentage":0.07091192738618636}