{"totalHistoryAmount":5652,"TECNOLOGIA-occurances":1572,"TECNOLOGIA-percentage":27.81316348195329,"YOUTUBE-occurances":489,"YOUTUBE-percentage":8.65180467091295,"SÉRIES E FILMES-occurances":366,"SÉRIES E FILMES-percentage":6.475583864118896,"DECORAÇÃO-occurances":328,"DECORAÇÃO-percentage":5.803255484784147,"NOTÍCIAS-occurances":312,"NOTÍCIAS-percentage":5.520169851380042,"FACEBOOK-occurances":170,"FACEBOOK-percentage":3.007784854918613,"POP/ARTE-occurances":100,"POP/ARTE-percentage":1.7692852087756545,"TV E CELEBRIDADES-occurances":69,"TV E CELEBRIDADES-percentage":1.2208067940552016,"ESPORTE-occurances":63,"ESPORTE-percentage":1.1146496815286624,"CARROS-occurances":61,"CARROS-percentage":1.0792639773531494,"ALIMENTAÇÃO E SAÚDE-occurances":49,"ALIMENTAÇÃO E SAÚDE-percentage":0.8669497523000708,"JOGOS-occurances":37,"JOGOS-percentage":0.6546355272469923,"SEXO-occurances":24,"SEXO-percentage":0.42462845010615713,"MODA-occurances":21,"MODA-percentage":0.37154989384288745,"INTERNACIONAL-occurances":18,"INTERNACIONAL-percentage":0.3184713375796178,"EDUCAÇÃO-occurances":12,"EDUCAÇÃO-percentage":0.21231422505307856,"CIÊNCIA-occurances":10,"CIÊNCIA-percentage":0.17692852087756547,"VIAGENS-occurances":10,"VIAGENS-percentage":0.17692852087756547,"HUMOR-occurances":9,"HUMOR-percentage":0.1592356687898089,"FITNESS-occurances":7,"FITNESS-percentage":0.12384996461429583,"LINKEDIN-occurances":6,"LINKEDIN-percentage":0.10615711252653928,"ECONOMIA-occurances":4,"ECONOMIA-percentage":0.07077140835102619,"ESOTERISMO-occurances":4,"ESOTERISMO-percentage":0.07077140835102619,"NATUREZA-occurances":4,"NATUREZA-percentage":0.07077140835102619,"TWITTER-occurances":1,"TWITTER-percentage":0.017692852087756547,"INSTAGRAM-occurances":0,"INSTAGRAM-percentage":0,"POLÍTICA-occurances":0,"POLÍTICA-percentage":0}