{"totalHistoryAmount":2666,"TECNOLOGIA-occurances":1256,"TECNOLOGIA-percentage":47.11177794448612,"YOUTUBE-occurances":254,"YOUTUBE-percentage":9.527381845461365,"FACEBOOK-occurances":140,"FACEBOOK-percentage":5.251312828207052,"ESPORTE-occurances":119,"ESPORTE-percentage":4.463615903975994,"FITNESS-occurances":56,"FITNESS-percentage":2.100525131282821,"ECONOMIA-occurances":34,"ECONOMIA-percentage":1.275318829707427,"INSTAGRAM-occurances":33,"INSTAGRAM-percentage":1.2378094523630907,"POP/ARTE-occurances":31,"POP/ARTE-percentage":1.1627906976744187,"JOGOS-occurances":18,"JOGOS-percentage":0.6751687921980495,"TV E CELEBRIDADES-occurances":18,"TV E CELEBRIDADES-percentage":0.6751687921980495,"NOTÍCIAS-occurances":17,"NOTÍCIAS-percentage":0.6376594148537135,"POLÍTICA-occurances":15,"POLÍTICA-percentage":0.5626406601650412,"SÉRIES E FILMES-occurances":14,"SÉRIES E FILMES-percentage":0.5251312828207052,"EDUCAÇÃO-occurances":12,"EDUCAÇÃO-percentage":0.450112528132033,"VIAGENS-occurances":12,"VIAGENS-percentage":0.450112528132033,"CARROS-occurances":6,"CARROS-percentage":0.2250562640660165,"HUMOR-occurances":6,"HUMOR-percentage":0.2250562640660165,"ESOTERISMO-occurances":2,"ESOTERISMO-percentage":0.07501875468867217,"CIÊNCIA-occurances":1,"CIÊNCIA-percentage":0.037509377344336084,"DECORAÇÃO-occurances":1,"DECORAÇÃO-percentage":0.037509377344336084,"LINKEDIN-occurances":1,"LINKEDIN-percentage":0.037509377344336084,"MODA-occurances":1,"MODA-percentage":0.037509377344336084,"NATUREZA-occurances":1,"NATUREZA-percentage":0.037509377344336084,"ALIMENTAÇÃO E SAÚDE-occurances":0,"ALIMENTAÇÃO E SAÚDE-percentage":0,"INTERNACIONAL-occurances":0,"INTERNACIONAL-percentage":0,"SEXO-occurances":0,"SEXO-percentage":0,"TWITTER-occurances":0,"TWITTER-percentage":0}