{"totalHistoryAmount":4988,"TECNOLOGIA-occurances":1513,"TECNOLOGIA-percentage":30.33279871692061,"YOUTUBE-occurances":602,"YOUTUBE-percentage":12.068965517241379,"SÉRIES E FILMES-occurances":387,"SÉRIES E FILMES-percentage":7.758620689655173,"DECORAÇÃO-occurances":356,"DECORAÇÃO-percentage":7.137129109863673,"FACEBOOK-occurances":118,"FACEBOOK-percentage":2.3656776263031274,"NOTÍCIAS-occurances":81,"NOTÍCIAS-percentage":1.623897353648757,"POP/ARTE-occurances":81,"POP/ARTE-percentage":1.623897353648757,"CARROS-occurances":58,"CARROS-percentage":1.1627906976744187,"TV E CELEBRIDADES-occurances":43,"TV E CELEBRIDADES-percentage":0.8620689655172413,"ALIMENTAÇÃO E SAÚDE-occurances":42,"ALIMENTAÇÃO E SAÚDE-percentage":0.8420208500400962,"ESPORTE-occurances":37,"ESPORTE-percentage":0.7417802726543705,"SEXO-occurances":23,"SEXO-percentage":0.4611066559743384,"MODA-occurances":18,"MODA-percentage":0.3608660785886127,"INTERNACIONAL-occurances":13,"INTERNACIONAL-percentage":0.2606255012028869,"VIAGENS-occurances":10,"VIAGENS-percentage":0.20048115477145148,"ESOTERISMO-occurances":7,"ESOTERISMO-percentage":0.14033680834001605,"JOGOS-occurances":7,"JOGOS-percentage":0.14033680834001605,"CIÊNCIA-occurances":6,"CIÊNCIA-percentage":0.12028869286287089,"FITNESS-occurances":6,"FITNESS-percentage":0.12028869286287089,"INSTAGRAM-occurances":6,"INSTAGRAM-percentage":0.12028869286287089,"LINKEDIN-occurances":6,"LINKEDIN-percentage":0.12028869286287089,"EDUCAÇÃO-occurances":5,"EDUCAÇÃO-percentage":0.10024057738572574,"HUMOR-occurances":5,"HUMOR-percentage":0.10024057738572574,"NATUREZA-occurances":3,"NATUREZA-percentage":0.060144346431435444,"ECONOMIA-occurances":1,"ECONOMIA-percentage":0.020048115477145148,"POLÍTICA-occurances":1,"POLÍTICA-percentage":0.020048115477145148,"TWITTER-occurances":1,"TWITTER-percentage":0.020048115477145148}