{"totalHistoryAmount":1317,"TECNOLOGIA-occurances":575,"TECNOLOGIA-percentage":43.65983295368261,"YOUTUBE-occurances":131,"YOUTUBE-percentage":9.946848899012908,"ESPORTE-occurances":81,"ESPORTE-percentage":6.150341685649202,"FITNESS-occurances":37,"FITNESS-percentage":2.809415337889142,"POP/ARTE-occurances":28,"POP/ARTE-percentage":2.126044039483675,"ECONOMIA-occurances":18,"ECONOMIA-percentage":1.366742596810934,"FACEBOOK-occurances":18,"FACEBOOK-percentage":1.366742596810934,"INSTAGRAM-occurances":18,"INSTAGRAM-percentage":1.366742596810934,"SÉRIES E FILMES-occurances":14,"SÉRIES E FILMES-percentage":1.0630220197418374,"JOGOS-occurances":12,"JOGOS-percentage":0.9111617312072893,"EDUCAÇÃO-occurances":11,"EDUCAÇÃO-percentage":0.8352315869400152,"VIAGENS-occurances":11,"VIAGENS-percentage":0.8352315869400152,"NOTÍCIAS-occurances":8,"NOTÍCIAS-percentage":0.6074411541381929,"POLÍTICA-occurances":6,"POLÍTICA-percentage":0.45558086560364464,"CARROS-occurances":5,"CARROS-percentage":0.37965072133637057,"TV E CELEBRIDADES-occurances":4,"TV E CELEBRIDADES-percentage":0.30372057706909644,"ESOTERISMO-occurances":2,"ESOTERISMO-percentage":0.15186028853454822,"HUMOR-occurances":2,"HUMOR-percentage":0.15186028853454822,"CIÊNCIA-occurances":1,"CIÊNCIA-percentage":0.07593014426727411,"DECORAÇÃO-occurances":1,"DECORAÇÃO-percentage":0.07593014426727411,"LINKEDIN-occurances":1,"LINKEDIN-percentage":0.07593014426727411,"MODA-occurances":1,"MODA-percentage":0.07593014426727411,"NATUREZA-occurances":1,"NATUREZA-percentage":0.07593014426727411,"ALIMENTAÇÃO E SAÚDE-occurances":0,"ALIMENTAÇÃO E SAÚDE-percentage":0,"INTERNACIONAL-occurances":0,"INTERNACIONAL-percentage":0,"SEXO-occurances":0,"SEXO-percentage":0,"TWITTER-occurances":0,"TWITTER-percentage":0}