{"totalHistoryAmount":2462,"TECNOLOGIA-occurances":1203,"TECNOLOGIA-percentage":48.862713241267265,"YOUTUBE-occurances":217,"YOUTUBE-percentage":8.813972380178717,"FACEBOOK-occurances":140,"FACEBOOK-percentage":5.686433793663688,"ESPORTE-occurances":112,"ESPORTE-percentage":4.54914703493095,"FITNESS-occurances":56,"FITNESS-percentage":2.274573517465475,"ECONOMIA-occurances":34,"ECONOMIA-percentage":1.380991064175467,"POP/ARTE-occurances":29,"POP/ARTE-percentage":1.1779041429731925,"INSTAGRAM-occurances":27,"INSTAGRAM-percentage":1.0966693744922826,"NOTÍCIAS-occurances":17,"NOTÍCIAS-percentage":0.6904955320877335,"JOGOS-occurances":16,"JOGOS-percentage":0.6498781478472786,"SÉRIES E FILMES-occurances":14,"SÉRIES E FILMES-percentage":0.5686433793663688,"EDUCAÇÃO-occurances":12,"EDUCAÇÃO-percentage":0.487408610885459,"VIAGENS-occurances":11,"VIAGENS-percentage":0.44679122664500404,"POLÍTICA-occurances":8,"POLÍTICA-percentage":0.3249390739236393,"TV E CELEBRIDADES-occurances":7,"TV E CELEBRIDADES-percentage":0.2843216896831844,"CARROS-occurances":6,"CARROS-percentage":0.2437043054427295,"HUMOR-occurances":6,"HUMOR-percentage":0.2437043054427295,"ESOTERISMO-occurances":2,"ESOTERISMO-percentage":0.08123476848090982,"CIÊNCIA-occurances":1,"CIÊNCIA-percentage":0.04061738424045491,"DECORAÇÃO-occurances":1,"DECORAÇÃO-percentage":0.04061738424045491,"LINKEDIN-occurances":1,"LINKEDIN-percentage":0.04061738424045491,"MODA-occurances":1,"MODA-percentage":0.04061738424045491,"NATUREZA-occurances":1,"NATUREZA-percentage":0.04061738424045491,"ALIMENTAÇÃO E SAÚDE-occurances":0,"ALIMENTAÇÃO E SAÚDE-percentage":0,"INTERNACIONAL-occurances":0,"INTERNACIONAL-percentage":0,"SEXO-occurances":0,"SEXO-percentage":0,"TWITTER-occurances":0,"TWITTER-percentage":0}