{"totalHistoryAmount":2490,"TECNOLOGIA-occurances":1207,"TECNOLOGIA-percentage":48.47389558232932,"YOUTUBE-occurances":229,"YOUTUBE-percentage":9.196787148594378,"FACEBOOK-occurances":140,"FACEBOOK-percentage":5.622489959839357,"ESPORTE-occurances":112,"ESPORTE-percentage":4.497991967871486,"FITNESS-occurances":56,"FITNESS-percentage":2.248995983935743,"ECONOMIA-occurances":34,"ECONOMIA-percentage":1.3654618473895583,"POP/ARTE-occurances":29,"POP/ARTE-percentage":1.1646586345381527,"INSTAGRAM-occurances":27,"INSTAGRAM-percentage":1.0843373493975903,"JOGOS-occurances":18,"JOGOS-percentage":0.7228915662650602,"NOTÍCIAS-occurances":17,"NOTÍCIAS-percentage":0.6827309236947792,"SÉRIES E FILMES-occurances":14,"SÉRIES E FILMES-percentage":0.5622489959839357,"EDUCAÇÃO-occurances":12,"EDUCAÇÃO-percentage":0.4819277108433735,"VIAGENS-occurances":11,"VIAGENS-percentage":0.44176706827309237,"POLÍTICA-occurances":8,"POLÍTICA-percentage":0.321285140562249,"TV E CELEBRIDADES-occurances":7,"TV E CELEBRIDADES-percentage":0.28112449799196787,"CARROS-occurances":6,"CARROS-percentage":0.24096385542168675,"HUMOR-occurances":6,"HUMOR-percentage":0.24096385542168675,"ESOTERISMO-occurances":2,"ESOTERISMO-percentage":0.08032128514056225,"CIÊNCIA-occurances":1,"CIÊNCIA-percentage":0.040160642570281124,"DECORAÇÃO-occurances":1,"DECORAÇÃO-percentage":0.040160642570281124,"LINKEDIN-occurances":1,"LINKEDIN-percentage":0.040160642570281124,"MODA-occurances":1,"MODA-percentage":0.040160642570281124,"NATUREZA-occurances":1,"NATUREZA-percentage":0.040160642570281124,"ALIMENTAÇÃO E SAÚDE-occurances":0,"ALIMENTAÇÃO E SAÚDE-percentage":0,"INTERNACIONAL-occurances":0,"INTERNACIONAL-percentage":0,"SEXO-occurances":0,"SEXO-percentage":0,"TWITTER-occurances":0,"TWITTER-percentage":0}