{"totalHistoryAmount":5167,"TECNOLOGIA-occurances":1538,"TECNOLOGIA-percentage":29.76582155989936,"YOUTUBE-occurances":602,"YOUTUBE-percentage":11.650861234759049,"SÉRIES E FILMES-occurances":407,"SÉRIES E FILMES-percentage":7.876911167021483,"DECORAÇÃO-occurances":361,"DECORAÇÃO-percentage":6.9866460228372365,"FACEBOOK-occurances":123,"FACEBOOK-percentage":2.3804915811883105,"NOTÍCIAS-occurances":103,"NOTÍCIAS-percentage":1.9934197793690729,"POP/ARTE-occurances":82,"POP/ARTE-percentage":1.5869943874588737,"CARROS-occurances":58,"CARROS-percentage":1.1225082252757888,"TV E CELEBRIDADES-occurances":43,"TV E CELEBRIDADES-percentage":0.8322043739113606,"ALIMENTAÇÃO E SAÚDE-occurances":42,"ALIMENTAÇÃO E SAÚDE-percentage":0.8128507838203987,"ESPORTE-occurances":40,"ESPORTE-percentage":0.7741436036384749,"SEXO-occurances":23,"SEXO-percentage":0.4451325720921231,"MODA-occurances":20,"MODA-percentage":0.38707180181923745,"INTERNACIONAL-occurances":14,"INTERNACIONAL-percentage":0.2709502612734662,"VIAGENS-occurances":10,"VIAGENS-percentage":0.19353590090961872,"JOGOS-occurances":8,"JOGOS-percentage":0.154828720727695,"EDUCAÇÃO-occurances":7,"EDUCAÇÃO-percentage":0.1354751306367331,"ESOTERISMO-occurances":7,"ESOTERISMO-percentage":0.1354751306367331,"CIÊNCIA-occurances":6,"CIÊNCIA-percentage":0.11612154054577124,"FITNESS-occurances":6,"FITNESS-percentage":0.11612154054577124,"INSTAGRAM-occurances":6,"INSTAGRAM-percentage":0.11612154054577124,"LINKEDIN-occurances":6,"LINKEDIN-percentage":0.11612154054577124,"HUMOR-occurances":5,"HUMOR-percentage":0.09676795045480936,"NATUREZA-occurances":3,"NATUREZA-percentage":0.05806077027288562,"ECONOMIA-occurances":1,"ECONOMIA-percentage":0.019353590090961874,"POLÍTICA-occurances":1,"POLÍTICA-percentage":0.019353590090961874,"TWITTER-occurances":1,"TWITTER-percentage":0.019353590090961874}