{"totalHistoryAmount":2471,"TECNOLOGIA-occurances":1203,"TECNOLOGIA-percentage":48.68474301902064,"YOUTUBE-occurances":217,"YOUTUBE-percentage":8.78186968838527,"FACEBOOK-occurances":140,"FACEBOOK-percentage":5.665722379603399,"ESPORTE-occurances":112,"ESPORTE-percentage":4.53257790368272,"FITNESS-occurances":56,"FITNESS-percentage":2.26628895184136,"ECONOMIA-occurances":34,"ECONOMIA-percentage":1.375961149332254,"POP/ARTE-occurances":29,"POP/ARTE-percentage":1.1736139214892756,"INSTAGRAM-occurances":27,"INSTAGRAM-percentage":1.0926750303520842,"NOTÍCIAS-occurances":17,"NOTÍCIAS-percentage":0.687980574666127,"JOGOS-occurances":16,"JOGOS-percentage":0.6475111290975314,"SÉRIES E FILMES-occurances":14,"SÉRIES E FILMES-percentage":0.56657223796034,"EDUCAÇÃO-occurances":12,"EDUCAÇÃO-percentage":0.4856333468231485,"VIAGENS-occurances":11,"VIAGENS-percentage":0.4451639012545528,"POLÍTICA-occurances":8,"POLÍTICA-percentage":0.3237555645487657,"TV E CELEBRIDADES-occurances":7,"TV E CELEBRIDADES-percentage":0.28328611898017,"CARROS-occurances":6,"CARROS-percentage":0.24281667341157426,"HUMOR-occurances":6,"HUMOR-percentage":0.24281667341157426,"ESOTERISMO-occurances":2,"ESOTERISMO-percentage":0.08093889113719142,"CIÊNCIA-occurances":1,"CIÊNCIA-percentage":0.04046944556859571,"DECORAÇÃO-occurances":1,"DECORAÇÃO-percentage":0.04046944556859571,"LINKEDIN-occurances":1,"LINKEDIN-percentage":0.04046944556859571,"MODA-occurances":1,"MODA-percentage":0.04046944556859571,"NATUREZA-occurances":1,"NATUREZA-percentage":0.04046944556859571,"ALIMENTAÇÃO E SAÚDE-occurances":0,"ALIMENTAÇÃO E SAÚDE-percentage":0,"INTERNACIONAL-occurances":0,"INTERNACIONAL-percentage":0,"SEXO-occurances":0,"SEXO-percentage":0,"TWITTER-occurances":0,"TWITTER-percentage":0}