{"totalHistoryAmount":2469,"TECNOLOGIA-occurances":1203,"TECNOLOGIA-percentage":48.724179829890645,"YOUTUBE-occurances":217,"YOUTUBE-percentage":8.788983394086674,"FACEBOOK-occurances":140,"FACEBOOK-percentage":5.6703118671526935,"ESPORTE-occurances":112,"ESPORTE-percentage":4.5362494937221545,"FITNESS-occurances":56,"FITNESS-percentage":2.2681247468610772,"ECONOMIA-occurances":34,"ECONOMIA-percentage":1.377075739165654,"POP/ARTE-occurances":29,"POP/ARTE-percentage":1.174564601053058,"INSTAGRAM-occurances":27,"INSTAGRAM-percentage":1.0935601458080195,"NOTÍCIAS-occurances":17,"NOTÍCIAS-percentage":0.688537869582827,"JOGOS-occurances":16,"JOGOS-percentage":0.6480356419603078,"SÉRIES E FILMES-occurances":14,"SÉRIES E FILMES-percentage":0.5670311867152693,"EDUCAÇÃO-occurances":12,"EDUCAÇÃO-percentage":0.48602673147023084,"VIAGENS-occurances":11,"VIAGENS-percentage":0.44552450384771164,"POLÍTICA-occurances":8,"POLÍTICA-percentage":0.3240178209801539,"TV E CELEBRIDADES-occurances":7,"TV E CELEBRIDADES-percentage":0.28351559335763465,"CARROS-occurances":6,"CARROS-percentage":0.24301336573511542,"HUMOR-occurances":6,"HUMOR-percentage":0.24301336573511542,"ESOTERISMO-occurances":2,"ESOTERISMO-percentage":0.08100445524503848,"CIÊNCIA-occurances":1,"CIÊNCIA-percentage":0.04050222762251924,"DECORAÇÃO-occurances":1,"DECORAÇÃO-percentage":0.04050222762251924,"LINKEDIN-occurances":1,"LINKEDIN-percentage":0.04050222762251924,"MODA-occurances":1,"MODA-percentage":0.04050222762251924,"NATUREZA-occurances":1,"NATUREZA-percentage":0.04050222762251924,"ALIMENTAÇÃO E SAÚDE-occurances":0,"ALIMENTAÇÃO E SAÚDE-percentage":0,"INTERNACIONAL-occurances":0,"INTERNACIONAL-percentage":0,"SEXO-occurances":0,"SEXO-percentage":0,"TWITTER-occurances":0,"TWITTER-percentage":0}