{"totalHistoryAmount":10006,"TECNOLOGIA-occurances":4551,"TECNOLOGIA-percentage":45.48271037377573,"ESPORTE-occurances":1779,"ESPORTE-percentage":17.779332400559664,"FACEBOOK-occurances":1166,"FACEBOOK-percentage":11.65300819508295,"SEXO-occurances":702,"SEXO-percentage":7.015790525684589,"INSTAGRAM-occurances":181,"INSTAGRAM-percentage":1.8089146512092744,"CARROS-occurances":167,"CARROS-percentage":1.6689986008394964,"YOUTUBE-occurances":77,"YOUTUBE-percentage":0.7695382770337797,"DECORAÇÃO-occurances":63,"DECORAÇÃO-percentage":0.6296222266640016,"NOTÍCIAS-occurances":53,"NOTÍCIAS-percentage":0.5296821906855886,"EDUCAÇÃO-occurances":46,"EDUCAÇÃO-percentage":0.45972416550069956,"ESOTERISMO-occurances":36,"ESOTERISMO-percentage":0.3597841295222866,"POP/ARTE-occurances":35,"POP/ARTE-percentage":0.3497901259244453,"MODA-occurances":24,"MODA-percentage":0.23985608634819108,"LINKEDIN-occurances":17,"LINKEDIN-percentage":0.16989806116330203,"SÉRIES E FILMES-occurances":12,"SÉRIES E FILMES-percentage":0.11992804317409554,"CIÊNCIA-occurances":11,"CIÊNCIA-percentage":0.10993403957625425,"ECONOMIA-occurances":11,"ECONOMIA-percentage":0.10993403957625425,"TWITTER-occurances":10,"TWITTER-percentage":0.09994003597841296,"TV E CELEBRIDADES-occurances":9,"TV E CELEBRIDADES-percentage":0.08994603238057165,"JOGOS-occurances":7,"JOGOS-percentage":0.06995802518488907,"VIAGENS-occurances":4,"VIAGENS-percentage":0.03997601439136518,"FITNESS-occurances":2,"FITNESS-percentage":0.01998800719568259,"POLÍTICA-occurances":2,"POLÍTICA-percentage":0.01998800719568259,"ALIMENTAÇÃO E SAÚDE-occurances":1,"ALIMENTAÇÃO E SAÚDE-percentage":0.009994003597841295,"INTERNACIONAL-occurances":1,"INTERNACIONAL-percentage":0.009994003597841295,"HUMOR-occurances":0,"HUMOR-percentage":0,"NATUREZA-occurances":0,"NATUREZA-percentage":0}