{"totalHistoryAmount":6529,"TECNOLOGIA-occurances":1838,"TECNOLOGIA-percentage":28.151324858324397,"NOTÍCIAS-occurances":456,"NOTÍCIAS-percentage":6.98422423035687,"DECORAÇÃO-occurances":352,"DECORAÇÃO-percentage":5.391330984836881,"YOUTUBE-occurances":281,"YOUTUBE-percentage":4.303875019145352,"FACEBOOK-occurances":252,"FACEBOOK-percentage":3.8597028641445856,"SÉRIES E FILMES-occurances":214,"SÉRIES E FILMES-percentage":3.2776841782815134,"ESPORTE-occurances":134,"ESPORTE-percentage":2.0523816817276765,"POP/ARTE-occurances":130,"POP/ARTE-percentage":1.9911165568999847,"MODA-occurances":74,"MODA-percentage":1.133404809312299,"TV E CELEBRIDADES-occurances":61,"TV E CELEBRIDADES-percentage":0.9342931536223005,"ALIMENTAÇÃO E SAÚDE-occurances":58,"ALIMENTAÇÃO E SAÚDE-percentage":0.8883443100015316,"CARROS-occurances":57,"CARROS-percentage":0.8730280287946087,"JOGOS-occurances":36,"JOGOS-percentage":0.5513861234492266,"VIAGENS-occurances":36,"VIAGENS-percentage":0.5513861234492266,"SEXO-occurances":32,"SEXO-percentage":0.4901209986215347,"EDUCAÇÃO-occurances":25,"EDUCAÇÃO-percentage":0.382907030173074,"CIÊNCIA-occurances":15,"CIÊNCIA-percentage":0.22974421810384438,"INTERNACIONAL-occurances":15,"INTERNACIONAL-percentage":0.22974421810384438,"HUMOR-occurances":11,"HUMOR-percentage":0.16847909327615254,"ECONOMIA-occurances":10,"ECONOMIA-percentage":0.1531628120692296,"LINKEDIN-occurances":10,"LINKEDIN-percentage":0.1531628120692296,"FITNESS-occurances":7,"FITNESS-percentage":0.10721396844846072,"ESOTERISMO-occurances":6,"ESOTERISMO-percentage":0.09189768724153775,"NATUREZA-occurances":5,"NATUREZA-percentage":0.0765814060346148,"INSTAGRAM-occurances":3,"INSTAGRAM-percentage":0.04594884362076888,"TWITTER-occurances":3,"TWITTER-percentage":0.04594884362076888,"POLÍTICA-occurances":1,"POLÍTICA-percentage":0.015316281206922959}