{"totalHistoryAmount":5780,"TECNOLOGIA-occurances":1605,"TECNOLOGIA-percentage":27.768166089965398,"YOUTUBE-occurances":480,"YOUTUBE-percentage":8.304498269896193,"SÉRIES E FILMES-occurances":345,"SÉRIES E FILMES-percentage":5.968858131487889,"DECORAÇÃO-occurances":334,"DECORAÇÃO-percentage":5.778546712802768,"NOTÍCIAS-occurances":322,"NOTÍCIAS-percentage":5.570934256055363,"FACEBOOK-occurances":169,"FACEBOOK-percentage":2.9238754325259517,"POP/ARTE-occurances":100,"POP/ARTE-percentage":1.7301038062283738,"TV E CELEBRIDADES-occurances":69,"TV E CELEBRIDADES-percentage":1.193771626297578,"ESPORTE-occurances":65,"ESPORTE-percentage":1.1245674740484428,"CARROS-occurances":63,"CARROS-percentage":1.0899653979238755,"ALIMENTAÇÃO E SAÚDE-occurances":51,"ALIMENTAÇÃO E SAÚDE-percentage":0.8823529411764706,"MODA-occurances":38,"MODA-percentage":0.657439446366782,"JOGOS-occurances":37,"JOGOS-percentage":0.6401384083044983,"SEXO-occurances":24,"SEXO-percentage":0.41522491349480967,"INTERNACIONAL-occurances":18,"INTERNACIONAL-percentage":0.31141868512110726,"EDUCAÇÃO-occurances":12,"EDUCAÇÃO-percentage":0.20761245674740483,"VIAGENS-occurances":11,"VIAGENS-percentage":0.1903114186851211,"CIÊNCIA-occurances":10,"CIÊNCIA-percentage":0.17301038062283736,"HUMOR-occurances":9,"HUMOR-percentage":0.15570934256055363,"FITNESS-occurances":7,"FITNESS-percentage":0.12110726643598616,"LINKEDIN-occurances":6,"LINKEDIN-percentage":0.10380622837370242,"ECONOMIA-occurances":4,"ECONOMIA-percentage":0.06920415224913495,"ESOTERISMO-occurances":4,"ESOTERISMO-percentage":0.06920415224913495,"NATUREZA-occurances":4,"NATUREZA-percentage":0.06920415224913495,"TWITTER-occurances":1,"TWITTER-percentage":0.01730103806228374,"INSTAGRAM-occurances":0,"INSTAGRAM-percentage":0,"POLÍTICA-occurances":0,"POLÍTICA-percentage":0}