{"totalHistoryAmount":5613,"TECNOLOGIA-occurances":1556,"TECNOLOGIA-percentage":27.7213611259576,"YOUTUBE-occurances":528,"YOUTUBE-percentage":9.40673436664885,"SÉRIES E FILMES-occurances":374,"SÉRIES E FILMES-percentage":6.663103509709603,"DECORAÇÃO-occurances":311,"DECORAÇÃO-percentage":5.540709068234456,"NOTÍCIAS-occurances":296,"NOTÍCIAS-percentage":5.273472296454659,"FACEBOOK-occurances":174,"FACEBOOK-percentage":3.099946552645644,"POP/ARTE-occurances":101,"POP/ARTE-percentage":1.7993942633172992,"TV E CELEBRIDADES-occurances":69,"TV E CELEBRIDADES-percentage":1.2292891501870657,"ESPORTE-occurances":65,"ESPORTE-percentage":1.1580260110457865,"CARROS-occurances":61,"CARROS-percentage":1.0867628719045075,"ALIMENTAÇÃO E SAÚDE-occurances":47,"ALIMENTAÇÃO E SAÚDE-percentage":0.8373418849100303,"JOGOS-occurances":36,"JOGOS-percentage":0.6413682522715125,"SEXO-occurances":24,"SEXO-percentage":0.42757883484767506,"MODA-occurances":21,"MODA-percentage":0.3741314804917157,"INTERNACIONAL-occurances":18,"INTERNACIONAL-percentage":0.32068412613575625,"EDUCAÇÃO-occurances":12,"EDUCAÇÃO-percentage":0.21378941742383753,"CIÊNCIA-occurances":10,"CIÊNCIA-percentage":0.17815784785319794,"VIAGENS-occurances":10,"VIAGENS-percentage":0.17815784785319794,"HUMOR-occurances":9,"HUMOR-percentage":0.16034206306787813,"ESOTERISMO-occurances":6,"ESOTERISMO-percentage":0.10689470871191876,"LINKEDIN-occurances":6,"LINKEDIN-percentage":0.10689470871191876,"ECONOMIA-occurances":4,"ECONOMIA-percentage":0.07126313914127917,"FITNESS-occurances":4,"FITNESS-percentage":0.07126313914127917,"NATUREZA-occurances":4,"NATUREZA-percentage":0.07126313914127917,"TWITTER-occurances":1,"TWITTER-percentage":0.017815784785319793,"INSTAGRAM-occurances":0,"INSTAGRAM-percentage":0,"POLÍTICA-occurances":0,"POLÍTICA-percentage":0}