{"totalHistoryAmount":9466,"TECNOLOGIA-occurances":4380,"TECNOLOGIA-percentage":46.27086414536235,"ESPORTE-occurances":1570,"ESPORTE-percentage":16.585675047538558,"FACEBOOK-occurances":1122,"FACEBOOK-percentage":11.852947390661313,"SEXO-occurances":694,"SEXO-percentage":7.331502218466089,"INSTAGRAM-occurances":174,"INSTAGRAM-percentage":1.8381576167335727,"CARROS-occurances":140,"CARROS-percentage":1.478977392774139,"YOUTUBE-occurances":63,"YOUTUBE-percentage":0.6655398267483625,"DECORAÇÃO-occurances":61,"DECORAÇÃO-percentage":0.6444115782801606,"NOTÍCIAS-occurances":50,"NOTÍCIAS-percentage":0.5282062117050497,"EDUCAÇÃO-occurances":39,"EDUCAÇÃO-percentage":0.41200084512993873,"POP/ARTE-occurances":35,"POP/ARTE-percentage":0.36974434819353474,"MODA-occurances":24,"MODA-percentage":0.2535389816184238,"LINKEDIN-occurances":17,"LINKEDIN-percentage":0.1795901119797169,"ESOTERISMO-occurances":15,"ESOTERISMO-percentage":0.1584618635115149,"SÉRIES E FILMES-occurances":12,"SÉRIES E FILMES-percentage":0.1267694908092119,"CIÊNCIA-occurances":11,"CIÊNCIA-percentage":0.11620536657511092,"ECONOMIA-occurances":11,"ECONOMIA-percentage":0.11620536657511092,"TWITTER-occurances":10,"TWITTER-percentage":0.10564124234100992,"JOGOS-occurances":7,"JOGOS-percentage":0.07394886963870695,"TV E CELEBRIDADES-occurances":7,"TV E CELEBRIDADES-percentage":0.07394886963870695,"VIAGENS-occurances":4,"VIAGENS-percentage":0.04225649693640397,"FITNESS-occurances":2,"FITNESS-percentage":0.021128248468201986,"ALIMENTAÇÃO E SAÚDE-occurances":1,"ALIMENTAÇÃO E SAÚDE-percentage":0.010564124234100993,"INTERNACIONAL-occurances":1,"INTERNACIONAL-percentage":0.010564124234100993,"POLÍTICA-occurances":1,"POLÍTICA-percentage":0.010564124234100993,"HUMOR-occurances":0,"HUMOR-percentage":0,"NATUREZA-occurances":0,"NATUREZA-percentage":0}