{"totalHistoryAmount":6580,"TECNOLOGIA-occurances":1874,"TECNOLOGIA-percentage":28.480243161094226,"YOUTUBE-occurances":446,"YOUTUBE-percentage":6.778115501519757,"NOTÍCIAS-occurances":432,"NOTÍCIAS-percentage":6.565349544072948,"DECORAÇÃO-occurances":367,"DECORAÇÃO-percentage":5.577507598784194,"SÉRIES E FILMES-occurances":260,"SÉRIES E FILMES-percentage":3.951367781155015,"FACEBOOK-occurances":192,"FACEBOOK-percentage":2.917933130699088,"POP/ARTE-occurances":128,"POP/ARTE-percentage":1.9452887537993921,"ESPORTE-occurances":88,"ESPORTE-percentage":1.337386018237082,"TV E CELEBRIDADES-occurances":72,"TV E CELEBRIDADES-percentage":1.094224924012158,"MODA-occurances":65,"MODA-percentage":0.9878419452887538,"CARROS-occurances":63,"CARROS-percentage":0.9574468085106383,"ALIMENTAÇÃO E SAÚDE-occurances":58,"ALIMENTAÇÃO E SAÚDE-percentage":0.8814589665653495,"JOGOS-occurances":39,"JOGOS-percentage":0.5927051671732523,"VIAGENS-occurances":36,"VIAGENS-percentage":0.547112462006079,"SEXO-occurances":28,"SEXO-percentage":0.425531914893617,"EDUCAÇÃO-occurances":24,"EDUCAÇÃO-percentage":0.364741641337386,"INTERNACIONAL-occurances":19,"INTERNACIONAL-percentage":0.2887537993920973,"CIÊNCIA-occurances":11,"CIÊNCIA-percentage":0.16717325227963525,"HUMOR-occurances":10,"HUMOR-percentage":0.1519756838905775,"LINKEDIN-occurances":10,"LINKEDIN-percentage":0.1519756838905775,"ESOTERISMO-occurances":9,"ESOTERISMO-percentage":0.13677811550151975,"ECONOMIA-occurances":8,"ECONOMIA-percentage":0.12158054711246201,"FITNESS-occurances":7,"FITNESS-percentage":0.10638297872340426,"NATUREZA-occurances":4,"NATUREZA-percentage":0.060790273556231005,"POLÍTICA-occurances":1,"POLÍTICA-percentage":0.015197568389057751,"TWITTER-occurances":1,"TWITTER-percentage":0.015197568389057751,"INSTAGRAM-occurances":0,"INSTAGRAM-percentage":0}