{"totalHistoryAmount":5394,"TECNOLOGIA-occurances":1523,"TECNOLOGIA-percentage":28.235076010381906,"YOUTUBE-occurances":526,"YOUTUBE-percentage":9.75157582499073,"SÉRIES E FILMES-occurances":371,"SÉRIES E FILMES-percentage":6.878012606599926,"DECORAÇÃO-occurances":279,"DECORAÇÃO-percentage":5.172413793103448,"NOTÍCIAS-occurances":260,"NOTÍCIAS-percentage":4.820170559881349,"FACEBOOK-occurances":159,"FACEBOOK-percentage":2.947719688542825,"POP/ARTE-occurances":100,"POP/ARTE-percentage":1.8539117538005192,"TV E CELEBRIDADES-occurances":68,"TV E CELEBRIDADES-percentage":1.260659992584353,"ESPORTE-occurances":64,"ESPORTE-percentage":1.1865035224323321,"CARROS-occurances":60,"CARROS-percentage":1.1123470522803114,"ALIMENTAÇÃO E SAÚDE-occurances":43,"ALIMENTAÇÃO E SAÚDE-percentage":0.7971820541342232,"JOGOS-occurances":36,"JOGOS-percentage":0.6674082313681868,"SEXO-occurances":24,"SEXO-percentage":0.44493882091212456,"MODA-occurances":19,"MODA-percentage":0.3522432332220986,"INTERNACIONAL-occurances":18,"INTERNACIONAL-percentage":0.3337041156840934,"EDUCAÇÃO-occurances":12,"EDUCAÇÃO-percentage":0.22246941045606228,"VIAGENS-occurances":10,"VIAGENS-percentage":0.1853911753800519,"HUMOR-occurances":9,"HUMOR-percentage":0.1668520578420467,"CIÊNCIA-occurances":8,"CIÊNCIA-percentage":0.14831294030404152,"ESOTERISMO-occurances":6,"ESOTERISMO-percentage":0.11123470522803114,"LINKEDIN-occurances":6,"LINKEDIN-percentage":0.11123470522803114,"INSTAGRAM-occurances":5,"INSTAGRAM-percentage":0.09269558769002595,"FITNESS-occurances":4,"FITNESS-percentage":0.07415647015202076,"NATUREZA-occurances":4,"NATUREZA-percentage":0.07415647015202076,"ECONOMIA-occurances":3,"ECONOMIA-percentage":0.05561735261401557,"TWITTER-occurances":1,"TWITTER-percentage":0.01853911753800519,"POLÍTICA-occurances":0,"POLÍTICA-percentage":0}