{"totalHistoryAmount":4027,"TECNOLOGIA-occurances":2044,"TECNOLOGIA-percentage":50.75738763347405,"YOUTUBE-occurances":299,"YOUTUBE-percentage":7.4248820461882294,"FACEBOOK-occurances":203,"FACEBOOK-percentage":5.040973429351875,"ESPORTE-occurances":177,"ESPORTE-percentage":4.395331512292029,"POP/ARTE-occurances":61,"POP/ARTE-percentage":1.5147752669481003,"DECORAÇÃO-occurances":43,"DECORAÇÃO-percentage":1.0677924012912838,"MODA-occurances":37,"MODA-percentage":0.9187981127390117,"ECONOMIA-occurances":36,"ECONOMIA-percentage":0.893965731313633,"ALIMENTAÇÃO E SAÚDE-occurances":27,"ALIMENTAÇÃO E SAÚDE-percentage":0.6704742984852248,"FITNESS-occurances":26,"FITNESS-percentage":0.6456419170598461,"INSTAGRAM-occurances":26,"INSTAGRAM-percentage":0.6456419170598461,"NOTÍCIAS-occurances":26,"NOTÍCIAS-percentage":0.6456419170598461,"POLÍTICA-occurances":21,"POLÍTICA-percentage":0.5214800099329525,"TV E CELEBRIDADES-occurances":21,"TV E CELEBRIDADES-percentage":0.5214800099329525,"ESOTERISMO-occurances":18,"ESOTERISMO-percentage":0.4469828656568165,"EDUCAÇÃO-occurances":13,"EDUCAÇÃO-percentage":0.32282095852992304,"VIAGENS-occurances":12,"VIAGENS-percentage":0.29798857710454435,"JOGOS-occurances":11,"JOGOS-percentage":0.27315619567916566,"INTERNACIONAL-occurances":10,"INTERNACIONAL-percentage":0.24832381425378694,"CARROS-occurances":7,"CARROS-percentage":0.17382666997765087,"HUMOR-occurances":6,"HUMOR-percentage":0.14899428855227217,"LINKEDIN-occurances":6,"LINKEDIN-percentage":0.14899428855227217,"SÉRIES E FILMES-occurances":5,"SÉRIES E FILMES-percentage":0.12416190712689347,"SEXO-occurances":5,"SEXO-percentage":0.12416190712689347,"TWITTER-occurances":3,"TWITTER-percentage":0.07449714427613609,"CIÊNCIA-occurances":0,"CIÊNCIA-percentage":0,"NATUREZA-occurances":0,"NATUREZA-percentage":0}