{"totalHistoryAmount":3065,"TECNOLOGIA-occurances":1122,"TECNOLOGIA-percentage":36.606851549755305,"DECORAÇÃO-occurances":390,"DECORAÇÃO-percentage":12.724306688417618,"FACEBOOK-occurances":149,"FACEBOOK-percentage":4.861337683523654,"ESPORTE-occurances":107,"ESPORTE-percentage":3.4910277324632952,"POP/ARTE-occurances":46,"POP/ARTE-percentage":1.500815660685155,"ALIMENTAÇÃO E SAÚDE-occurances":34,"ALIMENTAÇÃO E SAÚDE-percentage":1.1092985318107667,"NOTÍCIAS-occurances":32,"NOTÍCIAS-percentage":1.0440456769983686,"SÉRIES E FILMES-occurances":28,"SÉRIES E FILMES-percentage":0.9135399673735726,"MODA-occurances":24,"MODA-percentage":0.7830342577487766,"JOGOS-occurances":19,"JOGOS-percentage":0.6199021207177814,"YOUTUBE-occurances":17,"YOUTUBE-percentage":0.5546492659053833,"TWITTER-occurances":16,"TWITTER-percentage":0.5220228384991843,"CARROS-occurances":11,"CARROS-percentage":0.35889070146818924,"ECONOMIA-occurances":10,"ECONOMIA-percentage":0.3262642740619902,"INSTAGRAM-occurances":8,"INSTAGRAM-percentage":0.26101141924959215,"VIAGENS-occurances":7,"VIAGENS-percentage":0.22838499184339314,"EDUCAÇÃO-occurances":6,"EDUCAÇÃO-percentage":0.19575856443719414,"INTERNACIONAL-occurances":6,"INTERNACIONAL-percentage":0.19575856443719414,"ESOTERISMO-occurances":5,"ESOTERISMO-percentage":0.1631321370309951,"NATUREZA-occurances":4,"NATUREZA-percentage":0.13050570962479607,"FITNESS-occurances":3,"FITNESS-percentage":0.09787928221859707,"HUMOR-occurances":3,"HUMOR-percentage":0.09787928221859707,"TV E CELEBRIDADES-occurances":3,"TV E CELEBRIDADES-percentage":0.09787928221859707,"CIÊNCIA-occurances":2,"CIÊNCIA-percentage":0.06525285481239804,"POLÍTICA-occurances":2,"POLÍTICA-percentage":0.06525285481239804,"SEXO-occurances":2,"SEXO-percentage":0.06525285481239804,"LINKEDIN-occurances":0,"LINKEDIN-percentage":0}