{"totalHistoryAmount":4185,"TECNOLOGIA-occurances":2132,"TECNOLOGIA-percentage":50.94384707287933,"YOUTUBE-occurances":289,"YOUTUBE-percentage":6.905615292712067,"FACEBOOK-occurances":204,"FACEBOOK-percentage":4.874551971326165,"ESPORTE-occurances":173,"ESPORTE-percentage":4.133811230585424,"POP/ARTE-occurances":64,"POP/ARTE-percentage":1.5292712066905616,"DECORAÇÃO-occurances":47,"DECORAÇÃO-percentage":1.1230585424133812,"NOTÍCIAS-occurances":39,"NOTÍCIAS-percentage":0.931899641577061,"MODA-occurances":37,"MODA-percentage":0.8841099163679809,"ECONOMIA-occurances":36,"ECONOMIA-percentage":0.8602150537634409,"ALIMENTAÇÃO E SAÚDE-occurances":27,"ALIMENTAÇÃO E SAÚDE-percentage":0.6451612903225806,"FITNESS-occurances":26,"FITNESS-percentage":0.6212664277180406,"INSTAGRAM-occurances":26,"INSTAGRAM-percentage":0.6212664277180406,"TV E CELEBRIDADES-occurances":24,"TV E CELEBRIDADES-percentage":0.5734767025089605,"POLÍTICA-occurances":23,"POLÍTICA-percentage":0.5495818399044206,"ESOTERISMO-occurances":20,"ESOTERISMO-percentage":0.4778972520908005,"JOGOS-occurances":20,"JOGOS-percentage":0.4778972520908005,"EDUCAÇÃO-occurances":13,"EDUCAÇÃO-percentage":0.3106332138590203,"VIAGENS-occurances":12,"VIAGENS-percentage":0.2867383512544803,"TWITTER-occurances":11,"TWITTER-percentage":0.2628434886499403,"INTERNACIONAL-occurances":10,"INTERNACIONAL-percentage":0.23894862604540024,"SEXO-occurances":7,"SEXO-percentage":0.16726403823178015,"CARROS-occurances":6,"CARROS-percentage":0.14336917562724014,"HUMOR-occurances":6,"HUMOR-percentage":0.14336917562724014,"LINKEDIN-occurances":6,"LINKEDIN-percentage":0.14336917562724014,"SÉRIES E FILMES-occurances":5,"SÉRIES E FILMES-percentage":0.11947431302270012,"CIÊNCIA-occurances":0,"CIÊNCIA-percentage":0,"NATUREZA-occurances":0,"NATUREZA-percentage":0}