{"totalHistoryAmount":7292,"TECNOLOGIA-occurances":1756,"TECNOLOGIA-percentage":24.08118486012068,"NOTÍCIAS-occurances":601,"NOTÍCIAS-percentage":8.24190894130554,"FACEBOOK-occurances":577,"FACEBOOK-percentage":7.912781130005485,"DECORAÇÃO-occurances":396,"DECORAÇÃO-percentage":5.430608886450905,"MODA-occurances":281,"MODA-percentage":3.8535381239714757,"ESPORTE-occurances":236,"ESPORTE-percentage":3.2364234777838727,"POP/ARTE-occurances":131,"POP/ARTE-percentage":1.7964893033461327,"LINKEDIN-occurances":120,"LINKEDIN-percentage":1.6456390565002743,"YOUTUBE-occurances":103,"YOUTUBE-percentage":1.4125068568294021,"ESOTERISMO-occurances":94,"ESOTERISMO-percentage":1.2890839275918815,"SÉRIES E FILMES-occurances":88,"SÉRIES E FILMES-percentage":1.206801974766868,"TV E CELEBRIDADES-occurances":87,"TV E CELEBRIDADES-percentage":1.1930883159626988,"ALIMENTAÇÃO E SAÚDE-occurances":62,"ALIMENTAÇÃO E SAÚDE-percentage":0.850246845858475,"EDUCAÇÃO-occurances":40,"EDUCAÇÃO-percentage":0.5485463521667581,"CARROS-occurances":36,"CARROS-percentage":0.4936917169500823,"JOGOS-occurances":35,"JOGOS-percentage":0.4799780581459133,"VIAGENS-occurances":31,"VIAGENS-percentage":0.4251234229292375,"CIÊNCIA-occurances":23,"CIÊNCIA-percentage":0.3154141524958859,"INTERNACIONAL-occurances":21,"INTERNACIONAL-percentage":0.287986834887548,"POLÍTICA-occurances":20,"POLÍTICA-percentage":0.27427317608337903,"HUMOR-occurances":19,"HUMOR-percentage":0.2605595172792101,"SEXO-occurances":19,"SEXO-percentage":0.2605595172792101,"ECONOMIA-occurances":15,"ECONOMIA-percentage":0.2057048820625343,"FITNESS-occurances":7,"FITNESS-percentage":0.09599561162918267,"INSTAGRAM-occurances":6,"INSTAGRAM-percentage":0.08228195282501372,"NATUREZA-occurances":6,"NATUREZA-percentage":0.08228195282501372,"TWITTER-occurances":6,"TWITTER-percentage":0.08228195282501372}