{"totalHistoryAmount":7315,"TECNOLOGIA-occurances":1775,"TECNOLOGIA-percentage":24.26520847573479,"FACEBOOK-occurances":579,"FACEBOOK-percentage":7.915242652084757,"NOTÍCIAS-occurances":568,"NOTÍCIAS-percentage":7.764866712235134,"DECORAÇÃO-occurances":369,"DECORAÇÃO-percentage":5.0444292549555705,"MODA-occurances":280,"MODA-percentage":3.827751196172249,"ESPORTE-occurances":230,"ESPORTE-percentage":3.1442241968557756,"POP/ARTE-occurances":132,"POP/ARTE-percentage":1.8045112781954886,"LINKEDIN-occurances":115,"LINKEDIN-percentage":1.5721120984278878,"YOUTUBE-occurances":108,"YOUTUBE-percentage":1.4764183185235817,"SÉRIES E FILMES-occurances":100,"SÉRIES E FILMES-percentage":1.367053998632946,"ESOTERISMO-occurances":94,"ESOTERISMO-percentage":1.2850307587149692,"TV E CELEBRIDADES-occurances":81,"TV E CELEBRIDADES-percentage":1.1073137388926864,"ALIMENTAÇÃO E SAÚDE-occurances":63,"ALIMENTAÇÃO E SAÚDE-percentage":0.861244019138756,"EDUCAÇÃO-occurances":45,"EDUCAÇÃO-percentage":0.6151742993848257,"CARROS-occurances":35,"CARROS-percentage":0.4784688995215311,"JOGOS-occurances":34,"JOGOS-percentage":0.46479835953520166,"VIAGENS-occurances":30,"VIAGENS-percentage":0.4101161995898838,"CIÊNCIA-occurances":24,"CIÊNCIA-percentage":0.32809295967190705,"INTERNACIONAL-occurances":22,"INTERNACIONAL-percentage":0.3007518796992481,"HUMOR-occurances":19,"HUMOR-percentage":0.2597402597402597,"SEXO-occurances":19,"SEXO-percentage":0.2597402597402597,"POLÍTICA-occurances":17,"POLÍTICA-percentage":0.23239917976760083,"ECONOMIA-occurances":15,"ECONOMIA-percentage":0.2050580997949419,"FITNESS-occurances":7,"FITNESS-percentage":0.09569377990430622,"INSTAGRAM-occurances":6,"INSTAGRAM-percentage":0.08202323991797676,"NATUREZA-occurances":6,"NATUREZA-percentage":0.08202323991797676,"TWITTER-occurances":6,"TWITTER-percentage":0.08202323991797676}