{"totalHistoryAmount":7186,"TECNOLOGIA-occurances":1770,"TECNOLOGIA-percentage":24.631227386585028,"FACEBOOK-occurances":558,"FACEBOOK-percentage":7.7650988032285,"NOTÍCIAS-occurances":556,"NOTÍCIAS-percentage":7.7372669078764265,"DECORAÇÃO-occurances":326,"DECORAÇÃO-percentage":4.536598942387976,"MODA-occurances":279,"MODA-percentage":3.88254940161425,"ESPORTE-occurances":217,"ESPORTE-percentage":3.0197606456999724,"POP/ARTE-occurances":121,"POP/ARTE-percentage":1.6838296688004453,"YOUTUBE-occurances":117,"YOUTUBE-percentage":1.6281658780962984,"SÉRIES E FILMES-occurances":104,"SÉRIES E FILMES-percentage":1.4472585583078208,"LINKEDIN-occurances":94,"LINKEDIN-percentage":1.3080990815474534,"ESOTERISMO-occurances":81,"ESOTERISMO-percentage":1.1271917617589757,"TV E CELEBRIDADES-occurances":66,"TV E CELEBRIDADES-percentage":0.9184525466184247,"ALIMENTAÇÃO E SAÚDE-occurances":59,"ALIMENTAÇÃO E SAÚDE-percentage":0.8210409128861675,"EDUCAÇÃO-occurances":39,"EDUCAÇÃO-percentage":0.5427219593654328,"JOGOS-occurances":34,"JOGOS-percentage":0.4731422209852491,"VIAGENS-occurances":31,"VIAGENS-percentage":0.43139437795713886,"CARROS-occurances":29,"CARROS-percentage":0.4035624826050654,"CIÊNCIA-occurances":23,"CIÊNCIA-percentage":0.32006679654884496,"SEXO-occurances":23,"SEXO-percentage":0.32006679654884496,"HUMOR-occurances":21,"HUMOR-percentage":0.2922349011967715,"INTERNACIONAL-occurances":21,"INTERNACIONAL-percentage":0.2922349011967715,"ECONOMIA-occurances":13,"ECONOMIA-percentage":0.1809073197884776,"POLÍTICA-occurances":13,"POLÍTICA-percentage":0.1809073197884776,"NATUREZA-occurances":8,"NATUREZA-percentage":0.11132758140829391,"TWITTER-occurances":7,"TWITTER-percentage":0.09741163373225717,"INSTAGRAM-occurances":6,"INSTAGRAM-percentage":0.08349568605622043,"FITNESS-occurances":5,"FITNESS-percentage":0.06957973838018369}