{"totalHistoryAmount":8797,"TECNOLOGIA-occurances":4114,"TECNOLOGIA-percentage":46.76594293509151,"ESPORTE-occurances":1427,"ESPORTE-percentage":16.221439126975106,"FACEBOOK-occurances":1067,"FACEBOOK-percentage":12.129134932363305,"SEXO-occurances":693,"SEXO-percentage":7.877685574627714,"INSTAGRAM-occurances":173,"INSTAGRAM-percentage":1.9665795157440036,"CARROS-occurances":98,"CARROS-percentage":1.1140161418665455,"YOUTUBE-occurances":61,"YOUTUBE-percentage":0.693418210753666,"DECORAÇÃO-occurances":49,"DECORAÇÃO-percentage":0.5570080709332728,"NOTÍCIAS-occurances":40,"NOTÍCIAS-percentage":0.4547004660679777,"EDUCAÇÃO-occurances":37,"EDUCAÇÃO-percentage":0.4205979311128794,"MODA-occurances":24,"MODA-percentage":0.27282027964078664,"ESOTERISMO-occurances":14,"ESOTERISMO-percentage":0.1591451631237922,"CIÊNCIA-occurances":11,"CIÊNCIA-percentage":0.12504262816869388,"ECONOMIA-occurances":11,"ECONOMIA-percentage":0.12504262816869388,"LINKEDIN-occurances":11,"LINKEDIN-percentage":0.12504262816869388,"POP/ARTE-occurances":10,"POP/ARTE-percentage":0.11367511651699443,"SÉRIES E FILMES-occurances":8,"SÉRIES E FILMES-percentage":0.09094009321359554,"TV E CELEBRIDADES-occurances":3,"TV E CELEBRIDADES-percentage":0.03410253495509833,"TWITTER-occurances":3,"TWITTER-percentage":0.03410253495509833,"FITNESS-occurances":2,"FITNESS-percentage":0.022735023303398886,"VIAGENS-occurances":2,"VIAGENS-percentage":0.022735023303398886,"ALIMENTAÇÃO E SAÚDE-occurances":1,"ALIMENTAÇÃO E SAÚDE-percentage":0.011367511651699443,"INTERNACIONAL-occurances":1,"INTERNACIONAL-percentage":0.011367511651699443,"POLÍTICA-occurances":1,"POLÍTICA-percentage":0.011367511651699443,"HUMOR-occurances":0,"HUMOR-percentage":0,"JOGOS-occurances":0,"JOGOS-percentage":0,"NATUREZA-occurances":0,"NATUREZA-percentage":0}