{"totalHistoryAmount":6579,"TECNOLOGIA-occurances":1826,"TECNOLOGIA-percentage":27.75497796017632,"YOUTUBE-occurances":446,"YOUTUBE-percentage":6.7791457668338655,"NOTÍCIAS-occurances":436,"NOTÍCIAS-percentage":6.627146982824137,"DECORAÇÃO-occurances":387,"DECORAÇÃO-percentage":5.882352941176471,"SÉRIES E FILMES-occurances":257,"SÉRIES E FILMES-percentage":3.9063687490500074,"FACEBOOK-occurances":181,"FACEBOOK-percentage":2.7511779905760756,"ESPORTE-occurances":124,"ESPORTE-percentage":1.8847849217206263,"POP/ARTE-occurances":122,"POP/ARTE-percentage":1.8543851649186807,"TV E CELEBRIDADES-occurances":75,"TV E CELEBRIDADES-percentage":1.1399908800729595,"MODA-occurances":66,"MODA-percentage":1.0031919744642044,"CARROS-occurances":64,"CARROS-percentage":0.9727922176622587,"ALIMENTAÇÃO E SAÚDE-occurances":58,"ALIMENTAÇÃO E SAÚDE-percentage":0.8815929472564219,"JOGOS-occurances":39,"JOGOS-percentage":0.5927952576379389,"VIAGENS-occurances":37,"VIAGENS-percentage":0.5623955008359933,"SEXO-occurances":28,"SEXO-percentage":0.4255965952272382,"EDUCAÇÃO-occurances":24,"EDUCAÇÃO-percentage":0.364797081623347,"INTERNACIONAL-occurances":19,"INTERNACIONAL-percentage":0.28879768961848307,"CIÊNCIA-occurances":11,"CIÊNCIA-percentage":0.16719866241070072,"HUMOR-occurances":10,"HUMOR-percentage":0.1519987840097279,"LINKEDIN-occurances":10,"LINKEDIN-percentage":0.1519987840097279,"ESOTERISMO-occurances":9,"ESOTERISMO-percentage":0.13679890560875513,"ECONOMIA-occurances":8,"ECONOMIA-percentage":0.12159902720778233,"FITNESS-occurances":8,"FITNESS-percentage":0.12159902720778233,"NATUREZA-occurances":5,"NATUREZA-percentage":0.07599939200486396,"TWITTER-occurances":3,"TWITTER-percentage":0.045599635202918376,"POLÍTICA-occurances":1,"POLÍTICA-percentage":0.015199878400972791,"INSTAGRAM-occurances":0,"INSTAGRAM-percentage":0}