{"totalHistoryAmount":5319,"TECNOLOGIA-occurances":1485,"TECNOLOGIA-percentage":27.918781725888326,"YOUTUBE-occurances":549,"YOUTUBE-percentage":10.321489001692047,"SÉRIES E FILMES-occurances":377,"SÉRIES E FILMES-percentage":7.087798458356834,"DECORAÇÃO-occurances":282,"DECORAÇÃO-percentage":5.3017484489565705,"NOTÍCIAS-occurances":220,"NOTÍCIAS-percentage":4.136115811242715,"FACEBOOK-occurances":159,"FACEBOOK-percentage":2.9892836999435985,"POP/ARTE-occurances":102,"POP/ARTE-percentage":1.9176536943034406,"TV E CELEBRIDADES-occurances":67,"TV E CELEBRIDADES-percentage":1.2596352697875541,"ESPORTE-occurances":63,"ESPORTE-percentage":1.1844331641285957,"CARROS-occurances":58,"CARROS-percentage":1.0904305320548975,"ALIMENTAÇÃO E SAÚDE-occurances":43,"ALIMENTAÇÃO E SAÚDE-percentage":0.8084226358338034,"JOGOS-occurances":36,"JOGOS-percentage":0.676818950930626,"SEXO-occurances":24,"SEXO-percentage":0.4512126339537507,"MODA-occurances":19,"MODA-percentage":0.35721000188005264,"INTERNACIONAL-occurances":18,"INTERNACIONAL-percentage":0.338409475465313,"EDUCAÇÃO-occurances":11,"EDUCAÇÃO-percentage":0.20680579056213574,"VIAGENS-occurances":10,"VIAGENS-percentage":0.18800526414739613,"HUMOR-occurances":9,"HUMOR-percentage":0.1692047377326565,"CIÊNCIA-occurances":6,"CIÊNCIA-percentage":0.11280315848843768,"ESOTERISMO-occurances":6,"ESOTERISMO-percentage":0.11280315848843768,"FITNESS-occurances":6,"FITNESS-percentage":0.11280315848843768,"LINKEDIN-occurances":6,"LINKEDIN-percentage":0.11280315848843768,"INSTAGRAM-occurances":5,"INSTAGRAM-percentage":0.09400263207369806,"NATUREZA-occurances":4,"NATUREZA-percentage":0.07520210565895845,"ECONOMIA-occurances":3,"ECONOMIA-percentage":0.05640157924421884,"TWITTER-occurances":1,"TWITTER-percentage":0.018800526414739612,"POLÍTICA-occurances":0,"POLÍTICA-percentage":0}