{"totalHistoryAmount":6437,"TECNOLOGIA-occurances":1800,"TECNOLOGIA-percentage":27.963336958210345,"NOTÍCIAS-occurances":446,"NOTÍCIAS-percentage":6.928693490756563,"DECORAÇÃO-occurances":351,"DECORAÇÃO-percentage":5.4528507068510175,"YOUTUBE-occurances":299,"YOUTUBE-percentage":4.645020972502719,"FACEBOOK-occurances":242,"FACEBOOK-percentage":3.7595153021593912,"SÉRIES E FILMES-occurances":216,"SÉRIES E FILMES-percentage":3.3556004349852415,"POP/ARTE-occurances":128,"POP/ARTE-percentage":1.9885039614727358,"ESPORTE-occurances":127,"ESPORTE-percentage":1.97296877427373,"MODA-occurances":68,"MODA-percentage":1.056392729532391,"ALIMENTAÇÃO E SAÚDE-occurances":58,"ALIMENTAÇÃO E SAÚDE-percentage":0.9010408575423334,"CARROS-occurances":57,"CARROS-percentage":0.8855056703433276,"TV E CELEBRIDADES-occurances":54,"TV E CELEBRIDADES-percentage":0.8389001087463104,"JOGOS-occurances":36,"JOGOS-percentage":0.5592667391642069,"VIAGENS-occurances":36,"VIAGENS-percentage":0.5592667391642069,"SEXO-occurances":31,"SEXO-percentage":0.4815908031691782,"EDUCAÇÃO-occurances":25,"EDUCAÇÃO-percentage":0.3883796799751437,"INTERNACIONAL-occurances":15,"INTERNACIONAL-percentage":0.2330278079850862,"CIÊNCIA-occurances":13,"CIÊNCIA-percentage":0.20195743358707471,"HUMOR-occurances":11,"HUMOR-percentage":0.17088705918906322,"ECONOMIA-occurances":10,"ECONOMIA-percentage":0.15535187199005748,"LINKEDIN-occurances":10,"LINKEDIN-percentage":0.15535187199005748,"FITNESS-occurances":7,"FITNESS-percentage":0.10874631039304024,"ESOTERISMO-occurances":6,"ESOTERISMO-percentage":0.09321112319403449,"NATUREZA-occurances":5,"NATUREZA-percentage":0.07767593599502874,"INSTAGRAM-occurances":3,"INSTAGRAM-percentage":0.046605561597017245,"TWITTER-occurances":3,"TWITTER-percentage":0.046605561597017245,"POLÍTICA-occurances":1,"POLÍTICA-percentage":0.015535187199005748}