{"totalHistoryAmount":6521,"TECNOLOGIA-occurances":1875,"TECNOLOGIA-percentage":28.753258702652968,"YOUTUBE-occurances":436,"YOUTUBE-percentage":6.68609109032357,"NOTÍCIAS-occurances":411,"NOTÍCIAS-percentage":6.302714307621531,"DECORAÇÃO-occurances":367,"DECORAÇÃO-percentage":5.6279711700659405,"SÉRIES E FILMES-occurances":296,"SÉRIES E FILMES-percentage":4.539181107192149,"FACEBOOK-occurances":190,"FACEBOOK-percentage":2.9136635485355007,"POP/ARTE-occurances":130,"POP/ARTE-percentage":1.9935592700506057,"ESPORTE-occurances":81,"ESPORTE-percentage":1.2421407759546081,"TV E CELEBRIDADES-occurances":72,"TV E CELEBRIDADES-percentage":1.1041251341818739,"MODA-occurances":65,"MODA-percentage":0.9967796350253029,"CARROS-occurances":63,"CARROS-percentage":0.9661094924091397,"ALIMENTAÇÃO E SAÚDE-occurances":57,"ALIMENTAÇÃO E SAÚDE-percentage":0.8740990645606502,"JOGOS-occurances":39,"JOGOS-percentage":0.5980677810151818,"VIAGENS-occurances":36,"VIAGENS-percentage":0.5520625670909369,"SEXO-occurances":27,"SEXO-percentage":0.41404692531820275,"INTERNACIONAL-occurances":19,"INTERNACIONAL-percentage":0.29136635485355006,"EDUCAÇÃO-occurances":13,"EDUCAÇÃO-percentage":0.19935592700506058,"CIÊNCIA-occurances":11,"CIÊNCIA-percentage":0.16868578438889742,"HUMOR-occurances":10,"HUMOR-percentage":0.15335071308081583,"LINKEDIN-occurances":10,"LINKEDIN-percentage":0.15335071308081583,"ECONOMIA-occurances":7,"ECONOMIA-percentage":0.10734549915657107,"FITNESS-occurances":7,"FITNESS-percentage":0.10734549915657107,"ESOTERISMO-occurances":6,"ESOTERISMO-percentage":0.09201042784848949,"NATUREZA-occurances":4,"NATUREZA-percentage":0.06134028523232633,"POLÍTICA-occurances":1,"POLÍTICA-percentage":0.015335071308081583,"TWITTER-occurances":1,"TWITTER-percentage":0.015335071308081583,"INSTAGRAM-occurances":0,"INSTAGRAM-percentage":0}