{"totalHistoryAmount":3169,"TECNOLOGIA-occurances":1157,"TECNOLOGIA-percentage":36.509940044177974,"DECORAÇÃO-occurances":422,"DECORAÇÃO-percentage":13.316503628905018,"FACEBOOK-occurances":156,"FACEBOOK-percentage":4.922688545282424,"ESPORTE-occurances":115,"ESPORTE-percentage":3.6289050173556325,"POP/ARTE-occurances":43,"POP/ARTE-percentage":1.3568949195329758,"ALIMENTAÇÃO E SAÚDE-occurances":35,"ALIMENTAÇÃO E SAÚDE-percentage":1.104449353108236,"NOTÍCIAS-occurances":34,"NOTÍCIAS-percentage":1.0728936573051435,"SÉRIES E FILMES-occurances":32,"SÉRIES E FILMES-percentage":1.0097822656989586,"MODA-occurances":24,"MODA-percentage":0.757336699274219,"JOGOS-occurances":21,"JOGOS-percentage":0.6626696118649417,"YOUTUBE-occurances":19,"YOUTUBE-percentage":0.5995582202587567,"TWITTER-occurances":16,"TWITTER-percentage":0.5048911328494793,"CARROS-occurances":11,"CARROS-percentage":0.347112653834017,"FITNESS-occurances":11,"FITNESS-percentage":0.347112653834017,"ECONOMIA-occurances":10,"ECONOMIA-percentage":0.3155569580309246,"INSTAGRAM-occurances":8,"INSTAGRAM-percentage":0.25244556642473964,"VIAGENS-occurances":7,"VIAGENS-percentage":0.2208898706216472,"INTERNACIONAL-occurances":6,"INTERNACIONAL-percentage":0.18933417481855475,"EDUCAÇÃO-occurances":5,"EDUCAÇÃO-percentage":0.1577784790154623,"ESOTERISMO-occurances":4,"ESOTERISMO-percentage":0.12622278321236982,"NATUREZA-occurances":4,"NATUREZA-percentage":0.12622278321236982,"TV E CELEBRIDADES-occurances":4,"TV E CELEBRIDADES-percentage":0.12622278321236982,"HUMOR-occurances":3,"HUMOR-percentage":0.09466708740927737,"CIÊNCIA-occurances":2,"CIÊNCIA-percentage":0.06311139160618491,"POLÍTICA-occurances":2,"POLÍTICA-percentage":0.06311139160618491,"SEXO-occurances":2,"SEXO-percentage":0.06311139160618491,"LINKEDIN-occurances":0,"LINKEDIN-percentage":0}