{"totalHistoryAmount":6624,"TECNOLOGIA-occurances":1692,"TECNOLOGIA-percentage":25.543478260869566,"FACEBOOK-occurances":718,"FACEBOOK-percentage":10.83937198067633,"NOTÍCIAS-occurances":390,"NOTÍCIAS-percentage":5.88768115942029,"DECORAÇÃO-occurances":361,"DECORAÇÃO-percentage":5.44987922705314,"MODA-occurances":252,"MODA-percentage":3.8043478260869565,"ESPORTE-occurances":222,"ESPORTE-percentage":3.351449275362319,"ESOTERISMO-occurances":168,"ESOTERISMO-percentage":2.536231884057971,"LINKEDIN-occurances":137,"LINKEDIN-percentage":2.0682367149758454,"TV E CELEBRIDADES-occurances":108,"TV E CELEBRIDADES-percentage":1.6304347826086956,"YOUTUBE-occurances":90,"YOUTUBE-percentage":1.358695652173913,"POP/ARTE-occurances":79,"POP/ARTE-percentage":1.192632850241546,"SÉRIES E FILMES-occurances":67,"SÉRIES E FILMES-percentage":1.0114734299516908,"ALIMENTAÇÃO E SAÚDE-occurances":65,"ALIMENTAÇÃO E SAÚDE-percentage":0.981280193236715,"POLÍTICA-occurances":57,"POLÍTICA-percentage":0.8605072463768116,"CARROS-occurances":40,"CARROS-percentage":0.6038647342995169,"EDUCAÇÃO-occurances":32,"EDUCAÇÃO-percentage":0.4830917874396135,"JOGOS-occurances":26,"JOGOS-percentage":0.392512077294686,"ECONOMIA-occurances":24,"ECONOMIA-percentage":0.36231884057971014,"CIÊNCIA-occurances":23,"CIÊNCIA-percentage":0.3472222222222222,"NATUREZA-occurances":18,"NATUREZA-percentage":0.2717391304347826,"INTERNACIONAL-occurances":14,"INTERNACIONAL-percentage":0.2113526570048309,"HUMOR-occurances":13,"HUMOR-percentage":0.196256038647343,"SEXO-occurances":13,"SEXO-percentage":0.196256038647343,"FITNESS-occurances":10,"FITNESS-percentage":0.15096618357487923,"TWITTER-occurances":10,"TWITTER-percentage":0.15096618357487923,"INSTAGRAM-occurances":8,"INSTAGRAM-percentage":0.12077294685990338,"VIAGENS-occurances":6,"VIAGENS-percentage":0.09057971014492754}