{"totalHistoryAmount":6528,"TECNOLOGIA-occurances":1671,"TECNOLOGIA-percentage":25.597426470588236,"FACEBOOK-occurances":728,"FACEBOOK-percentage":11.151960784313726,"NOTÍCIAS-occurances":390,"NOTÍCIAS-percentage":5.974264705882353,"DECORAÇÃO-occurances":344,"DECORAÇÃO-percentage":5.269607843137255,"MODA-occurances":242,"MODA-percentage":3.707107843137255,"ESPORTE-occurances":213,"ESPORTE-percentage":3.2628676470588234,"ESOTERISMO-occurances":169,"ESOTERISMO-percentage":2.5888480392156863,"LINKEDIN-occurances":137,"LINKEDIN-percentage":2.0986519607843137,"TV E CELEBRIDADES-occurances":116,"TV E CELEBRIDADES-percentage":1.7769607843137254,"YOUTUBE-occurances":103,"YOUTUBE-percentage":1.5778186274509804,"POP/ARTE-occurances":78,"POP/ARTE-percentage":1.1948529411764706,"ALIMENTAÇÃO E SAÚDE-occurances":68,"ALIMENTAÇÃO E SAÚDE-percentage":1.0416666666666667,"SÉRIES E FILMES-occurances":67,"SÉRIES E FILMES-percentage":1.0263480392156863,"POLÍTICA-occurances":57,"POLÍTICA-percentage":0.8731617647058824,"CARROS-occurances":42,"CARROS-percentage":0.6433823529411765,"EDUCAÇÃO-occurances":34,"EDUCAÇÃO-percentage":0.5208333333333334,"ECONOMIA-occurances":26,"ECONOMIA-percentage":0.39828431372549017,"JOGOS-occurances":26,"JOGOS-percentage":0.39828431372549017,"CIÊNCIA-occurances":21,"CIÊNCIA-percentage":0.32169117647058826,"NATUREZA-occurances":18,"NATUREZA-percentage":0.2757352941176471,"INTERNACIONAL-occurances":14,"INTERNACIONAL-percentage":0.21446078431372548,"HUMOR-occurances":13,"HUMOR-percentage":0.19914215686274508,"SEXO-occurances":12,"SEXO-percentage":0.18382352941176472,"FITNESS-occurances":10,"FITNESS-percentage":0.15318627450980393,"TWITTER-occurances":10,"TWITTER-percentage":0.15318627450980393,"INSTAGRAM-occurances":9,"INSTAGRAM-percentage":0.13786764705882354,"VIAGENS-occurances":6,"VIAGENS-percentage":0.09191176470588236}