{"totalHistoryAmount":5148,"TECNOLOGIA-occurances":1535,"TECNOLOGIA-percentage":29.817404817404817,"YOUTUBE-occurances":602,"YOUTUBE-percentage":11.693861693861693,"SÉRIES E FILMES-occurances":407,"SÉRIES E FILMES-percentage":7.905982905982906,"DECORAÇÃO-occurances":361,"DECORAÇÃO-percentage":7.012432012432012,"FACEBOOK-occurances":122,"FACEBOOK-percentage":2.36985236985237,"NOTÍCIAS-occurances":103,"NOTÍCIAS-percentage":2.000777000777001,"POP/ARTE-occurances":82,"POP/ARTE-percentage":1.592851592851593,"CARROS-occurances":58,"CARROS-percentage":1.1266511266511265,"TV E CELEBRIDADES-occurances":43,"TV E CELEBRIDADES-percentage":0.8352758352758353,"ALIMENTAÇÃO E SAÚDE-occurances":42,"ALIMENTAÇÃO E SAÚDE-percentage":0.8158508158508159,"ESPORTE-occurances":40,"ESPORTE-percentage":0.777000777000777,"SEXO-occurances":23,"SEXO-percentage":0.4467754467754468,"MODA-occurances":20,"MODA-percentage":0.3885003885003885,"INTERNACIONAL-occurances":13,"INTERNACIONAL-percentage":0.25252525252525254,"VIAGENS-occurances":10,"VIAGENS-percentage":0.19425019425019424,"JOGOS-occurances":8,"JOGOS-percentage":0.1554001554001554,"EDUCAÇÃO-occurances":7,"EDUCAÇÃO-percentage":0.13597513597513597,"ESOTERISMO-occurances":7,"ESOTERISMO-percentage":0.13597513597513597,"CIÊNCIA-occurances":6,"CIÊNCIA-percentage":0.11655011655011654,"FITNESS-occurances":6,"FITNESS-percentage":0.11655011655011654,"INSTAGRAM-occurances":6,"INSTAGRAM-percentage":0.11655011655011654,"LINKEDIN-occurances":6,"LINKEDIN-percentage":0.11655011655011654,"HUMOR-occurances":5,"HUMOR-percentage":0.09712509712509712,"NATUREZA-occurances":3,"NATUREZA-percentage":0.05827505827505827,"ECONOMIA-occurances":1,"ECONOMIA-percentage":0.019425019425019424,"POLÍTICA-occurances":1,"POLÍTICA-percentage":0.019425019425019424,"TWITTER-occurances":1,"TWITTER-percentage":0.019425019425019424}