{"totalHistoryAmount":2945,"TECNOLOGIA-occurances":957,"TECNOLOGIA-percentage":32.49575551782682,"LINKEDIN-occurances":280,"LINKEDIN-percentage":9.507640067911714,"EDUCAÇÃO-occurances":92,"EDUCAÇÃO-percentage":3.1239388794567065,"FACEBOOK-occurances":48,"FACEBOOK-percentage":1.6298811544991512,"CARROS-occurances":38,"CARROS-percentage":1.2903225806451613,"VIAGENS-occurances":38,"VIAGENS-percentage":1.2903225806451613,"ESPORTE-occurances":30,"ESPORTE-percentage":1.0186757215619695,"FITNESS-occurances":26,"FITNESS-percentage":0.8828522920203735,"YOUTUBE-occurances":26,"YOUTUBE-percentage":0.8828522920203735,"INSTAGRAM-occurances":25,"INSTAGRAM-percentage":0.8488964346349746,"NOTÍCIAS-occurances":22,"NOTÍCIAS-percentage":0.7470288624787776,"DECORAÇÃO-occurances":21,"DECORAÇÃO-percentage":0.7130730050933786,"CIÊNCIA-occurances":18,"CIÊNCIA-percentage":0.6112054329371817,"TWITTER-occurances":17,"TWITTER-percentage":0.5772495755517827,"JOGOS-occurances":15,"JOGOS-percentage":0.5093378607809848,"TV E CELEBRIDADES-occurances":15,"TV E CELEBRIDADES-percentage":0.5093378607809848,"ECONOMIA-occurances":13,"ECONOMIA-percentage":0.44142614601018676,"POP/ARTE-occurances":12,"POP/ARTE-percentage":0.4074702886247878,"SEXO-occurances":11,"SEXO-percentage":0.3735144312393888,"MODA-occurances":9,"MODA-percentage":0.30560271646859083,"ESOTERISMO-occurances":8,"ESOTERISMO-percentage":0.27164685908319186,"ALIMENTAÇÃO E SAÚDE-occurances":5,"ALIMENTAÇÃO E SAÚDE-percentage":0.1697792869269949,"POLÍTICA-occurances":3,"POLÍTICA-percentage":0.10186757215619695,"HUMOR-occurances":0,"HUMOR-percentage":0,"INTERNACIONAL-occurances":0,"INTERNACIONAL-percentage":0,"NATUREZA-occurances":0,"NATUREZA-percentage":0,"SÉRIES E FILMES-occurances":0,"SÉRIES E FILMES-percentage":0}