{"totalHistoryAmount":6493,"TECNOLOGIA-occurances":1824,"TECNOLOGIA-percentage":28.091791159710457,"YOUTUBE-occurances":446,"YOUTUBE-percentage":6.868935776990606,"NOTÍCIAS-occurances":434,"NOTÍCIAS-percentage":6.684121361466194,"DECORAÇÃO-occurances":369,"DECORAÇÃO-percentage":5.683043277375635,"SÉRIES E FILMES-occurances":258,"SÉRIES E FILMES-percentage":3.9735099337748343,"FACEBOOK-occurances":189,"FACEBOOK-percentage":2.910827044509472,"POP/ARTE-occurances":126,"POP/ARTE-percentage":1.9405513630063145,"ESPORTE-occurances":108,"ESPORTE-percentage":1.6633297397196982,"TV E CELEBRIDADES-occurances":72,"TV E CELEBRIDADES-percentage":1.1088864931464655,"CARROS-occurances":64,"CARROS-percentage":0.9856768827968582,"MODA-occurances":64,"MODA-percentage":0.9856768827968582,"ALIMENTAÇÃO E SAÚDE-occurances":57,"ALIMENTAÇÃO E SAÚDE-percentage":0.8778684737409518,"JOGOS-occurances":39,"JOGOS-percentage":0.6006468504543354,"VIAGENS-occurances":36,"VIAGENS-percentage":0.5544432465732327,"SEXO-occurances":28,"SEXO-percentage":0.4312336362236254,"EDUCAÇÃO-occurances":24,"EDUCAÇÃO-percentage":0.3696288310488218,"INTERNACIONAL-occurances":19,"INTERNACIONAL-percentage":0.29262282458031724,"CIÊNCIA-occurances":11,"CIÊNCIA-percentage":0.16941321423070999,"HUMOR-occurances":10,"HUMOR-percentage":0.15401201293700909,"LINKEDIN-occurances":10,"LINKEDIN-percentage":0.15401201293700909,"ESOTERISMO-occurances":9,"ESOTERISMO-percentage":0.13861081164330818,"ECONOMIA-occurances":8,"ECONOMIA-percentage":0.12320961034960727,"FITNESS-occurances":8,"FITNESS-percentage":0.12320961034960727,"NATUREZA-occurances":5,"NATUREZA-percentage":0.07700600646850454,"TWITTER-occurances":3,"TWITTER-percentage":0.04620360388110273,"POLÍTICA-occurances":1,"POLÍTICA-percentage":0.015401201293700909,"INSTAGRAM-occurances":0,"INSTAGRAM-percentage":0}