{"totalHistoryAmount":6586,"TECNOLOGIA-occurances":1655,"TECNOLOGIA-percentage":25.129061645915577,"FACEBOOK-occurances":689,"FACEBOOK-percentage":10.461585180686304,"NOTÍCIAS-occurances":395,"NOTÍCIAS-percentage":5.997570604312178,"DECORAÇÃO-occurances":357,"DECORAÇÃO-percentage":5.420589128454297,"MODA-occurances":250,"MODA-percentage":3.795930762222897,"ESPORTE-occurances":221,"ESPORTE-percentage":3.355602793805041,"ESOTERISMO-occurances":162,"ESOTERISMO-percentage":2.459763133920437,"LINKEDIN-occurances":136,"LINKEDIN-percentage":2.064986334649256,"TV E CELEBRIDADES-occurances":106,"TV E CELEBRIDADES-percentage":1.6094746431825084,"POP/ARTE-occurances":93,"POP/ARTE-percentage":1.4120862435469177,"YOUTUBE-occurances":86,"YOUTUBE-percentage":1.3058001822046765,"SÉRIES E FILMES-occurances":72,"SÉRIES E FILMES-percentage":1.0932280595201944,"ALIMENTAÇÃO E SAÚDE-occurances":62,"ALIMENTAÇÃO E SAÚDE-percentage":0.9413908290312785,"POLÍTICA-occurances":55,"POLÍTICA-percentage":0.8351047676890373,"CARROS-occurances":39,"CARROS-percentage":0.592165198906772,"EDUCAÇÃO-occurances":32,"EDUCAÇÃO-percentage":0.4858791375645308,"ECONOMIA-occurances":26,"ECONOMIA-percentage":0.3947767992711813,"CIÊNCIA-occurances":25,"CIÊNCIA-percentage":0.3795930762222897,"NATUREZA-occurances":18,"NATUREZA-percentage":0.2733070148800486,"SEXO-occurances":18,"SEXO-percentage":0.2733070148800486,"JOGOS-occurances":17,"JOGOS-percentage":0.258123291831157,"HUMOR-occurances":13,"HUMOR-percentage":0.19738839963559066,"INTERNACIONAL-occurances":13,"INTERNACIONAL-percentage":0.19738839963559066,"INSTAGRAM-occurances":10,"INSTAGRAM-percentage":0.15183723048891587,"TWITTER-occurances":10,"TWITTER-percentage":0.15183723048891587,"FITNESS-occurances":9,"FITNESS-percentage":0.1366535074400243,"VIAGENS-occurances":6,"VIAGENS-percentage":0.09110233829334953}