{"totalHistoryAmount":6703,"TECNOLOGIA-occurances":1673,"TECNOLOGIA-percentage":24.958973593913175,"FACEBOOK-occurances":572,"FACEBOOK-percentage":8.533492466059974,"NOTÍCIAS-occurances":417,"NOTÍCIAS-percentage":6.2210950320751905,"DECORAÇÃO-occurances":353,"DECORAÇÃO-percentage":5.266298672236312,"MODA-occurances":287,"MODA-percentage":4.281664926152469,"ESPORTE-occurances":226,"ESPORTE-percentage":3.371624645681038,"LINKEDIN-occurances":128,"LINKEDIN-percentage":1.9095927196777562,"POP/ARTE-occurances":127,"POP/ARTE-percentage":1.8946740265552737,"ESOTERISMO-occurances":115,"ESOTERISMO-percentage":1.715649709085484,"YOUTUBE-occurances":82,"YOUTUBE-percentage":1.2233328360435627,"TV E CELEBRIDADES-occurances":81,"TV E CELEBRIDADES-percentage":1.2084141429210802,"SÉRIES E FILMES-occurances":68,"SÉRIES E FILMES-percentage":1.014471132328808,"ALIMENTAÇÃO E SAÚDE-occurances":61,"ALIMENTAÇÃO E SAÚDE-percentage":0.9100402804714307,"POLÍTICA-occurances":43,"POLÍTICA-percentage":0.6415038042667462,"EDUCAÇÃO-occurances":38,"EDUCAÇÃO-percentage":0.5669103386543339,"CARROS-occurances":35,"CARROS-percentage":0.5221542592868865,"VIAGENS-occurances":31,"VIAGENS-percentage":0.4624794867969566,"ECONOMIA-occurances":23,"ECONOMIA-percentage":0.34312994181709683,"CIÊNCIA-occurances":20,"CIÊNCIA-percentage":0.2983738624496494,"SEXO-occurances":19,"SEXO-percentage":0.28345516932716697,"HUMOR-occurances":16,"HUMOR-percentage":0.23869908995971953,"INTERNACIONAL-occurances":14,"INTERNACIONAL-percentage":0.2088617037147546,"JOGOS-occurances":9,"JOGOS-percentage":0.13426823810234223,"NATUREZA-occurances":7,"NATUREZA-percentage":0.1044308518573773,"TWITTER-occurances":7,"TWITTER-percentage":0.1044308518573773,"INSTAGRAM-occurances":6,"INSTAGRAM-percentage":0.08951215873489482,"FITNESS-occurances":4,"FITNESS-percentage":0.05967477248992988}