{"totalHistoryAmount":6590,"TECNOLOGIA-occurances":1894,"TECNOLOGIA-percentage":28.74051593323217,"YOUTUBE-occurances":446,"YOUTUBE-percentage":6.76783004552352,"NOTÍCIAS-occurances":427,"NOTÍCIAS-percentage":6.4795144157814875,"DECORAÇÃO-occurances":367,"DECORAÇÃO-percentage":5.569044006069802,"SÉRIES E FILMES-occurances":277,"SÉRIES E FILMES-percentage":4.203338391502276,"FACEBOOK-occurances":190,"FACEBOOK-percentage":2.8831562974203337,"POP/ARTE-occurances":129,"POP/ARTE-percentage":1.9575113808801214,"ESPORTE-occurances":81,"ESPORTE-percentage":1.2291350531107739,"TV E CELEBRIDADES-occurances":72,"TV E CELEBRIDADES-percentage":1.0925644916540211,"MODA-occurances":65,"MODA-percentage":0.9863429438543247,"CARROS-occurances":63,"CARROS-percentage":0.9559939301972686,"ALIMENTAÇÃO E SAÚDE-occurances":58,"ALIMENTAÇÃO E SAÚDE-percentage":0.8801213960546282,"JOGOS-occurances":39,"JOGOS-percentage":0.5918057663125948,"VIAGENS-occurances":36,"VIAGENS-percentage":0.5462822458270106,"SEXO-occurances":27,"SEXO-percentage":0.40971168437025796,"EDUCAÇÃO-occurances":23,"EDUCAÇÃO-percentage":0.3490136570561457,"INTERNACIONAL-occurances":19,"INTERNACIONAL-percentage":0.2883156297420334,"CIÊNCIA-occurances":11,"CIÊNCIA-percentage":0.1669195751138088,"HUMOR-occurances":10,"HUMOR-percentage":0.15174506828528073,"LINKEDIN-occurances":10,"LINKEDIN-percentage":0.15174506828528073,"ECONOMIA-occurances":8,"ECONOMIA-percentage":0.12139605462822459,"FITNESS-occurances":7,"FITNESS-percentage":0.1062215477996965,"ESOTERISMO-occurances":6,"ESOTERISMO-percentage":0.09104704097116843,"NATUREZA-occurances":4,"NATUREZA-percentage":0.06069802731411229,"POLÍTICA-occurances":1,"POLÍTICA-percentage":0.015174506828528073,"TWITTER-occurances":1,"TWITTER-percentage":0.015174506828528073,"INSTAGRAM-occurances":0,"INSTAGRAM-percentage":0}