{"totalHistoryAmount":6417,"TECNOLOGIA-occurances":1795,"TECNOLOGIA-percentage":27.972572853358265,"NOTÍCIAS-occurances":439,"NOTÍCIAS-percentage":6.841203054386785,"DECORAÇÃO-occurances":350,"DECORAÇÃO-percentage":5.454262116253701,"YOUTUBE-occurances":319,"YOUTUBE-percentage":4.971170328814088,"FACEBOOK-occurances":232,"FACEBOOK-percentage":3.615396602773882,"SÉRIES E FILMES-occurances":216,"SÉRIES E FILMES-percentage":3.3660589060308554,"ESPORTE-occurances":127,"ESPORTE-percentage":1.9791179678977715,"POP/ARTE-occurances":127,"POP/ARTE-percentage":1.9791179678977715,"MODA-occurances":67,"MODA-percentage":1.0441016051114227,"ALIMENTAÇÃO E SAÚDE-occurances":57,"ALIMENTAÇÃO E SAÚDE-percentage":0.8882655446470313,"CARROS-occurances":56,"CARROS-percentage":0.8726819386005922,"TV E CELEBRIDADES-occurances":53,"TV E CELEBRIDADES-percentage":0.8259311204612747,"JOGOS-occurances":36,"JOGOS-percentage":0.5610098176718092,"VIAGENS-occurances":36,"VIAGENS-percentage":0.5610098176718092,"SEXO-occurances":31,"SEXO-percentage":0.4830917874396135,"EDUCAÇÃO-occurances":25,"EDUCAÇÃO-percentage":0.38959015116097867,"INTERNACIONAL-occurances":15,"INTERNACIONAL-percentage":0.2337540906965872,"CIÊNCIA-occurances":13,"CIÊNCIA-percentage":0.2025868786037089,"HUMOR-occurances":11,"HUMOR-percentage":0.1714196665108306,"ECONOMIA-occurances":10,"ECONOMIA-percentage":0.15583606046439147,"LINKEDIN-occurances":10,"LINKEDIN-percentage":0.15583606046439147,"FITNESS-occurances":7,"FITNESS-percentage":0.10908524232507402,"ESOTERISMO-occurances":6,"ESOTERISMO-percentage":0.09350163627863488,"NATUREZA-occurances":5,"NATUREZA-percentage":0.07791803023219573,"INSTAGRAM-occurances":3,"INSTAGRAM-percentage":0.04675081813931744,"TWITTER-occurances":3,"TWITTER-percentage":0.04675081813931744,"POLÍTICA-occurances":1,"POLÍTICA-percentage":0.015583606046439146}