{"totalHistoryAmount":1437,"TECNOLOGIA-occurances":536,"TECNOLOGIA-percentage":37.299930410577595,"LINKEDIN-occurances":113,"LINKEDIN-percentage":7.863604732080724,"VIAGENS-occurances":45,"VIAGENS-percentage":3.1315240083507305,"EDUCAÇÃO-occurances":43,"EDUCAÇÃO-percentage":2.9923451635351426,"FACEBOOK-occurances":20,"FACEBOOK-percentage":1.3917884481558802,"NOTÍCIAS-occurances":20,"NOTÍCIAS-percentage":1.3917884481558802,"TV E CELEBRIDADES-occurances":15,"TV E CELEBRIDADES-percentage":1.0438413361169103,"TWITTER-occurances":14,"TWITTER-percentage":0.9742519137091162,"ESPORTE-occurances":13,"ESPORTE-percentage":0.9046624913013221,"CIÊNCIA-occurances":12,"CIÊNCIA-percentage":0.8350730688935282,"SEXO-occurances":12,"SEXO-percentage":0.8350730688935282,"DECORAÇÃO-occurances":11,"DECORAÇÃO-percentage":0.7654836464857342,"YOUTUBE-occurances":8,"YOUTUBE-percentage":0.5567153792623522,"ESOTERISMO-occurances":7,"ESOTERISMO-percentage":0.4871259568545581,"POP/ARTE-occurances":6,"POP/ARTE-percentage":0.4175365344467641,"INSTAGRAM-occurances":5,"INSTAGRAM-percentage":0.34794711203897005,"CARROS-occurances":3,"CARROS-percentage":0.20876826722338204,"ECONOMIA-occurances":3,"ECONOMIA-percentage":0.20876826722338204,"FITNESS-occurances":2,"FITNESS-percentage":0.13917884481558804,"JOGOS-occurances":2,"JOGOS-percentage":0.13917884481558804,"MODA-occurances":2,"MODA-percentage":0.13917884481558804,"POLÍTICA-occurances":2,"POLÍTICA-percentage":0.13917884481558804,"SÉRIES E FILMES-occurances":1,"SÉRIES E FILMES-percentage":0.06958942240779402,"ALIMENTAÇÃO E SAÚDE-occurances":0,"ALIMENTAÇÃO E SAÚDE-percentage":0,"HUMOR-occurances":0,"HUMOR-percentage":0,"INTERNACIONAL-occurances":0,"INTERNACIONAL-percentage":0,"NATUREZA-occurances":0,"NATUREZA-percentage":0}