{"totalHistoryAmount":1662,"TECNOLOGIA-occurances":870,"TECNOLOGIA-percentage":52.34657039711191,"YOUTUBE-occurances":140,"YOUTUBE-percentage":8.42358604091456,"ESPORTE-occurances":87,"ESPORTE-percentage":5.234657039711191,"FITNESS-occurances":37,"FITNESS-percentage":2.2262334536702766,"ECONOMIA-occurances":33,"ECONOMIA-percentage":1.9855595667870036,"POP/ARTE-occurances":29,"POP/ARTE-percentage":1.7448856799037304,"FACEBOOK-occurances":18,"FACEBOOK-percentage":1.0830324909747293,"INSTAGRAM-occurances":18,"INSTAGRAM-percentage":1.0830324909747293,"SÉRIES E FILMES-occurances":14,"SÉRIES E FILMES-percentage":0.8423586040914561,"JOGOS-occurances":13,"JOGOS-percentage":0.7821901323706378,"EDUCAÇÃO-occurances":11,"EDUCAÇÃO-percentage":0.6618531889290012,"VIAGENS-occurances":11,"VIAGENS-percentage":0.6618531889290012,"NOTÍCIAS-occurances":9,"NOTÍCIAS-percentage":0.5415162454873647,"POLÍTICA-occurances":6,"POLÍTICA-percentage":0.36101083032490977,"CARROS-occurances":5,"CARROS-percentage":0.3008423586040915,"TV E CELEBRIDADES-occurances":5,"TV E CELEBRIDADES-percentage":0.3008423586040915,"ESOTERISMO-occurances":2,"ESOTERISMO-percentage":0.12033694344163658,"HUMOR-occurances":2,"HUMOR-percentage":0.12033694344163658,"CIÊNCIA-occurances":1,"CIÊNCIA-percentage":0.06016847172081829,"DECORAÇÃO-occurances":1,"DECORAÇÃO-percentage":0.06016847172081829,"LINKEDIN-occurances":1,"LINKEDIN-percentage":0.06016847172081829,"MODA-occurances":1,"MODA-percentage":0.06016847172081829,"NATUREZA-occurances":1,"NATUREZA-percentage":0.06016847172081829,"ALIMENTAÇÃO E SAÚDE-occurances":0,"ALIMENTAÇÃO E SAÚDE-percentage":0,"INTERNACIONAL-occurances":0,"INTERNACIONAL-percentage":0,"SEXO-occurances":0,"SEXO-percentage":0,"TWITTER-occurances":0,"TWITTER-percentage":0}