{"totalHistoryAmount":15024,"TECNOLOGIA-occurances":4487,"TECNOLOGIA-percentage":29.865548455804046,"TWITTER-occurances":1528,"TWITTER-percentage":10.170394036208732,"ESPORTE-occurances":698,"ESPORTE-percentage":4.645899893503727,"YOUTUBE-occurances":277,"YOUTUBE-percentage":1.843716719914803,"SÉRIES E FILMES-occurances":248,"SÉRIES E FILMES-percentage":1.650692225772098,"JOGOS-occurances":208,"JOGOS-percentage":1.384451544195953,"POP/ARTE-occurances":128,"POP/ARTE-percentage":0.8519701810436635,"FITNESS-occurances":91,"FITNESS-percentage":0.6056975505857295,"CARROS-occurances":82,"CARROS-percentage":0.5457933972310969,"FACEBOOK-occurances":72,"FACEBOOK-percentage":0.4792332268370607,"INSTAGRAM-occurances":70,"INSTAGRAM-percentage":0.46592119275825344,"TV E CELEBRIDADES-occurances":68,"TV E CELEBRIDADES-percentage":0.45260915867944623,"NOTÍCIAS-occurances":61,"NOTÍCIAS-percentage":0.4060170394036209,"ESOTERISMO-occurances":52,"ESOTERISMO-percentage":0.34611288604898827,"LINKEDIN-occurances":41,"LINKEDIN-percentage":0.27289669861554844,"ECONOMIA-occurances":36,"ECONOMIA-percentage":0.23961661341853036,"MODA-occurances":20,"MODA-percentage":0.13312034078807242,"VIAGENS-occurances":17,"VIAGENS-percentage":0.11315228966986156,"EDUCAÇÃO-occurances":12,"EDUCAÇÃO-percentage":0.07987220447284345,"DECORAÇÃO-occurances":11,"DECORAÇÃO-percentage":0.07321618743343983,"HUMOR-occurances":9,"HUMOR-percentage":0.05990415335463259,"SEXO-occurances":7,"SEXO-percentage":0.04659211927582534,"CIÊNCIA-occurances":5,"CIÊNCIA-percentage":0.033280085197018104,"NATUREZA-occurances":5,"NATUREZA-percentage":0.033280085197018104,"INTERNACIONAL-occurances":3,"INTERNACIONAL-percentage":0.019968051118210862,"ALIMENTAÇÃO E SAÚDE-occurances":1,"ALIMENTAÇÃO E SAÚDE-percentage":0.006656017039403621,"POLÍTICA-occurances":1,"POLÍTICA-percentage":0.006656017039403621}