{"totalHistoryAmount":2745,"TECNOLOGIA-occurances":1075,"TECNOLOGIA-percentage":39.162112932604735,"DECORAÇÃO-occurances":355,"DECORAÇÃO-percentage":12.932604735883425,"FACEBOOK-occurances":95,"FACEBOOK-percentage":3.4608378870673953,"ESPORTE-occurances":64,"ESPORTE-percentage":2.3315118397085612,"POP/ARTE-occurances":35,"POP/ARTE-percentage":1.2750455373406193,"ALIMENTAÇÃO E SAÚDE-occurances":31,"ALIMENTAÇÃO E SAÚDE-percentage":1.1293260473588342,"NOTÍCIAS-occurances":30,"NOTÍCIAS-percentage":1.092896174863388,"MODA-occurances":25,"MODA-percentage":0.9107468123861566,"SÉRIES E FILMES-occurances":25,"SÉRIES E FILMES-percentage":0.9107468123861566,"YOUTUBE-occurances":21,"YOUTUBE-percentage":0.7650273224043715,"JOGOS-occurances":13,"JOGOS-percentage":0.47358834244080145,"FITNESS-occurances":11,"FITNESS-percentage":0.4007285974499089,"ECONOMIA-occurances":10,"ECONOMIA-percentage":0.36429872495446264,"INSTAGRAM-occurances":8,"INSTAGRAM-percentage":0.29143897996357016,"VIAGENS-occurances":6,"VIAGENS-percentage":0.2185792349726776,"CARROS-occurances":5,"CARROS-percentage":0.18214936247723132,"EDUCAÇÃO-occurances":5,"EDUCAÇÃO-percentage":0.18214936247723132,"ESOTERISMO-occurances":4,"ESOTERISMO-percentage":0.14571948998178508,"NATUREZA-occurances":4,"NATUREZA-percentage":0.14571948998178508,"TV E CELEBRIDADES-occurances":4,"TV E CELEBRIDADES-percentage":0.14571948998178508,"HUMOR-occurances":3,"HUMOR-percentage":0.1092896174863388,"SEXO-occurances":3,"SEXO-percentage":0.1092896174863388,"INTERNACIONAL-occurances":2,"INTERNACIONAL-percentage":0.07285974499089254,"CIÊNCIA-occurances":1,"CIÊNCIA-percentage":0.03642987249544627,"POLÍTICA-occurances":1,"POLÍTICA-percentage":0.03642987249544627,"TWITTER-occurances":1,"TWITTER-percentage":0.03642987249544627,"LINKEDIN-occurances":0,"LINKEDIN-percentage":0}