{"totalHistoryAmount":6600,"TECNOLOGIA-occurances":1819,"TECNOLOGIA-percentage":27.560606060606062,"NOTÍCIAS-occurances":435,"NOTÍCIAS-percentage":6.590909090909091,"YOUTUBE-occurances":412,"YOUTUBE-percentage":6.242424242424242,"DECORAÇÃO-occurances":381,"DECORAÇÃO-percentage":5.7727272727272725,"SÉRIES E FILMES-occurances":245,"SÉRIES E FILMES-percentage":3.712121212121212,"FACEBOOK-occurances":216,"FACEBOOK-percentage":3.272727272727273,"ESPORTE-occurances":134,"ESPORTE-percentage":2.0303030303030303,"POP/ARTE-occurances":127,"POP/ARTE-percentage":1.9242424242424243,"MODA-occurances":66,"MODA-percentage":1,"TV E CELEBRIDADES-occurances":60,"TV E CELEBRIDADES-percentage":0.9090909090909091,"ALIMENTAÇÃO E SAÚDE-occurances":57,"ALIMENTAÇÃO E SAÚDE-percentage":0.8636363636363636,"CARROS-occurances":56,"CARROS-percentage":0.8484848484848485,"JOGOS-occurances":36,"JOGOS-percentage":0.5454545454545454,"VIAGENS-occurances":36,"VIAGENS-percentage":0.5454545454545454,"SEXO-occurances":28,"SEXO-percentage":0.42424242424242425,"EDUCAÇÃO-occurances":24,"EDUCAÇÃO-percentage":0.36363636363636365,"INTERNACIONAL-occurances":19,"INTERNACIONAL-percentage":0.2878787878787879,"CIÊNCIA-occurances":12,"CIÊNCIA-percentage":0.18181818181818182,"HUMOR-occurances":12,"HUMOR-percentage":0.18181818181818182,"LINKEDIN-occurances":10,"LINKEDIN-percentage":0.15151515151515152,"ECONOMIA-occurances":8,"ECONOMIA-percentage":0.12121212121212122,"ESOTERISMO-occurances":8,"ESOTERISMO-percentage":0.12121212121212122,"FITNESS-occurances":8,"FITNESS-percentage":0.12121212121212122,"NATUREZA-occurances":5,"NATUREZA-percentage":0.07575757575757576,"TWITTER-occurances":3,"TWITTER-percentage":0.045454545454545456,"POLÍTICA-occurances":1,"POLÍTICA-percentage":0.015151515151515152,"INSTAGRAM-occurances":0,"INSTAGRAM-percentage":0}