{"totalHistoryAmount":6402,"TECNOLOGIA-occurances":1598,"TECNOLOGIA-percentage":24.960949703217743,"FACEBOOK-occurances":667,"FACEBOOK-percentage":10.418619181505779,"NOTÍCIAS-occurances":365,"NOTÍCIAS-percentage":5.701343330209309,"DECORAÇÃO-occurances":352,"DECORAÇÃO-percentage":5.498281786941581,"MODA-occurances":244,"MODA-percentage":3.8113089659481414,"ESPORTE-occurances":212,"ESPORTE-percentage":3.31146516713527,"ESOTERISMO-occurances":153,"ESOTERISMO-percentage":2.3898781630740396,"LINKEDIN-occurances":136,"LINKEDIN-percentage":2.1243361449547016,"POP/ARTE-occurances":107,"POP/ARTE-percentage":1.6713527022805372,"TV E CELEBRIDADES-occurances":95,"TV E CELEBRIDADES-percentage":1.4839112777257106,"YOUTUBE-occurances":80,"YOUTUBE-percentage":1.2496094970321774,"SÉRIES E FILMES-occurances":74,"SÉRIES E FILMES-percentage":1.155888784754764,"POLÍTICA-occurances":53,"POLÍTICA-percentage":0.8278662917838175,"ALIMENTAÇÃO E SAÚDE-occurances":51,"ALIMENTAÇÃO E SAÚDE-percentage":0.7966260543580131,"CARROS-occurances":38,"CARROS-percentage":0.5935645110902843,"EDUCAÇÃO-occurances":29,"EDUCAÇÃO-percentage":0.45298344267416435,"CIÊNCIA-occurances":23,"CIÊNCIA-percentage":0.359262730396751,"ECONOMIA-occurances":23,"ECONOMIA-percentage":0.359262730396751,"JOGOS-occurances":18,"JOGOS-percentage":0.28116213683223995,"NATUREZA-occurances":18,"NATUREZA-percentage":0.28116213683223995,"SEXO-occurances":18,"SEXO-percentage":0.28116213683223995,"HUMOR-occurances":15,"HUMOR-percentage":0.23430178069353327,"INTERNACIONAL-occurances":13,"INTERNACIONAL-percentage":0.20306154326772882,"TWITTER-occurances":9,"TWITTER-percentage":0.14058106841611998,"FITNESS-occurances":7,"FITNESS-percentage":0.10934083099031552,"INSTAGRAM-occurances":7,"INSTAGRAM-percentage":0.10934083099031552,"VIAGENS-occurances":4,"VIAGENS-percentage":0.062480474851608875}