{"totalHistoryAmount":1555,"TECNOLOGIA-occurances":632,"TECNOLOGIA-percentage":40.643086816720256,"NOTÍCIAS-occurances":255,"NOTÍCIAS-percentage":16.39871382636656,"ESPORTE-occurances":87,"ESPORTE-percentage":5.594855305466238,"FACEBOOK-occurances":64,"FACEBOOK-percentage":4.115755627009646,"POLÍTICA-occurances":23,"POLÍTICA-percentage":1.4790996784565917,"YOUTUBE-occurances":20,"YOUTUBE-percentage":1.2861736334405145,"EDUCAÇÃO-occurances":16,"EDUCAÇÃO-percentage":1.0289389067524115,"POP/ARTE-occurances":16,"POP/ARTE-percentage":1.0289389067524115,"JOGOS-occurances":14,"JOGOS-percentage":0.9003215434083601,"MODA-occurances":14,"MODA-percentage":0.9003215434083601,"SÉRIES E FILMES-occurances":12,"SÉRIES E FILMES-percentage":0.7717041800643086,"TWITTER-occurances":11,"TWITTER-percentage":0.707395498392283,"LINKEDIN-occurances":8,"LINKEDIN-percentage":0.5144694533762058,"VIAGENS-occurances":5,"VIAGENS-percentage":0.3215434083601286,"DECORAÇÃO-occurances":4,"DECORAÇÃO-percentage":0.2572347266881029,"ESOTERISMO-occurances":3,"ESOTERISMO-percentage":0.19292604501607716,"INSTAGRAM-occurances":3,"INSTAGRAM-percentage":0.19292604501607716,"SEXO-occurances":2,"SEXO-percentage":0.12861736334405144,"TV E CELEBRIDADES-occurances":2,"TV E CELEBRIDADES-percentage":0.12861736334405144,"ALIMENTAÇÃO E SAÚDE-occurances":1,"ALIMENTAÇÃO E SAÚDE-percentage":0.06430868167202572,"CARROS-occurances":1,"CARROS-percentage":0.06430868167202572,"CIÊNCIA-occurances":1,"CIÊNCIA-percentage":0.06430868167202572,"FITNESS-occurances":1,"FITNESS-percentage":0.06430868167202572,"ECONOMIA-occurances":0,"ECONOMIA-percentage":0,"HUMOR-occurances":0,"HUMOR-percentage":0,"INTERNACIONAL-occurances":0,"INTERNACIONAL-percentage":0,"NATUREZA-occurances":0,"NATUREZA-percentage":0}