{"totalHistoryAmount":5046,"TECNOLOGIA-occurances":1421,"TECNOLOGIA-percentage":28.160919540229884,"YOUTUBE-occurances":607,"YOUTUBE-percentage":12.029330162504955,"SÉRIES E FILMES-occurances":382,"SÉRIES E FILMES-percentage":7.570352754657154,"DECORAÇÃO-occurances":296,"DECORAÇÃO-percentage":5.866032500990884,"FACEBOOK-occurances":154,"FACEBOOK-percentage":3.0519223147047168,"NOTÍCIAS-occurances":129,"NOTÍCIAS-percentage":2.5564803804994054,"POP/ARTE-occurances":95,"POP/ARTE-percentage":1.8826793499801824,"TV E CELEBRIDADES-occurances":67,"TV E CELEBRIDADES-percentage":1.3277843836702339,"CARROS-occurances":57,"CARROS-percentage":1.1296076099881094,"ESPORTE-occurances":54,"ESPORTE-percentage":1.070154577883472,"ALIMENTAÇÃO E SAÚDE-occurances":43,"ALIMENTAÇÃO E SAÚDE-percentage":0.8521601268331351,"SEXO-occurances":24,"SEXO-percentage":0.4756242568370987,"MODA-occurances":21,"MODA-percentage":0.4161712247324614,"INTERNACIONAL-occurances":14,"INTERNACIONAL-percentage":0.27744748315497425,"VIAGENS-occurances":10,"VIAGENS-percentage":0.19817677368212447,"CIÊNCIA-occurances":9,"CIÊNCIA-percentage":0.178359096313912,"EDUCAÇÃO-occurances":9,"EDUCAÇÃO-percentage":0.178359096313912,"JOGOS-occurances":9,"JOGOS-percentage":0.178359096313912,"ESOTERISMO-occurances":6,"ESOTERISMO-percentage":0.11890606420927467,"FITNESS-occurances":6,"FITNESS-percentage":0.11890606420927467,"INSTAGRAM-occurances":6,"INSTAGRAM-percentage":0.11890606420927467,"LINKEDIN-occurances":6,"LINKEDIN-percentage":0.11890606420927467,"HUMOR-occurances":5,"HUMOR-percentage":0.09908838684106223,"NATUREZA-occurances":4,"NATUREZA-percentage":0.07927070947284978,"ECONOMIA-occurances":2,"ECONOMIA-percentage":0.03963535473642489,"POLÍTICA-occurances":1,"POLÍTICA-percentage":0.019817677368212445,"TWITTER-occurances":1,"TWITTER-percentage":0.019817677368212445}