{"totalHistoryAmount":6415,"TECNOLOGIA-occurances":1827,"TECNOLOGIA-percentage":28.48012470771629,"YOUTUBE-occurances":468,"YOUTUBE-percentage":7.295401402961808,"NOTÍCIAS-occurances":380,"NOTÍCIAS-percentage":5.9236165237724085,"DECORAÇÃO-occurances":366,"DECORAÇÃO-percentage":5.7053780202650035,"SÉRIES E FILMES-occurances":302,"SÉRIES E FILMES-percentage":4.707716289945441,"FACEBOOK-occurances":183,"FACEBOOK-percentage":2.8526890101325018,"POP/ARTE-occurances":130,"POP/ARTE-percentage":2.0265003897116136,"ESPORTE-occurances":80,"ESPORTE-percentage":1.2470771628994544,"TV E CELEBRIDADES-occurances":71,"TV E CELEBRIDADES-percentage":1.1067809820732657,"MODA-occurances":64,"MODA-percentage":0.9976617303195635,"CARROS-occurances":63,"CARROS-percentage":0.9820732657833203,"ALIMENTAÇÃO E SAÚDE-occurances":53,"ALIMENTAÇÃO E SAÚDE-percentage":0.8261886204208886,"JOGOS-occurances":39,"JOGOS-percentage":0.607950116913484,"VIAGENS-occurances":36,"VIAGENS-percentage":0.5611847233047544,"SEXO-occurances":26,"SEXO-percentage":0.4053000779423227,"INTERNACIONAL-occurances":19,"INTERNACIONAL-percentage":0.2961808261886204,"EDUCAÇÃO-occurances":12,"EDUCAÇÃO-percentage":0.18706157443491817,"CIÊNCIA-occurances":11,"CIÊNCIA-percentage":0.17147310989867498,"LINKEDIN-occurances":10,"LINKEDIN-percentage":0.1558846453624318,"HUMOR-occurances":9,"HUMOR-percentage":0.1402961808261886,"ECONOMIA-occurances":7,"ECONOMIA-percentage":0.10911925175370225,"FITNESS-occurances":7,"FITNESS-percentage":0.10911925175370225,"ESOTERISMO-occurances":6,"ESOTERISMO-percentage":0.09353078721745908,"NATUREZA-occurances":4,"NATUREZA-percentage":0.06235385814497272,"POLÍTICA-occurances":1,"POLÍTICA-percentage":0.01558846453624318,"TWITTER-occurances":1,"TWITTER-percentage":0.01558846453624318,"INSTAGRAM-occurances":0,"INSTAGRAM-percentage":0}