{"totalHistoryAmount":2631,"TECNOLOGIA-occurances":1034,"TECNOLOGIA-percentage":39.30064614215127,"DECORAÇÃO-occurances":315,"DECORAÇÃO-percentage":11.972633979475484,"FACEBOOK-occurances":99,"FACEBOOK-percentage":3.7628278221208666,"ESPORTE-occurances":64,"ESPORTE-percentage":2.4325351577347014,"POP/ARTE-occurances":37,"POP/ARTE-percentage":1.4063093880653743,"NOTÍCIAS-occurances":34,"NOTÍCIAS-percentage":1.2922843025465602,"ALIMENTAÇÃO E SAÚDE-occurances":31,"ALIMENTAÇÃO E SAÚDE-percentage":1.1782592170277462,"SÉRIES E FILMES-occurances":31,"SÉRIES E FILMES-percentage":1.1782592170277462,"MODA-occurances":25,"MODA-percentage":0.9502090459901178,"YOUTUBE-occurances":17,"YOUTUBE-percentage":0.6461421512732801,"ECONOMIA-occurances":10,"ECONOMIA-percentage":0.38008361839604715,"FITNESS-occurances":10,"FITNESS-percentage":0.38008361839604715,"JOGOS-occurances":9,"JOGOS-percentage":0.34207525655644244,"INSTAGRAM-occurances":8,"INSTAGRAM-percentage":0.3040668947168377,"INTERNACIONAL-occurances":6,"INTERNACIONAL-percentage":0.22805017103762829,"VIAGENS-occurances":6,"VIAGENS-percentage":0.22805017103762829,"CARROS-occurances":5,"CARROS-percentage":0.19004180919802358,"EDUCAÇÃO-occurances":5,"EDUCAÇÃO-percentage":0.19004180919802358,"ESOTERISMO-occurances":4,"ESOTERISMO-percentage":0.15203344735841884,"NATUREZA-occurances":4,"NATUREZA-percentage":0.15203344735841884,"SEXO-occurances":4,"SEXO-percentage":0.15203344735841884,"TV E CELEBRIDADES-occurances":4,"TV E CELEBRIDADES-percentage":0.15203344735841884,"HUMOR-occurances":3,"HUMOR-percentage":0.11402508551881414,"CIÊNCIA-occurances":1,"CIÊNCIA-percentage":0.03800836183960471,"POLÍTICA-occurances":1,"POLÍTICA-percentage":0.03800836183960471,"TWITTER-occurances":1,"TWITTER-percentage":0.03800836183960471,"LINKEDIN-occurances":0,"LINKEDIN-percentage":0}