{"totalHistoryAmount":6469,"TECNOLOGIA-occurances":1835,"TECNOLOGIA-percentage":28.36605348585562,"NOTÍCIAS-occurances":451,"NOTÍCIAS-percentage":6.9717112382130155,"DECORAÇÃO-occurances":347,"DECORAÇÃO-percentage":5.364043901684959,"YOUTUBE-occurances":281,"YOUTUBE-percentage":4.343793476580616,"FACEBOOK-occurances":245,"FACEBOOK-percentage":3.7872932447055185,"SÉRIES E FILMES-occurances":214,"SÉRIES E FILMES-percentage":3.308084711701963,"ESPORTE-occurances":132,"ESPORTE-percentage":2.0405008502086877,"POP/ARTE-occurances":129,"POP/ARTE-percentage":1.9941258308857628,"MODA-occurances":72,"MODA-percentage":1.1130004637501931,"ALIMENTAÇÃO E SAÚDE-occurances":58,"ALIMENTAÇÃO E SAÚDE-percentage":0.8965837069098779,"CARROS-occurances":57,"CARROS-percentage":0.8811253671355697,"TV E CELEBRIDADES-occurances":48,"TV E CELEBRIDADES-percentage":0.7420003091667955,"JOGOS-occurances":36,"JOGOS-percentage":0.5565002318750966,"VIAGENS-occurances":36,"VIAGENS-percentage":0.5565002318750966,"SEXO-occurances":31,"SEXO-percentage":0.4792085330035554,"EDUCAÇÃO-occurances":25,"EDUCAÇÃO-percentage":0.38645849435770596,"INTERNACIONAL-occurances":15,"INTERNACIONAL-percentage":0.23187509661462358,"CIÊNCIA-occurances":14,"CIÊNCIA-percentage":0.21641675684031536,"HUMOR-occurances":11,"HUMOR-percentage":0.17004173751739063,"ECONOMIA-occurances":10,"ECONOMIA-percentage":0.15458339774308238,"LINKEDIN-occurances":10,"LINKEDIN-percentage":0.15458339774308238,"FITNESS-occurances":7,"FITNESS-percentage":0.10820837842015768,"ESOTERISMO-occurances":6,"ESOTERISMO-percentage":0.09275003864584944,"NATUREZA-occurances":5,"NATUREZA-percentage":0.07729169887154119,"INSTAGRAM-occurances":3,"INSTAGRAM-percentage":0.04637501932292472,"TWITTER-occurances":3,"TWITTER-percentage":0.04637501932292472,"POLÍTICA-occurances":1,"POLÍTICA-percentage":0.015458339774308239}