{"totalHistoryAmount":5678,"TECNOLOGIA-occurances":1575,"TECNOLOGIA-percentage":27.73864036632617,"YOUTUBE-occurances":480,"YOUTUBE-percentage":8.453680873547023,"SÉRIES E FILMES-occurances":367,"SÉRIES E FILMES-percentage":6.463543501232828,"DECORAÇÃO-occurances":333,"DECORAÇÃO-percentage":5.8647411060232475,"NOTÍCIAS-occurances":314,"NOTÍCIAS-percentage":5.5301162381120115,"FACEBOOK-occurances":170,"FACEBOOK-percentage":2.9940119760479043,"POP/ARTE-occurances":100,"POP/ARTE-percentage":1.7611835153222966,"TV E CELEBRIDADES-occurances":69,"TV E CELEBRIDADES-percentage":1.2152166255723846,"ESPORTE-occurances":65,"ESPORTE-percentage":1.1447692849594928,"CARROS-occurances":61,"CARROS-percentage":1.074321944346601,"ALIMENTAÇÃO E SAÚDE-occurances":51,"ALIMENTAÇÃO E SAÚDE-percentage":0.8982035928143712,"JOGOS-occurances":37,"JOGOS-percentage":0.6516379006692498,"SEXO-occurances":24,"SEXO-percentage":0.4226840436773512,"MODA-occurances":21,"MODA-percentage":0.36984853821768227,"INTERNACIONAL-occurances":18,"INTERNACIONAL-percentage":0.3170130327580134,"EDUCAÇÃO-occurances":12,"EDUCAÇÃO-percentage":0.2113420218386756,"CIÊNCIA-occurances":10,"CIÊNCIA-percentage":0.17611835153222966,"VIAGENS-occurances":10,"VIAGENS-percentage":0.17611835153222966,"HUMOR-occurances":9,"HUMOR-percentage":0.1585065163790067,"FITNESS-occurances":7,"FITNESS-percentage":0.12328284607256076,"LINKEDIN-occurances":6,"LINKEDIN-percentage":0.1056710109193378,"ECONOMIA-occurances":4,"ECONOMIA-percentage":0.07044734061289186,"ESOTERISMO-occurances":4,"ESOTERISMO-percentage":0.07044734061289186,"NATUREZA-occurances":4,"NATUREZA-percentage":0.07044734061289186,"TWITTER-occurances":1,"TWITTER-percentage":0.017611835153222965,"INSTAGRAM-occurances":0,"INSTAGRAM-percentage":0,"POLÍTICA-occurances":0,"POLÍTICA-percentage":0}