{"totalHistoryAmount":3144,"TECNOLOGIA-occurances":1173,"TECNOLOGIA-percentage":37.30916030534351,"DECORAÇÃO-occurances":392,"DECORAÇÃO-percentage":12.468193384223918,"FACEBOOK-occurances":167,"FACEBOOK-percentage":5.311704834605598,"ESPORTE-occurances":109,"ESPORTE-percentage":3.4669211195928753,"POP/ARTE-occurances":47,"POP/ARTE-percentage":1.494910941475827,"ALIMENTAÇÃO E SAÚDE-occurances":33,"ALIMENTAÇÃO E SAÚDE-percentage":1.049618320610687,"NOTÍCIAS-occurances":32,"NOTÍCIAS-percentage":1.0178117048346056,"SÉRIES E FILMES-occurances":28,"SÉRIES E FILMES-percentage":0.8905852417302799,"MODA-occurances":23,"MODA-percentage":0.7315521628498728,"JOGOS-occurances":19,"JOGOS-percentage":0.6043256997455471,"YOUTUBE-occurances":17,"YOUTUBE-percentage":0.5407124681933843,"TWITTER-occurances":16,"TWITTER-percentage":0.5089058524173028,"CARROS-occurances":11,"CARROS-percentage":0.34987277353689566,"INSTAGRAM-occurances":9,"INSTAGRAM-percentage":0.2862595419847328,"ECONOMIA-occurances":8,"ECONOMIA-percentage":0.2544529262086514,"EDUCAÇÃO-occurances":8,"EDUCAÇÃO-percentage":0.2544529262086514,"VIAGENS-occurances":7,"VIAGENS-percentage":0.22264631043256997,"ESOTERISMO-occurances":6,"ESOTERISMO-percentage":0.19083969465648856,"INTERNACIONAL-occurances":6,"INTERNACIONAL-percentage":0.19083969465648856,"NATUREZA-occurances":4,"NATUREZA-percentage":0.1272264631043257,"HUMOR-occurances":3,"HUMOR-percentage":0.09541984732824428,"TV E CELEBRIDADES-occurances":3,"TV E CELEBRIDADES-percentage":0.09541984732824428,"CIÊNCIA-occurances":2,"CIÊNCIA-percentage":0.06361323155216285,"FITNESS-occurances":2,"FITNESS-percentage":0.06361323155216285,"POLÍTICA-occurances":2,"POLÍTICA-percentage":0.06361323155216285,"SEXO-occurances":2,"SEXO-percentage":0.06361323155216285,"LINKEDIN-occurances":0,"LINKEDIN-percentage":0}