{"totalHistoryAmount":6406,"TECNOLOGIA-occurances":1559,"TECNOLOGIA-percentage":24.336559475491725,"FACEBOOK-occurances":638,"FACEBOOK-percentage":9.959413050265375,"DECORAÇÃO-occurances":395,"DECORAÇÃO-percentage":6.166094286606307,"NOTÍCIAS-occurances":359,"NOTÍCIAS-percentage":5.604121136434593,"MODA-occurances":244,"MODA-percentage":3.8089291289416174,"ESPORTE-occurances":230,"ESPORTE-percentage":3.5903840149859505,"LINKEDIN-occurances":135,"LINKEDIN-percentage":2.1073993131439277,"ESOTERISMO-occurances":134,"ESOTERISMO-percentage":2.09178894786138,"POP/ARTE-occurances":107,"POP/ARTE-percentage":1.6703090852325944,"TV E CELEBRIDADES-occurances":94,"TV E CELEBRIDADES-percentage":1.4673743365594756,"SÉRIES E FILMES-occurances":74,"SÉRIES E FILMES-percentage":1.1551670309085234,"YOUTUBE-occurances":72,"YOUTUBE-percentage":1.123946300343428,"POLÍTICA-occurances":52,"POLÍTICA-percentage":0.8117389946924758,"ALIMENTAÇÃO E SAÚDE-occurances":49,"ALIMENTAÇÃO E SAÚDE-percentage":0.764907898844833,"CARROS-occurances":35,"CARROS-percentage":0.5463627848891665,"EDUCAÇÃO-occurances":29,"EDUCAÇÃO-percentage":0.45270059319388073,"ECONOMIA-occurances":23,"ECONOMIA-percentage":0.35903840149859506,"CIÊNCIA-occurances":20,"CIÊNCIA-percentage":0.3122073056509522,"NATUREZA-occurances":18,"NATUREZA-percentage":0.280986575085857,"SEXO-occurances":16,"SEXO-percentage":0.24976584452076178,"HUMOR-occurances":15,"HUMOR-percentage":0.23415547923821417,"INTERNACIONAL-occurances":13,"INTERNACIONAL-percentage":0.20293474867311895,"JOGOS-occurances":12,"JOGOS-percentage":0.18732438339057134,"TWITTER-occurances":11,"TWITTER-percentage":0.17171401810802372,"FITNESS-occurances":9,"FITNESS-percentage":0.1404932875429285,"INSTAGRAM-occurances":6,"INSTAGRAM-percentage":0.09366219169528567,"VIAGENS-occurances":4,"VIAGENS-percentage":0.062441461130190445}