{"totalHistoryAmount":5313,"TECNOLOGIA-occurances":1481,"TECNOLOGIA-percentage":27.875023527197442,"YOUTUBE-occurances":546,"YOUTUBE-percentage":10.276679841897232,"SÉRIES E FILMES-occurances":377,"SÉRIES E FILMES-percentage":7.095802747976661,"DECORAÇÃO-occurances":300,"DECORAÇÃO-percentage":5.64652738565782,"NOTÍCIAS-occurances":210,"NOTÍCIAS-percentage":3.952569169960474,"FACEBOOK-occurances":159,"FACEBOOK-percentage":2.9926595143986447,"POP/ARTE-occurances":102,"POP/ARTE-percentage":1.919819311123659,"TV E CELEBRIDADES-occurances":67,"TV E CELEBRIDADES-percentage":1.2610577827969132,"ESPORTE-occurances":63,"ESPORTE-percentage":1.1857707509881423,"CARROS-occurances":58,"CARROS-percentage":1.0916619612271785,"ALIMENTAÇÃO E SAÚDE-occurances":43,"ALIMENTAÇÃO E SAÚDE-percentage":0.8093355919442876,"JOGOS-occurances":36,"JOGOS-percentage":0.6775832862789385,"SEXO-occurances":24,"SEXO-percentage":0.45172219085262566,"MODA-occurances":19,"MODA-percentage":0.35761340109166195,"INTERNACIONAL-occurances":18,"INTERNACIONAL-percentage":0.33879164313946925,"EDUCAÇÃO-occurances":11,"EDUCAÇÃO-percentage":0.2070393374741201,"VIAGENS-occurances":10,"VIAGENS-percentage":0.18821757952192736,"HUMOR-occurances":9,"HUMOR-percentage":0.16939582156973462,"CIÊNCIA-occurances":6,"CIÊNCIA-percentage":0.11293054771315642,"ESOTERISMO-occurances":6,"ESOTERISMO-percentage":0.11293054771315642,"FITNESS-occurances":6,"FITNESS-percentage":0.11293054771315642,"LINKEDIN-occurances":6,"LINKEDIN-percentage":0.11293054771315642,"INSTAGRAM-occurances":5,"INSTAGRAM-percentage":0.09410878976096368,"NATUREZA-occurances":4,"NATUREZA-percentage":0.07528703180877094,"ECONOMIA-occurances":3,"ECONOMIA-percentage":0.05646527385657821,"TWITTER-occurances":1,"TWITTER-percentage":0.018821757952192736,"POLÍTICA-occurances":0,"POLÍTICA-percentage":0}