{"totalHistoryAmount":6614,"TECNOLOGIA-occurances":1815,"TECNOLOGIA-percentage":27.44179014212277,"NOTÍCIAS-occurances":436,"NOTÍCIAS-percentage":6.592077411551255,"YOUTUBE-occurances":412,"YOUTUBE-percentage":6.229210765043846,"DECORAÇÃO-occurances":386,"DECORAÇÃO-percentage":5.836105231327487,"SÉRIES E FILMES-occurances":246,"SÉRIES E FILMES-percentage":3.7193831267009374,"FACEBOOK-occurances":210,"FACEBOOK-percentage":3.1750831569398246,"POP/ARTE-occurances":132,"POP/ARTE-percentage":1.995766555790747,"ESPORTE-occurances":131,"ESPORTE-percentage":1.9806471121862717,"TV E CELEBRIDADES-occurances":72,"TV E CELEBRIDADES-percentage":1.0885999395222257,"MODA-occurances":66,"MODA-percentage":0.9978832778953735,"ALIMENTAÇÃO E SAÚDE-occurances":58,"ALIMENTAÇÃO E SAÚDE-percentage":0.8769277290595706,"CARROS-occurances":58,"CARROS-percentage":0.8769277290595706,"JOGOS-occurances":40,"JOGOS-percentage":0.6047777441790142,"VIAGENS-occurances":37,"VIAGENS-percentage":0.5594194133655881,"SEXO-occurances":28,"SEXO-percentage":0.42334442092530994,"EDUCAÇÃO-occurances":24,"EDUCAÇÃO-percentage":0.3628666465074085,"INTERNACIONAL-occurances":19,"INTERNACIONAL-percentage":0.28726942848503173,"CIÊNCIA-occurances":12,"CIÊNCIA-percentage":0.18143332325370426,"HUMOR-occurances":10,"HUMOR-percentage":0.15119443604475355,"LINKEDIN-occurances":10,"LINKEDIN-percentage":0.15119443604475355,"ECONOMIA-occurances":8,"ECONOMIA-percentage":0.12095554883580284,"ESOTERISMO-occurances":8,"ESOTERISMO-percentage":0.12095554883580284,"FITNESS-occurances":8,"FITNESS-percentage":0.12095554883580284,"NATUREZA-occurances":5,"NATUREZA-percentage":0.07559721802237677,"TWITTER-occurances":3,"TWITTER-percentage":0.045358330813426065,"POLÍTICA-occurances":1,"POLÍTICA-percentage":0.015119443604475355,"INSTAGRAM-occurances":0,"INSTAGRAM-percentage":0}