{"totalHistoryAmount":7314,"TECNOLOGIA-occurances":1760,"TECNOLOGIA-percentage":24.063439978124144,"NOTÍCIAS-occurances":599,"NOTÍCIAS-percentage":8.189773038009298,"FACEBOOK-occurances":584,"FACEBOOK-percentage":7.984686901832103,"DECORAÇÃO-occurances":398,"DECORAÇÃO-percentage":5.441618813234892,"MODA-occurances":282,"MODA-percentage":3.855619360131255,"ESPORTE-occurances":238,"ESPORTE-percentage":3.2540333606781515,"POP/ARTE-occurances":132,"POP/ARTE-percentage":1.804757998359311,"LINKEDIN-occurances":123,"LINKEDIN-percentage":1.6817063166529942,"YOUTUBE-occurances":103,"YOUTUBE-percentage":1.4082581350834016,"ESOTERISMO-occurances":94,"ESOTERISMO-percentage":1.285206453377085,"TV E CELEBRIDADES-occurances":90,"TV E CELEBRIDADES-percentage":1.2305168170631666,"SÉRIES E FILMES-occurances":84,"SÉRIES E FILMES-percentage":1.1484823625922889,"ALIMENTAÇÃO E SAÚDE-occurances":64,"ALIMENTAÇÃO E SAÚDE-percentage":0.8750341810226961,"EDUCAÇÃO-occurances":41,"EDUCAÇÃO-percentage":0.5605687722176648,"CARROS-occurances":36,"CARROS-percentage":0.4922067268252666,"JOGOS-occurances":35,"JOGOS-percentage":0.478534317746787,"VIAGENS-occurances":31,"VIAGENS-percentage":0.42384468143286846,"POLÍTICA-occurances":28,"POLÍTICA-percentage":0.3828274541974296,"CIÊNCIA-occurances":23,"CIÊNCIA-percentage":0.31446540880503143,"INTERNACIONAL-occurances":20,"INTERNACIONAL-percentage":0.27344818156959255,"HUMOR-occurances":19,"HUMOR-percentage":0.25977577249111294,"SEXO-occurances":19,"SEXO-percentage":0.25977577249111294,"ECONOMIA-occurances":16,"ECONOMIA-percentage":0.21875854525567404,"FITNESS-occurances":7,"FITNESS-percentage":0.0957068635493574,"INSTAGRAM-occurances":6,"INSTAGRAM-percentage":0.08203445447087777,"NATUREZA-occurances":6,"NATUREZA-percentage":0.08203445447087777,"TWITTER-occurances":6,"TWITTER-percentage":0.08203445447087777}