{"totalHistoryAmount":5672,"TECNOLOGIA-occurances":1574,"TECNOLOGIA-percentage":27.750352609308887,"YOUTUBE-occurances":480,"YOUTUBE-percentage":8.46262341325811,"SÉRIES E FILMES-occurances":367,"SÉRIES E FILMES-percentage":6.470380818053597,"DECORAÇÃO-occurances":329,"DECORAÇÃO-percentage":5.800423131170663,"NOTÍCIAS-occurances":314,"NOTÍCIAS-percentage":5.535966149506347,"FACEBOOK-occurances":170,"FACEBOOK-percentage":2.997179125528914,"POP/ARTE-occurances":100,"POP/ARTE-percentage":1.7630465444287728,"TV E CELEBRIDADES-occurances":69,"TV E CELEBRIDADES-percentage":1.2165021156558533,"ESPORTE-occurances":65,"ESPORTE-percentage":1.1459802538787025,"CARROS-occurances":61,"CARROS-percentage":1.0754583921015515,"ALIMENTAÇÃO E SAÚDE-occurances":51,"ALIMENTAÇÃO E SAÚDE-percentage":0.8991537376586742,"JOGOS-occurances":37,"JOGOS-percentage":0.652327221438646,"SEXO-occurances":24,"SEXO-percentage":0.4231311706629055,"MODA-occurances":21,"MODA-percentage":0.3702397743300423,"INTERNACIONAL-occurances":18,"INTERNACIONAL-percentage":0.31734837799717913,"EDUCAÇÃO-occurances":12,"EDUCAÇÃO-percentage":0.21156558533145275,"CIÊNCIA-occurances":10,"CIÊNCIA-percentage":0.1763046544428773,"VIAGENS-occurances":10,"VIAGENS-percentage":0.1763046544428773,"HUMOR-occurances":9,"HUMOR-percentage":0.15867418899858957,"FITNESS-occurances":7,"FITNESS-percentage":0.1234132581100141,"LINKEDIN-occurances":6,"LINKEDIN-percentage":0.10578279266572638,"ECONOMIA-occurances":4,"ECONOMIA-percentage":0.07052186177715092,"ESOTERISMO-occurances":4,"ESOTERISMO-percentage":0.07052186177715092,"NATUREZA-occurances":4,"NATUREZA-percentage":0.07052186177715092,"TWITTER-occurances":1,"TWITTER-percentage":0.01763046544428773,"INSTAGRAM-occurances":0,"INSTAGRAM-percentage":0,"POLÍTICA-occurances":0,"POLÍTICA-percentage":0}