{"totalHistoryAmount":6587,"TECNOLOGIA-occurances":1874,"TECNOLOGIA-percentage":28.449977227873084,"YOUTUBE-occurances":446,"YOUTUBE-percentage":6.77091240321846,"NOTÍCIAS-occurances":433,"NOTÍCIAS-percentage":6.573553969940792,"DECORAÇÃO-occurances":367,"DECORAÇÃO-percentage":5.571580385608016,"SÉRIES E FILMES-occurances":260,"SÉRIES E FILMES-percentage":3.9471686655533627,"FACEBOOK-occurances":192,"FACEBOOK-percentage":2.914832245331714,"POP/ARTE-occurances":128,"POP/ARTE-percentage":1.9432214968878094,"ESPORTE-occurances":91,"ESPORTE-percentage":1.381509032943677,"TV E CELEBRIDADES-occurances":72,"TV E CELEBRIDADES-percentage":1.0930620919993927,"MODA-occurances":65,"MODA-percentage":0.9867921663883407,"CARROS-occurances":63,"CARROS-percentage":0.9564293304994687,"ALIMENTAÇÃO E SAÚDE-occurances":58,"ALIMENTAÇÃO E SAÚDE-percentage":0.8805222407772886,"JOGOS-occurances":39,"JOGOS-percentage":0.5920752998330044,"VIAGENS-occurances":36,"VIAGENS-percentage":0.5465310459996964,"SEXO-occurances":28,"SEXO-percentage":0.4250797024442083,"EDUCAÇÃO-occurances":24,"EDUCAÇÃO-percentage":0.36435403066646427,"INTERNACIONAL-occurances":19,"INTERNACIONAL-percentage":0.2884469409442842,"CIÊNCIA-occurances":11,"CIÊNCIA-percentage":0.1669955973887961,"HUMOR-occurances":10,"HUMOR-percentage":0.1518141794443601,"LINKEDIN-occurances":10,"LINKEDIN-percentage":0.1518141794443601,"ESOTERISMO-occurances":9,"ESOTERISMO-percentage":0.1366327614999241,"ECONOMIA-occurances":8,"ECONOMIA-percentage":0.12145134355548809,"FITNESS-occurances":7,"FITNESS-percentage":0.10626992561105207,"NATUREZA-occurances":4,"NATUREZA-percentage":0.060725671777744045,"POLÍTICA-occurances":1,"POLÍTICA-percentage":0.015181417944436011,"TWITTER-occurances":1,"TWITTER-percentage":0.015181417944436011,"INSTAGRAM-occurances":0,"INSTAGRAM-percentage":0}