{"totalHistoryAmount":5009,"TECNOLOGIA-occurances":1514,"TECNOLOGIA-percentage":30.225593930924337,"YOUTUBE-occurances":602,"YOUTUBE-percentage":12.018366939508883,"SÉRIES E FILMES-occurances":387,"SÉRIES E FILMES-percentage":7.726093032541425,"DECORAÇÃO-occurances":358,"DECORAÇÃO-percentage":7.1471351567179076,"FACEBOOK-occurances":118,"FACEBOOK-percentage":2.35575963266121,"NOTÍCIAS-occurances":81,"NOTÍCIAS-percentage":1.6170892393691356,"POP/ARTE-occurances":81,"POP/ARTE-percentage":1.6170892393691356,"CARROS-occurances":58,"CARROS-percentage":1.1579157516470353,"TV E CELEBRIDADES-occurances":43,"TV E CELEBRIDADES-percentage":0.8584547813934917,"ALIMENTAÇÃO E SAÚDE-occurances":42,"ALIMENTAÇÃO E SAÚDE-percentage":0.8384907167099221,"ESPORTE-occurances":37,"ESPORTE-percentage":0.7386703932920743,"SEXO-occurances":23,"SEXO-percentage":0.4591734877221002,"MODA-occurances":18,"MODA-percentage":0.35935316430425235,"INTERNACIONAL-occurances":13,"INTERNACIONAL-percentage":0.2595328408864045,"VIAGENS-occurances":10,"VIAGENS-percentage":0.19964064683569574,"ESOTERISMO-occurances":7,"ESOTERISMO-percentage":0.13974845278498702,"JOGOS-occurances":7,"JOGOS-percentage":0.13974845278498702,"CIÊNCIA-occurances":6,"CIÊNCIA-percentage":0.11978438810141745,"FITNESS-occurances":6,"FITNESS-percentage":0.11978438810141745,"INSTAGRAM-occurances":6,"INSTAGRAM-percentage":0.11978438810141745,"LINKEDIN-occurances":6,"LINKEDIN-percentage":0.11978438810141745,"EDUCAÇÃO-occurances":5,"EDUCAÇÃO-percentage":0.09982032341784787,"HUMOR-occurances":5,"HUMOR-percentage":0.09982032341784787,"NATUREZA-occurances":3,"NATUREZA-percentage":0.059892194050708725,"ECONOMIA-occurances":1,"ECONOMIA-percentage":0.019964064683569576,"POLÍTICA-occurances":1,"POLÍTICA-percentage":0.019964064683569576,"TWITTER-occurances":1,"TWITTER-percentage":0.019964064683569576}