{"totalHistoryAmount":6201,"TECNOLOGIA-occurances":1756,"TECNOLOGIA-percentage":28.3180132236736,"YOUTUBE-occurances":468,"YOUTUBE-percentage":7.547169811320755,"NOTÍCIAS-occurances":367,"NOTÍCIAS-percentage":5.918400258022899,"DECORAÇÃO-occurances":364,"DECORAÇÃO-percentage":5.870020964360587,"SÉRIES E FILMES-occurances":301,"SÉRIES E FILMES-percentage":4.854055797452024,"FACEBOOK-occurances":172,"FACEBOOK-percentage":2.773746169972585,"POP/ARTE-occurances":126,"POP/ARTE-percentage":2.0319303338171264,"ESPORTE-occurances":77,"ESPORTE-percentage":1.241735203999355,"TV E CELEBRIDADES-occurances":69,"TV E CELEBRIDADES-percentage":1.1127237542331883,"CARROS-occurances":63,"CARROS-percentage":1.0159651669085632,"MODA-occurances":58,"MODA-percentage":0.9353330108047089,"ALIMENTAÇÃO E SAÚDE-occurances":52,"ALIMENTAÇÃO E SAÚDE-percentage":0.8385744234800838,"JOGOS-occurances":38,"JOGOS-percentage":0.612804386389292,"VIAGENS-occurances":34,"VIAGENS-percentage":0.5482986615062087,"SEXO-occurances":24,"SEXO-percentage":0.3870343492985002,"INTERNACIONAL-occurances":19,"INTERNACIONAL-percentage":0.306402193194646,"EDUCAÇÃO-occurances":12,"EDUCAÇÃO-percentage":0.1935171746492501,"CIÊNCIA-occurances":11,"CIÊNCIA-percentage":0.17739074342847927,"LINKEDIN-occurances":10,"LINKEDIN-percentage":0.16126431220770843,"HUMOR-occurances":9,"HUMOR-percentage":0.14513788098693758,"ECONOMIA-occurances":7,"ECONOMIA-percentage":0.1128850185453959,"FITNESS-occurances":7,"FITNESS-percentage":0.1128850185453959,"ESOTERISMO-occurances":6,"ESOTERISMO-percentage":0.09675858732462506,"NATUREZA-occurances":4,"NATUREZA-percentage":0.06450572488308337,"POLÍTICA-occurances":1,"POLÍTICA-percentage":0.016126431220770843,"TWITTER-occurances":1,"TWITTER-percentage":0.016126431220770843,"INSTAGRAM-occurances":0,"INSTAGRAM-percentage":0}