{"totalHistoryAmount":6610,"TECNOLOGIA-occurances":1820,"TECNOLOGIA-percentage":27.534039334341905,"NOTÍCIAS-occurances":435,"NOTÍCIAS-percentage":6.580937972768533,"YOUTUBE-occurances":412,"YOUTUBE-percentage":6.2329803328290465,"DECORAÇÃO-occurances":381,"DECORAÇÃO-percentage":5.763993948562784,"SÉRIES E FILMES-occurances":245,"SÉRIES E FILMES-percentage":3.706505295007564,"FACEBOOK-occurances":216,"FACEBOOK-percentage":3.2677760968229954,"ESPORTE-occurances":134,"ESPORTE-percentage":2.027231467473525,"POP/ARTE-occurances":127,"POP/ARTE-percentage":1.9213313161875945,"MODA-occurances":66,"MODA-percentage":0.9984871406959153,"TV E CELEBRIDADES-occurances":60,"TV E CELEBRIDADES-percentage":0.9077155824508321,"ALIMENTAÇÃO E SAÚDE-occurances":57,"ALIMENTAÇÃO E SAÚDE-percentage":0.8623298033282905,"CARROS-occurances":56,"CARROS-percentage":0.8472012102874432,"JOGOS-occurances":36,"JOGOS-percentage":0.5446293494704992,"VIAGENS-occurances":36,"VIAGENS-percentage":0.5446293494704992,"SEXO-occurances":28,"SEXO-percentage":0.4236006051437216,"EDUCAÇÃO-occurances":24,"EDUCAÇÃO-percentage":0.3630862329803328,"INTERNACIONAL-occurances":19,"INTERNACIONAL-percentage":0.2874432677760968,"CIÊNCIA-occurances":12,"CIÊNCIA-percentage":0.1815431164901664,"HUMOR-occurances":12,"HUMOR-percentage":0.1815431164901664,"LINKEDIN-occurances":10,"LINKEDIN-percentage":0.15128593040847202,"ECONOMIA-occurances":8,"ECONOMIA-percentage":0.12102874432677761,"ESOTERISMO-occurances":8,"ESOTERISMO-percentage":0.12102874432677761,"FITNESS-occurances":8,"FITNESS-percentage":0.12102874432677761,"NATUREZA-occurances":5,"NATUREZA-percentage":0.07564296520423601,"TWITTER-occurances":3,"TWITTER-percentage":0.0453857791225416,"POLÍTICA-occurances":1,"POLÍTICA-percentage":0.015128593040847202,"INSTAGRAM-occurances":0,"INSTAGRAM-percentage":0}