{"totalHistoryAmount":6619,"TECNOLOGIA-occurances":1815,"TECNOLOGIA-percentage":27.421060583169663,"NOTÍCIAS-occurances":436,"NOTÍCIAS-percentage":6.587097748904668,"YOUTUBE-occurances":412,"YOUTUBE-percentage":6.224505212267714,"DECORAÇÃO-occurances":386,"DECORAÇÃO-percentage":5.831696630911014,"SÉRIES E FILMES-occurances":246,"SÉRIES E FILMES-percentage":3.716573500528781,"FACEBOOK-occurances":212,"FACEBOOK-percentage":3.202900740293096,"POP/ARTE-occurances":132,"POP/ARTE-percentage":1.9942589515032483,"ESPORTE-occurances":131,"ESPORTE-percentage":1.979150929143375,"TV E CELEBRIDADES-occurances":72,"TV E CELEBRIDADES-percentage":1.0877776099108627,"MODA-occurances":66,"MODA-percentage":0.9971294757516241,"ALIMENTAÇÃO E SAÚDE-occurances":58,"ALIMENTAÇÃO E SAÚDE-percentage":0.8762652968726393,"CARROS-occurances":58,"CARROS-percentage":0.8762652968726393,"JOGOS-occurances":40,"JOGOS-percentage":0.6043208943949238,"VIAGENS-occurances":37,"VIAGENS-percentage":0.5589968273153044,"SEXO-occurances":28,"SEXO-percentage":0.4230246260764466,"EDUCAÇÃO-occurances":24,"EDUCAÇÃO-percentage":0.36259253663695423,"INTERNACIONAL-occurances":19,"INTERNACIONAL-percentage":0.28705242483758875,"CIÊNCIA-occurances":12,"CIÊNCIA-percentage":0.18129626831847712,"HUMOR-occurances":10,"HUMOR-percentage":0.15108022359873094,"LINKEDIN-occurances":10,"LINKEDIN-percentage":0.15108022359873094,"ECONOMIA-occurances":8,"ECONOMIA-percentage":0.12086417887898473,"ESOTERISMO-occurances":8,"ESOTERISMO-percentage":0.12086417887898473,"FITNESS-occurances":8,"FITNESS-percentage":0.12086417887898473,"NATUREZA-occurances":5,"NATUREZA-percentage":0.07554011179936547,"TWITTER-occurances":3,"TWITTER-percentage":0.04532406707961928,"POLÍTICA-occurances":1,"POLÍTICA-percentage":0.015108022359873092,"INSTAGRAM-occurances":0,"INSTAGRAM-percentage":0}