{"totalHistoryAmount":5781,"TECNOLOGIA-occurances":1605,"TECNOLOGIA-percentage":27.76336274001038,"YOUTUBE-occurances":480,"YOUTUBE-percentage":8.303061754021796,"SÉRIES E FILMES-occurances":345,"SÉRIES E FILMES-percentage":5.967825635703165,"DECORAÇÃO-occurances":334,"DECORAÇÃO-percentage":5.777547137173499,"NOTÍCIAS-occurances":322,"NOTÍCIAS-percentage":5.569970593322955,"FACEBOOK-occurances":169,"FACEBOOK-percentage":2.923369659228507,"POP/ARTE-occurances":100,"POP/ARTE-percentage":1.729804532087874,"TV E CELEBRIDADES-occurances":69,"TV E CELEBRIDADES-percentage":1.1935651271406331,"ESPORTE-occurances":65,"ESPORTE-percentage":1.1243729458571181,"CARROS-occurances":63,"CARROS-percentage":1.0897768552153606,"ALIMENTAÇÃO E SAÚDE-occurances":51,"ALIMENTAÇÃO E SAÚDE-percentage":0.8822003113648158,"MODA-occurances":38,"MODA-percentage":0.6573257221933921,"JOGOS-occurances":37,"JOGOS-percentage":0.6400276768725134,"SEXO-occurances":24,"SEXO-percentage":0.4151530877010898,"INTERNACIONAL-occurances":18,"INTERNACIONAL-percentage":0.3113648157758173,"EDUCAÇÃO-occurances":12,"EDUCAÇÃO-percentage":0.2075765438505449,"VIAGENS-occurances":11,"VIAGENS-percentage":0.19027849852966613,"CIÊNCIA-occurances":10,"CIÊNCIA-percentage":0.1729804532087874,"HUMOR-occurances":9,"HUMOR-percentage":0.15568240788790866,"FITNESS-occurances":7,"FITNESS-percentage":0.12108631724615118,"LINKEDIN-occurances":6,"LINKEDIN-percentage":0.10378827192527244,"ECONOMIA-occurances":4,"ECONOMIA-percentage":0.06919218128351497,"ESOTERISMO-occurances":4,"ESOTERISMO-percentage":0.06919218128351497,"NATUREZA-occurances":4,"NATUREZA-percentage":0.06919218128351497,"TWITTER-occurances":1,"TWITTER-percentage":0.01729804532087874,"INSTAGRAM-occurances":0,"INSTAGRAM-percentage":0,"POLÍTICA-occurances":0,"POLÍTICA-percentage":0}