{"totalHistoryAmount":2277,"TECNOLOGIA-occurances":1178,"TECNOLOGIA-percentage":51.73473869126043,"YOUTUBE-occurances":192,"YOUTUBE-percentage":8.432147562582346,"FACEBOOK-occurances":140,"FACEBOOK-percentage":6.148440931049627,"ESPORTE-occurances":100,"ESPORTE-percentage":4.391743522178305,"FITNESS-occurances":56,"FITNESS-percentage":2.4593763724198507,"ECONOMIA-occurances":33,"ECONOMIA-percentage":1.4492753623188406,"POP/ARTE-occurances":29,"POP/ARTE-percentage":1.2736056214317084,"INSTAGRAM-occurances":27,"INSTAGRAM-percentage":1.1857707509881423,"NOTÍCIAS-occurances":15,"NOTÍCIAS-percentage":0.6587615283267457,"SÉRIES E FILMES-occurances":14,"SÉRIES E FILMES-percentage":0.6148440931049627,"JOGOS-occurances":13,"JOGOS-percentage":0.5709266578831796,"EDUCAÇÃO-occurances":12,"EDUCAÇÃO-percentage":0.5270092226613966,"VIAGENS-occurances":11,"VIAGENS-percentage":0.4830917874396135,"POLÍTICA-occurances":8,"POLÍTICA-percentage":0.3513394817742644,"HUMOR-occurances":6,"HUMOR-percentage":0.2635046113306983,"CARROS-occurances":5,"CARROS-percentage":0.21958717610891523,"TV E CELEBRIDADES-occurances":5,"TV E CELEBRIDADES-percentage":0.21958717610891523,"ESOTERISMO-occurances":2,"ESOTERISMO-percentage":0.0878348704435661,"CIÊNCIA-occurances":1,"CIÊNCIA-percentage":0.04391743522178305,"DECORAÇÃO-occurances":1,"DECORAÇÃO-percentage":0.04391743522178305,"LINKEDIN-occurances":1,"LINKEDIN-percentage":0.04391743522178305,"MODA-occurances":1,"MODA-percentage":0.04391743522178305,"NATUREZA-occurances":1,"NATUREZA-percentage":0.04391743522178305,"ALIMENTAÇÃO E SAÚDE-occurances":0,"ALIMENTAÇÃO E SAÚDE-percentage":0,"INTERNACIONAL-occurances":0,"INTERNACIONAL-percentage":0,"SEXO-occurances":0,"SEXO-percentage":0,"TWITTER-occurances":0,"TWITTER-percentage":0}