{"totalHistoryAmount":6347,"TECNOLOGIA-occurances":1575,"TECNOLOGIA-percentage":24.81487316842603,"FACEBOOK-occurances":663,"FACEBOOK-percentage":10.44587994328029,"NOTÍCIAS-occurances":369,"NOTÍCIAS-percentage":5.813770285174098,"DECORAÇÃO-occurances":350,"DECORAÇÃO-percentage":5.514416259650228,"MODA-occurances":244,"MODA-percentage":3.8443359067275877,"ESPORTE-occurances":208,"ESPORTE-percentage":3.277138805734993,"ESOTERISMO-occurances":149,"ESOTERISMO-percentage":2.34756577910824,"LINKEDIN-occurances":136,"LINKEDIN-percentage":2.142744603749803,"POP/ARTE-occurances":104,"POP/ARTE-percentage":1.6385694028674964,"TV E CELEBRIDADES-occurances":97,"TV E CELEBRIDADES-percentage":1.528281077674492,"YOUTUBE-occurances":80,"YOUTUBE-percentage":1.2604380022057664,"SÉRIES E FILMES-occurances":74,"SÉRIES E FILMES-percentage":1.165905152040334,"POLÍTICA-occurances":52,"POLÍTICA-percentage":0.8192847014337482,"ALIMENTAÇÃO E SAÚDE-occurances":50,"ALIMENTAÇÃO E SAÚDE-percentage":0.7877737513786041,"CARROS-occurances":38,"CARROS-percentage":0.598708051047739,"EDUCAÇÃO-occurances":29,"EDUCAÇÃO-percentage":0.4569087757995904,"ECONOMIA-occurances":23,"ECONOMIA-percentage":0.3623759256341579,"CIÊNCIA-occurances":22,"CIÊNCIA-percentage":0.3466204506065858,"JOGOS-occurances":18,"JOGOS-percentage":0.28359855049629745,"NATUREZA-occurances":18,"NATUREZA-percentage":0.28359855049629745,"SEXO-occurances":16,"SEXO-percentage":0.2520876004411533,"HUMOR-occurances":15,"HUMOR-percentage":0.23633212541358123,"INTERNACIONAL-occurances":13,"INTERNACIONAL-percentage":0.20482117535843705,"TWITTER-occurances":9,"TWITTER-percentage":0.14179927524814873,"FITNESS-occurances":8,"FITNESS-percentage":0.12604380022057665,"INSTAGRAM-occurances":7,"INSTAGRAM-percentage":0.11028832519300456,"VIAGENS-occurances":3,"VIAGENS-percentage":0.047266425082716244}