{"totalHistoryAmount":6573,"TECNOLOGIA-occurances":1876,"TECNOLOGIA-percentage":28.541001064962725,"YOUTUBE-occurances":462,"YOUTUBE-percentage":7.0287539936102235,"NOTÍCIAS-occurances":411,"NOTÍCIAS-percentage":6.252852578731173,"DECORAÇÃO-occurances":367,"DECORAÇÃO-percentage":5.58344743648258,"SÉRIES E FILMES-occurances":295,"SÉRIES E FILMES-percentage":4.488057203712156,"FACEBOOK-occurances":190,"FACEBOOK-percentage":2.8906131142552867,"POP/ARTE-occurances":130,"POP/ARTE-percentage":1.977787920279933,"ESPORTE-occurances":81,"ESPORTE-percentage":1.2323140118667275,"TV E CELEBRIDADES-occurances":72,"TV E CELEBRIDADES-percentage":1.0953902327704244,"MODA-occurances":65,"MODA-percentage":0.9888939601399666,"CARROS-occurances":63,"CARROS-percentage":0.9584664536741214,"ALIMENTAÇÃO E SAÚDE-occurances":57,"ALIMENTAÇÃO E SAÚDE-percentage":0.867183934276586,"JOGOS-occurances":39,"JOGOS-percentage":0.5933363760839799,"VIAGENS-occurances":36,"VIAGENS-percentage":0.5476951163852122,"SEXO-occurances":27,"SEXO-percentage":0.4107713372889092,"INTERNACIONAL-occurances":19,"INTERNACIONAL-percentage":0.28906131142552866,"EDUCAÇÃO-occurances":16,"EDUCAÇÃO-percentage":0.24342005172676098,"CIÊNCIA-occurances":11,"CIÊNCIA-percentage":0.16735128556214818,"HUMOR-occurances":10,"HUMOR-percentage":0.1521375323292256,"LINKEDIN-occurances":10,"LINKEDIN-percentage":0.1521375323292256,"ECONOMIA-occurances":7,"ECONOMIA-percentage":0.10649627263045794,"FITNESS-occurances":7,"FITNESS-percentage":0.10649627263045794,"ESOTERISMO-occurances":6,"ESOTERISMO-percentage":0.09128251939753537,"NATUREZA-occurances":4,"NATUREZA-percentage":0.060855012931690246,"POLÍTICA-occurances":1,"POLÍTICA-percentage":0.015213753232922561,"TWITTER-occurances":1,"TWITTER-percentage":0.015213753232922561,"INSTAGRAM-occurances":0,"INSTAGRAM-percentage":0}