{"totalHistoryAmount":3351,"TECNOLOGIA-occurances":1659,"TECNOLOGIA-percentage":49.5076096687556,"YOUTUBE-occurances":269,"YOUTUBE-percentage":8.027454491196657,"ESPORTE-occurances":143,"ESPORTE-percentage":4.26738287078484,"FACEBOOK-occurances":140,"FACEBOOK-percentage":4.1778573560131305,"FITNESS-occurances":57,"FITNESS-percentage":1.7009847806624887,"POP/ARTE-occurances":37,"POP/ARTE-percentage":1.1041480155177559,"ECONOMIA-occurances":34,"ECONOMIA-percentage":1.0146225007460459,"INSTAGRAM-occurances":33,"INSTAGRAM-percentage":0.9847806624888094,"MODA-occurances":25,"MODA-percentage":0.7460459564309161,"TV E CELEBRIDADES-occurances":19,"TV E CELEBRIDADES-percentage":0.5669949268874963,"JOGOS-occurances":18,"JOGOS-percentage":0.5371530886302597,"NOTÍCIAS-occurances":17,"NOTÍCIAS-percentage":0.5073112503730229,"SÉRIES E FILMES-occurances":17,"SÉRIES E FILMES-percentage":0.5073112503730229,"POLÍTICA-occurances":15,"POLÍTICA-percentage":0.4476275738585497,"EDUCAÇÃO-occurances":13,"EDUCAÇÃO-percentage":0.3879438973440764,"VIAGENS-occurances":12,"VIAGENS-percentage":0.35810205908683973,"INTERNACIONAL-occurances":9,"INTERNACIONAL-percentage":0.26857654431512984,"CARROS-occurances":7,"CARROS-percentage":0.20889286780065652,"HUMOR-occurances":6,"HUMOR-percentage":0.17905102954341987,"DECORAÇÃO-occurances":4,"DECORAÇÃO-percentage":0.11936735302894658,"ESOTERISMO-occurances":2,"ESOTERISMO-percentage":0.05968367651447329,"CIÊNCIA-occurances":1,"CIÊNCIA-percentage":0.029841838257236644,"LINKEDIN-occurances":1,"LINKEDIN-percentage":0.029841838257236644,"NATUREZA-occurances":1,"NATUREZA-percentage":0.029841838257236644,"TWITTER-occurances":1,"TWITTER-percentage":0.029841838257236644,"ALIMENTAÇÃO E SAÚDE-occurances":0,"ALIMENTAÇÃO E SAÚDE-percentage":0,"SEXO-occurances":0,"SEXO-percentage":0}