{"totalHistoryAmount":7201,"TECNOLOGIA-occurances":1784,"TECNOLOGIA-percentage":24.774336897653104,"NOTÍCIAS-occurances":556,"NOTÍCIAS-percentage":7.721149840299958,"FACEBOOK-occurances":546,"FACEBOOK-percentage":7.582280238855715,"DECORAÇÃO-occurances":328,"DECORAÇÃO-percentage":4.554922927371199,"MODA-occurances":278,"MODA-percentage":3.860574920149979,"ESPORTE-occurances":219,"ESPORTE-percentage":3.0412442716289405,"YOUTUBE-occurances":125,"YOUTUBE-percentage":1.7358700180530482,"POP/ARTE-occurances":120,"POP/ARTE-percentage":1.6664352173309263,"SÉRIES E FILMES-occurances":108,"SÉRIES E FILMES-percentage":1.4997916955978337,"LINKEDIN-occurances":86,"LINKEDIN-percentage":1.1942785724204972,"ESOTERISMO-occurances":78,"ESOTERISMO-percentage":1.083182891265102,"TV E CELEBRIDADES-occurances":66,"TV E CELEBRIDADES-percentage":0.9165393695320094,"ALIMENTAÇÃO E SAÚDE-occurances":58,"ALIMENTAÇÃO E SAÚDE-percentage":0.8054436883766144,"EDUCAÇÃO-occurances":38,"EDUCAÇÃO-percentage":0.5277044854881267,"JOGOS-occurances":34,"JOGOS-percentage":0.4721566449104291,"VIAGENS-occurances":32,"VIAGENS-percentage":0.44438272462158035,"CARROS-occurances":29,"CARROS-percentage":0.4027218441883072,"CIÊNCIA-occurances":23,"CIÊNCIA-percentage":0.31940008332176084,"SEXO-occurances":23,"SEXO-percentage":0.31940008332176084,"INTERNACIONAL-occurances":21,"INTERNACIONAL-percentage":0.2916261630329121,"HUMOR-occurances":20,"HUMOR-percentage":0.2777392028884877,"ECONOMIA-occurances":13,"ECONOMIA-percentage":0.18053048187751702,"POLÍTICA-occurances":13,"POLÍTICA-percentage":0.18053048187751702,"NATUREZA-occurances":8,"NATUREZA-percentage":0.11109568115539509,"TWITTER-occurances":7,"TWITTER-percentage":0.0972087210109707,"INSTAGRAM-occurances":6,"INSTAGRAM-percentage":0.08332176086654632,"FITNESS-occurances":5,"FITNESS-percentage":0.06943480072212192}