{"totalHistoryAmount":8802,"TECNOLOGIA-occurances":4104,"TECNOLOGIA-percentage":46.625766871165645,"ESPORTE-occurances":1431,"ESPORTE-percentage":16.257668711656443,"FACEBOOK-occurances":1052,"FACEBOOK-percentage":11.95182912974324,"SEXO-occurances":414,"SEXO-percentage":4.703476482617587,"INSTAGRAM-occurances":188,"INSTAGRAM-percentage":2.1358782094978412,"CARROS-occurances":120,"CARROS-percentage":1.3633265167007498,"DECORAÇÃO-occurances":67,"DECORAÇÃO-percentage":0.761190638491252,"POP/ARTE-occurances":65,"POP/ARTE-percentage":0.7384685298795728,"EDUCAÇÃO-occurances":63,"EDUCAÇÃO-percentage":0.7157464212678937,"NOTÍCIAS-occurances":56,"NOTÍCIAS-percentage":0.6362190411270165,"YOUTUBE-occurances":46,"YOUTUBE-percentage":0.5226084980686208,"ESOTERISMO-occurances":43,"ESOTERISMO-percentage":0.488525335151102,"LINKEDIN-occurances":38,"LINKEDIN-percentage":0.4317200636219041,"JOGOS-occurances":25,"JOGOS-percentage":0.28402635764598955,"SÉRIES E FILMES-occurances":24,"SÉRIES E FILMES-percentage":0.27266530334015,"MODA-occurances":16,"MODA-percentage":0.1817768688934333,"TWITTER-occurances":15,"TWITTER-percentage":0.17041581458759372,"ECONOMIA-occurances":11,"ECONOMIA-percentage":0.1249715973642354,"TV E CELEBRIDADES-occurances":11,"TV E CELEBRIDADES-percentage":0.1249715973642354,"ALIMENTAÇÃO E SAÚDE-occurances":4,"ALIMENTAÇÃO E SAÚDE-percentage":0.04544421722335833,"FITNESS-occurances":4,"FITNESS-percentage":0.04544421722335833,"VIAGENS-occurances":3,"VIAGENS-percentage":0.03408316291751875,"POLÍTICA-occurances":2,"POLÍTICA-percentage":0.022722108611679163,"CIÊNCIA-occurances":1,"CIÊNCIA-percentage":0.011361054305839582,"INTERNACIONAL-occurances":1,"INTERNACIONAL-percentage":0.011361054305839582,"HUMOR-occurances":0,"HUMOR-percentage":0,"NATUREZA-occurances":0,"NATUREZA-percentage":0}