{"totalHistoryAmount":6507,"TECNOLOGIA-occurances":1828,"TECNOLOGIA-percentage":28.092823113570002,"YOUTUBE-occurances":446,"YOUTUBE-percentage":6.8541570616259415,"NOTÍCIAS-occurances":433,"NOTÍCIAS-percentage":6.654372214538189,"DECORAÇÃO-occurances":364,"DECORAÇÃO-percentage":5.593975718457046,"SÉRIES E FILMES-occurances":258,"SÉRIES E FILMES-percentage":3.9649608114338406,"FACEBOOK-occurances":185,"FACEBOOK-percentage":2.843092054710312,"POP/ARTE-occurances":126,"POP/ARTE-percentage":1.9363762102351314,"ESPORTE-occurances":92,"ESPORTE-percentage":1.4138619947748579,"TV E CELEBRIDADES-occurances":72,"TV E CELEBRIDADES-percentage":1.1065006915629323,"MODA-occurances":64,"MODA-percentage":0.983556170278162,"CARROS-occurances":63,"CARROS-percentage":0.9681881051175657,"ALIMENTAÇÃO E SAÚDE-occurances":58,"ALIMENTAÇÃO E SAÚDE-percentage":0.8913477793145843,"JOGOS-occurances":39,"JOGOS-percentage":0.5993545412632549,"VIAGENS-occurances":36,"VIAGENS-percentage":0.5532503457814661,"SEXO-occurances":28,"SEXO-percentage":0.43030582449669585,"EDUCAÇÃO-occurances":24,"EDUCAÇÃO-percentage":0.36883356385431076,"INTERNACIONAL-occurances":19,"INTERNACIONAL-percentage":0.2919932380513293,"CIÊNCIA-occurances":11,"CIÊNCIA-percentage":0.16904871676655908,"HUMOR-occurances":10,"HUMOR-percentage":0.1536806516059628,"LINKEDIN-occurances":10,"LINKEDIN-percentage":0.1536806516059628,"ESOTERISMO-occurances":9,"ESOTERISMO-percentage":0.13831258644536654,"ECONOMIA-occurances":8,"ECONOMIA-percentage":0.12294452128477025,"FITNESS-occurances":7,"FITNESS-percentage":0.10757645612417396,"NATUREZA-occurances":4,"NATUREZA-percentage":0.061472260642385125,"POLÍTICA-occurances":1,"POLÍTICA-percentage":0.015368065160596281,"TWITTER-occurances":1,"TWITTER-percentage":0.015368065160596281,"INSTAGRAM-occurances":0,"INSTAGRAM-percentage":0}