{"totalHistoryAmount":7178,"TECNOLOGIA-occurances":1820,"TECNOLOGIA-percentage":25.35525215937587,"NOTÍCIAS-occurances":530,"NOTÍCIAS-percentage":7.383672332125941,"FACEBOOK-occurances":526,"FACEBOOK-percentage":7.3279465032042355,"DECORAÇÃO-occurances":348,"DECORAÇÃO-percentage":4.848147116188353,"MODA-occurances":277,"MODA-percentage":3.859013652828086,"ESPORTE-occurances":209,"ESPORTE-percentage":2.911674561159097,"POP/ARTE-occurances":126,"POP/ARTE-percentage":1.755363611033714,"YOUTUBE-occurances":125,"YOUTUBE-percentage":1.7414321538032878,"SÉRIES E FILMES-occurances":108,"SÉRIES E FILMES-percentage":1.5045973808860407,"ESOTERISMO-occurances":75,"ESOTERISMO-percentage":1.0448592922819726,"LINKEDIN-occurances":63,"LINKEDIN-percentage":0.877681805516857,"TV E CELEBRIDADES-occurances":63,"TV E CELEBRIDADES-percentage":0.877681805516857,"ALIMENTAÇÃO E SAÚDE-occurances":54,"ALIMENTAÇÃO E SAÚDE-percentage":0.7522986904430203,"EDUCAÇÃO-occurances":35,"EDUCAÇÃO-percentage":0.4876010030649206,"JOGOS-occurances":34,"JOGOS-percentage":0.4736695458344943,"VIAGENS-occurances":33,"VIAGENS-percentage":0.459738088604068,"CARROS-occurances":29,"CARROS-percentage":0.40401225968236276,"SEXO-occurances":23,"SEXO-percentage":0.320423516299805,"CIÊNCIA-occurances":22,"CIÊNCIA-percentage":0.30649205906937865,"INTERNACIONAL-occurances":21,"INTERNACIONAL-percentage":0.2925606018389523,"HUMOR-occurances":19,"HUMOR-percentage":0.26469768737809973,"POLÍTICA-occurances":13,"POLÍTICA-percentage":0.18110894399554192,"ECONOMIA-occurances":12,"ECONOMIA-percentage":0.16717748676511562,"NATUREZA-occurances":8,"NATUREZA-percentage":0.11145165784341042,"TWITTER-occurances":7,"TWITTER-percentage":0.09752020061298412,"INSTAGRAM-occurances":6,"INSTAGRAM-percentage":0.08358874338255781,"FITNESS-occurances":5,"FITNESS-percentage":0.06965728615213151}