{"totalHistoryAmount":4068,"TECNOLOGIA-occurances":2097,"TECNOLOGIA-percentage":51.54867256637168,"YOUTUBE-occurances":282,"YOUTUBE-percentage":6.932153392330384,"FACEBOOK-occurances":206,"FACEBOOK-percentage":5.063913470993117,"ESPORTE-occurances":185,"ESPORTE-percentage":4.5476892822025565,"POP/ARTE-occurances":65,"POP/ARTE-percentage":1.5978367748279252,"FITNESS-occurances":57,"FITNESS-percentage":1.40117994100295,"ECONOMIA-occurances":36,"ECONOMIA-percentage":0.8849557522123894,"INSTAGRAM-occurances":33,"INSTAGRAM-percentage":0.8112094395280236,"NOTÍCIAS-occurances":26,"NOTÍCIAS-percentage":0.63913470993117,"MODA-occurances":24,"MODA-percentage":0.5899705014749262,"TV E CELEBRIDADES-occurances":20,"TV E CELEBRIDADES-percentage":0.4916420845624385,"POLÍTICA-occurances":18,"POLÍTICA-percentage":0.4424778761061947,"ESOTERISMO-occurances":17,"ESOTERISMO-percentage":0.41789577187807275,"JOGOS-occurances":17,"JOGOS-percentage":0.41789577187807275,"SÉRIES E FILMES-occurances":17,"SÉRIES E FILMES-percentage":0.41789577187807275,"EDUCAÇÃO-occurances":13,"EDUCAÇÃO-percentage":0.319567354965585,"VIAGENS-occurances":12,"VIAGENS-percentage":0.2949852507374631,"INTERNACIONAL-occurances":10,"INTERNACIONAL-percentage":0.24582104228121926,"CARROS-occurances":8,"CARROS-percentage":0.19665683382497542,"LINKEDIN-occurances":7,"LINKEDIN-percentage":0.1720747295968535,"DECORAÇÃO-occurances":6,"DECORAÇÃO-percentage":0.14749262536873156,"HUMOR-occurances":6,"HUMOR-percentage":0.14749262536873156,"SEXO-occurances":5,"SEXO-percentage":0.12291052114060963,"TWITTER-occurances":3,"TWITTER-percentage":0.07374631268436578,"NATUREZA-occurances":1,"NATUREZA-percentage":0.024582104228121928,"ALIMENTAÇÃO E SAÚDE-occurances":0,"ALIMENTAÇÃO E SAÚDE-percentage":0,"CIÊNCIA-occurances":0,"CIÊNCIA-percentage":0}