{"totalHistoryAmount":5179,"TECNOLOGIA-occurances":1541,"TECNOLOGIA-percentage":29.754778914848426,"YOUTUBE-occurances":602,"YOUTUBE-percentage":11.623865611121838,"SÉRIES E FILMES-occurances":407,"SÉRIES E FILMES-percentage":7.858659972967755,"DECORAÇÃO-occurances":361,"DECORAÇÃO-percentage":6.970457617300637,"FACEBOOK-occurances":123,"FACEBOOK-percentage":2.374975864066422,"NOTÍCIAS-occurances":103,"NOTÍCIAS-percentage":1.9888009268198494,"POP/ARTE-occurances":82,"POP/ARTE-percentage":1.583317242710948,"CARROS-occurances":58,"CARROS-percentage":1.1199073180150607,"ALIMENTAÇÃO E SAÚDE-occurances":47,"ALIMENTAÇÃO E SAÚDE-percentage":0.9075111025294459,"TV E CELEBRIDADES-occurances":43,"TV E CELEBRIDADES-percentage":0.8302761150801313,"ESPORTE-occurances":40,"ESPORTE-percentage":0.7723498744931454,"SEXO-occurances":23,"SEXO-percentage":0.4441011778335586,"MODA-occurances":20,"MODA-percentage":0.3861749372465727,"INTERNACIONAL-occurances":14,"INTERNACIONAL-percentage":0.2703224560726009,"VIAGENS-occurances":10,"VIAGENS-percentage":0.19308746862328635,"JOGOS-occurances":8,"JOGOS-percentage":0.15446997489862907,"EDUCAÇÃO-occurances":7,"EDUCAÇÃO-percentage":0.13516122803630046,"ESOTERISMO-occurances":7,"ESOTERISMO-percentage":0.13516122803630046,"CIÊNCIA-occurances":6,"CIÊNCIA-percentage":0.1158524811739718,"FITNESS-occurances":6,"FITNESS-percentage":0.1158524811739718,"INSTAGRAM-occurances":6,"INSTAGRAM-percentage":0.1158524811739718,"LINKEDIN-occurances":6,"LINKEDIN-percentage":0.1158524811739718,"HUMOR-occurances":5,"HUMOR-percentage":0.09654373431164318,"NATUREZA-occurances":3,"NATUREZA-percentage":0.0579262405869859,"ECONOMIA-occurances":1,"ECONOMIA-percentage":0.019308746862328634,"POLÍTICA-occurances":1,"POLÍTICA-percentage":0.019308746862328634,"TWITTER-occurances":1,"TWITTER-percentage":0.019308746862328634}