{"totalHistoryAmount":6983,"TECNOLOGIA-occurances":1788,"TECNOLOGIA-percentage":25.60504081340398,"NOTÍCIAS-occurances":503,"NOTÍCIAS-percentage":7.203207790347988,"FACEBOOK-occurances":452,"FACEBOOK-percentage":6.472862666475727,"DECORAÇÃO-occurances":365,"DECORAÇÃO-percentage":5.226979808105399,"MODA-occurances":278,"MODA-percentage":3.981096949735071,"ESPORTE-occurances":196,"ESPORTE-percentage":2.8068165544894743,"YOUTUBE-occurances":188,"YOUTUBE-percentage":2.692252613489904,"POP/ARTE-occurances":128,"POP/ARTE-percentage":1.8330230559931262,"SÉRIES E FILMES-occurances":108,"SÉRIES E FILMES-percentage":1.5466132034942002,"TV E CELEBRIDADES-occurances":59,"TV E CELEBRIDADES-percentage":0.8449090648718316,"ALIMENTAÇÃO E SAÚDE-occurances":54,"ALIMENTAÇÃO E SAÚDE-percentage":0.7733066017471001,"CARROS-occurances":37,"CARROS-percentage":0.529858227123013,"EDUCAÇÃO-occurances":35,"EDUCAÇÃO-percentage":0.5012172418731204,"JOGOS-occurances":35,"JOGOS-percentage":0.5012172418731204,"VIAGENS-occurances":34,"VIAGENS-percentage":0.4868967492481741,"SEXO-occurances":33,"SEXO-percentage":0.47257625662322783,"LINKEDIN-occurances":31,"LINKEDIN-percentage":0.4439352713733352,"INTERNACIONAL-occurances":22,"INTERNACIONAL-percentage":0.31505083774881854,"CIÊNCIA-occurances":21,"CIÊNCIA-percentage":0.30073034512387226,"HUMOR-occurances":19,"HUMOR-percentage":0.27208935987397964,"ECONOMIA-occurances":11,"ECONOMIA-percentage":0.15752541887440927,"NATUREZA-occurances":8,"NATUREZA-percentage":0.11456394099957039,"POLÍTICA-occurances":8,"POLÍTICA-percentage":0.11456394099957039,"ESOTERISMO-occurances":6,"ESOTERISMO-percentage":0.08592295574967779,"FITNESS-occurances":5,"FITNESS-percentage":0.0716024631247315,"TWITTER-occurances":5,"TWITTER-percentage":0.0716024631247315,"INSTAGRAM-occurances":4,"INSTAGRAM-percentage":0.057281970499785194}