{"totalHistoryAmount":7202,"TECNOLOGIA-occurances":1784,"TECNOLOGIA-percentage":24.77089697306304,"NOTÍCIAS-occurances":556,"NOTÍCIAS-percentage":7.720077756178839,"FACEBOOK-occurances":546,"FACEBOOK-percentage":7.581227436823105,"DECORAÇÃO-occurances":328,"DECORAÇÃO-percentage":4.554290474868092,"MODA-occurances":278,"MODA-percentage":3.8600388780894197,"ESPORTE-occurances":219,"ESPORTE-percentage":3.040821993890586,"YOUTUBE-occurances":125,"YOUTUBE-percentage":1.7356289919466814,"POP/ARTE-occurances":120,"POP/ARTE-percentage":1.6662038322688142,"SÉRIES E FILMES-occurances":108,"SÉRIES E FILMES-percentage":1.4995834490419329,"LINKEDIN-occurances":86,"LINKEDIN-percentage":1.1941127464593169,"ESOTERISMO-occurances":78,"ESOTERISMO-percentage":1.0830324909747293,"TV E CELEBRIDADES-occurances":66,"TV E CELEBRIDADES-percentage":0.9164121077478479,"ALIMENTAÇÃO E SAÚDE-occurances":58,"ALIMENTAÇÃO E SAÚDE-percentage":0.8053318522632602,"EDUCAÇÃO-occurances":38,"EDUCAÇÃO-percentage":0.5276312135517912,"JOGOS-occurances":34,"JOGOS-percentage":0.4720910858094974,"VIAGENS-occurances":32,"VIAGENS-percentage":0.44432102193835044,"CARROS-occurances":29,"CARROS-percentage":0.4026659261316301,"CIÊNCIA-occurances":23,"CIÊNCIA-percentage":0.3193557345181894,"SEXO-occurances":23,"SEXO-percentage":0.3193557345181894,"INTERNACIONAL-occurances":21,"INTERNACIONAL-percentage":0.2915856706470425,"HUMOR-occurances":20,"HUMOR-percentage":0.27770063871146905,"ECONOMIA-occurances":13,"ECONOMIA-percentage":0.18050541516245489,"POLÍTICA-occurances":13,"POLÍTICA-percentage":0.18050541516245489,"NATUREZA-occurances":8,"NATUREZA-percentage":0.11108025548458761,"TWITTER-occurances":7,"TWITTER-percentage":0.09719522354901416,"INSTAGRAM-occurances":6,"INSTAGRAM-percentage":0.0833101916134407,"FITNESS-occurances":5,"FITNESS-percentage":0.06942515967786726}