{"totalHistoryAmount":2633,"TECNOLOGIA-occurances":1034,"TECNOLOGIA-percentage":39.270793771363465,"DECORAÇÃO-occurances":315,"DECORAÇÃO-percentage":11.963539688568174,"FACEBOOK-occurances":99,"FACEBOOK-percentage":3.7599696164071403,"ESPORTE-occurances":64,"ESPORTE-percentage":2.4306874287884543,"POP/ARTE-occurances":37,"POP/ARTE-percentage":1.4052411697683251,"NOTÍCIAS-occurances":34,"NOTÍCIAS-percentage":1.2913026965438663,"ALIMENTAÇÃO E SAÚDE-occurances":31,"ALIMENTAÇÃO E SAÚDE-percentage":1.1773642233194075,"SÉRIES E FILMES-occurances":31,"SÉRIES E FILMES-percentage":1.1773642233194075,"MODA-occurances":25,"MODA-percentage":0.94948727687049,"YOUTUBE-occurances":17,"YOUTUBE-percentage":0.6456513482719332,"ECONOMIA-occurances":10,"ECONOMIA-percentage":0.379794910748196,"FITNESS-occurances":10,"FITNESS-percentage":0.379794910748196,"JOGOS-occurances":9,"JOGOS-percentage":0.34181541967337636,"INSTAGRAM-occurances":8,"INSTAGRAM-percentage":0.3038359285985568,"INTERNACIONAL-occurances":6,"INTERNACIONAL-percentage":0.2278769464489176,"VIAGENS-occurances":6,"VIAGENS-percentage":0.2278769464489176,"CARROS-occurances":5,"CARROS-percentage":0.189897455374098,"EDUCAÇÃO-occurances":5,"EDUCAÇÃO-percentage":0.189897455374098,"ESOTERISMO-occurances":4,"ESOTERISMO-percentage":0.1519179642992784,"NATUREZA-occurances":4,"NATUREZA-percentage":0.1519179642992784,"SEXO-occurances":4,"SEXO-percentage":0.1519179642992784,"TV E CELEBRIDADES-occurances":4,"TV E CELEBRIDADES-percentage":0.1519179642992784,"HUMOR-occurances":3,"HUMOR-percentage":0.1139384732244588,"CIÊNCIA-occurances":1,"CIÊNCIA-percentage":0.0379794910748196,"POLÍTICA-occurances":1,"POLÍTICA-percentage":0.0379794910748196,"TWITTER-occurances":1,"TWITTER-percentage":0.0379794910748196,"LINKEDIN-occurances":0,"LINKEDIN-percentage":0}