{"totalHistoryAmount":9045,"TECNOLOGIA-occurances":4269,"TECNOLOGIA-percentage":47.19734660033168,"ESPORTE-occurances":1433,"ESPORTE-percentage":15.843007186290768,"FACEBOOK-occurances":1072,"FACEBOOK-percentage":11.851851851851851,"SEXO-occurances":414,"SEXO-percentage":4.577114427860696,"INSTAGRAM-occurances":197,"INSTAGRAM-percentage":2.1779988944168047,"CARROS-occurances":120,"CARROS-percentage":1.3266998341625207,"DECORAÇÃO-occurances":67,"DECORAÇÃO-percentage":0.7407407407407407,"POP/ARTE-occurances":65,"POP/ARTE-percentage":0.718629076838032,"EDUCAÇÃO-occurances":63,"EDUCAÇÃO-percentage":0.6965174129353234,"NOTÍCIAS-occurances":63,"NOTÍCIAS-percentage":0.6965174129353234,"YOUTUBE-occurances":46,"YOUTUBE-percentage":0.5085682697622996,"ESOTERISMO-occurances":43,"ESOTERISMO-percentage":0.4754007739082366,"LINKEDIN-occurances":38,"LINKEDIN-percentage":0.4201216141514649,"JOGOS-occurances":26,"JOGOS-percentage":0.28745163073521285,"SÉRIES E FILMES-occurances":24,"SÉRIES E FILMES-percentage":0.26533996683250416,"MODA-occurances":17,"MODA-percentage":0.18794914317302377,"TWITTER-occurances":15,"TWITTER-percentage":0.16583747927031509,"TV E CELEBRIDADES-occurances":12,"TV E CELEBRIDADES-percentage":0.13266998341625208,"ECONOMIA-occurances":11,"ECONOMIA-percentage":0.12161415146489774,"FITNESS-occurances":5,"FITNESS-percentage":0.055279159756771695,"ALIMENTAÇÃO E SAÚDE-occurances":4,"ALIMENTAÇÃO E SAÚDE-percentage":0.04422332780541736,"INTERNACIONAL-occurances":4,"INTERNACIONAL-percentage":0.04422332780541736,"CIÊNCIA-occurances":3,"CIÊNCIA-percentage":0.03316749585406302,"VIAGENS-occurances":3,"VIAGENS-percentage":0.03316749585406302,"POLÍTICA-occurances":2,"POLÍTICA-percentage":0.02211166390270868,"NATUREZA-occurances":1,"NATUREZA-percentage":0.01105583195135434,"HUMOR-occurances":0,"HUMOR-percentage":0}