{"totalHistoryAmount":7301,"TECNOLOGIA-occurances":1752,"TECNOLOGIA-percentage":23.99671277907136,"NOTÍCIAS-occurances":602,"NOTÍCIAS-percentage":8.245445829338447,"FACEBOOK-occurances":590,"FACEBOOK-percentage":8.081084782906451,"DECORAÇÃO-occurances":398,"DECORAÇÃO-percentage":5.4513080399945215,"MODA-occurances":284,"MODA-percentage":3.889878098890563,"ESPORTE-occurances":228,"ESPORTE-percentage":3.1228598822079165,"POP/ARTE-occurances":135,"POP/ARTE-percentage":1.8490617723599507,"LINKEDIN-occurances":124,"LINKEDIN-percentage":1.698397479797288,"YOUTUBE-occurances":103,"YOUTUBE-percentage":1.4107656485412956,"ESOTERISMO-occurances":95,"ESOTERISMO-percentage":1.301191617586632,"SÉRIES E FILMES-occurances":84,"SÉRIES E FILMES-percentage":1.1505273250239694,"TV E CELEBRIDADES-occurances":69,"TV E CELEBRIDADES-percentage":0.9450760169839748,"ALIMENTAÇÃO E SAÚDE-occurances":60,"ALIMENTAÇÃO E SAÚDE-percentage":0.8218052321599781,"EDUCAÇÃO-occurances":41,"EDUCAÇÃO-percentage":0.5615669086426517,"CARROS-occurances":36,"CARROS-percentage":0.49308313929598685,"JOGOS-occurances":35,"JOGOS-percentage":0.4793863854266539,"VIAGENS-occurances":31,"VIAGENS-percentage":0.424599369949322,"POLÍTICA-occurances":28,"POLÍTICA-percentage":0.3835091083413231,"CIÊNCIA-occurances":24,"CIÊNCIA-percentage":0.32872209286399123,"INTERNACIONAL-occurances":21,"INTERNACIONAL-percentage":0.28763183125599234,"HUMOR-occurances":19,"HUMOR-percentage":0.2602383235173264,"ECONOMIA-occurances":17,"ECONOMIA-percentage":0.23284481577866045,"SEXO-occurances":16,"SEXO-percentage":0.21914806190932748,"FITNESS-occurances":7,"FITNESS-percentage":0.09587727708533078,"NATUREZA-occurances":7,"NATUREZA-percentage":0.09587727708533078,"TWITTER-occurances":7,"TWITTER-percentage":0.09587727708533078,"INSTAGRAM-occurances":6,"INSTAGRAM-percentage":0.08218052321599781}