{"totalHistoryAmount":6956,"TECNOLOGIA-occurances":1786,"TECNOLOGIA-percentage":25.675675675675677,"NOTÍCIAS-occurances":495,"NOTÍCIAS-percentage":7.116158711903393,"FACEBOOK-occurances":442,"FACEBOOK-percentage":6.354226566992525,"DECORAÇÃO-occurances":365,"DECORAÇÃO-percentage":5.247268545140885,"MODA-occurances":276,"MODA-percentage":3.9677975848188614,"ESPORTE-occurances":196,"ESPORTE-percentage":2.8177113283496262,"YOUTUBE-occurances":188,"YOUTUBE-percentage":2.7027027027027026,"POP/ARTE-occurances":128,"POP/ARTE-percentage":1.8401380103507763,"SÉRIES E FILMES-occurances":108,"SÉRIES E FILMES-percentage":1.5526164462334675,"TV E CELEBRIDADES-occurances":59,"TV E CELEBRIDADES-percentage":0.848188614146061,"ALIMENTAÇÃO E SAÚDE-occurances":54,"ALIMENTAÇÃO E SAÚDE-percentage":0.7763082231167338,"CARROS-occurances":36,"CARROS-percentage":0.5175388154111559,"EDUCAÇÃO-occurances":35,"EDUCAÇÃO-percentage":0.5031627372052904,"JOGOS-occurances":35,"JOGOS-percentage":0.5031627372052904,"VIAGENS-occurances":34,"VIAGENS-percentage":0.48878665899942497,"SEXO-occurances":33,"SEXO-percentage":0.4744105807935595,"LINKEDIN-occurances":29,"LINKEDIN-percentage":0.4169062679700978,"INTERNACIONAL-occurances":22,"INTERNACIONAL-percentage":0.3162737205290397,"CIÊNCIA-occurances":21,"CIÊNCIA-percentage":0.30189764232317423,"HUMOR-occurances":19,"HUMOR-percentage":0.27314548591144333,"ECONOMIA-occurances":11,"ECONOMIA-percentage":0.15813686026451984,"NATUREZA-occurances":8,"NATUREZA-percentage":0.11500862564692352,"POLÍTICA-occurances":8,"POLÍTICA-percentage":0.11500862564692352,"ESOTERISMO-occurances":6,"ESOTERISMO-percentage":0.08625646923519265,"FITNESS-occurances":5,"FITNESS-percentage":0.0718803910293272,"TWITTER-occurances":5,"TWITTER-percentage":0.0718803910293272,"INSTAGRAM-occurances":4,"INSTAGRAM-percentage":0.05750431282346176}