{"totalHistoryAmount":7223,"TECNOLOGIA-occurances":1815,"TECNOLOGIA-percentage":25.128063131662746,"NOTÍCIAS-occurances":552,"NOTÍCIAS-percentage":7.6422539111172645,"FACEBOOK-occurances":543,"FACEBOOK-percentage":7.517651945175135,"DECORAÇÃO-occurances":323,"DECORAÇÃO-percentage":4.471826111034196,"MODA-occurances":278,"MODA-percentage":3.8488162813235496,"ESPORTE-occurances":211,"ESPORTE-percentage":2.921223868198809,"YOUTUBE-occurances":125,"YOUTUBE-percentage":1.7305828603073514,"POP/ARTE-occurances":122,"POP/ARTE-percentage":1.689048871659975,"SÉRIES E FILMES-occurances":108,"SÉRIES E FILMES-percentage":1.4952235913055516,"LINKEDIN-occurances":85,"LINKEDIN-percentage":1.176796345008999,"ESOTERISMO-occurances":78,"ESOTERISMO-percentage":1.0798837048317873,"TV E CELEBRIDADES-occurances":63,"TV E CELEBRIDADES-percentage":0.8722137615949052,"ALIMENTAÇÃO E SAÚDE-occurances":58,"ALIMENTAÇÃO E SAÚDE-percentage":0.8029904471826111,"EDUCAÇÃO-occurances":36,"EDUCAÇÃO-percentage":0.49840786376851726,"JOGOS-occurances":34,"JOGOS-percentage":0.4707185380035996,"VIAGENS-occurances":33,"VIAGENS-percentage":0.4568738751211408,"CARROS-occurances":30,"CARROS-percentage":0.41533988647376435,"CIÊNCIA-occurances":23,"CIÊNCIA-percentage":0.31842724629655267,"SEXO-occurances":23,"SEXO-percentage":0.31842724629655267,"INTERNACIONAL-occurances":21,"INTERNACIONAL-percentage":0.29073792053163505,"HUMOR-occurances":19,"HUMOR-percentage":0.26304859476671744,"ECONOMIA-occurances":13,"ECONOMIA-percentage":0.17998061747196456,"POLÍTICA-occurances":13,"POLÍTICA-percentage":0.17998061747196456,"NATUREZA-occurances":8,"NATUREZA-percentage":0.11075730305967049,"TWITTER-occurances":7,"TWITTER-percentage":0.09691264017721168,"INSTAGRAM-occurances":6,"INSTAGRAM-percentage":0.08306797729475288,"FITNESS-occurances":5,"FITNESS-percentage":0.06922331441229405}