{"totalHistoryAmount":7048,"TECNOLOGIA-occurances":1746,"TECNOLOGIA-percentage":24.772985244040864,"NOTÍCIAS-occurances":523,"NOTÍCIAS-percentage":7.420544835414302,"FACEBOOK-occurances":509,"FACEBOOK-percentage":7.221906923950057,"DECORAÇÃO-occurances":348,"DECORAÇÃO-percentage":4.937570942111237,"MODA-occurances":280,"MODA-percentage":3.9727582292849033,"ESPORTE-occurances":209,"ESPORTE-percentage":2.9653802497162314,"YOUTUBE-occurances":125,"YOUTUBE-percentage":1.7735527809307605,"POP/ARTE-occurances":124,"POP/ARTE-percentage":1.7593643586833143,"SÉRIES E FILMES-occurances":110,"SÉRIES E FILMES-percentage":1.5607264472190692,"ESOTERISMO-occurances":69,"ESOTERISMO-percentage":0.9790011350737798,"TV E CELEBRIDADES-occurances":63,"TV E CELEBRIDADES-percentage":0.8938706015891033,"ALIMENTAÇÃO E SAÚDE-occurances":54,"ALIMENTAÇÃO E SAÚDE-percentage":0.7661748013620885,"LINKEDIN-occurances":46,"LINKEDIN-percentage":0.6526674233825198,"EDUCAÇÃO-occurances":36,"EDUCAÇÃO-percentage":0.5107832009080591,"JOGOS-occurances":35,"JOGOS-percentage":0.4965947786606129,"SEXO-occurances":34,"SEXO-percentage":0.48240635641316687,"VIAGENS-occurances":33,"VIAGENS-percentage":0.4682179341657208,"CARROS-occurances":28,"CARROS-percentage":0.39727582292849034,"CIÊNCIA-occurances":22,"CIÊNCIA-percentage":0.31214528944381387,"INTERNACIONAL-occurances":21,"INTERNACIONAL-percentage":0.29795686719636777,"HUMOR-occurances":19,"HUMOR-percentage":0.2695800227014756,"ECONOMIA-occurances":12,"ECONOMIA-percentage":0.170261066969353,"POLÍTICA-occurances":12,"POLÍTICA-percentage":0.170261066969353,"NATUREZA-occurances":8,"NATUREZA-percentage":0.11350737797956867,"TWITTER-occurances":7,"TWITTER-percentage":0.09931895573212259,"INSTAGRAM-occurances":6,"INSTAGRAM-percentage":0.0851305334846765,"FITNESS-occurances":5,"FITNESS-percentage":0.07094211123723042}