{"totalHistoryAmount":6999,"TECNOLOGIA-occurances":1846,"TECNOLOGIA-percentage":26.37519645663666,"NOTÍCIAS-occurances":477,"NOTÍCIAS-percentage":6.815259322760395,"FACEBOOK-occurances":400,"FACEBOOK-percentage":5.7151021574510645,"DECORAÇÃO-occurances":385,"DECORAÇÃO-percentage":5.500785826546649,"MODA-occurances":274,"MODA-percentage":3.914844977853979,"YOUTUBE-occurances":189,"YOUTUBE-percentage":2.700385769395628,"ESPORTE-occurances":185,"ESPORTE-percentage":2.643234747821117,"SÉRIES E FILMES-occurances":141,"SÉRIES E FILMES-percentage":2.0145735105015,"POP/ARTE-occurances":131,"POP/ARTE-percentage":1.8716959565652236,"ALIMENTAÇÃO E SAÚDE-occurances":62,"ALIMENTAÇÃO E SAÚDE-percentage":0.885840834404915,"TV E CELEBRIDADES-occurances":58,"TV E CELEBRIDADES-percentage":0.8286898128304043,"CARROS-occurances":49,"CARROS-percentage":0.7001000142877554,"JOGOS-occurances":36,"JOGOS-percentage":0.5143591941705958,"VIAGENS-occurances":35,"VIAGENS-percentage":0.5000714387769681,"EDUCAÇÃO-occurances":33,"EDUCAÇÃO-percentage":0.4714959279897128,"SEXO-occurances":32,"SEXO-percentage":0.45720817259608515,"INTERNACIONAL-occurances":22,"INTERNACIONAL-percentage":0.31433061865980855,"CIÊNCIA-occurances":21,"CIÊNCIA-percentage":0.3000428632661809,"HUMOR-occurances":16,"HUMOR-percentage":0.22860408629804257,"ECONOMIA-occurances":11,"ECONOMIA-percentage":0.15716530932990427,"LINKEDIN-occurances":10,"LINKEDIN-percentage":0.1428775539362766,"NATUREZA-occurances":8,"NATUREZA-percentage":0.11430204314902129,"ESOTERISMO-occurances":6,"ESOTERISMO-percentage":0.08572653236176597,"POLÍTICA-occurances":6,"POLÍTICA-percentage":0.08572653236176597,"FITNESS-occurances":5,"FITNESS-percentage":0.0714387769681383,"INSTAGRAM-occurances":4,"INSTAGRAM-percentage":0.057151021574510644,"TWITTER-occurances":4,"TWITTER-percentage":0.057151021574510644}