{"totalHistoryAmount":2871,"TECNOLOGIA-occurances":1073,"TECNOLOGIA-percentage":37.37373737373738,"DECORAÇÃO-occurances":411,"DECORAÇÃO-percentage":14.31556948798328,"FACEBOOK-occurances":130,"FACEBOOK-percentage":4.528039010797632,"ESPORTE-occurances":74,"ESPORTE-percentage":2.577499129223267,"POP/ARTE-occurances":37,"POP/ARTE-percentage":1.2887495646116336,"NOTÍCIAS-occurances":32,"NOTÍCIAS-percentage":1.114594218042494,"ALIMENTAÇÃO E SAÚDE-occurances":30,"ALIMENTAÇÃO E SAÚDE-percentage":1.044932079414838,"MODA-occurances":25,"MODA-percentage":0.8707767328456983,"SÉRIES E FILMES-occurances":25,"SÉRIES E FILMES-percentage":0.8707767328456983,"YOUTUBE-occurances":23,"YOUTUBE-percentage":0.8011145942180425,"JOGOS-occurances":13,"JOGOS-percentage":0.45280390107976315,"FITNESS-occurances":11,"FITNESS-percentage":0.3831417624521073,"ECONOMIA-occurances":10,"ECONOMIA-percentage":0.34831069313827934,"INSTAGRAM-occurances":8,"INSTAGRAM-percentage":0.2786485545106235,"CARROS-occurances":7,"CARROS-percentage":0.24381748519679555,"INTERNACIONAL-occurances":6,"INTERNACIONAL-percentage":0.2089864158829676,"VIAGENS-occurances":6,"VIAGENS-percentage":0.2089864158829676,"EDUCAÇÃO-occurances":5,"EDUCAÇÃO-percentage":0.17415534656913967,"ESOTERISMO-occurances":4,"ESOTERISMO-percentage":0.13932427725531174,"NATUREZA-occurances":4,"NATUREZA-percentage":0.13932427725531174,"TV E CELEBRIDADES-occurances":4,"TV E CELEBRIDADES-percentage":0.13932427725531174,"HUMOR-occurances":3,"HUMOR-percentage":0.1044932079414838,"SEXO-occurances":3,"SEXO-percentage":0.1044932079414838,"CIÊNCIA-occurances":1,"CIÊNCIA-percentage":0.034831069313827935,"POLÍTICA-occurances":1,"POLÍTICA-percentage":0.034831069313827935,"TWITTER-occurances":1,"TWITTER-percentage":0.034831069313827935,"LINKEDIN-occurances":0,"LINKEDIN-percentage":0}