{"totalHistoryAmount":6990,"TECNOLOGIA-occurances":1858,"TECNOLOGIA-percentage":26.58082975679542,"NOTÍCIAS-occurances":472,"NOTÍCIAS-percentage":6.752503576537912,"FACEBOOK-occurances":390,"FACEBOOK-percentage":5.579399141630901,"DECORAÇÃO-occurances":345,"DECORAÇÃO-percentage":4.935622317596566,"MODA-occurances":273,"MODA-percentage":3.9055793991416308,"YOUTUBE-occurances":216,"YOUTUBE-percentage":3.0901287553648067,"ESPORTE-occurances":184,"ESPORTE-percentage":2.632331902718169,"SÉRIES E FILMES-occurances":149,"SÉRIES E FILMES-percentage":2.1316165951359083,"POP/ARTE-occurances":131,"POP/ARTE-percentage":1.8741058655221745,"ALIMENTAÇÃO E SAÚDE-occurances":62,"ALIMENTAÇÃO E SAÚDE-percentage":0.8869814020028612,"TV E CELEBRIDADES-occurances":58,"TV E CELEBRIDADES-percentage":0.8297567954220315,"CARROS-occurances":48,"CARROS-percentage":0.6866952789699571,"JOGOS-occurances":36,"JOGOS-percentage":0.5150214592274678,"VIAGENS-occurances":35,"VIAGENS-percentage":0.5007153075822603,"EDUCAÇÃO-occurances":32,"EDUCAÇÃO-percentage":0.45779685264663805,"SEXO-occurances":31,"SEXO-percentage":0.4434907010014306,"INTERNACIONAL-occurances":22,"INTERNACIONAL-percentage":0.3147353361945637,"CIÊNCIA-occurances":20,"CIÊNCIA-percentage":0.2861230329041488,"HUMOR-occurances":16,"HUMOR-percentage":0.22889842632331903,"ECONOMIA-occurances":10,"ECONOMIA-percentage":0.1430615164520744,"LINKEDIN-occurances":10,"LINKEDIN-percentage":0.1430615164520744,"NATUREZA-occurances":8,"NATUREZA-percentage":0.11444921316165951,"POLÍTICA-occurances":6,"POLÍTICA-percentage":0.08583690987124463,"ESOTERISMO-occurances":5,"ESOTERISMO-percentage":0.0715307582260372,"FITNESS-occurances":5,"FITNESS-percentage":0.0715307582260372,"INSTAGRAM-occurances":4,"INSTAGRAM-percentage":0.05722460658082976,"TWITTER-occurances":4,"TWITTER-percentage":0.05722460658082976}