{"totalHistoryAmount":6643,"TECNOLOGIA-occurances":1845,"TECNOLOGIA-percentage":27.773596266746953,"NOTÍCIAS-occurances":435,"NOTÍCIAS-percentage":6.548246274273671,"YOUTUBE-occurances":412,"YOUTUBE-percentage":6.202017160921271,"DECORAÇÃO-occurances":381,"DECORAÇÃO-percentage":5.735360529881078,"SÉRIES E FILMES-occurances":245,"SÉRIES E FILMES-percentage":3.6880927291886194,"FACEBOOK-occurances":216,"FACEBOOK-percentage":3.251542977570375,"ESPORTE-occurances":134,"ESPORTE-percentage":2.01716092127051,"POP/ARTE-occurances":127,"POP/ARTE-percentage":1.9117868432936926,"MODA-occurances":66,"MODA-percentage":0.9935270209242812,"TV E CELEBRIDADES-occurances":60,"TV E CELEBRIDADES-percentage":0.9032063826584374,"ALIMENTAÇÃO E SAÚDE-occurances":57,"ALIMENTAÇÃO E SAÚDE-percentage":0.8580460635255156,"CARROS-occurances":56,"CARROS-percentage":0.8429926238145417,"JOGOS-occurances":36,"JOGOS-percentage":0.5419238295950625,"VIAGENS-occurances":36,"VIAGENS-percentage":0.5419238295950625,"SEXO-occurances":28,"SEXO-percentage":0.4214963119072708,"EDUCAÇÃO-occurances":24,"EDUCAÇÃO-percentage":0.361282553063375,"INTERNACIONAL-occurances":19,"INTERNACIONAL-percentage":0.2860153545085052,"CIÊNCIA-occurances":12,"CIÊNCIA-percentage":0.1806412765316875,"HUMOR-occurances":12,"HUMOR-percentage":0.1806412765316875,"LINKEDIN-occurances":10,"LINKEDIN-percentage":0.15053439710973957,"ECONOMIA-occurances":8,"ECONOMIA-percentage":0.12042751768779165,"ESOTERISMO-occurances":8,"ESOTERISMO-percentage":0.12042751768779165,"FITNESS-occurances":8,"FITNESS-percentage":0.12042751768779165,"NATUREZA-occurances":5,"NATUREZA-percentage":0.07526719855486978,"TWITTER-occurances":3,"TWITTER-percentage":0.04516031913292187,"POLÍTICA-occurances":1,"POLÍTICA-percentage":0.015053439710973957,"INSTAGRAM-occurances":0,"INSTAGRAM-percentage":0}