{"totalHistoryAmount":6647,"TECNOLOGIA-occurances":1845,"TECNOLOGIA-percentage":27.756882804272603,"NOTÍCIAS-occurances":435,"NOTÍCIAS-percentage":6.54430570182037,"YOUTUBE-occurances":412,"YOUTUBE-percentage":6.198284940574696,"DECORAÇÃO-occurances":381,"DECORAÇÃO-percentage":5.73190913193922,"SÉRIES E FILMES-occurances":247,"SÉRIES E FILMES-percentage":3.7159620881600723,"FACEBOOK-occurances":216,"FACEBOOK-percentage":3.2495862795245976,"ESPORTE-occurances":134,"ESPORTE-percentage":2.0159470437791485,"POP/ARTE-occurances":127,"POP/ARTE-percentage":1.9106363773130737,"MODA-occurances":66,"MODA-percentage":0.9929291409658493,"TV E CELEBRIDADES-occurances":60,"TV E CELEBRIDADES-percentage":0.9026628554234993,"ALIMENTAÇÃO E SAÚDE-occurances":57,"ALIMENTAÇÃO E SAÚDE-percentage":0.8575297126523244,"CARROS-occurances":56,"CARROS-percentage":0.8424853317285994,"JOGOS-occurances":36,"JOGOS-percentage":0.5415977132540996,"VIAGENS-occurances":36,"VIAGENS-percentage":0.5415977132540996,"SEXO-occurances":28,"SEXO-percentage":0.4212426658642997,"EDUCAÇÃO-occurances":24,"EDUCAÇÃO-percentage":0.3610651421693997,"INTERNACIONAL-occurances":19,"INTERNACIONAL-percentage":0.2858432375507748,"CIÊNCIA-occurances":12,"CIÊNCIA-percentage":0.18053257108469986,"HUMOR-occurances":12,"HUMOR-percentage":0.18053257108469986,"LINKEDIN-occurances":10,"LINKEDIN-percentage":0.1504438092372499,"ECONOMIA-occurances":8,"ECONOMIA-percentage":0.12035504738979991,"ESOTERISMO-occurances":8,"ESOTERISMO-percentage":0.12035504738979991,"FITNESS-occurances":8,"FITNESS-percentage":0.12035504738979991,"NATUREZA-occurances":5,"NATUREZA-percentage":0.07522190461862495,"TWITTER-occurances":3,"TWITTER-percentage":0.045133142771174965,"POLÍTICA-occurances":1,"POLÍTICA-percentage":0.015044380923724988,"INSTAGRAM-occurances":0,"INSTAGRAM-percentage":0}