{"totalHistoryAmount":3581,"TECNOLOGIA-occurances":1730,"TECNOLOGIA-percentage":48.31052778553477,"YOUTUBE-occurances":273,"YOUTUBE-percentage":7.623568835520804,"FACEBOOK-occurances":212,"FACEBOOK-percentage":5.920134040770734,"ESPORTE-occurances":150,"ESPORTE-percentage":4.188774085450992,"FITNESS-occurances":57,"FITNESS-percentage":1.5917341524713766,"POP/ARTE-occurances":50,"POP/ARTE-percentage":1.3962580284836639,"ECONOMIA-occurances":35,"ECONOMIA-percentage":0.9773806199385646,"INSTAGRAM-occurances":33,"INSTAGRAM-percentage":0.9215302987992181,"MODA-occurances":25,"MODA-percentage":0.6981290142418319,"NOTÍCIAS-occurances":22,"NOTÍCIAS-percentage":0.6143535325328121,"TV E CELEBRIDADES-occurances":19,"TV E CELEBRIDADES-percentage":0.5305780508237923,"JOGOS-occurances":18,"JOGOS-percentage":0.502652890254119,"SÉRIES E FILMES-occurances":17,"SÉRIES E FILMES-percentage":0.4747277296844457,"POLÍTICA-occurances":15,"POLÍTICA-percentage":0.41887740854509914,"EDUCAÇÃO-occurances":13,"EDUCAÇÃO-percentage":0.36302708740575257,"VIAGENS-occurances":12,"VIAGENS-percentage":0.3351019268360793,"INTERNACIONAL-occurances":9,"INTERNACIONAL-percentage":0.2513264451270595,"CARROS-occurances":8,"CARROS-percentage":0.2234012845573862,"HUMOR-occurances":6,"HUMOR-percentage":0.16755096341803966,"DECORAÇÃO-occurances":5,"DECORAÇÃO-percentage":0.13962580284836637,"ESOTERISMO-occurances":5,"ESOTERISMO-percentage":0.13962580284836637,"SEXO-occurances":4,"SEXO-percentage":0.1117006422786931,"CIÊNCIA-occurances":1,"CIÊNCIA-percentage":0.027925160569673275,"LINKEDIN-occurances":1,"LINKEDIN-percentage":0.027925160569673275,"NATUREZA-occurances":1,"NATUREZA-percentage":0.027925160569673275,"TWITTER-occurances":1,"TWITTER-percentage":0.027925160569673275,"ALIMENTAÇÃO E SAÚDE-occurances":0,"ALIMENTAÇÃO E SAÚDE-percentage":0}