{"totalHistoryAmount":3369,"TECNOLOGIA-occurances":1667,"TECNOLOGIA-percentage":49.48055802908875,"YOUTUBE-occurances":269,"YOUTUBE-percentage":7.984565152864351,"ESPORTE-occurances":144,"ESPORTE-percentage":4.27426536064114,"FACEBOOK-occurances":140,"FACEBOOK-percentage":4.155535767289997,"FITNESS-occurances":57,"FITNESS-percentage":1.6918967052537845,"POP/ARTE-occurances":37,"POP/ARTE-percentage":1.0982487384980706,"ECONOMIA-occurances":35,"ECONOMIA-percentage":1.0388839418224993,"INSTAGRAM-occurances":33,"INSTAGRAM-percentage":0.9795191451469278,"MODA-occurances":25,"MODA-percentage":0.7420599584446423,"NOTÍCIAS-occurances":21,"NOTÍCIAS-percentage":0.6233303650934996,"TV E CELEBRIDADES-occurances":19,"TV E CELEBRIDADES-percentage":0.5639655684179282,"JOGOS-occurances":18,"JOGOS-percentage":0.5342831700801425,"SÉRIES E FILMES-occurances":17,"SÉRIES E FILMES-percentage":0.5046007717423567,"POLÍTICA-occurances":15,"POLÍTICA-percentage":0.4452359750667854,"EDUCAÇÃO-occurances":13,"EDUCAÇÃO-percentage":0.385871178391214,"VIAGENS-occurances":12,"VIAGENS-percentage":0.3561887800534283,"INTERNACIONAL-occurances":9,"INTERNACIONAL-percentage":0.26714158504007124,"CARROS-occurances":7,"CARROS-percentage":0.20777678836449986,"HUMOR-occurances":6,"HUMOR-percentage":0.17809439002671415,"DECORAÇÃO-occurances":5,"DECORAÇÃO-percentage":0.14841199168892846,"ESOTERISMO-occurances":2,"ESOTERISMO-percentage":0.05936479667557139,"CIÊNCIA-occurances":1,"CIÊNCIA-percentage":0.029682398337785694,"LINKEDIN-occurances":1,"LINKEDIN-percentage":0.029682398337785694,"NATUREZA-occurances":1,"NATUREZA-percentage":0.029682398337785694,"TWITTER-occurances":1,"TWITTER-percentage":0.029682398337785694,"ALIMENTAÇÃO E SAÚDE-occurances":0,"ALIMENTAÇÃO E SAÚDE-percentage":0,"SEXO-occurances":0,"SEXO-percentage":0}