{"totalHistoryAmount":2867,"TECNOLOGIA-occurances":976,"TECNOLOGIA-percentage":34.04255319148936,"LINKEDIN-occurances":166,"LINKEDIN-percentage":5.7900244157656084,"EDUCAÇÃO-occurances":86,"EDUCAÇÃO-percentage":2.999651203348448,"VIAGENS-occurances":55,"VIAGENS-percentage":1.918381583536798,"FACEBOOK-occurances":50,"FACEBOOK-percentage":1.7439832577607255,"CARROS-occurances":33,"CARROS-percentage":1.1510289501220787,"NOTÍCIAS-occurances":32,"NOTÍCIAS-percentage":1.1161492849668644,"ESPORTE-occurances":28,"ESPORTE-percentage":0.9766306243460062,"YOUTUBE-occurances":26,"YOUTUBE-percentage":0.9068712940355773,"TV E CELEBRIDADES-occurances":25,"TV E CELEBRIDADES-percentage":0.8719916288803627,"INSTAGRAM-occurances":24,"INSTAGRAM-percentage":0.8371119637251483,"DECORAÇÃO-occurances":21,"DECORAÇÃO-percentage":0.7324729682595047,"FITNESS-occurances":21,"FITNESS-percentage":0.7324729682595047,"TWITTER-occurances":21,"TWITTER-percentage":0.7324729682595047,"CIÊNCIA-occurances":20,"CIÊNCIA-percentage":0.6975933031042902,"SEXO-occurances":16,"SEXO-percentage":0.5580746424834322,"ECONOMIA-occurances":14,"ECONOMIA-percentage":0.4883153121730031,"JOGOS-occurances":14,"JOGOS-percentage":0.4883153121730031,"ESOTERISMO-occurances":7,"ESOTERISMO-percentage":0.24415765608650156,"MODA-occurances":7,"MODA-percentage":0.24415765608650156,"POP/ARTE-occurances":6,"POP/ARTE-percentage":0.20927799093128707,"POLÍTICA-occurances":5,"POLÍTICA-percentage":0.17439832577607256,"ALIMENTAÇÃO E SAÚDE-occurances":4,"ALIMENTAÇÃO E SAÚDE-percentage":0.13951866062085805,"SÉRIES E FILMES-occurances":1,"SÉRIES E FILMES-percentage":0.03487966515521451,"HUMOR-occurances":0,"HUMOR-percentage":0,"INTERNACIONAL-occurances":0,"INTERNACIONAL-percentage":0,"NATUREZA-occurances":0,"NATUREZA-percentage":0}