{"totalHistoryAmount":2756,"TECNOLOGIA-occurances":1068,"TECNOLOGIA-percentage":38.75181422351233,"DECORAÇÃO-occurances":358,"DECORAÇÃO-percentage":12.989840348330913,"FACEBOOK-occurances":101,"FACEBOOK-percentage":3.6647314949201744,"ESPORTE-occurances":64,"ESPORTE-percentage":2.3222060957910013,"POP/ARTE-occurances":37,"POP/ARTE-percentage":1.3425253991291728,"NOTÍCIAS-occurances":34,"NOTÍCIAS-percentage":1.2336719883889695,"ALIMENTAÇÃO E SAÚDE-occurances":32,"ALIMENTAÇÃO E SAÚDE-percentage":1.1611030478955007,"SÉRIES E FILMES-occurances":31,"SÉRIES E FILMES-percentage":1.1248185776487662,"MODA-occurances":25,"MODA-percentage":0.9071117561683599,"YOUTUBE-occurances":20,"YOUTUBE-percentage":0.7256894049346879,"ECONOMIA-occurances":10,"ECONOMIA-percentage":0.36284470246734396,"FITNESS-occurances":10,"FITNESS-percentage":0.36284470246734396,"JOGOS-occurances":9,"JOGOS-percentage":0.3265602322206096,"INSTAGRAM-occurances":8,"INSTAGRAM-percentage":0.29027576197387517,"INTERNACIONAL-occurances":6,"INTERNACIONAL-percentage":0.21770682148040638,"VIAGENS-occurances":6,"VIAGENS-percentage":0.21770682148040638,"CARROS-occurances":5,"CARROS-percentage":0.18142235123367198,"EDUCAÇÃO-occurances":5,"EDUCAÇÃO-percentage":0.18142235123367198,"ESOTERISMO-occurances":4,"ESOTERISMO-percentage":0.14513788098693758,"NATUREZA-occurances":4,"NATUREZA-percentage":0.14513788098693758,"SEXO-occurances":4,"SEXO-percentage":0.14513788098693758,"TV E CELEBRIDADES-occurances":4,"TV E CELEBRIDADES-percentage":0.14513788098693758,"HUMOR-occurances":3,"HUMOR-percentage":0.10885341074020319,"CIÊNCIA-occurances":1,"CIÊNCIA-percentage":0.036284470246734396,"POLÍTICA-occurances":1,"POLÍTICA-percentage":0.036284470246734396,"TWITTER-occurances":1,"TWITTER-percentage":0.036284470246734396,"LINKEDIN-occurances":0,"LINKEDIN-percentage":0}