{"totalHistoryAmount":6407,"TECNOLOGIA-occurances":1561,"TECNOLOGIA-percentage":24.363976900265335,"FACEBOOK-occurances":668,"FACEBOOK-percentage":10.426096457000156,"NOTÍCIAS-occurances":376,"NOTÍCIAS-percentage":5.868581239269549,"DECORAÇÃO-occurances":353,"DECORAÇÃO-percentage":5.509598876229124,"MODA-occurances":245,"MODA-percentage":3.8239425628219137,"ESPORTE-occurances":214,"ESPORTE-percentage":3.3400967691587327,"ESOTERISMO-occurances":154,"ESOTERISMO-percentage":2.4036210394880597,"LINKEDIN-occurances":136,"LINKEDIN-percentage":2.122678320586858,"POP/ARTE-occurances":108,"POP/ARTE-percentage":1.685656313407211,"TV E CELEBRIDADES-occurances":98,"TV E CELEBRIDADES-percentage":1.5295770251287655,"YOUTUBE-occurances":85,"YOUTUBE-percentage":1.3266739503667864,"SÉRIES E FILMES-occurances":77,"SÉRIES E FILMES-percentage":1.2018105197440299,"ALIMENTAÇÃO E SAÚDE-occurances":54,"ALIMENTAÇÃO E SAÚDE-percentage":0.8428281567036054,"POLÍTICA-occurances":54,"POLÍTICA-percentage":0.8428281567036054,"CARROS-occurances":39,"CARROS-percentage":0.6087092242859372,"EDUCAÇÃO-occurances":29,"EDUCAÇÃO-percentage":0.4526299360074918,"CIÊNCIA-occurances":24,"CIÊNCIA-percentage":0.3745902918682691,"ECONOMIA-occurances":24,"ECONOMIA-percentage":0.3745902918682691,"NATUREZA-occurances":18,"NATUREZA-percentage":0.2809427189012018,"SEXO-occurances":18,"SEXO-percentage":0.2809427189012018,"JOGOS-occurances":17,"JOGOS-percentage":0.26533479007335725,"HUMOR-occurances":15,"HUMOR-percentage":0.23411893241766818,"INTERNACIONAL-occurances":13,"INTERNACIONAL-percentage":0.20290307476197908,"TWITTER-occurances":10,"TWITTER-percentage":0.15607928827844544,"FITNESS-occurances":9,"FITNESS-percentage":0.1404713594506009,"INSTAGRAM-occurances":8,"INSTAGRAM-percentage":0.12486343062275636,"VIAGENS-occurances":4,"VIAGENS-percentage":0.06243171531137818}