{"totalHistoryAmount":3834,"TECNOLOGIA-occurances":1970,"TECNOLOGIA-percentage":51.382368283776735,"YOUTUBE-occurances":290,"YOUTUBE-percentage":7.563901930099113,"FACEBOOK-occurances":198,"FACEBOOK-percentage":5.164319248826291,"ESPORTE-occurances":168,"ESPORTE-percentage":4.381846635367762,"POP/ARTE-occurances":50,"POP/ARTE-percentage":1.3041210224308817,"DECORAÇÃO-occurances":40,"DECORAÇÃO-percentage":1.0432968179447053,"ECONOMIA-occurances":36,"ECONOMIA-percentage":0.9389671361502347,"MODA-occurances":26,"MODA-percentage":0.6781429316640585,"NOTÍCIAS-occurances":26,"NOTÍCIAS-percentage":0.6781429316640585,"INSTAGRAM-occurances":23,"INSTAGRAM-percentage":0.5998956703182056,"POLÍTICA-occurances":21,"POLÍTICA-percentage":0.5477308294209703,"TV E CELEBRIDADES-occurances":21,"TV E CELEBRIDADES-percentage":0.5477308294209703,"FITNESS-occurances":20,"FITNESS-percentage":0.5216484089723527,"ESOTERISMO-occurances":16,"ESOTERISMO-percentage":0.4173187271778821,"EDUCAÇÃO-occurances":13,"EDUCAÇÃO-percentage":0.33907146583202924,"VIAGENS-occurances":12,"VIAGENS-percentage":0.3129890453834116,"JOGOS-occurances":11,"JOGOS-percentage":0.28690662493479396,"INTERNACIONAL-occurances":10,"INTERNACIONAL-percentage":0.2608242044861763,"CARROS-occurances":7,"CARROS-percentage":0.1825769431403234,"HUMOR-occurances":6,"HUMOR-percentage":0.1564945226917058,"LINKEDIN-occurances":6,"LINKEDIN-percentage":0.1564945226917058,"SÉRIES E FILMES-occurances":5,"SÉRIES E FILMES-percentage":0.13041210224308816,"SEXO-occurances":5,"SEXO-percentage":0.13041210224308816,"TWITTER-occurances":3,"TWITTER-percentage":0.0782472613458529,"ALIMENTAÇÃO E SAÚDE-occurances":0,"ALIMENTAÇÃO E SAÚDE-percentage":0,"CIÊNCIA-occurances":0,"CIÊNCIA-percentage":0,"NATUREZA-occurances":0,"NATUREZA-percentage":0}