{"totalHistoryAmount":2971,"TECNOLOGIA-occurances":1379,"TECNOLOGIA-percentage":46.415348367553015,"YOUTUBE-occurances":254,"YOUTUBE-percentage":8.549309996634129,"FACEBOOK-occurances":140,"FACEBOOK-percentage":4.712218108381016,"ESPORTE-occurances":139,"ESPORTE-percentage":4.678559407606866,"FITNESS-occurances":56,"FITNESS-percentage":1.8848872433524066,"POP/ARTE-occurances":36,"POP/ARTE-percentage":1.2117132278694043,"ECONOMIA-occurances":34,"ECONOMIA-percentage":1.144395826321104,"INSTAGRAM-occurances":33,"INSTAGRAM-percentage":1.1107371255469538,"MODA-occurances":25,"MODA-percentage":0.841467519353753,"JOGOS-occurances":18,"JOGOS-percentage":0.6058566139347021,"TV E CELEBRIDADES-occurances":18,"TV E CELEBRIDADES-percentage":0.6058566139347021,"NOTÍCIAS-occurances":17,"NOTÍCIAS-percentage":0.572197913160552,"SÉRIES E FILMES-occurances":17,"SÉRIES E FILMES-percentage":0.572197913160552,"POLÍTICA-occurances":15,"POLÍTICA-percentage":0.5048805116122518,"EDUCAÇÃO-occurances":13,"EDUCAÇÃO-percentage":0.43756311006395154,"VIAGENS-occurances":12,"VIAGENS-percentage":0.4039044092898014,"INTERNACIONAL-occurances":9,"INTERNACIONAL-percentage":0.30292830696735107,"CARROS-occurances":7,"CARROS-percentage":0.23561090541905083,"HUMOR-occurances":6,"HUMOR-percentage":0.2019522046449007,"ESOTERISMO-occurances":2,"ESOTERISMO-percentage":0.06731740154830024,"CIÊNCIA-occurances":1,"CIÊNCIA-percentage":0.03365870077415012,"DECORAÇÃO-occurances":1,"DECORAÇÃO-percentage":0.03365870077415012,"LINKEDIN-occurances":1,"LINKEDIN-percentage":0.03365870077415012,"NATUREZA-occurances":1,"NATUREZA-percentage":0.03365870077415012,"ALIMENTAÇÃO E SAÚDE-occurances":0,"ALIMENTAÇÃO E SAÚDE-percentage":0,"SEXO-occurances":0,"SEXO-percentage":0,"TWITTER-occurances":0,"TWITTER-percentage":0}