{"totalHistoryAmount":3044,"TECNOLOGIA-occurances":1404,"TECNOLOGIA-percentage":46.123521681997374,"YOUTUBE-occurances":261,"YOUTUBE-percentage":8.5742444152431,"ESPORTE-occurances":142,"ESPORTE-percentage":4.664914586070959,"FACEBOOK-occurances":140,"FACEBOOK-percentage":4.599211563731932,"FITNESS-occurances":56,"FITNESS-percentage":1.8396846254927726,"POP/ARTE-occurances":37,"POP/ARTE-percentage":1.2155059132720105,"ECONOMIA-occurances":34,"ECONOMIA-percentage":1.1169513797634691,"INSTAGRAM-occurances":33,"INSTAGRAM-percentage":1.0840998685939554,"MODA-occurances":25,"MODA-percentage":0.8212877792378449,"TV E CELEBRIDADES-occurances":19,"TV E CELEBRIDADES-percentage":0.6241787122207622,"JOGOS-occurances":18,"JOGOS-percentage":0.5913272010512484,"NOTÍCIAS-occurances":17,"NOTÍCIAS-percentage":0.5584756898817346,"SÉRIES E FILMES-occurances":17,"SÉRIES E FILMES-percentage":0.5584756898817346,"POLÍTICA-occurances":15,"POLÍTICA-percentage":0.492772667542707,"EDUCAÇÃO-occurances":13,"EDUCAÇÃO-percentage":0.42706964520367935,"VIAGENS-occurances":12,"VIAGENS-percentage":0.39421813403416556,"INTERNACIONAL-occurances":9,"INTERNACIONAL-percentage":0.2956636005256242,"CARROS-occurances":7,"CARROS-percentage":0.22996057818659657,"HUMOR-occurances":6,"HUMOR-percentage":0.19710906701708278,"ESOTERISMO-occurances":2,"ESOTERISMO-percentage":0.0657030223390276,"CIÊNCIA-occurances":1,"CIÊNCIA-percentage":0.0328515111695138,"DECORAÇÃO-occurances":1,"DECORAÇÃO-percentage":0.0328515111695138,"LINKEDIN-occurances":1,"LINKEDIN-percentage":0.0328515111695138,"NATUREZA-occurances":1,"NATUREZA-percentage":0.0328515111695138,"TWITTER-occurances":1,"TWITTER-percentage":0.0328515111695138,"ALIMENTAÇÃO E SAÚDE-occurances":0,"ALIMENTAÇÃO E SAÚDE-percentage":0,"SEXO-occurances":0,"SEXO-percentage":0}