{"totalHistoryAmount":3204,"TECNOLOGIA-occurances":1183,"TECNOLOGIA-percentage":36.92259675405743,"DECORAÇÃO-occurances":420,"DECORAÇÃO-percentage":13.108614232209737,"FACEBOOK-occurances":149,"FACEBOOK-percentage":4.65043695380774,"ESPORTE-occurances":106,"ESPORTE-percentage":3.3083645443196006,"POP/ARTE-occurances":43,"POP/ARTE-percentage":1.3420724094881398,"ALIMENTAÇÃO E SAÚDE-occurances":34,"ALIMENTAÇÃO E SAÚDE-percentage":1.0611735330836454,"NOTÍCIAS-occurances":32,"NOTÍCIAS-percentage":0.9987515605493134,"SÉRIES E FILMES-occurances":32,"SÉRIES E FILMES-percentage":0.9987515605493134,"MODA-occurances":24,"MODA-percentage":0.7490636704119851,"JOGOS-occurances":21,"JOGOS-percentage":0.6554307116104869,"YOUTUBE-occurances":19,"YOUTUBE-percentage":0.5930087390761548,"TWITTER-occurances":16,"TWITTER-percentage":0.4993757802746567,"CARROS-occurances":11,"CARROS-percentage":0.3433208489388265,"ECONOMIA-occurances":10,"ECONOMIA-percentage":0.3121098626716604,"INSTAGRAM-occurances":8,"INSTAGRAM-percentage":0.24968789013732834,"VIAGENS-occurances":7,"VIAGENS-percentage":0.2184769038701623,"EDUCAÇÃO-occurances":6,"EDUCAÇÃO-percentage":0.18726591760299627,"INTERNACIONAL-occurances":6,"INTERNACIONAL-percentage":0.18726591760299627,"ESOTERISMO-occurances":4,"ESOTERISMO-percentage":0.12484394506866417,"FITNESS-occurances":4,"FITNESS-percentage":0.12484394506866417,"NATUREZA-occurances":4,"NATUREZA-percentage":0.12484394506866417,"TV E CELEBRIDADES-occurances":4,"TV E CELEBRIDADES-percentage":0.12484394506866417,"HUMOR-occurances":3,"HUMOR-percentage":0.09363295880149813,"CIÊNCIA-occurances":2,"CIÊNCIA-percentage":0.062421972534332085,"POLÍTICA-occurances":2,"POLÍTICA-percentage":0.062421972534332085,"SEXO-occurances":2,"SEXO-percentage":0.062421972534332085,"LINKEDIN-occurances":0,"LINKEDIN-percentage":0}