{"totalHistoryAmount":5086,"TECNOLOGIA-occurances":1540,"TECNOLOGIA-percentage":30.279197797876524,"YOUTUBE-occurances":602,"YOUTUBE-percentage":11.836413684624459,"DECORAÇÃO-occurances":396,"DECORAÇÃO-percentage":7.786079433739678,"SÉRIES E FILMES-occurances":387,"SÉRIES E FILMES-percentage":7.609123082972867,"FACEBOOK-occurances":118,"FACEBOOK-percentage":2.3200943767204087,"NOTÍCIAS-occurances":83,"NOTÍCIAS-percentage":1.6319307904050335,"POP/ARTE-occurances":83,"POP/ARTE-percentage":1.6319307904050335,"CARROS-occurances":58,"CARROS-percentage":1.1403853716083365,"ESPORTE-occurances":51,"ESPORTE-percentage":1.0027526543452614,"TV E CELEBRIDADES-occurances":43,"TV E CELEBRIDADES-percentage":0.8454581203303185,"ALIMENTAÇÃO E SAÚDE-occurances":42,"ALIMENTAÇÃO E SAÚDE-percentage":0.8257963035784507,"SEXO-occurances":23,"SEXO-percentage":0.4522217852929611,"MODA-occurances":18,"MODA-percentage":0.3539127015336217,"INTERNACIONAL-occurances":13,"INTERNACIONAL-percentage":0.25560361777428237,"VIAGENS-occurances":10,"VIAGENS-percentage":0.19661816751867872,"ESOTERISMO-occurances":7,"ESOTERISMO-percentage":0.1376327172630751,"CIÊNCIA-occurances":6,"CIÊNCIA-percentage":0.11797090051120723,"FITNESS-occurances":6,"FITNESS-percentage":0.11797090051120723,"INSTAGRAM-occurances":6,"INSTAGRAM-percentage":0.11797090051120723,"JOGOS-occurances":6,"JOGOS-percentage":0.11797090051120723,"LINKEDIN-occurances":6,"LINKEDIN-percentage":0.11797090051120723,"EDUCAÇÃO-occurances":5,"EDUCAÇÃO-percentage":0.09830908375933936,"HUMOR-occurances":5,"HUMOR-percentage":0.09830908375933936,"NATUREZA-occurances":3,"NATUREZA-percentage":0.058985450255603616,"ECONOMIA-occurances":1,"ECONOMIA-percentage":0.019661816751867872,"POLÍTICA-occurances":1,"POLÍTICA-percentage":0.019661816751867872,"TWITTER-occurances":1,"TWITTER-percentage":0.019661816751867872}