{"totalHistoryAmount":6573,"TECNOLOGIA-occurances":1651,"TECNOLOGIA-percentage":25.11790658755515,"FACEBOOK-occurances":704,"FACEBOOK-percentage":10.710482275977483,"NOTÍCIAS-occurances":394,"NOTÍCIAS-percentage":5.99421877377149,"DECORAÇÃO-occurances":357,"DECORAÇÃO-percentage":5.431309904153355,"MODA-occurances":250,"MODA-percentage":3.8034383082306404,"ESPORTE-occurances":221,"ESPORTE-percentage":3.3622394644758864,"ESOTERISMO-occurances":162,"ESOTERISMO-percentage":2.464628023733455,"LINKEDIN-occurances":136,"LINKEDIN-percentage":2.0690704396774686,"TV E CELEBRIDADES-occurances":106,"TV E CELEBRIDADES-percentage":1.6126578426897915,"POP/ARTE-occurances":93,"POP/ARTE-percentage":1.4148790506617983,"YOUTUBE-occurances":88,"YOUTUBE-percentage":1.3388102844971854,"SÉRIES E FILMES-occurances":72,"SÉRIES E FILMES-percentage":1.0953902327704244,"ALIMENTAÇÃO E SAÚDE-occurances":62,"ALIMENTAÇÃO E SAÚDE-percentage":0.9432527004411988,"POLÍTICA-occurances":55,"POLÍTICA-percentage":0.8367564278107409,"CARROS-occurances":38,"CARROS-percentage":0.5781226228510573,"EDUCAÇÃO-occurances":32,"EDUCAÇÃO-percentage":0.48684010345352197,"ECONOMIA-occurances":26,"ECONOMIA-percentage":0.3955575840559866,"CIÊNCIA-occurances":25,"CIÊNCIA-percentage":0.38034383082306406,"NATUREZA-occurances":18,"NATUREZA-percentage":0.2738475581926061,"SEXO-occurances":18,"SEXO-percentage":0.2738475581926061,"JOGOS-occurances":17,"JOGOS-percentage":0.2586338049596836,"HUMOR-occurances":13,"HUMOR-percentage":0.1977787920279933,"INTERNACIONAL-occurances":13,"INTERNACIONAL-percentage":0.1977787920279933,"INSTAGRAM-occurances":10,"INSTAGRAM-percentage":0.1521375323292256,"TWITTER-occurances":10,"TWITTER-percentage":0.1521375323292256,"FITNESS-occurances":9,"FITNESS-percentage":0.13692377909630304,"VIAGENS-occurances":6,"VIAGENS-percentage":0.09128251939753537}