{"totalHistoryAmount":6580,"TECNOLOGIA-occurances":1652,"TECNOLOGIA-percentage":25.106382978723403,"FACEBOOK-occurances":704,"FACEBOOK-percentage":10.699088145896656,"NOTÍCIAS-occurances":394,"NOTÍCIAS-percentage":5.9878419452887535,"DECORAÇÃO-occurances":357,"DECORAÇÃO-percentage":5.425531914893617,"MODA-occurances":250,"MODA-percentage":3.7993920972644375,"ESPORTE-occurances":221,"ESPORTE-percentage":3.358662613981763,"ESOTERISMO-occurances":162,"ESOTERISMO-percentage":2.4620060790273555,"LINKEDIN-occurances":136,"LINKEDIN-percentage":2.066869300911854,"TV E CELEBRIDADES-occurances":106,"TV E CELEBRIDADES-percentage":1.6109422492401215,"POP/ARTE-occurances":93,"POP/ARTE-percentage":1.4133738601823709,"YOUTUBE-occurances":88,"YOUTUBE-percentage":1.337386018237082,"SÉRIES E FILMES-occurances":72,"SÉRIES E FILMES-percentage":1.094224924012158,"ALIMENTAÇÃO E SAÚDE-occurances":62,"ALIMENTAÇÃO E SAÚDE-percentage":0.9422492401215805,"POLÍTICA-occurances":55,"POLÍTICA-percentage":0.8358662613981763,"CARROS-occurances":38,"CARROS-percentage":0.5775075987841946,"EDUCAÇÃO-occurances":32,"EDUCAÇÃO-percentage":0.48632218844984804,"ECONOMIA-occurances":26,"ECONOMIA-percentage":0.3951367781155015,"CIÊNCIA-occurances":25,"CIÊNCIA-percentage":0.3799392097264438,"NATUREZA-occurances":18,"NATUREZA-percentage":0.2735562310030395,"SEXO-occurances":18,"SEXO-percentage":0.2735562310030395,"JOGOS-occurances":17,"JOGOS-percentage":0.25835866261398177,"HUMOR-occurances":13,"HUMOR-percentage":0.19756838905775076,"INTERNACIONAL-occurances":13,"INTERNACIONAL-percentage":0.19756838905775076,"INSTAGRAM-occurances":10,"INSTAGRAM-percentage":0.1519756838905775,"TWITTER-occurances":10,"TWITTER-percentage":0.1519756838905775,"FITNESS-occurances":9,"FITNESS-percentage":0.13677811550151975,"VIAGENS-occurances":6,"VIAGENS-percentage":0.0911854103343465}