{"totalHistoryAmount":9301,"TECNOLOGIA-occurances":4264,"TECNOLOGIA-percentage":45.844532845930544,"ESPORTE-occurances":1565,"ESPORTE-percentage":16.826147726050962,"FACEBOOK-occurances":1204,"FACEBOOK-percentage":12.944844640361252,"SEXO-occurances":574,"SEXO-percentage":6.171379421567574,"INSTAGRAM-occurances":189,"INSTAGRAM-percentage":2.0320395656381036,"CARROS-occurances":130,"CARROS-percentage":1.3976991721320289,"DECORAÇÃO-occurances":66,"DECORAÇÃO-percentage":0.7096011181593377,"POP/ARTE-occurances":62,"POP/ARTE-percentage":0.6665949897860445,"EDUCAÇÃO-occurances":55,"EDUCAÇÃO-percentage":0.5913342651327814,"NOTÍCIAS-occurances":47,"NOTÍCIAS-percentage":0.505322008386195,"YOUTUBE-occurances":42,"YOUTUBE-percentage":0.45156434791957856,"ESOTERISMO-occurances":37,"ESOTERISMO-percentage":0.39780668745296205,"JOGOS-occurances":23,"JOGOS-percentage":0.24728523814643585,"LINKEDIN-occurances":21,"LINKEDIN-percentage":0.22578217395978928,"MODA-occurances":17,"MODA-percentage":0.18277604558649607,"ECONOMIA-occurances":11,"ECONOMIA-percentage":0.11826685302655629,"SÉRIES E FILMES-occurances":11,"SÉRIES E FILMES-percentage":0.11826685302655629,"TV E CELEBRIDADES-occurances":10,"TV E CELEBRIDADES-percentage":0.10751532093323299,"TWITTER-occurances":10,"TWITTER-percentage":0.10751532093323299,"ALIMENTAÇÃO E SAÚDE-occurances":4,"ALIMENTAÇÃO E SAÚDE-percentage":0.04300612837329319,"FITNESS-occurances":4,"FITNESS-percentage":0.04300612837329319,"VIAGENS-occurances":3,"VIAGENS-percentage":0.0322545962799699,"CIÊNCIA-occurances":2,"CIÊNCIA-percentage":0.021503064186646596,"POLÍTICA-occurances":2,"POLÍTICA-percentage":0.021503064186646596,"INTERNACIONAL-occurances":1,"INTERNACIONAL-percentage":0.010751532093323298,"HUMOR-occurances":0,"HUMOR-percentage":0,"NATUREZA-occurances":0,"NATUREZA-percentage":0}