{"totalHistoryAmount":7057,"TECNOLOGIA-occurances":1794,"TECNOLOGIA-percentage":25.421567238203203,"NOTÍCIAS-occurances":506,"NOTÍCIAS-percentage":7.170185631288083,"FACEBOOK-occurances":456,"FACEBOOK-percentage":6.461669264560011,"DECORAÇÃO-occurances":365,"DECORAÇÃO-percentage":5.172169477114921,"MODA-occurances":278,"MODA-percentage":3.9393509990080773,"ESPORTE-occurances":197,"ESPORTE-percentage":2.7915544849086014,"YOUTUBE-occurances":190,"YOUTUBE-percentage":2.6923621935666713,"POP/ARTE-occurances":128,"POP/ARTE-percentage":1.813801898823863,"SÉRIES E FILMES-occurances":108,"SÉRIES E FILMES-percentage":1.5303953521326343,"TV E CELEBRIDADES-occurances":59,"TV E CELEBRIDADES-percentage":0.8360493127391243,"ESOTERISMO-occurances":55,"ESOTERISMO-percentage":0.7793680034008785,"ALIMENTAÇÃO E SAÚDE-occurances":54,"ALIMENTAÇÃO E SAÚDE-percentage":0.7651976760663172,"CARROS-occurances":37,"CARROS-percentage":0.5243021113787728,"EDUCAÇÃO-occurances":35,"EDUCAÇÃO-percentage":0.49596145670965,"JOGOS-occurances":35,"JOGOS-percentage":0.49596145670965,"SEXO-occurances":34,"SEXO-percentage":0.48179112937508856,"VIAGENS-occurances":34,"VIAGENS-percentage":0.48179112937508856,"LINKEDIN-occurances":31,"LINKEDIN-percentage":0.4392801473714043,"INTERNACIONAL-occurances":22,"INTERNACIONAL-percentage":0.31174720136035144,"CIÊNCIA-occurances":21,"CIÊNCIA-percentage":0.29757687402579,"HUMOR-occurances":19,"HUMOR-percentage":0.26923621935666714,"ECONOMIA-occurances":11,"ECONOMIA-percentage":0.15587360068017572,"NATUREZA-occurances":8,"NATUREZA-percentage":0.11336261867649143,"POLÍTICA-occurances":8,"POLÍTICA-percentage":0.11336261867649143,"FITNESS-occurances":5,"FITNESS-percentage":0.07085163667280714,"TWITTER-occurances":5,"TWITTER-percentage":0.07085163667280714,"INSTAGRAM-occurances":4,"INSTAGRAM-percentage":0.056681309338245715}