{"totalHistoryAmount":6354,"TECNOLOGIA-occurances":1829,"TECNOLOGIA-percentage":28.785017311929494,"YOUTUBE-occurances":468,"YOUTUBE-percentage":7.36543909348442,"NOTÍCIAS-occurances":370,"NOTÍCIAS-percentage":5.823103556814605,"DECORAÇÃO-occurances":365,"DECORAÇÃO-percentage":5.744412968209002,"SÉRIES E FILMES-occurances":301,"SÉRIES E FILMES-percentage":4.737173434057286,"FACEBOOK-occurances":172,"FACEBOOK-percentage":2.706956248032735,"POP/ARTE-occurances":128,"POP/ARTE-percentage":2.014479068303431,"ESPORTE-occurances":80,"ESPORTE-percentage":1.2590494176896443,"TV E CELEBRIDADES-occurances":70,"TV E CELEBRIDADES-percentage":1.1016682404784388,"MODA-occurances":65,"MODA-percentage":1.022977651872836,"CARROS-occurances":63,"CARROS-percentage":0.9915014164305949,"ALIMENTAÇÃO E SAÚDE-occurances":52,"ALIMENTAÇÃO E SAÚDE-percentage":0.8183821214982688,"JOGOS-occurances":39,"JOGOS-percentage":0.6137865911237016,"VIAGENS-occurances":34,"VIAGENS-percentage":0.5350960025180989,"SEXO-occurances":24,"SEXO-percentage":0.3777148253068933,"INTERNACIONAL-occurances":19,"INTERNACIONAL-percentage":0.2990242367012905,"EDUCAÇÃO-occurances":12,"EDUCAÇÃO-percentage":0.18885741265344666,"CIÊNCIA-occurances":11,"CIÊNCIA-percentage":0.17311929493232608,"LINKEDIN-occurances":10,"LINKEDIN-percentage":0.15738117721120554,"HUMOR-occurances":9,"HUMOR-percentage":0.141643059490085,"ECONOMIA-occurances":7,"ECONOMIA-percentage":0.11016682404784388,"FITNESS-occurances":7,"FITNESS-percentage":0.11016682404784388,"ESOTERISMO-occurances":6,"ESOTERISMO-percentage":0.09442870632672333,"NATUREZA-occurances":4,"NATUREZA-percentage":0.06295247088448222,"POLÍTICA-occurances":1,"POLÍTICA-percentage":0.015738117721120555,"TWITTER-occurances":1,"TWITTER-percentage":0.015738117721120555,"INSTAGRAM-occurances":0,"INSTAGRAM-percentage":0}