{"totalHistoryAmount":7318,"TECNOLOGIA-occurances":1776,"TECNOLOGIA-percentage":24.2689259360481,"FACEBOOK-occurances":579,"FACEBOOK-percentage":7.911997813610276,"NOTÍCIAS-occurances":568,"NOTÍCIAS-percentage":7.761683520087455,"DECORAÇÃO-occurances":369,"DECORAÇÃO-percentage":5.042361300901886,"MODA-occurances":280,"MODA-percentage":3.82618201694452,"ESPORTE-occurances":230,"ESPORTE-percentage":3.1429352282044274,"POP/ARTE-occurances":132,"POP/ARTE-percentage":1.8037715222738453,"LINKEDIN-occurances":115,"LINKEDIN-percentage":1.5714676141022137,"YOUTUBE-occurances":108,"YOUTUBE-percentage":1.4758130636786007,"SÉRIES E FILMES-occurances":100,"SÉRIES E FILMES-percentage":1.3664935774801859,"ESOTERISMO-occurances":94,"ESOTERISMO-percentage":1.2845039628313748,"TV E CELEBRIDADES-occurances":81,"TV E CELEBRIDADES-percentage":1.1068597977589505,"ALIMENTAÇÃO E SAÚDE-occurances":63,"ALIMENTAÇÃO E SAÚDE-percentage":0.8608909538125171,"EDUCAÇÃO-occurances":45,"EDUCAÇÃO-percentage":0.6149221098660836,"CARROS-occurances":35,"CARROS-percentage":0.478272752118065,"JOGOS-occurances":34,"JOGOS-percentage":0.4646078163432632,"VIAGENS-occurances":30,"VIAGENS-percentage":0.40994807324405574,"CIÊNCIA-occurances":24,"CIÊNCIA-percentage":0.3279584585952446,"INTERNACIONAL-occurances":22,"INTERNACIONAL-percentage":0.3006285870456409,"HUMOR-occurances":19,"HUMOR-percentage":0.2596337797212353,"SEXO-occurances":19,"SEXO-percentage":0.2596337797212353,"POLÍTICA-occurances":17,"POLÍTICA-percentage":0.2323039081716316,"ECONOMIA-occurances":15,"ECONOMIA-percentage":0.20497403662202787,"FITNESS-occurances":7,"FITNESS-percentage":0.09565455042361301,"INSTAGRAM-occurances":6,"INSTAGRAM-percentage":0.08198961464881115,"NATUREZA-occurances":6,"NATUREZA-percentage":0.08198961464881115,"TWITTER-occurances":6,"TWITTER-percentage":0.08198961464881115}