{"totalHistoryAmount":2507,"TECNOLOGIA-occurances":1055,"TECNOLOGIA-percentage":42.08216992421221,"NOTÍCIAS-occurances":263,"NOTÍCIAS-percentage":10.490626246509773,"ESPORTE-occurances":157,"ESPORTE-percentage":6.262465097726366,"YOUTUBE-occurances":123,"YOUTUBE-percentage":4.9062624650977265,"FACEBOOK-occurances":85,"FACEBOOK-percentage":3.3905065815715996,"JOGOS-occurances":33,"JOGOS-percentage":1.316314319904268,"POLÍTICA-occurances":27,"POLÍTICA-percentage":1.0769844435580376,"SEXO-occurances":25,"SEXO-percentage":0.9972078181092939,"POP/ARTE-occurances":19,"POP/ARTE-percentage":0.7578779417630634,"SÉRIES E FILMES-occurances":19,"SÉRIES E FILMES-percentage":0.7578779417630634,"EDUCAÇÃO-occurances":18,"EDUCAÇÃO-percentage":0.7179896290386917,"INTERNACIONAL-occurances":16,"INTERNACIONAL-percentage":0.6382130035899481,"MODA-occurances":15,"MODA-percentage":0.5983246908655764,"INSTAGRAM-occurances":14,"INSTAGRAM-percentage":0.5584363781412046,"TWITTER-occurances":11,"TWITTER-percentage":0.43877143996808937,"LINKEDIN-occurances":8,"LINKEDIN-percentage":0.3191065017949741,"ALIMENTAÇÃO E SAÚDE-occurances":6,"ALIMENTAÇÃO E SAÚDE-percentage":0.23932987634623054,"TV E CELEBRIDADES-occurances":6,"TV E CELEBRIDADES-percentage":0.23932987634623054,"DECORAÇÃO-occurances":5,"DECORAÇÃO-percentage":0.1994415636218588,"VIAGENS-occurances":5,"VIAGENS-percentage":0.1994415636218588,"CARROS-occurances":4,"CARROS-percentage":0.15955325089748704,"ESOTERISMO-occurances":3,"ESOTERISMO-percentage":0.11966493817311527,"CIÊNCIA-occurances":2,"CIÊNCIA-percentage":0.07977662544874352,"NATUREZA-occurances":2,"NATUREZA-percentage":0.07977662544874352,"ECONOMIA-occurances":1,"ECONOMIA-percentage":0.03988831272437176,"FITNESS-occurances":1,"FITNESS-percentage":0.03988831272437176,"HUMOR-occurances":1,"HUMOR-percentage":0.03988831272437176}