{"totalHistoryAmount":6527,"TECNOLOGIA-occurances":1822,"TECNOLOGIA-percentage":27.91481538225831,"NOTÍCIAS-occurances":433,"NOTÍCIAS-percentage":6.633981921250191,"YOUTUBE-occurances":403,"YOUTUBE-percentage":6.17435268883101,"DECORAÇÃO-occurances":371,"DECORAÇÃO-percentage":5.684081507583882,"SÉRIES E FILMES-occurances":241,"SÉRIES E FILMES-percentage":3.6923548337674275,"FACEBOOK-occurances":216,"FACEBOOK-percentage":3.3093304734181093,"ESPORTE-occurances":131,"ESPORTE-percentage":2.0070476482304276,"POP/ARTE-occurances":116,"POP/ARTE-percentage":1.7772330320208365,"MODA-occurances":66,"MODA-percentage":1.0111843113222,"TV E CELEBRIDADES-occurances":60,"TV E CELEBRIDADES-percentage":0.9192584648383637,"ALIMENTAÇÃO E SAÚDE-occurances":57,"ALIMENTAÇÃO E SAÚDE-percentage":0.8732955415964455,"CARROS-occurances":56,"CARROS-percentage":0.8579745671824728,"JOGOS-occurances":36,"JOGOS-percentage":0.5515550789030182,"VIAGENS-occurances":36,"VIAGENS-percentage":0.5515550789030182,"SEXO-occurances":26,"SEXO-percentage":0.3983453347632909,"EDUCAÇÃO-occurances":24,"EDUCAÇÃO-percentage":0.36770338593534546,"INTERNACIONAL-occurances":19,"INTERNACIONAL-percentage":0.29109851386548186,"CIÊNCIA-occurances":12,"CIÊNCIA-percentage":0.18385169296767273,"HUMOR-occurances":11,"HUMOR-percentage":0.16853071855370003,"LINKEDIN-occurances":10,"LINKEDIN-percentage":0.1532097441397273,"ECONOMIA-occurances":8,"ECONOMIA-percentage":0.12256779531178183,"ESOTERISMO-occurances":8,"ESOTERISMO-percentage":0.12256779531178183,"FITNESS-occurances":8,"FITNESS-percentage":0.12256779531178183,"NATUREZA-occurances":5,"NATUREZA-percentage":0.07660487206986365,"TWITTER-occurances":3,"TWITTER-percentage":0.04596292324191818,"POLÍTICA-occurances":1,"POLÍTICA-percentage":0.015320974413972729,"INSTAGRAM-occurances":0,"INSTAGRAM-percentage":0}