{"totalHistoryAmount":6381,"TECNOLOGIA-occurances":1588,"TECNOLOGIA-percentage":24.88638144491459,"FACEBOOK-occurances":667,"FACEBOOK-percentage":10.452907067857703,"NOTÍCIAS-occurances":365,"NOTÍCIAS-percentage":5.720106566368908,"DECORAÇÃO-occurances":352,"DECORAÇÃO-percentage":5.516376743457139,"MODA-occurances":244,"MODA-percentage":3.823852060805516,"ESPORTE-occurances":212,"ESPORTE-percentage":3.3223632659457767,"ESOTERISMO-occurances":153,"ESOTERISMO-percentage":2.397743300423131,"LINKEDIN-occurances":136,"LINKEDIN-percentage":2.131327378153894,"POP/ARTE-occurances":104,"POP/ARTE-percentage":1.6298385832941544,"TV E CELEBRIDADES-occurances":95,"TV E CELEBRIDADES-percentage":1.4887948597398526,"YOUTUBE-occurances":80,"YOUTUBE-percentage":1.2537219871493497,"SÉRIES E FILMES-occurances":74,"SÉRIES E FILMES-percentage":1.1596928381131484,"POLÍTICA-occurances":53,"POLÍTICA-percentage":0.8305908164864442,"ALIMENTAÇÃO E SAÚDE-occurances":51,"ALIMENTAÇÃO E SAÚDE-percentage":0.7992477668077104,"CARROS-occurances":38,"CARROS-percentage":0.595517943895941,"EDUCAÇÃO-occurances":29,"EDUCAÇÃO-percentage":0.45447422034163926,"CIÊNCIA-occurances":23,"CIÊNCIA-percentage":0.360445071305438,"ECONOMIA-occurances":23,"ECONOMIA-percentage":0.360445071305438,"JOGOS-occurances":18,"JOGOS-percentage":0.2820874471086037,"NATUREZA-occurances":18,"NATUREZA-percentage":0.2820874471086037,"SEXO-occurances":17,"SEXO-percentage":0.26641592226923677,"HUMOR-occurances":15,"HUMOR-percentage":0.23507287259050305,"INTERNACIONAL-occurances":13,"INTERNACIONAL-percentage":0.2037298229117693,"TWITTER-occurances":9,"TWITTER-percentage":0.14104372355430184,"FITNESS-occurances":7,"FITNESS-percentage":0.10970067387556809,"INSTAGRAM-occurances":7,"INSTAGRAM-percentage":0.10970067387556809,"VIAGENS-occurances":4,"VIAGENS-percentage":0.06268609935746748}