{"totalHistoryAmount":2526,"TECNOLOGIA-occurances":1057,"TECNOLOGIA-percentage":41.844813935075216,"NOTÍCIAS-occurances":263,"NOTÍCIAS-percentage":10.411718131433096,"ESPORTE-occurances":157,"ESPORTE-percentage":6.215360253365004,"YOUTUBE-occurances":123,"YOUTUBE-percentage":4.869358669833729,"FACEBOOK-occurances":85,"FACEBOOK-percentage":3.365003958828187,"JOGOS-occurances":40,"JOGOS-percentage":1.5835312747426762,"POLÍTICA-occurances":27,"POLÍTICA-percentage":1.0688836104513064,"SEXO-occurances":25,"SEXO-percentage":0.9897070467141726,"POP/ARTE-occurances":19,"POP/ARTE-percentage":0.7521773555027712,"SÉRIES E FILMES-occurances":19,"SÉRIES E FILMES-percentage":0.7521773555027712,"EDUCAÇÃO-occurances":18,"EDUCAÇÃO-percentage":0.7125890736342043,"INTERNACIONAL-occurances":16,"INTERNACIONAL-percentage":0.6334125098970704,"MODA-occurances":15,"MODA-percentage":0.5938242280285035,"INSTAGRAM-occurances":14,"INSTAGRAM-percentage":0.5542359461599367,"TWITTER-occurances":11,"TWITTER-percentage":0.43547110055423593,"LINKEDIN-occurances":8,"LINKEDIN-percentage":0.3167062549485352,"ALIMENTAÇÃO E SAÚDE-occurances":6,"ALIMENTAÇÃO E SAÚDE-percentage":0.2375296912114014,"TV E CELEBRIDADES-occurances":6,"TV E CELEBRIDADES-percentage":0.2375296912114014,"DECORAÇÃO-occurances":5,"DECORAÇÃO-percentage":0.19794140934283452,"VIAGENS-occurances":5,"VIAGENS-percentage":0.19794140934283452,"CARROS-occurances":4,"CARROS-percentage":0.1583531274742676,"ESOTERISMO-occurances":3,"ESOTERISMO-percentage":0.1187648456057007,"CIÊNCIA-occurances":2,"CIÊNCIA-percentage":0.0791765637371338,"NATUREZA-occurances":2,"NATUREZA-percentage":0.0791765637371338,"ECONOMIA-occurances":1,"ECONOMIA-percentage":0.0395882818685669,"FITNESS-occurances":1,"FITNESS-percentage":0.0395882818685669,"HUMOR-occurances":1,"HUMOR-percentage":0.0395882818685669}