{"totalHistoryAmount":6984,"TECNOLOGIA-occurances":1895,"TECNOLOGIA-percentage":27.133447880870563,"NOTÍCIAS-occurances":466,"NOTÍCIAS-percentage":6.672394043528064,"DECORAÇÃO-occurances":360,"DECORAÇÃO-percentage":5.154639175257732,"FACEBOOK-occurances":331,"FACEBOOK-percentage":4.739404352806415,"MODA-occurances":269,"MODA-percentage":3.8516609392898054,"YOUTUBE-occurances":237,"YOUTUBE-percentage":3.393470790378007,"SÉRIES E FILMES-occurances":165,"SÉRIES E FILMES-percentage":2.3625429553264605,"ESPORTE-occurances":162,"ESPORTE-percentage":2.3195876288659796,"POP/ARTE-occurances":128,"POP/ARTE-percentage":1.8327605956471935,"ALIMENTAÇÃO E SAÚDE-occurances":71,"ALIMENTAÇÃO E SAÚDE-percentage":1.0166093928980526,"TV E CELEBRIDADES-occurances":60,"TV E CELEBRIDADES-percentage":0.8591065292096219,"CARROS-occurances":47,"CARROS-percentage":0.672966781214204,"JOGOS-occurances":36,"JOGOS-percentage":0.5154639175257731,"VIAGENS-occurances":36,"VIAGENS-percentage":0.5154639175257731,"SEXO-occurances":32,"SEXO-percentage":0.4581901489117984,"EDUCAÇÃO-occurances":27,"EDUCAÇÃO-percentage":0.3865979381443299,"CIÊNCIA-occurances":18,"CIÊNCIA-percentage":0.25773195876288657,"INTERNACIONAL-occurances":17,"INTERNACIONAL-percentage":0.2434135166093929,"HUMOR-occurances":13,"HUMOR-percentage":0.1861397479954181,"LINKEDIN-occurances":10,"LINKEDIN-percentage":0.143184421534937,"ECONOMIA-occurances":9,"ECONOMIA-percentage":0.12886597938144329,"NATUREZA-occurances":8,"NATUREZA-percentage":0.1145475372279496,"FITNESS-occurances":7,"FITNESS-percentage":0.1002290950744559,"ESOTERISMO-occurances":5,"ESOTERISMO-percentage":0.0715922107674685,"INSTAGRAM-occurances":4,"INSTAGRAM-percentage":0.0572737686139748,"POLÍTICA-occurances":3,"POLÍTICA-percentage":0.0429553264604811,"TWITTER-occurances":3,"TWITTER-percentage":0.0429553264604811}