{"totalHistoryAmount":4262,"TECNOLOGIA-occurances":2189,"TECNOLOGIA-percentage":51.3608634443923,"YOUTUBE-occurances":301,"YOUTUBE-percentage":7.0624120131393715,"FACEBOOK-occurances":203,"FACEBOOK-percentage":4.763022055373065,"ESPORTE-occurances":183,"ESPORTE-percentage":4.293758798686063,"POP/ARTE-occurances":62,"POP/ARTE-percentage":1.4547160957297043,"DECORAÇÃO-occurances":47,"DECORAÇÃO-percentage":1.1027686532144534,"MODA-occurances":37,"MODA-percentage":0.8681370248709526,"ECONOMIA-occurances":36,"ECONOMIA-percentage":0.8446738620366026,"NOTÍCIAS-occurances":30,"NOTÍCIAS-percentage":0.7038948850305021,"ALIMENTAÇÃO E SAÚDE-occurances":27,"ALIMENTAÇÃO E SAÚDE-percentage":0.6335053965274519,"FITNESS-occurances":26,"FITNESS-percentage":0.6100422336931018,"INSTAGRAM-occurances":26,"INSTAGRAM-percentage":0.6100422336931018,"TV E CELEBRIDADES-occurances":23,"TV E CELEBRIDADES-percentage":0.5396527451900516,"POLÍTICA-occurances":21,"POLÍTICA-percentage":0.4927264195213515,"ESOTERISMO-occurances":20,"ESOTERISMO-percentage":0.4692632566870014,"JOGOS-occurances":20,"JOGOS-percentage":0.4692632566870014,"EDUCAÇÃO-occurances":13,"EDUCAÇÃO-percentage":0.3050211168465509,"VIAGENS-occurances":12,"VIAGENS-percentage":0.28155795401220085,"INTERNACIONAL-occurances":10,"INTERNACIONAL-percentage":0.2346316283435007,"CARROS-occurances":7,"CARROS-percentage":0.1642421398404505,"HUMOR-occurances":6,"HUMOR-percentage":0.14077897700610043,"LINKEDIN-occurances":6,"LINKEDIN-percentage":0.14077897700610043,"SÉRIES E FILMES-occurances":5,"SÉRIES E FILMES-percentage":0.11731581417175035,"SEXO-occurances":5,"SEXO-percentage":0.11731581417175035,"TWITTER-occurances":3,"TWITTER-percentage":0.07038948850305021,"CIÊNCIA-occurances":0,"CIÊNCIA-percentage":0,"NATUREZA-occurances":0,"NATUREZA-percentage":0}