{"totalHistoryAmount":9339,"TECNOLOGIA-occurances":4331,"TECNOLOGIA-percentage":46.37541492665168,"ESPORTE-occurances":1559,"ESPORTE-percentage":16.693436128065102,"FACEBOOK-occurances":1198,"FACEBOOK-percentage":12.827925902130849,"SEXO-occurances":574,"SEXO-percentage":6.146268337081058,"INSTAGRAM-occurances":161,"INSTAGRAM-percentage":1.723953314059321,"CARROS-occurances":130,"CARROS-percentage":1.3920119927187065,"DECORAÇÃO-occurances":66,"DECORAÇÃO-percentage":0.7067137809187279,"POP/ARTE-occurances":62,"POP/ARTE-percentage":0.6638826426812292,"EDUCAÇÃO-occurances":49,"EDUCAÇÃO-percentage":0.5246814434093586,"NOTÍCIAS-occurances":47,"NOTÍCIAS-percentage":0.5032658742906093,"YOUTUBE-occurances":42,"YOUTUBE-percentage":0.4497269514937359,"ESOTERISMO-occurances":37,"ESOTERISMO-percentage":0.3961880286968626,"JOGOS-occurances":23,"JOGOS-percentage":0.2462790448656173,"LINKEDIN-occurances":21,"LINKEDIN-percentage":0.22486347574686796,"MODA-occurances":21,"MODA-percentage":0.22486347574686796,"ECONOMIA-occurances":11,"ECONOMIA-percentage":0.11778563015312132,"SÉRIES E FILMES-occurances":11,"SÉRIES E FILMES-percentage":0.11778563015312132,"TV E CELEBRIDADES-occurances":10,"TV E CELEBRIDADES-percentage":0.10707784559374665,"TWITTER-occurances":10,"TWITTER-percentage":0.10707784559374665,"ALIMENTAÇÃO E SAÚDE-occurances":4,"ALIMENTAÇÃO E SAÚDE-percentage":0.042831138237498664,"FITNESS-occurances":4,"FITNESS-percentage":0.042831138237498664,"VIAGENS-occurances":4,"VIAGENS-percentage":0.042831138237498664,"CIÊNCIA-occurances":2,"CIÊNCIA-percentage":0.021415569118749332,"POLÍTICA-occurances":2,"POLÍTICA-percentage":0.021415569118749332,"INTERNACIONAL-occurances":1,"INTERNACIONAL-percentage":0.010707784559374666,"HUMOR-occurances":0,"HUMOR-percentage":0,"NATUREZA-occurances":0,"NATUREZA-percentage":0}