{"totalHistoryAmount":13875,"TECNOLOGIA-occurances":4052,"TECNOLOGIA-percentage":29.203603603603604,"TWITTER-occurances":1396,"TWITTER-percentage":10.061261261261262,"ESPORTE-occurances":651,"ESPORTE-percentage":4.691891891891892,"YOUTUBE-occurances":256,"YOUTUBE-percentage":1.845045045045045,"SÉRIES E FILMES-occurances":240,"SÉRIES E FILMES-percentage":1.7297297297297298,"JOGOS-occurances":199,"JOGOS-percentage":1.4342342342342342,"POP/ARTE-occurances":126,"POP/ARTE-percentage":0.9081081081081082,"CARROS-occurances":73,"CARROS-percentage":0.5261261261261261,"FITNESS-occurances":63,"FITNESS-percentage":0.4540540540540541,"TV E CELEBRIDADES-occurances":63,"TV E CELEBRIDADES-percentage":0.4540540540540541,"FACEBOOK-occurances":61,"FACEBOOK-percentage":0.43963963963963965,"NOTÍCIAS-occurances":57,"NOTÍCIAS-percentage":0.41081081081081083,"ESOTERISMO-occurances":47,"ESOTERISMO-percentage":0.3387387387387387,"LINKEDIN-occurances":41,"LINKEDIN-percentage":0.2954954954954955,"INSTAGRAM-occurances":32,"INSTAGRAM-percentage":0.23063063063063063,"ECONOMIA-occurances":27,"ECONOMIA-percentage":0.1945945945945946,"MODA-occurances":17,"MODA-percentage":0.12252252252252252,"VIAGENS-occurances":15,"VIAGENS-percentage":0.10810810810810811,"EDUCAÇÃO-occurances":12,"EDUCAÇÃO-percentage":0.08648648648648649,"DECORAÇÃO-occurances":11,"DECORAÇÃO-percentage":0.07927927927927927,"HUMOR-occurances":9,"HUMOR-percentage":0.06486486486486487,"SEXO-occurances":6,"SEXO-percentage":0.043243243243243246,"CIÊNCIA-occurances":5,"CIÊNCIA-percentage":0.036036036036036036,"NATUREZA-occurances":4,"NATUREZA-percentage":0.02882882882882883,"INTERNACIONAL-occurances":3,"INTERNACIONAL-percentage":0.021621621621621623,"ALIMENTAÇÃO E SAÚDE-occurances":1,"ALIMENTAÇÃO E SAÚDE-percentage":0.007207207207207207,"POLÍTICA-occurances":1,"POLÍTICA-percentage":0.007207207207207207}