{"totalHistoryAmount":7258,"TECNOLOGIA-occurances":1768,"TECNOLOGIA-percentage":24.359327638467896,"FACEBOOK-occurances":584,"FACEBOOK-percentage":8.046293744833287,"NOTÍCIAS-occurances":563,"NOTÍCIAS-percentage":7.756957839625241,"DECORAÇÃO-occurances":406,"DECORAÇÃO-percentage":5.593827500688895,"MODA-occurances":287,"MODA-percentage":3.9542573711766327,"ESPORTE-occurances":229,"ESPORTE-percentage":3.155139156792505,"POP/ARTE-occurances":127,"POP/ARTE-percentage":1.74979333149628,"LINKEDIN-occurances":125,"LINKEDIN-percentage":1.7222375310002755,"ESOTERISMO-occurances":108,"ESOTERISMO-percentage":1.488013226784238,"YOUTUBE-occurances":99,"YOUTUBE-percentage":1.3640121245522183,"SÉRIES E FILMES-occurances":90,"SÉRIES E FILMES-percentage":1.2400110223201983,"TV E CELEBRIDADES-occurances":73,"TV E CELEBRIDADES-percentage":1.0057867181041609,"ALIMENTAÇÃO E SAÚDE-occurances":60,"ALIMENTAÇÃO E SAÚDE-percentage":0.8266740148801323,"EDUCAÇÃO-occurances":40,"EDUCAÇÃO-percentage":0.5511160099200881,"CARROS-occurances":37,"CARROS-percentage":0.5097823091760816,"JOGOS-occurances":34,"JOGOS-percentage":0.468448608432075,"POLÍTICA-occurances":32,"POLÍTICA-percentage":0.44089280793607055,"VIAGENS-occurances":31,"VIAGENS-percentage":0.4271149076880683,"CIÊNCIA-occurances":22,"CIÊNCIA-percentage":0.3031138054560485,"INTERNACIONAL-occurances":21,"INTERNACIONAL-percentage":0.2893359052080463,"HUMOR-occurances":19,"HUMOR-percentage":0.2617801047120419,"ECONOMIA-occurances":16,"ECONOMIA-percentage":0.22044640396803528,"SEXO-occurances":16,"SEXO-percentage":0.22044640396803528,"FITNESS-occurances":7,"FITNESS-percentage":0.09644530173601543,"NATUREZA-occurances":7,"NATUREZA-percentage":0.09644530173601543,"TWITTER-occurances":7,"TWITTER-percentage":0.09644530173601543,"INSTAGRAM-occurances":6,"INSTAGRAM-percentage":0.08266740148801323}