{"totalHistoryAmount":2612,"TECNOLOGIA-occurances":1094,"TECNOLOGIA-percentage":41.88361408882083,"NOTÍCIAS-occurances":263,"NOTÍCIAS-percentage":10.068912710566616,"ESPORTE-occurances":178,"ESPORTE-percentage":6.814701378254211,"YOUTUBE-occurances":129,"YOUTUBE-percentage":4.938744257274119,"FACEBOOK-occurances":85,"FACEBOOK-percentage":3.2542113323124044,"JOGOS-occurances":40,"JOGOS-percentage":1.5313935681470139,"POLÍTICA-occurances":27,"POLÍTICA-percentage":1.0336906584992342,"SEXO-occurances":25,"SEXO-percentage":0.9571209800918836,"POP/ARTE-occurances":19,"POP/ARTE-percentage":0.7274119448698315,"SÉRIES E FILMES-occurances":19,"SÉRIES E FILMES-percentage":0.7274119448698315,"EDUCAÇÃO-occurances":18,"EDUCAÇÃO-percentage":0.6891271056661562,"INTERNACIONAL-occurances":16,"INTERNACIONAL-percentage":0.6125574272588055,"MODA-occurances":15,"MODA-percentage":0.5742725880551302,"INSTAGRAM-occurances":14,"INSTAGRAM-percentage":0.5359877488514548,"TWITTER-occurances":11,"TWITTER-percentage":0.4211332312404288,"LINKEDIN-occurances":8,"LINKEDIN-percentage":0.30627871362940273,"TV E CELEBRIDADES-occurances":7,"TV E CELEBRIDADES-percentage":0.2679938744257274,"ALIMENTAÇÃO E SAÚDE-occurances":6,"ALIMENTAÇÃO E SAÚDE-percentage":0.22970903522205208,"CARROS-occurances":6,"CARROS-percentage":0.22970903522205208,"DECORAÇÃO-occurances":5,"DECORAÇÃO-percentage":0.19142419601837674,"VIAGENS-occurances":5,"VIAGENS-percentage":0.19142419601837674,"ESOTERISMO-occurances":3,"ESOTERISMO-percentage":0.11485451761102604,"CIÊNCIA-occurances":2,"CIÊNCIA-percentage":0.07656967840735068,"NATUREZA-occurances":2,"NATUREZA-percentage":0.07656967840735068,"ECONOMIA-occurances":1,"ECONOMIA-percentage":0.03828483920367534,"FITNESS-occurances":1,"FITNESS-percentage":0.03828483920367534,"HUMOR-occurances":1,"HUMOR-percentage":0.03828483920367534}