{"totalHistoryAmount":9351,"TECNOLOGIA-occurances":1775,"TECNOLOGIA-percentage":18.98192706662389,"YOUTUBE-occurances":1253,"YOUTUBE-percentage":13.399636402523795,"TWITTER-occurances":386,"TWITTER-percentage":4.127900759277082,"INSTAGRAM-occurances":200,"INSTAGRAM-percentage":2.1388086835632554,"FACEBOOK-occurances":184,"FACEBOOK-percentage":1.9677039888781949,"TV E CELEBRIDADES-occurances":164,"TV E CELEBRIDADES-percentage":1.7538231205218693,"SÉRIES E FILMES-occurances":155,"SÉRIES E FILMES-percentage":1.657576729761523,"JOGOS-occurances":146,"JOGOS-percentage":1.5613303390011763,"HUMOR-occurances":88,"HUMOR-percentage":0.9410758207678324,"CARROS-occurances":80,"CARROS-percentage":0.8555234734253021,"POP/ARTE-occurances":74,"POP/ARTE-percentage":0.7913592129184045,"ESPORTE-occurances":65,"ESPORTE-percentage":0.6951128221580579,"ESOTERISMO-occurances":49,"ESOTERISMO-percentage":0.5240081274729975,"FITNESS-occurances":41,"FITNESS-percentage":0.4384557801304673,"NOTÍCIAS-occurances":39,"NOTÍCIAS-percentage":0.4170676932948348,"EDUCAÇÃO-occurances":26,"EDUCAÇÃO-percentage":0.2780451288632232,"SEXO-occurances":24,"SEXO-percentage":0.25665704202759065,"MODA-occurances":18,"MODA-percentage":0.19249278152069296,"ECONOMIA-occurances":9,"ECONOMIA-percentage":0.09624639076034648,"VIAGENS-occurances":6,"VIAGENS-percentage":0.06416426050689766,"CIÊNCIA-occurances":4,"CIÊNCIA-percentage":0.04277617367126511,"NATUREZA-occurances":3,"NATUREZA-percentage":0.03208213025344883,"DECORAÇÃO-occurances":2,"DECORAÇÃO-percentage":0.021388086835632553,"ALIMENTAÇÃO E SAÚDE-occurances":1,"ALIMENTAÇÃO E SAÚDE-percentage":0.010694043417816277,"LINKEDIN-occurances":1,"LINKEDIN-percentage":0.010694043417816277,"INTERNACIONAL-occurances":0,"INTERNACIONAL-percentage":0,"POLÍTICA-occurances":0,"POLÍTICA-percentage":0}