{"totalHistoryAmount":6739,"TECNOLOGIA-occurances":1676,"TECNOLOGIA-percentage":24.870158777266656,"FACEBOOK-occurances":572,"FACEBOOK-percentage":8.487906217539694,"NOTÍCIAS-occurances":417,"NOTÍCIAS-percentage":6.187861700549043,"DECORAÇÃO-occurances":353,"DECORAÇÃO-percentage":5.238165899985161,"MODA-occurances":287,"MODA-percentage":4.258792105653658,"ESPORTE-occurances":226,"ESPORTE-percentage":3.3536132957412077,"LINKEDIN-occurances":128,"LINKEDIN-percentage":1.8993916011277638,"POP/ARTE-occurances":127,"POP/ARTE-percentage":1.884552604243953,"ESOTERISMO-occurances":115,"ESOTERISMO-percentage":1.7064846416382253,"YOUTUBE-occurances":82,"YOUTUBE-percentage":1.2167977444724736,"TV E CELEBRIDADES-occurances":81,"TV E CELEBRIDADES-percentage":1.201958747588663,"SÉRIES E FILMES-occurances":68,"SÉRIES E FILMES-percentage":1.0090517880991245,"ALIMENTAÇÃO E SAÚDE-occurances":61,"ALIMENTAÇÃO E SAÚDE-percentage":0.9051788099124499,"POLÍTICA-occurances":43,"POLÍTICA-percentage":0.6380768660038582,"EDUCAÇÃO-occurances":38,"EDUCAÇÃO-percentage":0.5638818815848049,"CARROS-occurances":35,"CARROS-percentage":0.5193648909333729,"VIAGENS-occurances":31,"VIAGENS-percentage":0.4600089033981303,"ECONOMIA-occurances":23,"ECONOMIA-percentage":0.3412969283276451,"CIÊNCIA-occurances":20,"CIÊNCIA-percentage":0.2967799376762131,"SEXO-occurances":19,"SEXO-percentage":0.28194094079240245,"HUMOR-occurances":16,"HUMOR-percentage":0.23742395014097048,"INTERNACIONAL-occurances":14,"INTERNACIONAL-percentage":0.20774595637334917,"JOGOS-occurances":9,"JOGOS-percentage":0.13355097195429588,"NATUREZA-occurances":7,"NATUREZA-percentage":0.10387297818667458,"TWITTER-occurances":7,"TWITTER-percentage":0.10387297818667458,"INSTAGRAM-occurances":6,"INSTAGRAM-percentage":0.08903398130286393,"FITNESS-occurances":4,"FITNESS-percentage":0.05935598753524262}