{"totalHistoryAmount":2730,"TECNOLOGIA-occurances":1057,"TECNOLOGIA-percentage":38.717948717948715,"DECORAÇÃO-occurances":358,"DECORAÇÃO-percentage":13.113553113553113,"FACEBOOK-occurances":101,"FACEBOOK-percentage":3.6996336996337,"ESPORTE-occurances":64,"ESPORTE-percentage":2.3443223443223444,"POP/ARTE-occurances":37,"POP/ARTE-percentage":1.3553113553113554,"NOTÍCIAS-occurances":34,"NOTÍCIAS-percentage":1.2454212454212454,"ALIMENTAÇÃO E SAÚDE-occurances":31,"ALIMENTAÇÃO E SAÚDE-percentage":1.1355311355311355,"SÉRIES E FILMES-occurances":31,"SÉRIES E FILMES-percentage":1.1355311355311355,"MODA-occurances":25,"MODA-percentage":0.9157509157509157,"YOUTUBE-occurances":20,"YOUTUBE-percentage":0.7326007326007326,"ECONOMIA-occurances":10,"ECONOMIA-percentage":0.3663003663003663,"FITNESS-occurances":10,"FITNESS-percentage":0.3663003663003663,"JOGOS-occurances":9,"JOGOS-percentage":0.32967032967032966,"INSTAGRAM-occurances":8,"INSTAGRAM-percentage":0.29304029304029305,"INTERNACIONAL-occurances":6,"INTERNACIONAL-percentage":0.21978021978021978,"VIAGENS-occurances":6,"VIAGENS-percentage":0.21978021978021978,"CARROS-occurances":5,"CARROS-percentage":0.18315018315018314,"EDUCAÇÃO-occurances":5,"EDUCAÇÃO-percentage":0.18315018315018314,"ESOTERISMO-occurances":4,"ESOTERISMO-percentage":0.14652014652014653,"NATUREZA-occurances":4,"NATUREZA-percentage":0.14652014652014653,"SEXO-occurances":4,"SEXO-percentage":0.14652014652014653,"TV E CELEBRIDADES-occurances":4,"TV E CELEBRIDADES-percentage":0.14652014652014653,"HUMOR-occurances":3,"HUMOR-percentage":0.10989010989010989,"CIÊNCIA-occurances":1,"CIÊNCIA-percentage":0.03663003663003663,"POLÍTICA-occurances":1,"POLÍTICA-percentage":0.03663003663003663,"TWITTER-occurances":1,"TWITTER-percentage":0.03663003663003663,"LINKEDIN-occurances":0,"LINKEDIN-percentage":0}