{"totalHistoryAmount":5054,"TECNOLOGIA-occurances":1424,"TECNOLOGIA-percentage":28.17570241392956,"YOUTUBE-occurances":607,"YOUTUBE-percentage":12.010288880094974,"SÉRIES E FILMES-occurances":380,"SÉRIES E FILMES-percentage":7.518796992481203,"DECORAÇÃO-occurances":296,"DECORAÇÃO-percentage":5.856747130985358,"FACEBOOK-occurances":154,"FACEBOOK-percentage":3.0470914127423825,"NOTÍCIAS-occurances":129,"NOTÍCIAS-percentage":2.552433715868619,"POP/ARTE-occurances":97,"POP/ARTE-percentage":1.9192718638702018,"TV E CELEBRIDADES-occurances":67,"TV E CELEBRIDADES-percentage":1.3256826276216858,"CARROS-occurances":57,"CARROS-percentage":1.1278195488721805,"ESPORTE-occurances":54,"ESPORTE-percentage":1.0684606252473288,"ALIMENTAÇÃO E SAÚDE-occurances":43,"ALIMENTAÇÃO E SAÚDE-percentage":0.850811238622873,"SEXO-occurances":24,"SEXO-percentage":0.4748713889988128,"MODA-occurances":21,"MODA-percentage":0.4155124653739612,"INTERNACIONAL-occurances":14,"INTERNACIONAL-percentage":0.2770083102493075,"VIAGENS-occurances":10,"VIAGENS-percentage":0.19786307874950534,"CIÊNCIA-occurances":9,"CIÊNCIA-percentage":0.1780767708745548,"EDUCAÇÃO-occurances":9,"EDUCAÇÃO-percentage":0.1780767708745548,"JOGOS-occurances":9,"JOGOS-percentage":0.1780767708745548,"ESOTERISMO-occurances":6,"ESOTERISMO-percentage":0.1187178472497032,"FITNESS-occurances":6,"FITNESS-percentage":0.1187178472497032,"INSTAGRAM-occurances":6,"INSTAGRAM-percentage":0.1187178472497032,"LINKEDIN-occurances":6,"LINKEDIN-percentage":0.1187178472497032,"HUMOR-occurances":5,"HUMOR-percentage":0.09893153937475267,"NATUREZA-occurances":4,"NATUREZA-percentage":0.07914523149980214,"ECONOMIA-occurances":2,"ECONOMIA-percentage":0.03957261574990107,"POLÍTICA-occurances":1,"POLÍTICA-percentage":0.019786307874950535,"TWITTER-occurances":1,"TWITTER-percentage":0.019786307874950535}