{"totalHistoryAmount":2849,"TECNOLOGIA-occurances":1013,"TECNOLOGIA-percentage":35.556335556335554,"LINKEDIN-occurances":122,"LINKEDIN-percentage":4.282204282204282,"EDUCAÇÃO-occurances":93,"EDUCAÇÃO-percentage":3.264303264303264,"FACEBOOK-occurances":48,"FACEBOOK-percentage":1.684801684801685,"CARROS-occurances":38,"CARROS-percentage":1.3338013338013337,"VIAGENS-occurances":38,"VIAGENS-percentage":1.3338013338013337,"ESPORTE-occurances":29,"ESPORTE-percentage":1.017901017901018,"FITNESS-occurances":26,"FITNESS-percentage":0.9126009126009126,"YOUTUBE-occurances":26,"YOUTUBE-percentage":0.9126009126009126,"INSTAGRAM-occurances":25,"INSTAGRAM-percentage":0.8775008775008775,"NOTÍCIAS-occurances":22,"NOTÍCIAS-percentage":0.7722007722007722,"DECORAÇÃO-occurances":21,"DECORAÇÃO-percentage":0.7371007371007371,"CIÊNCIA-occurances":19,"CIÊNCIA-percentage":0.6669006669006668,"TWITTER-occurances":17,"TWITTER-percentage":0.5967005967005967,"TV E CELEBRIDADES-occurances":15,"TV E CELEBRIDADES-percentage":0.5265005265005265,"ECONOMIA-occurances":14,"ECONOMIA-percentage":0.4914004914004914,"JOGOS-occurances":14,"JOGOS-percentage":0.4914004914004914,"POP/ARTE-occurances":13,"POP/ARTE-percentage":0.4563004563004563,"SEXO-occurances":12,"SEXO-percentage":0.4212004212004212,"MODA-occurances":8,"MODA-percentage":0.2808002808002808,"ESOTERISMO-occurances":7,"ESOTERISMO-percentage":0.2457002457002457,"ALIMENTAÇÃO E SAÚDE-occurances":5,"ALIMENTAÇÃO E SAÚDE-percentage":0.1755001755001755,"POLÍTICA-occurances":5,"POLÍTICA-percentage":0.1755001755001755,"HUMOR-occurances":0,"HUMOR-percentage":0,"INTERNACIONAL-occurances":0,"INTERNACIONAL-percentage":0,"NATUREZA-occurances":0,"NATUREZA-percentage":0,"SÉRIES E FILMES-occurances":0,"SÉRIES E FILMES-percentage":0}