{"totalHistoryAmount":7316,"TECNOLOGIA-occurances":1775,"TECNOLOGIA-percentage":24.261891744122472,"FACEBOOK-occurances":579,"FACEBOOK-percentage":7.914160743575724,"NOTÍCIAS-occurances":568,"NOTÍCIAS-percentage":7.763805358119191,"DECORAÇÃO-occurances":369,"DECORAÇÃO-percentage":5.043739748496447,"MODA-occurances":280,"MODA-percentage":3.827227993439038,"ESPORTE-occurances":230,"ESPORTE-percentage":3.143794423182067,"POP/ARTE-occurances":132,"POP/ARTE-percentage":1.8042646254784036,"LINKEDIN-occurances":115,"LINKEDIN-percentage":1.5718972115910335,"YOUTUBE-occurances":108,"YOUTUBE-percentage":1.4762165117550574,"SÉRIES E FILMES-occurances":100,"SÉRIES E FILMES-percentage":1.366867140513942,"ESOTERISMO-occurances":94,"ESOTERISMO-percentage":1.2848551120831055,"TV E CELEBRIDADES-occurances":81,"TV E CELEBRIDADES-percentage":1.107162383816293,"ALIMENTAÇÃO E SAÚDE-occurances":63,"ALIMENTAÇÃO E SAÚDE-percentage":0.8611262985237835,"EDUCAÇÃO-occurances":45,"EDUCAÇÃO-percentage":0.6150902132312739,"CARROS-occurances":35,"CARROS-percentage":0.47840349917987973,"JOGOS-occurances":34,"JOGOS-percentage":0.4647348277747403,"VIAGENS-occurances":30,"VIAGENS-percentage":0.4100601421541826,"CIÊNCIA-occurances":24,"CIÊNCIA-percentage":0.3280481137233461,"INTERNACIONAL-occurances":22,"INTERNACIONAL-percentage":0.30071077091306725,"HUMOR-occurances":19,"HUMOR-percentage":0.259704756697649,"SEXO-occurances":19,"SEXO-percentage":0.259704756697649,"POLÍTICA-occurances":17,"POLÍTICA-percentage":0.23236741388737014,"ECONOMIA-occurances":15,"ECONOMIA-percentage":0.2050300710770913,"FITNESS-occurances":7,"FITNESS-percentage":0.09568069983597595,"INSTAGRAM-occurances":6,"INSTAGRAM-percentage":0.08201202843083652,"NATUREZA-occurances":6,"NATUREZA-percentage":0.08201202843083652,"TWITTER-occurances":6,"TWITTER-percentage":0.08201202843083652}