{"totalHistoryAmount":2953,"TECNOLOGIA-occurances":1142,"TECNOLOGIA-percentage":38.6725364036573,"NOTÍCIAS-occurances":267,"NOTÍCIAS-percentage":9.041652556721978,"ESPORTE-occurances":188,"ESPORTE-percentage":6.366407043684389,"YOUTUBE-occurances":148,"YOUTUBE-percentage":5.0118523535387745,"HUMOR-occurances":90,"HUMOR-percentage":3.047748052827633,"FACEBOOK-occurances":85,"FACEBOOK-percentage":2.878428716559431,"JOGOS-occurances":41,"JOGOS-percentage":1.388418557399255,"MODA-occurances":38,"MODA-percentage":1.2868269556383338,"POP/ARTE-occurances":33,"POP/ARTE-percentage":1.117507619370132,"POLÍTICA-occurances":31,"POLÍTICA-percentage":1.0497798848628512,"SEXO-occurances":25,"SEXO-percentage":0.8465966813410092,"SÉRIES E FILMES-occurances":20,"SÉRIES E FILMES-percentage":0.6772773450728073,"EDUCAÇÃO-occurances":19,"EDUCAÇÃO-percentage":0.6434134778191669,"INTERNACIONAL-occurances":16,"INTERNACIONAL-percentage":0.5418218760582458,"INSTAGRAM-occurances":14,"INSTAGRAM-percentage":0.47409414155096513,"TWITTER-occurances":11,"TWITTER-percentage":0.372502539790044,"TV E CELEBRIDADES-occurances":10,"TV E CELEBRIDADES-percentage":0.3386386725364037,"ESOTERISMO-occurances":8,"ESOTERISMO-percentage":0.2709109380291229,"LINKEDIN-occurances":8,"LINKEDIN-percentage":0.2709109380291229,"ALIMENTAÇÃO E SAÚDE-occurances":6,"ALIMENTAÇÃO E SAÚDE-percentage":0.2031832035218422,"CARROS-occurances":6,"CARROS-percentage":0.2031832035218422,"DECORAÇÃO-occurances":5,"DECORAÇÃO-percentage":0.16931933626820184,"VIAGENS-occurances":5,"VIAGENS-percentage":0.16931933626820184,"FITNESS-occurances":4,"FITNESS-percentage":0.13545546901456146,"CIÊNCIA-occurances":2,"CIÊNCIA-percentage":0.06772773450728073,"NATUREZA-occurances":2,"NATUREZA-percentage":0.06772773450728073,"ECONOMIA-occurances":1,"ECONOMIA-percentage":0.033863867253640365}