{"totalHistoryAmount":6886,"TECNOLOGIA-occurances":1862,"TECNOLOGIA-percentage":27.040371768806274,"NOTÍCIAS-occurances":465,"NOTÍCIAS-percentage":6.752831832704037,"FACEBOOK-occurances":364,"FACEBOOK-percentage":5.28608771420273,"DECORAÇÃO-occurances":348,"DECORAÇÃO-percentage":5.053732210281731,"MODA-occurances":271,"MODA-percentage":3.935521347661923,"YOUTUBE-occurances":213,"YOUTUBE-percentage":3.093232645948301,"ESPORTE-occurances":171,"ESPORTE-percentage":2.483299448155678,"SÉRIES E FILMES-occurances":156,"SÉRIES E FILMES-percentage":2.2654661632297417,"POP/ARTE-occurances":125,"POP/ARTE-percentage":1.8152773743828057,"ALIMENTAÇÃO E SAÚDE-occurances":63,"ALIMENTAÇÃO E SAÚDE-percentage":0.9148997966889341,"TV E CELEBRIDADES-occurances":59,"TV E CELEBRIDADES-percentage":0.8568109207086843,"CARROS-occurances":48,"CARROS-percentage":0.6970665117629974,"JOGOS-occurances":36,"JOGOS-percentage":0.5227998838222481,"VIAGENS-occurances":36,"VIAGENS-percentage":0.5227998838222481,"SEXO-occurances":30,"SEXO-percentage":0.43566656985187335,"EDUCAÇÃO-occurances":28,"EDUCAÇÃO-percentage":0.40662213186174845,"INTERNACIONAL-occurances":21,"INTERNACIONAL-percentage":0.30496659889631134,"CIÊNCIA-occurances":19,"CIÊNCIA-percentage":0.2759221609061865,"HUMOR-occurances":16,"HUMOR-percentage":0.23235550392099913,"LINKEDIN-occurances":10,"LINKEDIN-percentage":0.14522218995062444,"ECONOMIA-occurances":9,"ECONOMIA-percentage":0.13069997095556202,"NATUREZA-occurances":8,"NATUREZA-percentage":0.11617775196049956,"ESOTERISMO-occurances":5,"ESOTERISMO-percentage":0.07261109497531222,"FITNESS-occurances":5,"FITNESS-percentage":0.07261109497531222,"INSTAGRAM-occurances":4,"INSTAGRAM-percentage":0.05808887598024978,"TWITTER-occurances":4,"TWITTER-percentage":0.05808887598024978,"POLÍTICA-occurances":3,"POLÍTICA-percentage":0.04356665698518734}