{"totalHistoryAmount":3889,"TECNOLOGIA-occurances":1980,"TECNOLOGIA-percentage":50.912831061969655,"YOUTUBE-occurances":296,"YOUTUBE-percentage":7.61121110825405,"FACEBOOK-occurances":201,"FACEBOOK-percentage":5.168423759321162,"ESPORTE-occurances":175,"ESPORTE-percentage":4.499871432244793,"POP/ARTE-occurances":50,"POP/ARTE-percentage":1.2856775520699408,"DECORAÇÃO-occurances":43,"DECORAÇÃO-percentage":1.1056826947801492,"ECONOMIA-occurances":36,"ECONOMIA-percentage":0.9256878374903574,"MODA-occurances":34,"MODA-percentage":0.8742607354075598,"FITNESS-occurances":26,"FITNESS-percentage":0.6685523270763692,"NOTÍCIAS-occurances":26,"NOTÍCIAS-percentage":0.6685523270763692,"INSTAGRAM-occurances":23,"INSTAGRAM-percentage":0.5914116739521728,"POLÍTICA-occurances":21,"POLÍTICA-percentage":0.5399845718693752,"TV E CELEBRIDADES-occurances":21,"TV E CELEBRIDADES-percentage":0.5399845718693752,"ESOTERISMO-occurances":16,"ESOTERISMO-percentage":0.41141681666238106,"EDUCAÇÃO-occurances":13,"EDUCAÇÃO-percentage":0.3342761635381846,"VIAGENS-occurances":12,"VIAGENS-percentage":0.3085626124967858,"JOGOS-occurances":11,"JOGOS-percentage":0.28284906145538696,"INTERNACIONAL-occurances":10,"INTERNACIONAL-percentage":0.2571355104139882,"CARROS-occurances":7,"CARROS-percentage":0.17999485728979173,"HUMOR-occurances":6,"HUMOR-percentage":0.1542813062483929,"LINKEDIN-occurances":6,"LINKEDIN-percentage":0.1542813062483929,"SÉRIES E FILMES-occurances":5,"SÉRIES E FILMES-percentage":0.1285677552069941,"SEXO-occurances":5,"SEXO-percentage":0.1285677552069941,"TWITTER-occurances":3,"TWITTER-percentage":0.07714065312419645,"ALIMENTAÇÃO E SAÚDE-occurances":0,"ALIMENTAÇÃO E SAÚDE-percentage":0,"CIÊNCIA-occurances":0,"CIÊNCIA-percentage":0,"NATUREZA-occurances":0,"NATUREZA-percentage":0}