{"totalHistoryAmount":3078,"TECNOLOGIA-occurances":1141,"TECNOLOGIA-percentage":37.069525666016894,"DECORAÇÃO-occurances":391,"DECORAÇÃO-percentage":12.703053931124106,"FACEBOOK-occurances":149,"FACEBOOK-percentage":4.8408057179987,"ESPORTE-occurances":109,"ESPORTE-percentage":3.5412605588044186,"POP/ARTE-occurances":45,"POP/ARTE-percentage":1.4619883040935673,"ALIMENTAÇÃO E SAÚDE-occurances":34,"ALIMENTAÇÃO E SAÚDE-percentage":1.1046133853151396,"NOTÍCIAS-occurances":32,"NOTÍCIAS-percentage":1.0396361273554255,"SÉRIES E FILMES-occurances":28,"SÉRIES E FILMES-percentage":0.9096816114359974,"MODA-occurances":23,"MODA-percentage":0.7472384665367121,"JOGOS-occurances":19,"JOGOS-percentage":0.6172839506172839,"YOUTUBE-occurances":17,"YOUTUBE-percentage":0.5523066926575698,"TWITTER-occurances":16,"TWITTER-percentage":0.5198180636777128,"CARROS-occurances":11,"CARROS-percentage":0.35737491877842753,"ECONOMIA-occurances":10,"ECONOMIA-percentage":0.3248862897985705,"INSTAGRAM-occurances":8,"INSTAGRAM-percentage":0.2599090318388564,"VIAGENS-occurances":7,"VIAGENS-percentage":0.22742040285899934,"EDUCAÇÃO-occurances":6,"EDUCAÇÃO-percentage":0.1949317738791423,"ESOTERISMO-occurances":6,"ESOTERISMO-percentage":0.1949317738791423,"INTERNACIONAL-occurances":6,"INTERNACIONAL-percentage":0.1949317738791423,"NATUREZA-occurances":4,"NATUREZA-percentage":0.1299545159194282,"FITNESS-occurances":3,"FITNESS-percentage":0.09746588693957114,"HUMOR-occurances":3,"HUMOR-percentage":0.09746588693957114,"TV E CELEBRIDADES-occurances":3,"TV E CELEBRIDADES-percentage":0.09746588693957114,"CIÊNCIA-occurances":2,"CIÊNCIA-percentage":0.0649772579597141,"POLÍTICA-occurances":2,"POLÍTICA-percentage":0.0649772579597141,"SEXO-occurances":2,"SEXO-percentage":0.0649772579597141,"LINKEDIN-occurances":0,"LINKEDIN-percentage":0}