{"totalHistoryAmount":5252,"TECNOLOGIA-occurances":1563,"TECNOLOGIA-percentage":29.76009139375476,"YOUTUBE-occurances":602,"YOUTUBE-percentage":11.462300076161462,"SÉRIES E FILMES-occurances":407,"SÉRIES E FILMES-percentage":7.749428789032749,"DECORAÇÃO-occurances":361,"DECORAÇÃO-percentage":6.873571972581874,"FACEBOOK-occurances":123,"FACEBOOK-percentage":2.341964965727342,"NOTÍCIAS-occurances":105,"NOTÍCIAS-percentage":1.9992383853769993,"POP/ARTE-occurances":82,"POP/ARTE-percentage":1.5613099771515613,"TV E CELEBRIDADES-occurances":67,"TV E CELEBRIDADES-percentage":1.2757044935262758,"CARROS-occurances":58,"CARROS-percentage":1.1043412033511044,"ESPORTE-occurances":53,"ESPORTE-percentage":1.0091393754760092,"ALIMENTAÇÃO E SAÚDE-occurances":47,"ALIMENTAÇÃO E SAÚDE-percentage":0.8948971820258949,"SEXO-occurances":24,"SEXO-percentage":0.456968773800457,"MODA-occurances":20,"MODA-percentage":0.38080731150038083,"INTERNACIONAL-occurances":14,"INTERNACIONAL-percentage":0.26656511805026656,"VIAGENS-occurances":10,"VIAGENS-percentage":0.19040365575019041,"JOGOS-occurances":8,"JOGOS-percentage":0.15232292460015232,"EDUCAÇÃO-occurances":7,"EDUCAÇÃO-percentage":0.13328255902513328,"ESOTERISMO-occurances":7,"ESOTERISMO-percentage":0.13328255902513328,"CIÊNCIA-occurances":6,"CIÊNCIA-percentage":0.11424219345011424,"FITNESS-occurances":6,"FITNESS-percentage":0.11424219345011424,"INSTAGRAM-occurances":6,"INSTAGRAM-percentage":0.11424219345011424,"LINKEDIN-occurances":6,"LINKEDIN-percentage":0.11424219345011424,"HUMOR-occurances":5,"HUMOR-percentage":0.09520182787509521,"NATUREZA-occurances":3,"NATUREZA-percentage":0.05712109672505712,"ECONOMIA-occurances":1,"ECONOMIA-percentage":0.01904036557501904,"POLÍTICA-occurances":1,"POLÍTICA-percentage":0.01904036557501904,"TWITTER-occurances":1,"TWITTER-percentage":0.01904036557501904}