{"totalHistoryAmount":9153,"TECNOLOGIA-occurances":4343,"TECNOLOGIA-percentage":47.44892385010379,"ESPORTE-occurances":1348,"ESPORTE-percentage":14.72741177755927,"FACEBOOK-occurances":1059,"FACEBOOK-percentage":11.56997705670272,"SEXO-occurances":404,"SEXO-percentage":4.413853381405004,"INSTAGRAM-occurances":256,"INSTAGRAM-percentage":2.796897192177428,"CARROS-occurances":115,"CARROS-percentage":1.256418660548454,"POP/ARTE-occurances":77,"POP/ARTE-percentage":0.841254233584617,"NOTÍCIAS-occurances":69,"NOTÍCIAS-percentage":0.7538511963290724,"EDUCAÇÃO-occurances":64,"EDUCAÇÃO-percentage":0.699224298044357,"DECORAÇÃO-occurances":63,"DECORAÇÃO-percentage":0.688298918387414,"YOUTUBE-occurances":49,"YOUTUBE-percentage":0.5353436031902109,"LINKEDIN-occurances":47,"LINKEDIN-percentage":0.5134928438763247,"ESOTERISMO-occurances":45,"ESOTERISMO-percentage":0.4916420845624385,"SÉRIES E FILMES-occurances":30,"SÉRIES E FILMES-percentage":0.3277613897082924,"JOGOS-occurances":26,"JOGOS-percentage":0.28405987108052005,"MODA-occurances":17,"MODA-percentage":0.18573145416803233,"TV E CELEBRIDADES-occurances":15,"TV E CELEBRIDADES-percentage":0.1638806948541462,"TWITTER-occurances":15,"TWITTER-percentage":0.1638806948541462,"ECONOMIA-occurances":11,"ECONOMIA-percentage":0.12017917622637386,"CIÊNCIA-occurances":6,"CIÊNCIA-percentage":0.06555227794165848,"NATUREZA-occurances":6,"NATUREZA-percentage":0.06555227794165848,"FITNESS-occurances":5,"FITNESS-percentage":0.0546268982847154,"ALIMENTAÇÃO E SAÚDE-occurances":4,"ALIMENTAÇÃO E SAÚDE-percentage":0.043701518627772315,"INTERNACIONAL-occurances":4,"INTERNACIONAL-percentage":0.043701518627772315,"VIAGENS-occurances":3,"VIAGENS-percentage":0.03277613897082924,"POLÍTICA-occurances":2,"POLÍTICA-percentage":0.021850759313886157,"HUMOR-occurances":0,"HUMOR-percentage":0}