{"totalHistoryAmount":9065,"TECNOLOGIA-occurances":4309,"TECNOLOGIA-percentage":47.534473248758964,"ESPORTE-occurances":1343,"ESPORTE-percentage":14.815223386651958,"FACEBOOK-occurances":1038,"FACEBOOK-percentage":11.450634307777165,"SEXO-occurances":411,"SEXO-percentage":4.53392167677882,"INSTAGRAM-occurances":244,"INSTAGRAM-percentage":2.6916712630998347,"CARROS-occurances":118,"CARROS-percentage":1.3017098731384447,"POP/ARTE-occurances":69,"POP/ARTE-percentage":0.761169332597904,"NOTÍCIAS-occurances":68,"NOTÍCIAS-percentage":0.7501378929950359,"EDUCAÇÃO-occurances":64,"EDUCAÇÃO-percentage":0.7060121345835632,"DECORAÇÃO-occurances":63,"DECORAÇÃO-percentage":0.694980694980695,"YOUTUBE-occurances":49,"YOUTUBE-percentage":0.5405405405405406,"ESOTERISMO-occurances":43,"ESOTERISMO-percentage":0.4743519029233315,"LINKEDIN-occurances":38,"LINKEDIN-percentage":0.41919470490899063,"SÉRIES E FILMES-occurances":28,"SÉRIES E FILMES-percentage":0.3088803088803089,"JOGOS-occurances":26,"JOGOS-percentage":0.2868174296745725,"MODA-occurances":17,"MODA-percentage":0.18753447324875896,"TWITTER-occurances":15,"TWITTER-percentage":0.1654715940430226,"TV E CELEBRIDADES-occurances":14,"TV E CELEBRIDADES-percentage":0.15444015444015444,"ECONOMIA-occurances":11,"ECONOMIA-percentage":0.12134583563154992,"FITNESS-occurances":5,"FITNESS-percentage":0.05515719801434087,"ALIMENTAÇÃO E SAÚDE-occurances":4,"ALIMENTAÇÃO E SAÚDE-percentage":0.0441257584114727,"CIÊNCIA-occurances":4,"CIÊNCIA-percentage":0.0441257584114727,"INTERNACIONAL-occurances":4,"INTERNACIONAL-percentage":0.0441257584114727,"VIAGENS-occurances":3,"VIAGENS-percentage":0.03309431880860452,"NATUREZA-occurances":2,"NATUREZA-percentage":0.02206287920573635,"POLÍTICA-occurances":2,"POLÍTICA-percentage":0.02206287920573635,"HUMOR-occurances":0,"HUMOR-percentage":0}