{"totalHistoryAmount":3578,"TECNOLOGIA-occurances":1730,"TECNOLOGIA-percentage":48.35103409726104,"YOUTUBE-occurances":273,"YOUTUBE-percentage":7.629960871995528,"FACEBOOK-occurances":212,"FACEBOOK-percentage":5.925097820011179,"ESPORTE-occurances":150,"ESPORTE-percentage":4.192286193404136,"FITNESS-occurances":57,"FITNESS-percentage":1.593068753493572,"POP/ARTE-occurances":50,"POP/ARTE-percentage":1.3974287311347122,"ECONOMIA-occurances":35,"ECONOMIA-percentage":0.9782001117942984,"INSTAGRAM-occurances":33,"INSTAGRAM-percentage":0.92230296254891,"MODA-occurances":25,"MODA-percentage":0.6987143655673561,"NOTÍCIAS-occurances":22,"NOTÍCIAS-percentage":0.6148686416992734,"TV E CELEBRIDADES-occurances":19,"TV E CELEBRIDADES-percentage":0.5310229178311906,"JOGOS-occurances":18,"JOGOS-percentage":0.5030743432084964,"SÉRIES E FILMES-occurances":17,"SÉRIES E FILMES-percentage":0.47512576858580213,"POLÍTICA-occurances":15,"POLÍTICA-percentage":0.41922861934041367,"EDUCAÇÃO-occurances":13,"EDUCAÇÃO-percentage":0.36333147009502514,"VIAGENS-occurances":12,"VIAGENS-percentage":0.3353828954723309,"INTERNACIONAL-occurances":9,"INTERNACIONAL-percentage":0.2515371716042482,"CARROS-occurances":8,"CARROS-percentage":0.22358859698155395,"HUMOR-occurances":6,"HUMOR-percentage":0.16769144773616546,"DECORAÇÃO-occurances":5,"DECORAÇÃO-percentage":0.13974287311347122,"ESOTERISMO-occurances":5,"ESOTERISMO-percentage":0.13974287311347122,"SEXO-occurances":4,"SEXO-percentage":0.11179429849077697,"CIÊNCIA-occurances":1,"CIÊNCIA-percentage":0.027948574622694244,"LINKEDIN-occurances":1,"LINKEDIN-percentage":0.027948574622694244,"NATUREZA-occurances":1,"NATUREZA-percentage":0.027948574622694244,"TWITTER-occurances":1,"TWITTER-percentage":0.027948574622694244,"ALIMENTAÇÃO E SAÚDE-occurances":0,"ALIMENTAÇÃO E SAÚDE-percentage":0}