{"totalHistoryAmount":2519,"TECNOLOGIA-occurances":1057,"TECNOLOGIA-percentage":41.96109567288607,"NOTÍCIAS-occurances":263,"NOTÍCIAS-percentage":10.440651052004764,"ESPORTE-occurances":157,"ESPORTE-percentage":6.232631996824137,"YOUTUBE-occurances":123,"YOUTUBE-percentage":4.8828900357284635,"FACEBOOK-occurances":85,"FACEBOOK-percentage":3.3743549027391824,"JOGOS-occurances":40,"JOGOS-percentage":1.5879317189360858,"POLÍTICA-occurances":27,"POLÍTICA-percentage":1.0718539102818578,"SEXO-occurances":25,"SEXO-percentage":0.9924573243350536,"POP/ARTE-occurances":19,"POP/ARTE-percentage":0.7542675664946408,"SÉRIES E FILMES-occurances":19,"SÉRIES E FILMES-percentage":0.7542675664946408,"EDUCAÇÃO-occurances":18,"EDUCAÇÃO-percentage":0.7145692735212386,"INTERNACIONAL-occurances":16,"INTERNACIONAL-percentage":0.6351726875744343,"MODA-occurances":15,"MODA-percentage":0.5954743946010321,"INSTAGRAM-occurances":14,"INSTAGRAM-percentage":0.55577610162763,"TWITTER-occurances":11,"TWITTER-percentage":0.4366812227074236,"LINKEDIN-occurances":8,"LINKEDIN-percentage":0.3175863437872172,"ALIMENTAÇÃO E SAÚDE-occurances":6,"ALIMENTAÇÃO E SAÚDE-percentage":0.23818975784041285,"TV E CELEBRIDADES-occurances":6,"TV E CELEBRIDADES-percentage":0.23818975784041285,"DECORAÇÃO-occurances":5,"DECORAÇÃO-percentage":0.19849146486701072,"VIAGENS-occurances":5,"VIAGENS-percentage":0.19849146486701072,"CARROS-occurances":4,"CARROS-percentage":0.1587931718936086,"ESOTERISMO-occurances":3,"ESOTERISMO-percentage":0.11909487892020643,"CIÊNCIA-occurances":2,"CIÊNCIA-percentage":0.0793965859468043,"NATUREZA-occurances":2,"NATUREZA-percentage":0.0793965859468043,"ECONOMIA-occurances":1,"ECONOMIA-percentage":0.03969829297340215,"FITNESS-occurances":1,"FITNESS-percentage":0.03969829297340215,"HUMOR-occurances":1,"HUMOR-percentage":0.03969829297340215}