{"totalHistoryAmount":2733,"TECNOLOGIA-occurances":1058,"TECNOLOGIA-percentage":38.712038053421146,"DECORAÇÃO-occurances":358,"DECORAÇÃO-percentage":13.09915843395536,"FACEBOOK-occurances":101,"FACEBOOK-percentage":3.6955726308086354,"ESPORTE-occurances":64,"ESPORTE-percentage":2.341748993779729,"POP/ARTE-occurances":37,"POP/ARTE-percentage":1.353823637028906,"NOTÍCIAS-occurances":34,"NOTÍCIAS-percentage":1.2440541529454812,"ALIMENTAÇÃO E SAÚDE-occurances":31,"ALIMENTAÇÃO E SAÚDE-percentage":1.1342846688620563,"SÉRIES E FILMES-occurances":31,"SÉRIES E FILMES-percentage":1.1342846688620563,"MODA-occurances":25,"MODA-percentage":0.9147457006952068,"YOUTUBE-occurances":20,"YOUTUBE-percentage":0.7317965605561654,"ECONOMIA-occurances":10,"ECONOMIA-percentage":0.3658982802780827,"FITNESS-occurances":10,"FITNESS-percentage":0.3658982802780827,"JOGOS-occurances":9,"JOGOS-percentage":0.32930845225027444,"INSTAGRAM-occurances":8,"INSTAGRAM-percentage":0.29271862422246614,"INTERNACIONAL-occurances":6,"INTERNACIONAL-percentage":0.21953896816684962,"VIAGENS-occurances":6,"VIAGENS-percentage":0.21953896816684962,"CARROS-occurances":5,"CARROS-percentage":0.18294914013904134,"EDUCAÇÃO-occurances":5,"EDUCAÇÃO-percentage":0.18294914013904134,"ESOTERISMO-occurances":4,"ESOTERISMO-percentage":0.14635931211123307,"NATUREZA-occurances":4,"NATUREZA-percentage":0.14635931211123307,"SEXO-occurances":4,"SEXO-percentage":0.14635931211123307,"TV E CELEBRIDADES-occurances":4,"TV E CELEBRIDADES-percentage":0.14635931211123307,"HUMOR-occurances":3,"HUMOR-percentage":0.10976948408342481,"CIÊNCIA-occurances":1,"CIÊNCIA-percentage":0.03658982802780827,"POLÍTICA-occurances":1,"POLÍTICA-percentage":0.03658982802780827,"TWITTER-occurances":1,"TWITTER-percentage":0.03658982802780827,"LINKEDIN-occurances":0,"LINKEDIN-percentage":0}