{"totalHistoryAmount":2770,"TECNOLOGIA-occurances":1075,"TECNOLOGIA-percentage":38.808664259927795,"DECORAÇÃO-occurances":384,"DECORAÇÃO-percentage":13.862815884476534,"FACEBOOK-occurances":95,"FACEBOOK-percentage":3.4296028880866425,"ESPORTE-occurances":65,"ESPORTE-percentage":2.3465703971119134,"NOTÍCIAS-occurances":36,"NOTÍCIAS-percentage":1.2996389891696751,"POP/ARTE-occurances":36,"POP/ARTE-percentage":1.2996389891696751,"ALIMENTAÇÃO E SAÚDE-occurances":31,"ALIMENTAÇÃO E SAÚDE-percentage":1.1191335740072201,"SÉRIES E FILMES-occurances":26,"SÉRIES E FILMES-percentage":0.9386281588447654,"MODA-occurances":25,"MODA-percentage":0.9025270758122743,"YOUTUBE-occurances":21,"YOUTUBE-percentage":0.7581227436823105,"JOGOS-occurances":13,"JOGOS-percentage":0.4693140794223827,"ECONOMIA-occurances":10,"ECONOMIA-percentage":0.36101083032490977,"FITNESS-occurances":10,"FITNESS-percentage":0.36101083032490977,"INSTAGRAM-occurances":8,"INSTAGRAM-percentage":0.2888086642599278,"VIAGENS-occurances":6,"VIAGENS-percentage":0.21660649819494585,"CARROS-occurances":5,"CARROS-percentage":0.18050541516245489,"EDUCAÇÃO-occurances":5,"EDUCAÇÃO-percentage":0.18050541516245489,"INTERNACIONAL-occurances":5,"INTERNACIONAL-percentage":0.18050541516245489,"ESOTERISMO-occurances":4,"ESOTERISMO-percentage":0.1444043321299639,"NATUREZA-occurances":4,"NATUREZA-percentage":0.1444043321299639,"TV E CELEBRIDADES-occurances":4,"TV E CELEBRIDADES-percentage":0.1444043321299639,"HUMOR-occurances":3,"HUMOR-percentage":0.10830324909747292,"SEXO-occurances":3,"SEXO-percentage":0.10830324909747292,"CIÊNCIA-occurances":1,"CIÊNCIA-percentage":0.036101083032490974,"POLÍTICA-occurances":1,"POLÍTICA-percentage":0.036101083032490974,"TWITTER-occurances":1,"TWITTER-percentage":0.036101083032490974,"LINKEDIN-occurances":0,"LINKEDIN-percentage":0}