{"totalHistoryAmount":6626,"TECNOLOGIA-occurances":1879,"TECNOLOGIA-percentage":28.3579837005735,"NOTÍCIAS-occurances":456,"NOTÍCIAS-percentage":6.88198007847872,"DECORAÇÃO-occurances":361,"DECORAÇÃO-percentage":5.448234228795654,"FACEBOOK-occurances":290,"FACEBOOK-percentage":4.376697856927256,"YOUTUBE-occurances":234,"YOUTUBE-percentage":3.5315424086930274,"SÉRIES E FILMES-occurances":163,"SÉRIES E FILMES-percentage":2.4600060368246304,"ESPORTE-occurances":158,"ESPORTE-percentage":2.384545728946574,"POP/ARTE-occurances":130,"POP/ARTE-percentage":1.9619680048294597,"MODA-occurances":87,"MODA-percentage":1.313009357078177,"ALIMENTAÇÃO E SAÚDE-occurances":69,"ALIMENTAÇÃO E SAÚDE-percentage":1.0413522487171747,"TV E CELEBRIDADES-occurances":58,"TV E CELEBRIDADES-percentage":0.8753395713854513,"CARROS-occurances":44,"CARROS-percentage":0.664050709326894,"VIAGENS-occurances":37,"VIAGENS-percentage":0.5584062782976155,"JOGOS-occurances":36,"JOGOS-percentage":0.5433142167220042,"SEXO-occurances":32,"SEXO-percentage":0.48294597041955933,"EDUCAÇÃO-occurances":25,"EDUCAÇÃO-percentage":0.3773015393902807,"CIÊNCIA-occurances":16,"CIÊNCIA-percentage":0.24147298520977967,"INTERNACIONAL-occurances":16,"INTERNACIONAL-percentage":0.24147298520977967,"HUMOR-occurances":11,"HUMOR-percentage":0.1660126773317235,"ECONOMIA-occurances":10,"ECONOMIA-percentage":0.1509206157561123,"LINKEDIN-occurances":10,"LINKEDIN-percentage":0.1509206157561123,"NATUREZA-occurances":8,"NATUREZA-percentage":0.12073649260488983,"FITNESS-occurances":7,"FITNESS-percentage":0.1056444310292786,"ESOTERISMO-occurances":5,"ESOTERISMO-percentage":0.07546030787805615,"INSTAGRAM-occurances":4,"INSTAGRAM-percentage":0.06036824630244492,"TWITTER-occurances":3,"TWITTER-percentage":0.04527618472683369,"POLÍTICA-occurances":2,"POLÍTICA-percentage":0.03018412315122246}