{"totalHistoryAmount":9400,"TECNOLOGIA-occurances":4385,"TECNOLOGIA-percentage":46.648936170212764,"ESPORTE-occurances":1585,"ESPORTE-percentage":16.861702127659573,"FACEBOOK-occurances":1183,"FACEBOOK-percentage":12.585106382978724,"SEXO-occurances":578,"SEXO-percentage":6.148936170212766,"INSTAGRAM-occurances":160,"INSTAGRAM-percentage":1.702127659574468,"CARROS-occurances":134,"CARROS-percentage":1.425531914893617,"DECORAÇÃO-occurances":65,"DECORAÇÃO-percentage":0.6914893617021277,"POP/ARTE-occurances":60,"POP/ARTE-percentage":0.6382978723404256,"EDUCAÇÃO-occurances":46,"EDUCAÇÃO-percentage":0.48936170212765956,"NOTÍCIAS-occurances":43,"NOTÍCIAS-percentage":0.4574468085106383,"YOUTUBE-occurances":42,"YOUTUBE-percentage":0.44680851063829785,"ESOTERISMO-occurances":35,"ESOTERISMO-percentage":0.3723404255319149,"MODA-occurances":23,"MODA-percentage":0.24468085106382978,"LINKEDIN-occurances":21,"LINKEDIN-percentage":0.22340425531914893,"JOGOS-occurances":19,"JOGOS-percentage":0.20212765957446807,"ECONOMIA-occurances":11,"ECONOMIA-percentage":0.11702127659574468,"SÉRIES E FILMES-occurances":11,"SÉRIES E FILMES-percentage":0.11702127659574468,"TV E CELEBRIDADES-occurances":10,"TV E CELEBRIDADES-percentage":0.10638297872340426,"TWITTER-occurances":10,"TWITTER-percentage":0.10638297872340426,"FITNESS-occurances":4,"FITNESS-percentage":0.0425531914893617,"VIAGENS-occurances":4,"VIAGENS-percentage":0.0425531914893617,"CIÊNCIA-occurances":2,"CIÊNCIA-percentage":0.02127659574468085,"POLÍTICA-occurances":2,"POLÍTICA-percentage":0.02127659574468085,"ALIMENTAÇÃO E SAÚDE-occurances":1,"ALIMENTAÇÃO E SAÚDE-percentage":0.010638297872340425,"INTERNACIONAL-occurances":1,"INTERNACIONAL-percentage":0.010638297872340425,"HUMOR-occurances":0,"HUMOR-percentage":0,"NATUREZA-occurances":0,"NATUREZA-percentage":0}