{"totalHistoryAmount":6576,"TECNOLOGIA-occurances":1863,"TECNOLOGIA-percentage":28.330291970802918,"YOUTUBE-occurances":446,"YOUTUBE-percentage":6.7822384428223845,"NOTÍCIAS-occurances":433,"NOTÍCIAS-percentage":6.5845498783454985,"DECORAÇÃO-occurances":366,"DECORAÇÃO-percentage":5.565693430656935,"SÉRIES E FILMES-occurances":260,"SÉRIES E FILMES-percentage":3.953771289537713,"FACEBOOK-occurances":192,"FACEBOOK-percentage":2.9197080291970803,"POP/ARTE-occurances":128,"POP/ARTE-percentage":1.9464720194647203,"ESPORTE-occurances":91,"ESPORTE-percentage":1.3838199513381995,"TV E CELEBRIDADES-occurances":72,"TV E CELEBRIDADES-percentage":1.094890510948905,"MODA-occurances":65,"MODA-percentage":0.9884428223844283,"CARROS-occurances":63,"CARROS-percentage":0.958029197080292,"ALIMENTAÇÃO E SAÚDE-occurances":58,"ALIMENTAÇÃO E SAÚDE-percentage":0.8819951338199513,"JOGOS-occurances":39,"JOGOS-percentage":0.593065693430657,"VIAGENS-occurances":36,"VIAGENS-percentage":0.5474452554744526,"SEXO-occurances":28,"SEXO-percentage":0.4257907542579075,"EDUCAÇÃO-occurances":24,"EDUCAÇÃO-percentage":0.36496350364963503,"INTERNACIONAL-occurances":19,"INTERNACIONAL-percentage":0.2889294403892944,"CIÊNCIA-occurances":11,"CIÊNCIA-percentage":0.16727493917274938,"HUMOR-occurances":10,"HUMOR-percentage":0.15206812652068127,"LINKEDIN-occurances":10,"LINKEDIN-percentage":0.15206812652068127,"ESOTERISMO-occurances":9,"ESOTERISMO-percentage":0.13686131386861314,"ECONOMIA-occurances":8,"ECONOMIA-percentage":0.12165450121654502,"FITNESS-occurances":7,"FITNESS-percentage":0.10644768856447688,"NATUREZA-occurances":4,"NATUREZA-percentage":0.06082725060827251,"POLÍTICA-occurances":1,"POLÍTICA-percentage":0.015206812652068127,"TWITTER-occurances":1,"TWITTER-percentage":0.015206812652068127,"INSTAGRAM-occurances":0,"INSTAGRAM-percentage":0}