{"totalHistoryAmount":2499,"TECNOLOGIA-occurances":1213,"TECNOLOGIA-percentage":48.539415766306526,"YOUTUBE-occurances":229,"YOUTUBE-percentage":9.163665466186474,"FACEBOOK-occurances":140,"FACEBOOK-percentage":5.602240896358543,"ESPORTE-occurances":114,"ESPORTE-percentage":4.561824729891957,"FITNESS-occurances":56,"FITNESS-percentage":2.2408963585434174,"ECONOMIA-occurances":34,"ECONOMIA-percentage":1.3605442176870748,"POP/ARTE-occurances":29,"POP/ARTE-percentage":1.1604641856742697,"INSTAGRAM-occurances":27,"INSTAGRAM-percentage":1.0804321728691477,"JOGOS-occurances":18,"JOGOS-percentage":0.7202881152460985,"NOTÍCIAS-occurances":17,"NOTÍCIAS-percentage":0.6802721088435374,"SÉRIES E FILMES-occurances":14,"SÉRIES E FILMES-percentage":0.5602240896358543,"EDUCAÇÃO-occurances":12,"EDUCAÇÃO-percentage":0.4801920768307323,"VIAGENS-occurances":11,"VIAGENS-percentage":0.44017607042817125,"POLÍTICA-occurances":8,"POLÍTICA-percentage":0.3201280512204882,"TV E CELEBRIDADES-occurances":7,"TV E CELEBRIDADES-percentage":0.2801120448179272,"CARROS-occurances":6,"CARROS-percentage":0.24009603841536614,"HUMOR-occurances":6,"HUMOR-percentage":0.24009603841536614,"ESOTERISMO-occurances":2,"ESOTERISMO-percentage":0.08003201280512205,"CIÊNCIA-occurances":1,"CIÊNCIA-percentage":0.040016006402561026,"DECORAÇÃO-occurances":1,"DECORAÇÃO-percentage":0.040016006402561026,"LINKEDIN-occurances":1,"LINKEDIN-percentage":0.040016006402561026,"MODA-occurances":1,"MODA-percentage":0.040016006402561026,"NATUREZA-occurances":1,"NATUREZA-percentage":0.040016006402561026,"ALIMENTAÇÃO E SAÚDE-occurances":0,"ALIMENTAÇÃO E SAÚDE-percentage":0,"INTERNACIONAL-occurances":0,"INTERNACIONAL-percentage":0,"SEXO-occurances":0,"SEXO-percentage":0,"TWITTER-occurances":0,"TWITTER-percentage":0}