{"totalHistoryAmount":12198,"TECNOLOGIA-occurances":3844,"TECNOLOGIA-percentage":31.513362846368256,"TWITTER-occurances":1299,"TWITTER-percentage":10.649286768322677,"YOUTUBE-occurances":255,"YOUTUBE-percentage":2.090506640432858,"SÉRIES E FILMES-occurances":213,"SÉRIES E FILMES-percentage":1.7461878996556812,"JOGOS-occurances":189,"JOGOS-percentage":1.5494343334972946,"ESPORTE-occurances":122,"ESPORTE-percentage":1.000163961305132,"POP/ARTE-occurances":122,"POP/ARTE-percentage":1.000163961305132,"CARROS-occurances":68,"CARROS-percentage":0.5574684374487621,"TV E CELEBRIDADES-occurances":60,"TV E CELEBRIDADES-percentage":0.49188391539596654,"NOTÍCIAS-occurances":56,"NOTÍCIAS-percentage":0.4590916543695688,"FACEBOOK-occurances":54,"FACEBOOK-percentage":0.4426955238563699,"FITNESS-occurances":44,"FITNESS-percentage":0.3607148712903755,"ESOTERISMO-occurances":43,"ESOTERISMO-percentage":0.35251680603377605,"LINKEDIN-occurances":36,"LINKEDIN-percentage":0.2951303492375799,"INSTAGRAM-occurances":32,"INSTAGRAM-percentage":0.26233808821118215,"ECONOMIA-occurances":24,"ECONOMIA-percentage":0.19675356615838663,"MODA-occurances":17,"MODA-percentage":0.13936710936219052,"VIAGENS-occurances":13,"VIAGENS-percentage":0.10657484833579275,"DECORAÇÃO-occurances":11,"DECORAÇÃO-percentage":0.09017871782259387,"EDUCAÇÃO-occurances":11,"EDUCAÇÃO-percentage":0.09017871782259387,"CIÊNCIA-occurances":5,"CIÊNCIA-percentage":0.04099032628299721,"SEXO-occurances":5,"SEXO-percentage":0.04099032628299721,"HUMOR-occurances":4,"HUMOR-percentage":0.03279226102639777,"NATUREZA-occurances":4,"NATUREZA-percentage":0.03279226102639777,"INTERNACIONAL-occurances":3,"INTERNACIONAL-percentage":0.02459419576979833,"ALIMENTAÇÃO E SAÚDE-occurances":1,"ALIMENTAÇÃO E SAÚDE-percentage":0.008198065256599442,"POLÍTICA-occurances":1,"POLÍTICA-percentage":0.008198065256599442}