{"totalHistoryAmount":9238,"TECNOLOGIA-occurances":4267,"TECNOLOGIA-percentage":46.189651439705564,"ESPORTE-occurances":1507,"ESPORTE-percentage":16.313054773760555,"FACEBOOK-occurances":1121,"FACEBOOK-percentage":12.134661182074042,"SEXO-occurances":693,"SEXO-percentage":7.501623728079671,"INSTAGRAM-occurances":174,"INSTAGRAM-percentage":1.8835245724182723,"CARROS-occurances":138,"CARROS-percentage":1.4938298332972504,"YOUTUBE-occurances":62,"YOUTUBE-percentage":0.6711409395973155,"DECORAÇÃO-occurances":61,"DECORAÇÃO-percentage":0.6603160857328426,"NOTÍCIAS-occurances":48,"NOTÍCIAS-percentage":0.5195929854946958,"EDUCAÇÃO-occurances":39,"EDUCAÇÃO-percentage":0.42216930071444037,"MODA-occurances":24,"MODA-percentage":0.2597964927473479,"LINKEDIN-occurances":17,"LINKEDIN-percentage":0.1840225156960381,"POP/ARTE-occurances":17,"POP/ARTE-percentage":0.1840225156960381,"ESOTERISMO-occurances":14,"ESOTERISMO-percentage":0.15154795410261962,"CIÊNCIA-occurances":11,"CIÊNCIA-percentage":0.11907339250920113,"ECONOMIA-occurances":11,"ECONOMIA-percentage":0.11907339250920113,"TWITTER-occurances":10,"TWITTER-percentage":0.10824853864472829,"SÉRIES E FILMES-occurances":8,"SÉRIES E FILMES-percentage":0.08659883091578263,"JOGOS-occurances":7,"JOGOS-percentage":0.07577397705130981,"TV E CELEBRIDADES-occurances":6,"TV E CELEBRIDADES-percentage":0.06494912318683697,"VIAGENS-occurances":3,"VIAGENS-percentage":0.03247456159341849,"FITNESS-occurances":2,"FITNESS-percentage":0.021649707728945658,"ALIMENTAÇÃO E SAÚDE-occurances":1,"ALIMENTAÇÃO E SAÚDE-percentage":0.010824853864472829,"INTERNACIONAL-occurances":1,"INTERNACIONAL-percentage":0.010824853864472829,"POLÍTICA-occurances":1,"POLÍTICA-percentage":0.010824853864472829,"HUMOR-occurances":0,"HUMOR-percentage":0,"NATUREZA-occurances":0,"NATUREZA-percentage":0}