{"totalHistoryAmount":7068,"TECNOLOGIA-occurances":1934,"TECNOLOGIA-percentage":27.362761743067345,"NOTÍCIAS-occurances":472,"NOTÍCIAS-percentage":6.677985285795133,"DECORAÇÃO-occurances":361,"DECORAÇÃO-percentage":5.10752688172043,"FACEBOOK-occurances":353,"FACEBOOK-percentage":4.994340690435767,"MODA-occurances":269,"MODA-percentage":3.8058856819468025,"YOUTUBE-occurances":229,"YOUTUBE-percentage":3.239954725523486,"SÉRIES E FILMES-occurances":165,"SÉRIES E FILMES-percentage":2.33446519524618,"ESPORTE-occurances":164,"ESPORTE-percentage":2.320316921335597,"POP/ARTE-occurances":128,"POP/ARTE-percentage":1.8109790605546123,"ALIMENTAÇÃO E SAÚDE-occurances":71,"ALIMENTAÇÃO E SAÚDE-percentage":1.0045274476513866,"TV E CELEBRIDADES-occurances":60,"TV E CELEBRIDADES-percentage":0.8488964346349746,"CARROS-occurances":47,"CARROS-percentage":0.6649688737973967,"JOGOS-occurances":36,"JOGOS-percentage":0.5093378607809848,"VIAGENS-occurances":36,"VIAGENS-percentage":0.5093378607809848,"SEXO-occurances":32,"SEXO-percentage":0.4527447651386531,"EDUCAÇÃO-occurances":28,"EDUCAÇÃO-percentage":0.39615166949632147,"CIÊNCIA-occurances":19,"CIÊNCIA-percentage":0.26881720430107525,"INTERNACIONAL-occurances":17,"INTERNACIONAL-percentage":0.24052065647990944,"HUMOR-occurances":16,"HUMOR-percentage":0.22637238256932654,"LINKEDIN-occurances":10,"LINKEDIN-percentage":0.1414827391058291,"ECONOMIA-occurances":9,"ECONOMIA-percentage":0.1273344651952462,"NATUREZA-occurances":8,"NATUREZA-percentage":0.11318619128466327,"FITNESS-occurances":7,"FITNESS-percentage":0.09903791737408037,"ESOTERISMO-occurances":5,"ESOTERISMO-percentage":0.07074136955291455,"INSTAGRAM-occurances":4,"INSTAGRAM-percentage":0.056593095642331635,"POLÍTICA-occurances":3,"POLÍTICA-percentage":0.042444821731748725,"TWITTER-occurances":3,"TWITTER-percentage":0.042444821731748725}