{"totalHistoryAmount":7258,"TECNOLOGIA-occurances":1742,"TECNOLOGIA-percentage":24.00110223201984,"NOTÍCIAS-occurances":563,"NOTÍCIAS-percentage":7.756957839625241,"FACEBOOK-occurances":562,"FACEBOOK-percentage":7.743179939377239,"DECORAÇÃO-occurances":361,"DECORAÇÃO-percentage":4.973821989528796,"MODA-occurances":279,"MODA-percentage":3.844034169192615,"ESPORTE-occurances":229,"ESPORTE-percentage":3.155139156792505,"POP/ARTE-occurances":128,"POP/ARTE-percentage":1.7635712317442822,"YOUTUBE-occurances":108,"YOUTUBE-percentage":1.488013226784238,"LINKEDIN-occurances":106,"LINKEDIN-percentage":1.4604574262882337,"SÉRIES E FILMES-occurances":101,"SÉRIES E FILMES-percentage":1.3915679250482227,"ESOTERISMO-occurances":83,"ESOTERISMO-percentage":1.143565720584183,"TV E CELEBRIDADES-occurances":80,"TV E CELEBRIDADES-percentage":1.1022320198401763,"ALIMENTAÇÃO E SAÚDE-occurances":62,"ALIMENTAÇÃO E SAÚDE-percentage":0.8542298153761366,"EDUCAÇÃO-occurances":45,"EDUCAÇÃO-percentage":0.6200055111600992,"JOGOS-occurances":34,"JOGOS-percentage":0.468448608432075,"CARROS-occurances":33,"CARROS-percentage":0.45467070818407274,"VIAGENS-occurances":30,"VIAGENS-percentage":0.41333700744006613,"CIÊNCIA-occurances":24,"CIÊNCIA-percentage":0.3306696059520529,"INTERNACIONAL-occurances":21,"INTERNACIONAL-percentage":0.2893359052080463,"HUMOR-occurances":19,"HUMOR-percentage":0.2617801047120419,"SEXO-occurances":19,"SEXO-percentage":0.2617801047120419,"ECONOMIA-occurances":15,"ECONOMIA-percentage":0.20666850372003306,"POLÍTICA-occurances":14,"POLÍTICA-percentage":0.19289060347203085,"NATUREZA-occurances":9,"NATUREZA-percentage":0.12400110223201984,"INSTAGRAM-occurances":6,"INSTAGRAM-percentage":0.08266740148801323,"TWITTER-occurances":6,"TWITTER-percentage":0.08266740148801323,"FITNESS-occurances":5,"FITNESS-percentage":0.06888950124001102}