{"totalHistoryAmount":2743,"TECNOLOGIA-occurances":1061,"TECNOLOGIA-percentage":38.68027706890266,"DECORAÇÃO-occurances":381,"DECORAÇÃO-percentage":13.889901567626685,"FACEBOOK-occurances":95,"FACEBOOK-percentage":3.4633612832664964,"ESPORTE-occurances":64,"ESPORTE-percentage":2.3332118118847975,"POP/ARTE-occurances":36,"POP/ARTE-percentage":1.3124316441851986,"NOTÍCIAS-occurances":35,"NOTÍCIAS-percentage":1.2759752096244987,"ALIMENTAÇÃO E SAÚDE-occurances":32,"ALIMENTAÇÃO E SAÚDE-percentage":1.1666059059423988,"SÉRIES E FILMES-occurances":31,"SÉRIES E FILMES-percentage":1.1301494713816989,"MODA-occurances":25,"MODA-percentage":0.911410864017499,"YOUTUBE-occurances":20,"YOUTUBE-percentage":0.7291286912139993,"ECONOMIA-occurances":10,"ECONOMIA-percentage":0.36456434560699963,"FITNESS-occurances":10,"FITNESS-percentage":0.36456434560699963,"INSTAGRAM-occurances":8,"INSTAGRAM-percentage":0.2916514764855997,"JOGOS-occurances":8,"JOGOS-percentage":0.2916514764855997,"VIAGENS-occurances":6,"VIAGENS-percentage":0.21873860736419978,"CARROS-occurances":5,"CARROS-percentage":0.18228217280349981,"EDUCAÇÃO-occurances":5,"EDUCAÇÃO-percentage":0.18228217280349981,"INTERNACIONAL-occurances":5,"INTERNACIONAL-percentage":0.18228217280349981,"ESOTERISMO-occurances":4,"ESOTERISMO-percentage":0.14582573824279985,"NATUREZA-occurances":4,"NATUREZA-percentage":0.14582573824279985,"TV E CELEBRIDADES-occurances":4,"TV E CELEBRIDADES-percentage":0.14582573824279985,"HUMOR-occurances":3,"HUMOR-percentage":0.10936930368209989,"SEXO-occurances":3,"SEXO-percentage":0.10936930368209989,"CIÊNCIA-occurances":1,"CIÊNCIA-percentage":0.03645643456069996,"POLÍTICA-occurances":1,"POLÍTICA-percentage":0.03645643456069996,"TWITTER-occurances":1,"TWITTER-percentage":0.03645643456069996,"LINKEDIN-occurances":0,"LINKEDIN-percentage":0}