{"totalHistoryAmount":6415,"TECNOLOGIA-occurances":1563,"TECNOLOGIA-percentage":24.36477007014809,"FACEBOOK-occurances":704,"FACEBOOK-percentage":10.974279033515199,"NOTÍCIAS-occurances":380,"NOTÍCIAS-percentage":5.9236165237724085,"DECORAÇÃO-occurances":353,"DECORAÇÃO-percentage":5.502727981293843,"MODA-occurances":248,"MODA-percentage":3.8659392049883086,"ESPORTE-occurances":212,"ESPORTE-percentage":3.3047544816835543,"ESOTERISMO-occurances":160,"ESOTERISMO-percentage":2.4941543257989087,"LINKEDIN-occurances":136,"LINKEDIN-percentage":2.1200311769290723,"TV E CELEBRIDADES-occurances":99,"TV E CELEBRIDADES-percentage":1.5432579890880749,"POP/ARTE-occurances":91,"POP/ARTE-percentage":1.4185502727981294,"YOUTUBE-occurances":85,"YOUTUBE-percentage":1.3250194855806703,"SÉRIES E FILMES-occurances":76,"SÉRIES E FILMES-percentage":1.1847233047544816,"POLÍTICA-occurances":55,"POLÍTICA-percentage":0.857365549493375,"ALIMENTAÇÃO E SAÚDE-occurances":54,"ALIMENTAÇÃO E SAÚDE-percentage":0.8417770849571318,"CARROS-occurances":37,"CARROS-percentage":0.5767731878409976,"EDUCAÇÃO-occurances":30,"EDUCAÇÃO-percentage":0.4676539360872954,"ECONOMIA-occurances":26,"ECONOMIA-percentage":0.4053000779423227,"CIÊNCIA-occurances":24,"CIÊNCIA-percentage":0.37412314886983633,"NATUREZA-occurances":18,"NATUREZA-percentage":0.2805923616523772,"SEXO-occurances":18,"SEXO-percentage":0.2805923616523772,"JOGOS-occurances":17,"JOGOS-percentage":0.26500389711613404,"HUMOR-occurances":15,"HUMOR-percentage":0.2338269680436477,"INTERNACIONAL-occurances":13,"INTERNACIONAL-percentage":0.20265003897116135,"TWITTER-occurances":10,"TWITTER-percentage":0.1558846453624318,"FITNESS-occurances":9,"FITNESS-percentage":0.1402961808261886,"INSTAGRAM-occurances":8,"INSTAGRAM-percentage":0.12470771628994544,"VIAGENS-occurances":6,"VIAGENS-percentage":0.09353078721745908}