{"totalHistoryAmount":7093,"TECNOLOGIA-occurances":1791,"TECNOLOGIA-percentage":25.2502467221204,"NOTÍCIAS-occurances":515,"NOTÍCIAS-percentage":7.260679543211617,"FACEBOOK-occurances":489,"FACEBOOK-percentage":6.89412096433103,"DECORAÇÃO-occurances":352,"DECORAÇÃO-percentage":4.96263922176794,"MODA-occurances":278,"MODA-percentage":3.919357112646271,"ESPORTE-occurances":203,"ESPORTE-percentage":2.8619765966445794,"YOUTUBE-occurances":171,"YOUTUBE-percentage":2.4108275764838574,"POP/ARTE-occurances":125,"POP/ARTE-percentage":1.7623008600028196,"SÉRIES E FILMES-occurances":112,"SÉRIES E FILMES-percentage":1.5790215705625263,"TV E CELEBRIDADES-occurances":63,"TV E CELEBRIDADES-percentage":0.8881996334414212,"ESOTERISMO-occurances":58,"ESOTERISMO-percentage":0.8177075990413083,"ALIMENTAÇÃO E SAÚDE-occurances":54,"ALIMENTAÇÃO E SAÚDE-percentage":0.761313971521218,"LINKEDIN-occurances":43,"LINKEDIN-percentage":0.60623149584097,"EDUCAÇÃO-occurances":35,"EDUCAÇÃO-percentage":0.4934442408007895,"JOGOS-occurances":35,"JOGOS-percentage":0.4934442408007895,"SEXO-occurances":34,"SEXO-percentage":0.47934583392076696,"VIAGENS-occurances":33,"VIAGENS-percentage":0.4652474270407444,"CARROS-occurances":28,"CARROS-percentage":0.3947553926406316,"CIÊNCIA-occurances":23,"CIÊNCIA-percentage":0.32426335824051883,"INTERNACIONAL-occurances":21,"INTERNACIONAL-percentage":0.2960665444804737,"HUMOR-occurances":19,"HUMOR-percentage":0.2678697307204286,"ECONOMIA-occurances":12,"ECONOMIA-percentage":0.1691808825602707,"POLÍTICA-occurances":10,"POLÍTICA-percentage":0.14098406880022557,"NATUREZA-occurances":8,"NATUREZA-percentage":0.11278725504018046,"TWITTER-occurances":7,"TWITTER-percentage":0.0986888481601579,"INSTAGRAM-occurances":6,"INSTAGRAM-percentage":0.08459044128013535,"FITNESS-occurances":5,"FITNESS-percentage":0.07049203440011279}