{"totalHistoryAmount":6581,"TECNOLOGIA-occurances":1874,"TECNOLOGIA-percentage":28.47591551435952,"YOUTUBE-occurances":446,"YOUTUBE-percentage":6.777085549308616,"NOTÍCIAS-occurances":432,"NOTÍCIAS-percentage":6.564351922200274,"DECORAÇÃO-occurances":367,"DECORAÇÃO-percentage":5.576660082054399,"SÉRIES E FILMES-occurances":260,"SÉRIES E FILMES-percentage":3.950767360583498,"FACEBOOK-occurances":192,"FACEBOOK-percentage":2.9174897432001217,"POP/ARTE-occurances":128,"POP/ARTE-percentage":1.9449931621334144,"ESPORTE-occurances":88,"ESPORTE-percentage":1.3371827989667224,"TV E CELEBRIDADES-occurances":72,"TV E CELEBRIDADES-percentage":1.0940586537000456,"MODA-occurances":65,"MODA-percentage":0.9876918401458745,"CARROS-occurances":63,"CARROS-percentage":0.9573013219875399,"ALIMENTAÇÃO E SAÚDE-occurances":58,"ALIMENTAÇÃO E SAÚDE-percentage":0.8813250265917034,"JOGOS-occurances":39,"JOGOS-percentage":0.5926151040875247,"VIAGENS-occurances":36,"VIAGENS-percentage":0.5470293268500228,"SEXO-occurances":28,"SEXO-percentage":0.4254672542166844,"EDUCAÇÃO-occurances":24,"EDUCAÇÃO-percentage":0.3646862179000152,"INTERNACIONAL-occurances":19,"INTERNACIONAL-percentage":0.2887099225041787,"CIÊNCIA-occurances":11,"CIÊNCIA-percentage":0.1671478498708403,"HUMOR-occurances":10,"HUMOR-percentage":0.151952590791673,"LINKEDIN-occurances":10,"LINKEDIN-percentage":0.151952590791673,"ESOTERISMO-occurances":9,"ESOTERISMO-percentage":0.1367573317125057,"ECONOMIA-occurances":8,"ECONOMIA-percentage":0.1215620726333384,"FITNESS-occurances":7,"FITNESS-percentage":0.1063668135541711,"NATUREZA-occurances":4,"NATUREZA-percentage":0.0607810363166692,"POLÍTICA-occurances":1,"POLÍTICA-percentage":0.0151952590791673,"TWITTER-occurances":1,"TWITTER-percentage":0.0151952590791673,"INSTAGRAM-occurances":0,"INSTAGRAM-percentage":0}