{"totalHistoryAmount":3976,"TECNOLOGIA-occurances":1367,"TECNOLOGIA-percentage":34.381287726358146,"LINKEDIN-occurances":286,"LINKEDIN-percentage":7.193158953722334,"FACEBOOK-occurances":109,"FACEBOOK-percentage":2.7414486921529173,"EDUCAÇÃO-occurances":96,"EDUCAÇÃO-percentage":2.414486921529175,"ESPORTE-occurances":46,"ESPORTE-percentage":1.1569416498993963,"CARROS-occurances":44,"CARROS-percentage":1.1066398390342052,"SÉRIES E FILMES-occurances":36,"SÉRIES E FILMES-percentage":0.9054325955734407,"INSTAGRAM-occurances":35,"INSTAGRAM-percentage":0.8802816901408451,"VIAGENS-occurances":35,"VIAGENS-percentage":0.8802816901408451,"YOUTUBE-occurances":33,"YOUTUBE-percentage":0.829979879275654,"NOTÍCIAS-occurances":32,"NOTÍCIAS-percentage":0.8048289738430584,"MODA-occurances":29,"MODA-percentage":0.7293762575452716,"FITNESS-occurances":27,"FITNESS-percentage":0.6790744466800804,"JOGOS-occurances":24,"JOGOS-percentage":0.6036217303822937,"CIÊNCIA-occurances":21,"CIÊNCIA-percentage":0.528169014084507,"TV E CELEBRIDADES-occurances":21,"TV E CELEBRIDADES-percentage":0.528169014084507,"TWITTER-occurances":21,"TWITTER-percentage":0.528169014084507,"POP/ARTE-occurances":18,"POP/ARTE-percentage":0.45271629778672035,"DECORAÇÃO-occurances":17,"DECORAÇÃO-percentage":0.4275653923541248,"ECONOMIA-occurances":15,"ECONOMIA-percentage":0.3772635814889336,"SEXO-occurances":12,"SEXO-percentage":0.30181086519114686,"ESOTERISMO-occurances":10,"ESOTERISMO-percentage":0.2515090543259557,"ALIMENTAÇÃO E SAÚDE-occurances":5,"ALIMENTAÇÃO E SAÚDE-percentage":0.12575452716297786,"POLÍTICA-occurances":4,"POLÍTICA-percentage":0.1006036217303823,"HUMOR-occurances":0,"HUMOR-percentage":0,"INTERNACIONAL-occurances":0,"INTERNACIONAL-percentage":0,"NATUREZA-occurances":0,"NATUREZA-percentage":0}