{"totalHistoryAmount":5819,"TECNOLOGIA-occurances":1628,"TECNOLOGIA-percentage":27.977315689981097,"YOUTUBE-occurances":465,"YOUTUBE-percentage":7.99106375665922,"DECORAÇÃO-occurances":337,"DECORAÇÃO-percentage":5.791373088159477,"NOTÍCIAS-occurances":322,"NOTÍCIAS-percentage":5.533596837944664,"SÉRIES E FILMES-occurances":303,"SÉRIES E FILMES-percentage":5.207080254339234,"FACEBOOK-occurances":169,"FACEBOOK-percentage":2.904279085753566,"POP/ARTE-occurances":111,"POP/ARTE-percentage":1.9075442515896202,"TV E CELEBRIDADES-occurances":69,"TV E CELEBRIDADES-percentage":1.1857707509881423,"ESPORTE-occurances":67,"ESPORTE-percentage":1.1514005842928339,"CARROS-occurances":63,"CARROS-percentage":1.082660250902217,"ALIMENTAÇÃO E SAÚDE-occurances":51,"ALIMENTAÇÃO E SAÚDE-percentage":0.876439250730366,"MODA-occurances":40,"MODA-percentage":0.6874033339061695,"JOGOS-occurances":37,"JOGOS-percentage":0.6358480838632067,"SEXO-occurances":24,"SEXO-percentage":0.41244200034370165,"VIAGENS-occurances":19,"VIAGENS-percentage":0.3265165836054305,"INTERNACIONAL-occurances":18,"INTERNACIONAL-percentage":0.3093315002577762,"EDUCAÇÃO-occurances":12,"EDUCAÇÃO-percentage":0.20622100017185083,"CIÊNCIA-occurances":10,"CIÊNCIA-percentage":0.17185083347654237,"HUMOR-occurances":9,"HUMOR-percentage":0.1546657501288881,"FITNESS-occurances":7,"FITNESS-percentage":0.12029558343357966,"LINKEDIN-occurances":6,"LINKEDIN-percentage":0.10311050008592541,"ECONOMIA-occurances":5,"ECONOMIA-percentage":0.08592541673827118,"ESOTERISMO-occurances":4,"ESOTERISMO-percentage":0.06874033339061694,"NATUREZA-occurances":4,"NATUREZA-percentage":0.06874033339061694,"TWITTER-occurances":1,"TWITTER-percentage":0.017185083347654236,"INSTAGRAM-occurances":0,"INSTAGRAM-percentage":0,"POLÍTICA-occurances":0,"POLÍTICA-percentage":0}