{"totalHistoryAmount":6584,"TECNOLOGIA-occurances":1829,"TECNOLOGIA-percentage":27.779465370595382,"NOTÍCIAS-occurances":435,"NOTÍCIAS-percentage":6.606925880923451,"YOUTUBE-occurances":405,"YOUTUBE-percentage":6.15127582017011,"DECORAÇÃO-occurances":387,"DECORAÇÃO-percentage":5.877885783718105,"SÉRIES E FILMES-occurances":252,"SÉRIES E FILMES-percentage":3.827460510328068,"FACEBOOK-occurances":179,"FACEBOOK-percentage":2.718712029161604,"POP/ARTE-occurances":131,"POP/ARTE-percentage":1.9896719319562577,"ESPORTE-occurances":126,"ESPORTE-percentage":1.913730255164034,"TV E CELEBRIDADES-occurances":77,"TV E CELEBRIDADES-percentage":1.169501822600243,"MODA-occurances":66,"MODA-percentage":1.0024301336573511,"ALIMENTAÇÃO E SAÚDE-occurances":58,"ALIMENTAÇÃO E SAÚDE-percentage":0.8809234507897934,"CARROS-occurances":58,"CARROS-percentage":0.8809234507897934,"JOGOS-occurances":40,"JOGOS-percentage":0.6075334143377886,"VIAGENS-occurances":37,"VIAGENS-percentage":0.5619684082624544,"SEXO-occurances":28,"SEXO-percentage":0.425273390036452,"EDUCAÇÃO-occurances":24,"EDUCAÇÃO-percentage":0.3645200486026732,"INTERNACIONAL-occurances":19,"INTERNACIONAL-percentage":0.2885783718104496,"CIÊNCIA-occurances":11,"CIÊNCIA-percentage":0.16707168894289187,"HUMOR-occurances":10,"HUMOR-percentage":0.15188335358444716,"LINKEDIN-occurances":10,"LINKEDIN-percentage":0.15188335358444716,"ECONOMIA-occurances":8,"ECONOMIA-percentage":0.12150668286755771,"ESOTERISMO-occurances":8,"ESOTERISMO-percentage":0.12150668286755771,"FITNESS-occurances":8,"FITNESS-percentage":0.12150668286755771,"NATUREZA-occurances":5,"NATUREZA-percentage":0.07594167679222358,"TWITTER-occurances":3,"TWITTER-percentage":0.04556500607533415,"POLÍTICA-occurances":1,"POLÍTICA-percentage":0.015188335358444714,"INSTAGRAM-occurances":0,"INSTAGRAM-percentage":0}