{"totalHistoryAmount":5156,"TECNOLOGIA-occurances":1537,"TECNOLOGIA-percentage":29.809930178432893,"YOUTUBE-occurances":602,"YOUTUBE-percentage":11.675717610550814,"SÉRIES E FILMES-occurances":407,"SÉRIES E FILMES-percentage":7.893716058960434,"DECORAÇÃO-occurances":361,"DECORAÇÃO-percentage":7.0015515903801395,"FACEBOOK-occurances":122,"FACEBOOK-percentage":2.3661753297129557,"NOTÍCIAS-occurances":103,"NOTÍCIAS-percentage":1.9976726144297905,"POP/ARTE-occurances":82,"POP/ARTE-percentage":1.5903801396431343,"CARROS-occurances":58,"CARROS-percentage":1.1249030256012413,"TV E CELEBRIDADES-occurances":43,"TV E CELEBRIDADES-percentage":0.8339798293250582,"ALIMENTAÇÃO E SAÚDE-occurances":42,"ALIMENTAÇÃO E SAÚDE-percentage":0.8145849495733126,"ESPORTE-occurances":40,"ESPORTE-percentage":0.7757951900698216,"SEXO-occurances":23,"SEXO-percentage":0.44608223429014743,"MODA-occurances":20,"MODA-percentage":0.3878975950349108,"INTERNACIONAL-occurances":13,"INTERNACIONAL-percentage":0.252133436772692,"VIAGENS-occurances":10,"VIAGENS-percentage":0.1939487975174554,"JOGOS-occurances":8,"JOGOS-percentage":0.1551590380139643,"EDUCAÇÃO-occurances":7,"EDUCAÇÃO-percentage":0.13576415826221877,"ESOTERISMO-occurances":7,"ESOTERISMO-percentage":0.13576415826221877,"CIÊNCIA-occurances":6,"CIÊNCIA-percentage":0.11636927851047324,"FITNESS-occurances":6,"FITNESS-percentage":0.11636927851047324,"INSTAGRAM-occurances":6,"INSTAGRAM-percentage":0.11636927851047324,"LINKEDIN-occurances":6,"LINKEDIN-percentage":0.11636927851047324,"HUMOR-occurances":5,"HUMOR-percentage":0.0969743987587277,"NATUREZA-occurances":3,"NATUREZA-percentage":0.05818463925523662,"ECONOMIA-occurances":1,"ECONOMIA-percentage":0.019394879751745538,"POLÍTICA-occurances":1,"POLÍTICA-percentage":0.019394879751745538,"TWITTER-occurances":1,"TWITTER-percentage":0.019394879751745538}