{"totalHistoryAmount":5269,"TECNOLOGIA-occurances":1452,"TECNOLOGIA-percentage":27.55741127348643,"YOUTUBE-occurances":546,"YOUTUBE-percentage":10.362497627633328,"SÉRIES E FILMES-occurances":371,"SÉRIES E FILMES-percentage":7.041184285443158,"DECORAÇÃO-occurances":299,"DECORAÇÃO-percentage":5.674701081799203,"NOTÍCIAS-occurances":210,"NOTÍCIAS-percentage":3.9855760106282028,"FACEBOOK-occurances":159,"FACEBOOK-percentage":3.017650408047068,"POP/ARTE-occurances":102,"POP/ARTE-percentage":1.9358512051622698,"TV E CELEBRIDADES-occurances":67,"TV E CELEBRIDADES-percentage":1.271588536724236,"ESPORTE-occurances":62,"ESPORTE-percentage":1.176693869804517,"CARROS-occurances":58,"CARROS-percentage":1.1007781362687417,"ALIMENTAÇÃO E SAÚDE-occurances":43,"ALIMENTAÇÃO E SAÚDE-percentage":0.8160941355095843,"JOGOS-occurances":34,"JOGOS-percentage":0.64528373505409,"SEXO-occurances":24,"SEXO-percentage":0.45549440121465173,"MODA-occurances":19,"MODA-percentage":0.36059973429493264,"INTERNACIONAL-occurances":18,"INTERNACIONAL-percentage":0.3416208009109888,"EDUCAÇÃO-occurances":11,"EDUCAÇÃO-percentage":0.20876826722338204,"VIAGENS-occurances":10,"VIAGENS-percentage":0.18978933383943822,"HUMOR-occurances":9,"HUMOR-percentage":0.1708104004554944,"CIÊNCIA-occurances":6,"CIÊNCIA-percentage":0.11387360030366293,"ESOTERISMO-occurances":6,"ESOTERISMO-percentage":0.11387360030366293,"FITNESS-occurances":6,"FITNESS-percentage":0.11387360030366293,"LINKEDIN-occurances":6,"LINKEDIN-percentage":0.11387360030366293,"INSTAGRAM-occurances":5,"INSTAGRAM-percentage":0.09489466691971911,"NATUREZA-occurances":4,"NATUREZA-percentage":0.07591573353577528,"ECONOMIA-occurances":3,"ECONOMIA-percentage":0.05693680015183147,"TWITTER-occurances":1,"TWITTER-percentage":0.01897893338394382,"POLÍTICA-occurances":0,"POLÍTICA-percentage":0}