{"totalHistoryAmount":2769,"TECNOLOGIA-occurances":1075,"TECNOLOGIA-percentage":38.82267966775009,"DECORAÇÃO-occurances":384,"DECORAÇÃO-percentage":13.867822318526544,"FACEBOOK-occurances":95,"FACEBOOK-percentage":3.430841459010473,"ESPORTE-occurances":65,"ESPORTE-percentage":2.347417840375587,"NOTÍCIAS-occurances":36,"NOTÍCIAS-percentage":1.3001083423618636,"POP/ARTE-occurances":36,"POP/ARTE-percentage":1.3001083423618636,"ALIMENTAÇÃO E SAÚDE-occurances":31,"ALIMENTAÇÃO E SAÚDE-percentage":1.119537739256049,"SÉRIES E FILMES-occurances":26,"SÉRIES E FILMES-percentage":0.9389671361502347,"MODA-occurances":25,"MODA-percentage":0.9028530155290718,"YOUTUBE-occurances":21,"YOUTUBE-percentage":0.7583965330444203,"JOGOS-occurances":13,"JOGOS-percentage":0.4694835680751174,"ECONOMIA-occurances":10,"ECONOMIA-percentage":0.36114120621162876,"FITNESS-occurances":10,"FITNESS-percentage":0.36114120621162876,"INSTAGRAM-occurances":8,"INSTAGRAM-percentage":0.288912964969303,"VIAGENS-occurances":6,"VIAGENS-percentage":0.21668472372697725,"CARROS-occurances":5,"CARROS-percentage":0.18057060310581438,"EDUCAÇÃO-occurances":5,"EDUCAÇÃO-percentage":0.18057060310581438,"INTERNACIONAL-occurances":5,"INTERNACIONAL-percentage":0.18057060310581438,"ESOTERISMO-occurances":4,"ESOTERISMO-percentage":0.1444564824846515,"NATUREZA-occurances":4,"NATUREZA-percentage":0.1444564824846515,"TV E CELEBRIDADES-occurances":4,"TV E CELEBRIDADES-percentage":0.1444564824846515,"HUMOR-occurances":3,"HUMOR-percentage":0.10834236186348863,"SEXO-occurances":3,"SEXO-percentage":0.10834236186348863,"CIÊNCIA-occurances":1,"CIÊNCIA-percentage":0.03611412062116288,"POLÍTICA-occurances":1,"POLÍTICA-percentage":0.03611412062116288,"TWITTER-occurances":1,"TWITTER-percentage":0.03611412062116288,"LINKEDIN-occurances":0,"LINKEDIN-percentage":0}