{"totalHistoryAmount":10254,"TECNOLOGIA-occurances":4742,"TECNOLOGIA-percentage":46.24536766140043,"ESPORTE-occurances":1782,"ESPORTE-percentage":17.3785839672323,"FACEBOOK-occurances":1166,"FACEBOOK-percentage":11.371172225472986,"SEXO-occurances":702,"SEXO-percentage":6.84610883557636,"INSTAGRAM-occurances":181,"INSTAGRAM-percentage":1.7651648137312268,"CARROS-occurances":167,"CARROS-percentage":1.6286327286912425,"YOUTUBE-occurances":79,"YOUTUBE-percentage":0.7704310512970548,"DECORAÇÃO-occurances":63,"DECORAÇÃO-percentage":0.6143943826799297,"NOTÍCIAS-occurances":53,"NOTÍCIAS-percentage":0.5168714647942266,"EDUCAÇÃO-occurances":48,"EDUCAÇÃO-percentage":0.4681100058513751,"POP/ARTE-occurances":39,"POP/ARTE-percentage":0.38033937975424226,"ESOTERISMO-occurances":36,"ESOTERISMO-percentage":0.3510825043885313,"MODA-occurances":24,"MODA-percentage":0.23405500292568754,"LINKEDIN-occurances":21,"LINKEDIN-percentage":0.2047981275599766,"SÉRIES E FILMES-occurances":12,"SÉRIES E FILMES-percentage":0.11702750146284377,"CIÊNCIA-occurances":11,"CIÊNCIA-percentage":0.10727520967427345,"ECONOMIA-occurances":11,"ECONOMIA-percentage":0.10727520967427345,"TV E CELEBRIDADES-occurances":10,"TV E CELEBRIDADES-percentage":0.09752291788570314,"TWITTER-occurances":10,"TWITTER-percentage":0.09752291788570314,"JOGOS-occurances":7,"JOGOS-percentage":0.0682660425199922,"VIAGENS-occurances":4,"VIAGENS-percentage":0.03900916715428126,"POLÍTICA-occurances":3,"POLÍTICA-percentage":0.029256875365710942,"FITNESS-occurances":2,"FITNESS-percentage":0.01950458357714063,"ALIMENTAÇÃO E SAÚDE-occurances":1,"ALIMENTAÇÃO E SAÚDE-percentage":0.009752291788570315,"INTERNACIONAL-occurances":1,"INTERNACIONAL-percentage":0.009752291788570315,"HUMOR-occurances":0,"HUMOR-percentage":0,"NATUREZA-occurances":0,"NATUREZA-percentage":0}