{"totalHistoryAmount":10123,"TECNOLOGIA-occurances":4719,"TECNOLOGIA-percentage":46.61661562777833,"ESPORTE-occurances":1781,"ESPORTE-percentage":17.593598735552703,"FACEBOOK-occurances":1164,"FACEBOOK-percentage":11.498567618294972,"SEXO-occurances":668,"SEXO-percentage":6.5988343376469425,"INSTAGRAM-occurances":181,"INSTAGRAM-percentage":1.7880075076558333,"CARROS-occurances":159,"CARROS-percentage":1.5706806282722514,"YOUTUBE-occurances":71,"YOUTUBE-percentage":0.7013731107379235,"DECORAÇÃO-occurances":63,"DECORAÇÃO-percentage":0.6223451545984392,"EDUCAÇÃO-occurances":48,"EDUCAÇÃO-percentage":0.47416773683690605,"POP/ARTE-occurances":41,"POP/ARTE-percentage":0.4050182752148573,"NOTÍCIAS-occurances":40,"NOTÍCIAS-percentage":0.3951397806974217,"ESOTERISMO-occurances":36,"ESOTERISMO-percentage":0.35562580262767957,"MODA-occurances":23,"MODA-percentage":0.22720537390101747,"LINKEDIN-occurances":21,"LINKEDIN-percentage":0.2074483848661464,"SÉRIES E FILMES-occurances":16,"SÉRIES E FILMES-percentage":0.15805591227896867,"ECONOMIA-occurances":11,"ECONOMIA-percentage":0.10866343969179097,"TWITTER-occurances":10,"TWITTER-percentage":0.09878494517435543,"TV E CELEBRIDADES-occurances":9,"TV E CELEBRIDADES-percentage":0.08890645065691989,"JOGOS-occurances":7,"JOGOS-percentage":0.0691494616220488,"CIÊNCIA-occurances":5,"CIÊNCIA-percentage":0.049392472587177716,"VIAGENS-occurances":4,"VIAGENS-percentage":0.03951397806974217,"POLÍTICA-occurances":3,"POLÍTICA-percentage":0.029635483552306628,"FITNESS-occurances":2,"FITNESS-percentage":0.019756989034871084,"ALIMENTAÇÃO E SAÚDE-occurances":1,"ALIMENTAÇÃO E SAÚDE-percentage":0.009878494517435542,"INTERNACIONAL-occurances":1,"INTERNACIONAL-percentage":0.009878494517435542,"HUMOR-occurances":0,"HUMOR-percentage":0,"NATUREZA-occurances":0,"NATUREZA-percentage":0}