{"totalHistoryAmount":2940,"TECNOLOGIA-occurances":956,"TECNOLOGIA-percentage":32.51700680272109,"LINKEDIN-occurances":280,"LINKEDIN-percentage":9.523809523809524,"EDUCAÇÃO-occurances":92,"EDUCAÇÃO-percentage":3.129251700680272,"FACEBOOK-occurances":48,"FACEBOOK-percentage":1.6326530612244898,"CARROS-occurances":38,"CARROS-percentage":1.2925170068027212,"VIAGENS-occurances":38,"VIAGENS-percentage":1.2925170068027212,"ESPORTE-occurances":30,"ESPORTE-percentage":1.0204081632653061,"FITNESS-occurances":26,"FITNESS-percentage":0.8843537414965986,"YOUTUBE-occurances":26,"YOUTUBE-percentage":0.8843537414965986,"INSTAGRAM-occurances":25,"INSTAGRAM-percentage":0.8503401360544217,"NOTÍCIAS-occurances":22,"NOTÍCIAS-percentage":0.7482993197278912,"DECORAÇÃO-occurances":21,"DECORAÇÃO-percentage":0.7142857142857143,"CIÊNCIA-occurances":18,"CIÊNCIA-percentage":0.6122448979591837,"TWITTER-occurances":17,"TWITTER-percentage":0.5782312925170068,"JOGOS-occurances":15,"JOGOS-percentage":0.5102040816326531,"TV E CELEBRIDADES-occurances":15,"TV E CELEBRIDADES-percentage":0.5102040816326531,"ECONOMIA-occurances":13,"ECONOMIA-percentage":0.4421768707482993,"POP/ARTE-occurances":12,"POP/ARTE-percentage":0.40816326530612246,"SEXO-occurances":11,"SEXO-percentage":0.3741496598639456,"ESOTERISMO-occurances":8,"ESOTERISMO-percentage":0.272108843537415,"MODA-occurances":8,"MODA-percentage":0.272108843537415,"ALIMENTAÇÃO E SAÚDE-occurances":5,"ALIMENTAÇÃO E SAÚDE-percentage":0.17006802721088435,"POLÍTICA-occurances":3,"POLÍTICA-percentage":0.10204081632653061,"HUMOR-occurances":0,"HUMOR-percentage":0,"INTERNACIONAL-occurances":0,"INTERNACIONAL-percentage":0,"NATUREZA-occurances":0,"NATUREZA-percentage":0,"SÉRIES E FILMES-occurances":0,"SÉRIES E FILMES-percentage":0}