{"totalHistoryAmount":6890,"TECNOLOGIA-occurances":1816,"TECNOLOGIA-percentage":26.357039187227866,"NOTÍCIAS-occurances":476,"NOTÍCIAS-percentage":6.9085631349782295,"FACEBOOK-occurances":397,"FACEBOOK-percentage":5.761973875181423,"DECORAÇÃO-occurances":374,"DECORAÇÃO-percentage":5.428156748911466,"MODA-occurances":274,"MODA-percentage":3.97677793904209,"YOUTUBE-occurances":189,"YOUTUBE-percentage":2.7431059506531206,"ESPORTE-occurances":184,"ESPORTE-percentage":2.6705370101596517,"POP/ARTE-occurances":130,"POP/ARTE-percentage":1.8867924528301887,"SÉRIES E FILMES-occurances":109,"SÉRIES E FILMES-percentage":1.5820029027576197,"ALIMENTAÇÃO E SAÚDE-occurances":58,"ALIMENTAÇÃO E SAÚDE-percentage":0.841799709724238,"TV E CELEBRIDADES-occurances":58,"TV E CELEBRIDADES-percentage":0.841799709724238,"CARROS-occurances":49,"CARROS-percentage":0.7111756168359942,"JOGOS-occurances":35,"JOGOS-percentage":0.5079825834542816,"VIAGENS-occurances":35,"VIAGENS-percentage":0.5079825834542816,"EDUCAÇÃO-occurances":33,"EDUCAÇÃO-percentage":0.47895500725689405,"SEXO-occurances":32,"SEXO-percentage":0.4644412191582003,"INTERNACIONAL-occurances":22,"INTERNACIONAL-percentage":0.3193033381712627,"CIÊNCIA-occurances":21,"CIÊNCIA-percentage":0.3047895500725689,"HUMOR-occurances":16,"HUMOR-percentage":0.23222060957910015,"ECONOMIA-occurances":11,"ECONOMIA-percentage":0.15965166908563136,"LINKEDIN-occurances":10,"LINKEDIN-percentage":0.14513788098693758,"NATUREZA-occurances":8,"NATUREZA-percentage":0.11611030478955008,"ESOTERISMO-occurances":6,"ESOTERISMO-percentage":0.08708272859216255,"POLÍTICA-occurances":6,"POLÍTICA-percentage":0.08708272859216255,"FITNESS-occurances":5,"FITNESS-percentage":0.07256894049346879,"INSTAGRAM-occurances":4,"INSTAGRAM-percentage":0.05805515239477504,"TWITTER-occurances":4,"TWITTER-percentage":0.05805515239477504}