{"totalHistoryAmount":3063,"TECNOLOGIA-occurances":1127,"TECNOLOGIA-percentage":36.79399281749918,"DECORAÇÃO-occurances":410,"DECORAÇÃO-percentage":13.385569702905649,"FACEBOOK-occurances":152,"FACEBOOK-percentage":4.962455109369899,"ESPORTE-occurances":89,"ESPORTE-percentage":2.9056480574600063,"POP/ARTE-occurances":42,"POP/ARTE-percentage":1.3712047012732616,"NOTÍCIAS-occurances":32,"NOTÍCIAS-percentage":1.0447273914462945,"SÉRIES E FILMES-occurances":32,"SÉRIES E FILMES-percentage":1.0447273914462945,"ALIMENTAÇÃO E SAÚDE-occurances":31,"ALIMENTAÇÃO E SAÚDE-percentage":1.0120796604635978,"MODA-occurances":25,"MODA-percentage":0.8161932745674175,"JOGOS-occurances":21,"JOGOS-percentage":0.6856023506366308,"YOUTUBE-occurances":17,"YOUTUBE-percentage":0.5550114267058439,"TWITTER-occurances":16,"TWITTER-percentage":0.5223636957231472,"FITNESS-occurances":11,"FITNESS-percentage":0.35912504080966373,"ECONOMIA-occurances":10,"ECONOMIA-percentage":0.32647730982696704,"CARROS-occurances":8,"CARROS-percentage":0.2611818478615736,"INSTAGRAM-occurances":8,"INSTAGRAM-percentage":0.2611818478615736,"VIAGENS-occurances":8,"VIAGENS-percentage":0.2611818478615736,"INTERNACIONAL-occurances":6,"INTERNACIONAL-percentage":0.1958863858961802,"EDUCAÇÃO-occurances":5,"EDUCAÇÃO-percentage":0.16323865491348352,"ESOTERISMO-occurances":4,"ESOTERISMO-percentage":0.1305909239307868,"NATUREZA-occurances":4,"NATUREZA-percentage":0.1305909239307868,"TV E CELEBRIDADES-occurances":4,"TV E CELEBRIDADES-percentage":0.1305909239307868,"HUMOR-occurances":3,"HUMOR-percentage":0.0979431929480901,"CIÊNCIA-occurances":2,"CIÊNCIA-percentage":0.0652954619653934,"SEXO-occurances":2,"SEXO-percentage":0.0652954619653934,"POLÍTICA-occurances":1,"POLÍTICA-percentage":0.0326477309826967,"LINKEDIN-occurances":0,"LINKEDIN-percentage":0}