{"totalHistoryAmount":7353,"TECNOLOGIA-occurances":1785,"TECNOLOGIA-percentage":24.27580579355365,"FACEBOOK-occurances":572,"FACEBOOK-percentage":7.779137766897865,"NOTÍCIAS-occurances":570,"NOTÍCIAS-percentage":7.751937984496124,"DECORAÇÃO-occurances":366,"DECORAÇÃO-percentage":4.977560179518564,"MODA-occurances":281,"MODA-percentage":3.8215694274445804,"ESPORTE-occurances":230,"ESPORTE-percentage":3.1279749762001905,"POP/ARTE-occurances":128,"POP/ARTE-percentage":1.7407860737114103,"YOUTUBE-occurances":110,"YOUTUBE-percentage":1.4959880320957433,"LINKEDIN-occurances":104,"LINKEDIN-percentage":1.414388684890521,"SÉRIES E FILMES-occurances":101,"SÉRIES E FILMES-percentage":1.3735890112879097,"ESOTERISMO-occurances":83,"ESOTERISMO-percentage":1.1287909696722427,"TV E CELEBRIDADES-occurances":80,"TV E CELEBRIDADES-percentage":1.0879912960696314,"ALIMENTAÇÃO E SAÚDE-occurances":62,"ALIMENTAÇÃO E SAÚDE-percentage":0.8431932544539643,"EDUCAÇÃO-occurances":45,"EDUCAÇÃO-percentage":0.6119951040391677,"JOGOS-occurances":34,"JOGOS-percentage":0.4623963008295934,"CARROS-occurances":33,"CARROS-percentage":0.44879640962872297,"VIAGENS-occurances":30,"VIAGENS-percentage":0.4079967360261118,"CIÊNCIA-occurances":24,"CIÊNCIA-percentage":0.3263973888208894,"SEXO-occurances":24,"SEXO-percentage":0.3263973888208894,"HUMOR-occurances":23,"HUMOR-percentage":0.312797497620019,"INTERNACIONAL-occurances":21,"INTERNACIONAL-percentage":0.28559771521827826,"ECONOMIA-occurances":15,"ECONOMIA-percentage":0.2039983680130559,"POLÍTICA-occurances":14,"POLÍTICA-percentage":0.1903984768121855,"NATUREZA-occurances":9,"NATUREZA-percentage":0.12239902080783353,"INSTAGRAM-occurances":6,"INSTAGRAM-percentage":0.08159934720522236,"TWITTER-occurances":6,"TWITTER-percentage":0.08159934720522236,"FITNESS-occurances":5,"FITNESS-percentage":0.06799945600435196}