{"totalHistoryAmount":2236,"TECNOLOGIA-occurances":1146,"TECNOLOGIA-percentage":51.25223613595707,"YOUTUBE-occurances":192,"YOUTUBE-percentage":8.586762075134168,"FACEBOOK-occurances":140,"FACEBOOK-percentage":6.261180679785331,"ESPORTE-occurances":96,"ESPORTE-percentage":4.293381037567084,"FITNESS-occurances":56,"FITNESS-percentage":2.5044722719141324,"ECONOMIA-occurances":33,"ECONOMIA-percentage":1.4758497316636852,"POP/ARTE-occurances":29,"POP/ARTE-percentage":1.29695885509839,"INSTAGRAM-occurances":27,"INSTAGRAM-percentage":1.2075134168157424,"NOTÍCIAS-occurances":15,"NOTÍCIAS-percentage":0.6708407871198568,"SÉRIES E FILMES-occurances":14,"SÉRIES E FILMES-percentage":0.6261180679785331,"JOGOS-occurances":13,"JOGOS-percentage":0.5813953488372093,"EDUCAÇÃO-occurances":12,"EDUCAÇÃO-percentage":0.5366726296958855,"VIAGENS-occurances":11,"VIAGENS-percentage":0.4919499105545617,"HUMOR-occurances":6,"HUMOR-percentage":0.26833631484794274,"POLÍTICA-occurances":6,"POLÍTICA-percentage":0.26833631484794274,"CARROS-occurances":5,"CARROS-percentage":0.22361359570661896,"TV E CELEBRIDADES-occurances":5,"TV E CELEBRIDADES-percentage":0.22361359570661896,"ESOTERISMO-occurances":2,"ESOTERISMO-percentage":0.08944543828264759,"CIÊNCIA-occurances":1,"CIÊNCIA-percentage":0.044722719141323794,"DECORAÇÃO-occurances":1,"DECORAÇÃO-percentage":0.044722719141323794,"LINKEDIN-occurances":1,"LINKEDIN-percentage":0.044722719141323794,"MODA-occurances":1,"MODA-percentage":0.044722719141323794,"NATUREZA-occurances":1,"NATUREZA-percentage":0.044722719141323794,"ALIMENTAÇÃO E SAÚDE-occurances":0,"ALIMENTAÇÃO E SAÚDE-percentage":0,"INTERNACIONAL-occurances":0,"INTERNACIONAL-percentage":0,"SEXO-occurances":0,"SEXO-percentage":0,"TWITTER-occurances":0,"TWITTER-percentage":0}