{"totalHistoryAmount":9969,"TECNOLOGIA-occurances":4659,"TECNOLOGIA-percentage":46.734878122178756,"ESPORTE-occurances":1821,"ESPORTE-percentage":18.26662654228107,"FACEBOOK-occurances":1152,"FACEBOOK-percentage":11.555823051459525,"SEXO-occurances":608,"SEXO-percentage":6.098906610492527,"INSTAGRAM-occurances":162,"INSTAGRAM-percentage":1.6250376166114957,"CARROS-occurances":156,"CARROS-percentage":1.5648510382184773,"DECORAÇÃO-occurances":63,"DECORAÇÃO-percentage":0.6319590731266927,"EDUCAÇÃO-occurances":48,"EDUCAÇÃO-percentage":0.48149262714414687,"YOUTUBE-occurances":47,"YOUTUBE-percentage":0.47146153074531044,"POP/ARTE-occurances":41,"POP/ARTE-percentage":0.4112749523522921,"NOTÍCIAS-occurances":40,"NOTÍCIAS-percentage":0.4012438559534557,"ESOTERISMO-occurances":36,"ESOTERISMO-percentage":0.36111947035811015,"MODA-occurances":23,"MODA-percentage":0.23071521717323704,"LINKEDIN-occurances":21,"LINKEDIN-percentage":0.21065302437556424,"SÉRIES E FILMES-occurances":16,"SÉRIES E FILMES-percentage":0.16049754238138228,"ECONOMIA-occurances":11,"ECONOMIA-percentage":0.11034206038720032,"TWITTER-occurances":10,"TWITTER-percentage":0.10031096398836392,"TV E CELEBRIDADES-occurances":9,"TV E CELEBRIDADES-percentage":0.09027986758952754,"JOGOS-occurances":7,"JOGOS-percentage":0.07021767479185476,"FITNESS-occurances":4,"FITNESS-percentage":0.04012438559534557,"VIAGENS-occurances":4,"VIAGENS-percentage":0.04012438559534557,"CIÊNCIA-occurances":3,"CIÊNCIA-percentage":0.03009328919650918,"POLÍTICA-occurances":3,"POLÍTICA-percentage":0.03009328919650918,"ALIMENTAÇÃO E SAÚDE-occurances":1,"ALIMENTAÇÃO E SAÚDE-percentage":0.010031096398836392,"INTERNACIONAL-occurances":1,"INTERNACIONAL-percentage":0.010031096398836392,"HUMOR-occurances":0,"HUMOR-percentage":0,"NATUREZA-occurances":0,"NATUREZA-percentage":0}