{"totalHistoryAmount":6622,"TECNOLOGIA-occurances":1816,"TECNOLOGIA-percentage":27.423739051646027,"NOTÍCIAS-occurances":436,"NOTÍCIAS-percentage":6.584113560857747,"YOUTUBE-occurances":412,"YOUTUBE-percentage":6.221685291452733,"DECORAÇÃO-occurances":386,"DECORAÇÃO-percentage":5.829054666263969,"SÉRIES E FILMES-occurances":246,"SÉRIES E FILMES-percentage":3.7148897614013894,"FACEBOOK-occurances":212,"FACEBOOK-percentage":3.2014497130776203,"POP/ARTE-occurances":132,"POP/ARTE-percentage":1.9933554817275747,"ESPORTE-occurances":131,"ESPORTE-percentage":1.9782543038356992,"TV E CELEBRIDADES-occurances":72,"TV E CELEBRIDADES-percentage":1.0872848082150408,"MODA-occurances":66,"MODA-percentage":0.9966777408637874,"ALIMENTAÇÃO E SAÚDE-occurances":58,"ALIMENTAÇÃO E SAÚDE-percentage":0.8758683177287828,"CARROS-occurances":58,"CARROS-percentage":0.8758683177287828,"JOGOS-occurances":40,"JOGOS-percentage":0.6040471156750227,"VIAGENS-occurances":37,"VIAGENS-percentage":0.558743581999396,"SEXO-occurances":28,"SEXO-percentage":0.42283298097251587,"EDUCAÇÃO-occurances":24,"EDUCAÇÃO-percentage":0.3624282694050136,"INTERNACIONAL-occurances":19,"INTERNACIONAL-percentage":0.28692237994563574,"CIÊNCIA-occurances":12,"CIÊNCIA-percentage":0.1812141347025068,"HUMOR-occurances":10,"HUMOR-percentage":0.15101177891875567,"LINKEDIN-occurances":10,"LINKEDIN-percentage":0.15101177891875567,"ECONOMIA-occurances":8,"ECONOMIA-percentage":0.12080942313500453,"ESOTERISMO-occurances":8,"ESOTERISMO-percentage":0.12080942313500453,"FITNESS-occurances":8,"FITNESS-percentage":0.12080942313500453,"NATUREZA-occurances":5,"NATUREZA-percentage":0.07550588945937783,"TWITTER-occurances":3,"TWITTER-percentage":0.0453035336756267,"POLÍTICA-occurances":1,"POLÍTICA-percentage":0.015101177891875567,"INSTAGRAM-occurances":0,"INSTAGRAM-percentage":0}