{"totalHistoryAmount":7101,"TECNOLOGIA-occurances":1791,"TECNOLOGIA-percentage":25.221799746514577,"NOTÍCIAS-occurances":515,"NOTÍCIAS-percentage":7.252499647936911,"FACEBOOK-occurances":490,"FACEBOOK-percentage":6.9004365582312355,"DECORAÇÃO-occurances":352,"DECORAÇÃO-percentage":4.957048303055908,"MODA-occurances":278,"MODA-percentage":3.9149415575271087,"ESPORTE-occurances":206,"ESPORTE-percentage":2.9009998591747643,"YOUTUBE-occurances":171,"YOUTUBE-percentage":2.4081115335868186,"POP/ARTE-occurances":126,"POP/ARTE-percentage":1.7743979721166032,"SÉRIES E FILMES-occurances":113,"SÉRIES E FILMES-percentage":1.591325165469652,"TV E CELEBRIDADES-occurances":63,"TV E CELEBRIDADES-percentage":0.8871989860583016,"ESOTERISMO-occurances":58,"ESOTERISMO-percentage":0.8167863681171667,"ALIMENTAÇÃO E SAÚDE-occurances":54,"ALIMENTAÇÃO E SAÚDE-percentage":0.7604562737642585,"LINKEDIN-occurances":43,"LINKEDIN-percentage":0.6055485142937614,"EDUCAÇÃO-occurances":35,"EDUCAÇÃO-percentage":0.4928883255879454,"JOGOS-occurances":35,"JOGOS-percentage":0.4928883255879454,"SEXO-occurances":34,"SEXO-percentage":0.47880580199971834,"VIAGENS-occurances":33,"VIAGENS-percentage":0.46472327841149136,"CARROS-occurances":28,"CARROS-percentage":0.3943106604703563,"CIÊNCIA-occurances":23,"CIÊNCIA-percentage":0.3238980425292212,"INTERNACIONAL-occurances":21,"INTERNACIONAL-percentage":0.2957329953527672,"HUMOR-occurances":19,"HUMOR-percentage":0.2675679481763132,"ECONOMIA-occurances":12,"ECONOMIA-percentage":0.16899028305872413,"POLÍTICA-occurances":10,"POLÍTICA-percentage":0.1408252358822701,"NATUREZA-occurances":8,"NATUREZA-percentage":0.11266018870581608,"TWITTER-occurances":7,"TWITTER-percentage":0.09857766511758907,"INSTAGRAM-occurances":6,"INSTAGRAM-percentage":0.08449514152936206,"FITNESS-occurances":5,"FITNESS-percentage":0.07041261794113506}