{"totalHistoryAmount":4157,"TECNOLOGIA-occurances":2142,"TECNOLOGIA-percentage":51.5275439018523,"YOUTUBE-occurances":286,"YOUTUBE-percentage":6.8799615107048355,"FACEBOOK-occurances":206,"FACEBOOK-percentage":4.95549675246572,"ESPORTE-occurances":196,"ESPORTE-percentage":4.714938657685831,"POP/ARTE-occurances":65,"POP/ARTE-percentage":1.5636276160692808,"FITNESS-occurances":57,"FITNESS-percentage":1.3711811402453693,"ECONOMIA-occurances":36,"ECONOMIA-percentage":0.8660091412076016,"INSTAGRAM-occurances":33,"INSTAGRAM-percentage":0.7938417127736348,"NOTÍCIAS-occurances":26,"NOTÍCIAS-percentage":0.6254510464277123,"MODA-occurances":24,"MODA-percentage":0.5773394274717344,"TV E CELEBRIDADES-occurances":20,"TV E CELEBRIDADES-percentage":0.4811161895597787,"JOGOS-occurances":18,"JOGOS-percentage":0.4330045706038008,"POLÍTICA-occurances":18,"POLÍTICA-percentage":0.4330045706038008,"SÉRIES E FILMES-occurances":18,"SÉRIES E FILMES-percentage":0.4330045706038008,"ESOTERISMO-occurances":17,"ESOTERISMO-percentage":0.4089487611258119,"EDUCAÇÃO-occurances":13,"EDUCAÇÃO-percentage":0.31272552321385616,"VIAGENS-occurances":12,"VIAGENS-percentage":0.2886697137358672,"INTERNACIONAL-occurances":10,"INTERNACIONAL-percentage":0.24055809477988935,"CARROS-occurances":8,"CARROS-percentage":0.19244647582391147,"LINKEDIN-occurances":7,"LINKEDIN-percentage":0.16839066634592254,"DECORAÇÃO-occurances":6,"DECORAÇÃO-percentage":0.1443348568679336,"HUMOR-occurances":6,"HUMOR-percentage":0.1443348568679336,"SEXO-occurances":5,"SEXO-percentage":0.12027904738994467,"TWITTER-occurances":3,"TWITTER-percentage":0.0721674284339668,"CIÊNCIA-occurances":1,"CIÊNCIA-percentage":0.024055809477988934,"NATUREZA-occurances":1,"NATUREZA-percentage":0.024055809477988934,"ALIMENTAÇÃO E SAÚDE-occurances":0,"ALIMENTAÇÃO E SAÚDE-percentage":0}