{"totalHistoryAmount":6449,"TECNOLOGIA-occurances":1590,"TECNOLOGIA-percentage":24.654985269033958,"FACEBOOK-occurances":642,"FACEBOOK-percentage":9.95503178787409,"DECORAÇÃO-occurances":380,"DECORAÇÃO-percentage":5.892386416498682,"NOTÍCIAS-occurances":366,"NOTÍCIAS-percentage":5.675298495890836,"MODA-occurances":245,"MODA-percentage":3.799038610637308,"ESPORTE-occurances":219,"ESPORTE-percentage":3.395875329508451,"ESOTERISMO-occurances":140,"ESOTERISMO-percentage":2.1708792060784616,"LINKEDIN-occurances":135,"LINKEDIN-percentage":2.0933478058613737,"POP/ARTE-occurances":107,"POP/ARTE-percentage":1.6591719646456815,"TV E CELEBRIDADES-occurances":94,"TV E CELEBRIDADES-percentage":1.4575903240812529,"YOUTUBE-occurances":78,"YOUTUBE-percentage":1.2094898433865715,"SÉRIES E FILMES-occurances":74,"SÉRIES E FILMES-percentage":1.1474647232129012,"POLÍTICA-occurances":52,"POLÍTICA-percentage":0.8063265622577144,"ALIMENTAÇÃO E SAÚDE-occurances":51,"ALIMENTAÇÃO E SAÚDE-percentage":0.7908202822142968,"CARROS-occurances":36,"CARROS-percentage":0.558226081563033,"EDUCAÇÃO-occurances":29,"EDUCAÇÃO-percentage":0.44968212125910995,"ECONOMIA-occurances":23,"ECONOMIA-percentage":0.35664444099860443,"CIÊNCIA-occurances":20,"CIÊNCIA-percentage":0.31012560086835167,"JOGOS-occurances":18,"JOGOS-percentage":0.2791130407815165,"NATUREZA-occurances":18,"NATUREZA-percentage":0.2791130407815165,"SEXO-occurances":16,"SEXO-percentage":0.24810048069468135,"HUMOR-occurances":15,"HUMOR-percentage":0.23259420065126377,"INTERNACIONAL-occurances":13,"INTERNACIONAL-percentage":0.2015816405644286,"TWITTER-occurances":9,"TWITTER-percentage":0.13955652039075825,"FITNESS-occurances":8,"FITNESS-percentage":0.12405024034734068,"INSTAGRAM-occurances":7,"INSTAGRAM-percentage":0.10854396030392309,"VIAGENS-occurances":4,"VIAGENS-percentage":0.06202512017367034}