{"totalHistoryAmount":5233,"TECNOLOGIA-occurances":1545,"TECNOLOGIA-percentage":29.524173514236576,"YOUTUBE-occurances":602,"YOUTUBE-percentage":11.503917446971144,"SÉRIES E FILMES-occurances":407,"SÉRIES E FILMES-percentage":7.777565450028664,"DECORAÇÃO-occurances":360,"DECORAÇÃO-percentage":6.879419071278425,"FACEBOOK-occurances":123,"FACEBOOK-percentage":2.3504681826867952,"NOTÍCIAS-occurances":105,"NOTÍCIAS-percentage":2.006497229122874,"POP/ARTE-occurances":82,"POP/ARTE-percentage":1.5669787884578636,"TV E CELEBRIDADES-occurances":67,"TV E CELEBRIDADES-percentage":1.2803363271545958,"CARROS-occurances":58,"CARROS-percentage":1.1083508503726351,"ESPORTE-occurances":53,"ESPORTE-percentage":1.0128033632715459,"ALIMENTAÇÃO E SAÚDE-occurances":47,"ALIMENTAÇÃO E SAÚDE-percentage":0.8981463787502388,"SEXO-occurances":24,"SEXO-percentage":0.45862793808522834,"MODA-occurances":20,"MODA-percentage":0.38218994840435694,"INTERNACIONAL-occurances":14,"INTERNACIONAL-percentage":0.26753296388304987,"VIAGENS-occurances":10,"VIAGENS-percentage":0.19109497420217847,"JOGOS-occurances":9,"JOGOS-percentage":0.17198547678196063,"EDUCAÇÃO-occurances":7,"EDUCAÇÃO-percentage":0.13376648194152493,"ESOTERISMO-occurances":7,"ESOTERISMO-percentage":0.13376648194152493,"CIÊNCIA-occurances":6,"CIÊNCIA-percentage":0.11465698452130708,"FITNESS-occurances":6,"FITNESS-percentage":0.11465698452130708,"INSTAGRAM-occurances":6,"INSTAGRAM-percentage":0.11465698452130708,"LINKEDIN-occurances":6,"LINKEDIN-percentage":0.11465698452130708,"HUMOR-occurances":5,"HUMOR-percentage":0.09554748710108923,"NATUREZA-occurances":3,"NATUREZA-percentage":0.05732849226065354,"ECONOMIA-occurances":1,"ECONOMIA-percentage":0.01910949742021785,"POLÍTICA-occurances":1,"POLÍTICA-percentage":0.01910949742021785,"TWITTER-occurances":1,"TWITTER-percentage":0.01910949742021785}