{"totalHistoryAmount":4007,"TECNOLOGIA-occurances":2064,"TECNOLOGIA-percentage":51.50985774893935,"YOUTUBE-occurances":277,"YOUTUBE-percentage":6.912902420763664,"FACEBOOK-occurances":206,"FACEBOOK-percentage":5.141003244322436,"ESPORTE-occurances":185,"ESPORTE-percentage":4.616920389318692,"POP/ARTE-occurances":59,"POP/ARTE-percentage":1.4724232592962316,"FITNESS-occurances":57,"FITNESS-percentage":1.4225106064387323,"ECONOMIA-occurances":36,"ECONOMIA-percentage":0.8984277514349888,"INSTAGRAM-occurances":33,"INSTAGRAM-percentage":0.8235587721487397,"NOTÍCIAS-occurances":26,"NOTÍCIAS-percentage":0.6488644871474919,"MODA-occurances":24,"MODA-percentage":0.5989518342899925,"TV E CELEBRIDADES-occurances":20,"TV E CELEBRIDADES-percentage":0.4991265285749938,"POLÍTICA-occurances":18,"POLÍTICA-percentage":0.4492138757174944,"ESOTERISMO-occurances":17,"ESOTERISMO-percentage":0.4242575492887447,"SÉRIES E FILMES-occurances":16,"SÉRIES E FILMES-percentage":0.39930122285999503,"EDUCAÇÃO-occurances":13,"EDUCAÇÃO-percentage":0.32443224357374595,"JOGOS-occurances":13,"JOGOS-percentage":0.32443224357374595,"VIAGENS-occurances":12,"VIAGENS-percentage":0.2994759171449963,"INTERNACIONAL-occurances":10,"INTERNACIONAL-percentage":0.2495632642874969,"CARROS-occurances":8,"CARROS-percentage":0.19965061142999752,"LINKEDIN-occurances":7,"LINKEDIN-percentage":0.1746942850012478,"DECORAÇÃO-occurances":6,"DECORAÇÃO-percentage":0.14973795857249814,"HUMOR-occurances":6,"HUMOR-percentage":0.14973795857249814,"SEXO-occurances":5,"SEXO-percentage":0.12478163214374845,"TWITTER-occurances":3,"TWITTER-percentage":0.07486897928624907,"NATUREZA-occurances":1,"NATUREZA-percentage":0.02495632642874969,"ALIMENTAÇÃO E SAÚDE-occurances":0,"ALIMENTAÇÃO E SAÚDE-percentage":0,"CIÊNCIA-occurances":0,"CIÊNCIA-percentage":0}