{"totalHistoryAmount":3121,"TECNOLOGIA-occurances":1142,"TECNOLOGIA-percentage":36.590836270426145,"DECORAÇÃO-occurances":422,"DECORAÇÃO-percentage":13.521307273309837,"FACEBOOK-occurances":153,"FACEBOOK-percentage":4.902274911887216,"ESPORTE-occurances":115,"ESPORTE-percentage":3.6847164370394103,"POP/ARTE-occurances":43,"POP/ARTE-percentage":1.3777635373277795,"ALIMENTAÇÃO E SAÚDE-occurances":35,"ALIMENTAÇÃO E SAÚDE-percentage":1.1214354373598205,"NOTÍCIAS-occurances":34,"NOTÍCIAS-percentage":1.0893944248638257,"SÉRIES E FILMES-occurances":32,"SÉRIES E FILMES-percentage":1.0253123998718359,"MODA-occurances":24,"MODA-percentage":0.768984299903877,"JOGOS-occurances":21,"JOGOS-percentage":0.6728612624158924,"YOUTUBE-occurances":19,"YOUTUBE-percentage":0.6087792374239026,"TWITTER-occurances":16,"TWITTER-percentage":0.5126561999359179,"FITNESS-occurances":11,"FITNESS-percentage":0.3524511374559436,"CARROS-occurances":10,"CARROS-percentage":0.32041012495994875,"ECONOMIA-occurances":10,"ECONOMIA-percentage":0.32041012495994875,"INSTAGRAM-occurances":8,"INSTAGRAM-percentage":0.25632809996795897,"VIAGENS-occurances":7,"VIAGENS-percentage":0.2242870874719641,"INTERNACIONAL-occurances":6,"INTERNACIONAL-percentage":0.19224607497596924,"EDUCAÇÃO-occurances":5,"EDUCAÇÃO-percentage":0.16020506247997437,"ESOTERISMO-occurances":4,"ESOTERISMO-percentage":0.12816404998397948,"NATUREZA-occurances":4,"NATUREZA-percentage":0.12816404998397948,"TV E CELEBRIDADES-occurances":4,"TV E CELEBRIDADES-percentage":0.12816404998397948,"HUMOR-occurances":3,"HUMOR-percentage":0.09612303748798462,"CIÊNCIA-occurances":2,"CIÊNCIA-percentage":0.06408202499198974,"POLÍTICA-occurances":2,"POLÍTICA-percentage":0.06408202499198974,"SEXO-occurances":2,"SEXO-percentage":0.06408202499198974,"LINKEDIN-occurances":0,"LINKEDIN-percentage":0}