{"totalHistoryAmount":4057,"TECNOLOGIA-occurances":2129,"TECNOLOGIA-percentage":52.47719990140498,"YOUTUBE-occurances":251,"YOUTUBE-percentage":6.186837564702983,"FACEBOOK-occurances":204,"FACEBOOK-percentage":5.02834606852354,"ESPORTE-occurances":172,"ESPORTE-percentage":4.239585900912004,"POP/ARTE-occurances":64,"POP/ARTE-percentage":1.5775203352230713,"DECORAÇÃO-occurances":46,"DECORAÇÃO-percentage":1.1338427409415825,"NOTÍCIAS-occurances":38,"NOTÍCIAS-percentage":0.9366526990386985,"MODA-occurances":37,"MODA-percentage":0.912003943800838,"ALIMENTAÇÃO E SAÚDE-occurances":27,"ALIMENTAÇÃO E SAÚDE-percentage":0.6655163914222332,"FITNESS-occurances":26,"FITNESS-percentage":0.6408676361843727,"INSTAGRAM-occurances":26,"INSTAGRAM-percentage":0.6408676361843727,"TV E CELEBRIDADES-occurances":24,"TV E CELEBRIDADES-percentage":0.5915701257086518,"POLÍTICA-occurances":23,"POLÍTICA-percentage":0.5669213704707913,"ESOTERISMO-occurances":20,"ESOTERISMO-percentage":0.49297510475720974,"JOGOS-occurances":20,"JOGOS-percentage":0.49297510475720974,"ECONOMIA-occurances":18,"ECONOMIA-percentage":0.4436775942814888,"TWITTER-occurances":11,"TWITTER-percentage":0.27113630761646534,"EDUCAÇÃO-occurances":10,"EDUCAÇÃO-percentage":0.24648755237860487,"INTERNACIONAL-occurances":10,"INTERNACIONAL-percentage":0.24648755237860487,"SEXO-occurances":7,"SEXO-percentage":0.1725412866650234,"CARROS-occurances":6,"CARROS-percentage":0.14789253142716294,"LINKEDIN-occurances":6,"LINKEDIN-percentage":0.14789253142716294,"SÉRIES E FILMES-occurances":5,"SÉRIES E FILMES-percentage":0.12324377618930243,"HUMOR-occurances":4,"HUMOR-percentage":0.09859502095144196,"VIAGENS-occurances":1,"VIAGENS-percentage":0.02464875523786049,"CIÊNCIA-occurances":0,"CIÊNCIA-percentage":0,"NATUREZA-occurances":0,"NATUREZA-percentage":0}