{"totalHistoryAmount":6481,"TECNOLOGIA-occurances":1570,"TECNOLOGIA-percentage":24.224656688782595,"FACEBOOK-occurances":636,"FACEBOOK-percentage":9.813300416602376,"DECORAÇÃO-occurances":394,"DECORAÇÃO-percentage":6.0793087486499,"NOTÍCIAS-occurances":367,"NOTÍCIAS-percentage":5.662706372473384,"MODA-occurances":244,"MODA-percentage":3.764851103224811,"ESPORTE-occurances":235,"ESPORTE-percentage":3.6259836444993057,"ESOTERISMO-occurances":132,"ESOTERISMO-percentage":2.036722727974078,"LINKEDIN-occurances":127,"LINKEDIN-percentage":1.9595741397932418,"POP/ARTE-occurances":104,"POP/ARTE-percentage":1.604690634161395,"YOUTUBE-occurances":95,"YOUTUBE-percentage":1.4658231754358895,"TV E CELEBRIDADES-occurances":90,"TV E CELEBRIDADES-percentage":1.3886745872550532,"SÉRIES E FILMES-occurances":77,"SÉRIES E FILMES-percentage":1.1880882579848788,"POLÍTICA-occurances":51,"POLÍTICA-percentage":0.7869155994445302,"ALIMENTAÇÃO E SAÚDE-occurances":49,"ALIMENTAÇÃO E SAÚDE-percentage":0.7560561641721957,"EDUCAÇÃO-occurances":38,"EDUCAÇÃO-percentage":0.5863292701743558,"CARROS-occurances":36,"CARROS-percentage":0.5554698349020213,"ECONOMIA-occurances":23,"ECONOMIA-percentage":0.35488350563184695,"CIÊNCIA-occurances":19,"CIÊNCIA-percentage":0.2931646350871779,"SEXO-occurances":17,"SEXO-percentage":0.2623051998148434,"HUMOR-occurances":15,"HUMOR-percentage":0.23144576454250887,"INTERNACIONAL-occurances":13,"INTERNACIONAL-percentage":0.20058632927017436,"JOGOS-occurances":12,"JOGOS-percentage":0.1851566116340071,"NATUREZA-occurances":12,"NATUREZA-percentage":0.1851566116340071,"TWITTER-occurances":11,"TWITTER-percentage":0.16972689399783983,"FITNESS-occurances":9,"FITNESS-percentage":0.13886745872550532,"INSTAGRAM-occurances":6,"INSTAGRAM-percentage":0.09257830581700355,"VIAGENS-occurances":4,"VIAGENS-percentage":0.061718870544669034}