{"totalHistoryAmount":1907,"TECNOLOGIA-occurances":1051,"TECNOLOGIA-percentage":55.11274252753015,"YOUTUBE-occurances":162,"YOUTUBE-percentage":8.495018353434714,"ESPORTE-occurances":92,"ESPORTE-percentage":4.824331410592554,"FITNESS-occurances":56,"FITNESS-percentage":2.9365495542737285,"ECONOMIA-occurances":33,"ECONOMIA-percentage":1.73046670162559,"POP/ARTE-occurances":29,"POP/ARTE-percentage":1.5207131620346093,"FACEBOOK-occurances":18,"FACEBOOK-percentage":0.9438909281594127,"INSTAGRAM-occurances":18,"INSTAGRAM-percentage":0.9438909281594127,"SÉRIES E FILMES-occurances":14,"SÉRIES E FILMES-percentage":0.7341373885684321,"JOGOS-occurances":13,"JOGOS-percentage":0.6816990036706869,"EDUCAÇÃO-occurances":12,"EDUCAÇÃO-percentage":0.6292606187729418,"NOTÍCIAS-occurances":11,"NOTÍCIAS-percentage":0.5768222338751966,"VIAGENS-occurances":11,"VIAGENS-percentage":0.5768222338751966,"POLÍTICA-occurances":6,"POLÍTICA-percentage":0.3146303093864709,"CARROS-occurances":5,"CARROS-percentage":0.26219192448872575,"TV E CELEBRIDADES-occurances":5,"TV E CELEBRIDADES-percentage":0.26219192448872575,"ESOTERISMO-occurances":2,"ESOTERISMO-percentage":0.1048767697954903,"HUMOR-occurances":2,"HUMOR-percentage":0.1048767697954903,"CIÊNCIA-occurances":1,"CIÊNCIA-percentage":0.05243838489774515,"DECORAÇÃO-occurances":1,"DECORAÇÃO-percentage":0.05243838489774515,"LINKEDIN-occurances":1,"LINKEDIN-percentage":0.05243838489774515,"MODA-occurances":1,"MODA-percentage":0.05243838489774515,"NATUREZA-occurances":1,"NATUREZA-percentage":0.05243838489774515,"ALIMENTAÇÃO E SAÚDE-occurances":0,"ALIMENTAÇÃO E SAÚDE-percentage":0,"INTERNACIONAL-occurances":0,"INTERNACIONAL-percentage":0,"SEXO-occurances":0,"SEXO-percentage":0,"TWITTER-occurances":0,"TWITTER-percentage":0}