{"totalHistoryAmount":7005,"TECNOLOGIA-occurances":1774,"TECNOLOGIA-percentage":25.32476802284083,"NOTÍCIAS-occurances":509,"NOTÍCIAS-percentage":7.266238401142042,"FACEBOOK-occurances":470,"FACEBOOK-percentage":6.709493219129193,"DECORAÇÃO-occurances":352,"DECORAÇÃO-percentage":5.024982155603141,"MODA-occurances":278,"MODA-percentage":3.9685938615274803,"ESPORTE-occurances":199,"ESPORTE-percentage":2.8408279800142755,"YOUTUBE-occurances":175,"YOUTUBE-percentage":2.4982155603140614,"POP/ARTE-occurances":123,"POP/ARTE-percentage":1.7558886509635974,"SÉRIES E FILMES-occurances":110,"SÉRIES E FILMES-percentage":1.5703069236259815,"TV E CELEBRIDADES-occurances":60,"TV E CELEBRIDADES-percentage":0.8565310492505354,"ESOTERISMO-occurances":58,"ESOTERISMO-percentage":0.8279800142755175,"ALIMENTAÇÃO E SAÚDE-occurances":54,"ALIMENTAÇÃO E SAÚDE-percentage":0.7708779443254818,"EDUCAÇÃO-occurances":35,"EDUCAÇÃO-percentage":0.49964311206281226,"JOGOS-occurances":35,"JOGOS-percentage":0.49964311206281226,"SEXO-occurances":34,"SEXO-percentage":0.4853675945753034,"VIAGENS-occurances":33,"VIAGENS-percentage":0.47109207708779444,"CARROS-occurances":28,"CARROS-percentage":0.3997144896502498,"LINKEDIN-occurances":28,"LINKEDIN-percentage":0.3997144896502498,"CIÊNCIA-occurances":21,"CIÊNCIA-percentage":0.29978586723768735,"INTERNACIONAL-occurances":20,"INTERNACIONAL-percentage":0.28551034975017847,"HUMOR-occurances":19,"HUMOR-percentage":0.27123483226266953,"ECONOMIA-occurances":12,"ECONOMIA-percentage":0.17130620985010706,"POLÍTICA-occurances":10,"POLÍTICA-percentage":0.14275517487508924,"NATUREZA-occurances":8,"NATUREZA-percentage":0.11420413990007137,"FITNESS-occurances":5,"FITNESS-percentage":0.07137758743754462,"TWITTER-occurances":5,"TWITTER-percentage":0.07137758743754462,"INSTAGRAM-occurances":4,"INSTAGRAM-percentage":0.05710206995003569}