{"totalHistoryAmount":1566,"TECNOLOGIA-occurances":636,"TECNOLOGIA-percentage":40.61302681992337,"NOTÍCIAS-occurances":255,"NOTÍCIAS-percentage":16.28352490421456,"ESPORTE-occurances":87,"ESPORTE-percentage":5.555555555555555,"FACEBOOK-occurances":65,"FACEBOOK-percentage":4.150702426564496,"POLÍTICA-occurances":23,"POLÍTICA-percentage":1.4687100893997447,"YOUTUBE-occurances":21,"YOUTUBE-percentage":1.3409961685823755,"EDUCAÇÃO-occurances":16,"EDUCAÇÃO-percentage":1.0217113665389528,"POP/ARTE-occurances":16,"POP/ARTE-percentage":1.0217113665389528,"JOGOS-occurances":14,"JOGOS-percentage":0.8939974457215837,"MODA-occurances":14,"MODA-percentage":0.8939974457215837,"SÉRIES E FILMES-occurances":12,"SÉRIES E FILMES-percentage":0.7662835249042146,"TWITTER-occurances":11,"TWITTER-percentage":0.70242656449553,"LINKEDIN-occurances":8,"LINKEDIN-percentage":0.5108556832694764,"VIAGENS-occurances":5,"VIAGENS-percentage":0.31928480204342274,"DECORAÇÃO-occurances":4,"DECORAÇÃO-percentage":0.2554278416347382,"ESOTERISMO-occurances":3,"ESOTERISMO-percentage":0.19157088122605365,"INSTAGRAM-occurances":3,"INSTAGRAM-percentage":0.19157088122605365,"SEXO-occurances":2,"SEXO-percentage":0.1277139208173691,"TV E CELEBRIDADES-occurances":2,"TV E CELEBRIDADES-percentage":0.1277139208173691,"ALIMENTAÇÃO E SAÚDE-occurances":1,"ALIMENTAÇÃO E SAÚDE-percentage":0.06385696040868455,"CARROS-occurances":1,"CARROS-percentage":0.06385696040868455,"CIÊNCIA-occurances":1,"CIÊNCIA-percentage":0.06385696040868455,"FITNESS-occurances":1,"FITNESS-percentage":0.06385696040868455,"ECONOMIA-occurances":0,"ECONOMIA-percentage":0,"HUMOR-occurances":0,"HUMOR-percentage":0,"INTERNACIONAL-occurances":0,"INTERNACIONAL-percentage":0,"NATUREZA-occurances":0,"NATUREZA-percentage":0}