{"totalHistoryAmount":5077,"TECNOLOGIA-occurances":1521,"TECNOLOGIA-percentage":29.95863699034863,"YOUTUBE-occurances":602,"YOUTUBE-percentage":11.85739610005909,"SÉRIES E FILMES-occurances":392,"SÉRIES E FILMES-percentage":7.721095134922198,"DECORAÇÃO-occurances":361,"DECORAÇÃO-percentage":7.110498325782943,"FACEBOOK-occurances":122,"FACEBOOK-percentage":2.4029938940319084,"NOTÍCIAS-occurances":87,"NOTÍCIAS-percentage":1.7136103998424266,"POP/ARTE-occurances":82,"POP/ARTE-percentage":1.6151270435296434,"CARROS-occurances":58,"CARROS-percentage":1.1424069332282845,"TV E CELEBRIDADES-occurances":43,"TV E CELEBRIDADES-percentage":0.846956864289935,"ALIMENTAÇÃO E SAÚDE-occurances":41,"ALIMENTAÇÃO E SAÚDE-percentage":0.8075635217648217,"ESPORTE-occurances":40,"ESPORTE-percentage":0.7878668505022651,"SEXO-occurances":23,"SEXO-percentage":0.45302343903880243,"MODA-occurances":19,"MODA-percentage":0.3742367539885759,"INTERNACIONAL-occurances":13,"INTERNACIONAL-percentage":0.2560567264132362,"VIAGENS-occurances":10,"VIAGENS-percentage":0.19696671262556628,"JOGOS-occurances":8,"JOGOS-percentage":0.15757337010045303,"EDUCAÇÃO-occurances":7,"EDUCAÇÃO-percentage":0.13787669883789638,"ESOTERISMO-occurances":7,"ESOTERISMO-percentage":0.13787669883789638,"CIÊNCIA-occurances":6,"CIÊNCIA-percentage":0.11818002757533977,"FITNESS-occurances":6,"FITNESS-percentage":0.11818002757533977,"INSTAGRAM-occurances":6,"INSTAGRAM-percentage":0.11818002757533977,"LINKEDIN-occurances":6,"LINKEDIN-percentage":0.11818002757533977,"HUMOR-occurances":5,"HUMOR-percentage":0.09848335631278314,"NATUREZA-occurances":3,"NATUREZA-percentage":0.059090013787669884,"ECONOMIA-occurances":1,"ECONOMIA-percentage":0.019696671262556628,"POLÍTICA-occurances":1,"POLÍTICA-percentage":0.019696671262556628,"TWITTER-occurances":1,"TWITTER-percentage":0.019696671262556628}