{"totalHistoryAmount":6770,"TECNOLOGIA-occurances":1737,"TECNOLOGIA-percentage":25.657311669128507,"FACEBOOK-occurances":725,"FACEBOOK-percentage":10.709010339734121,"NOTÍCIAS-occurances":400,"NOTÍCIAS-percentage":5.908419497784343,"DECORAÇÃO-occurances":359,"DECORAÇÃO-percentage":5.302806499261448,"MODA-occurances":253,"MODA-percentage":3.7370753323485966,"ESPORTE-occurances":221,"ESPORTE-percentage":3.2644017725258494,"ESOTERISMO-occurances":168,"ESOTERISMO-percentage":2.481536189069424,"LINKEDIN-occurances":137,"LINKEDIN-percentage":2.0236336779911372,"TV E CELEBRIDADES-occurances":108,"TV E CELEBRIDADES-percentage":1.5952732644017724,"YOUTUBE-occurances":102,"YOUTUBE-percentage":1.5066469719350073,"POP/ARTE-occurances":87,"POP/ARTE-percentage":1.2850812407680945,"SÉRIES E FILMES-occurances":68,"SÉRIES E FILMES-percentage":1.0044313146233383,"ALIMENTAÇÃO E SAÚDE-occurances":66,"ALIMENTAÇÃO E SAÚDE-percentage":0.9748892171344166,"POLÍTICA-occurances":57,"POLÍTICA-percentage":0.8419497784342689,"CARROS-occurances":41,"CARROS-percentage":0.6056129985228951,"EDUCAÇÃO-occurances":32,"EDUCAÇÃO-percentage":0.4726735598227474,"ECONOMIA-occurances":25,"ECONOMIA-percentage":0.36927621861152143,"JOGOS-occurances":25,"JOGOS-percentage":0.36927621861152143,"CIÊNCIA-occurances":24,"CIÊNCIA-percentage":0.35450516986706054,"NATUREZA-occurances":18,"NATUREZA-percentage":0.2658788774002954,"SEXO-occurances":15,"SEXO-percentage":0.22156573116691286,"INTERNACIONAL-occurances":14,"INTERNACIONAL-percentage":0.206794682422452,"HUMOR-occurances":13,"HUMOR-percentage":0.19202363367799113,"TWITTER-occurances":10,"TWITTER-percentage":0.14771048744460857,"FITNESS-occurances":9,"FITNESS-percentage":0.1329394387001477,"INSTAGRAM-occurances":8,"INSTAGRAM-percentage":0.11816838995568685,"VIAGENS-occurances":6,"VIAGENS-percentage":0.08862629246676514}