{"totalHistoryAmount":1537,"TECNOLOGIA-occurances":622,"TECNOLOGIA-percentage":40.46844502277163,"NOTÍCIAS-occurances":255,"NOTÍCIAS-percentage":16.590761223162005,"ESPORTE-occurances":84,"ESPORTE-percentage":5.465191932335719,"FACEBOOK-occurances":64,"FACEBOOK-percentage":4.163955757970071,"POLÍTICA-occurances":20,"POLÍTICA-percentage":1.3012361743656473,"YOUTUBE-occurances":20,"YOUTUBE-percentage":1.3012361743656473,"EDUCAÇÃO-occurances":16,"EDUCAÇÃO-percentage":1.0409889394925178,"MODA-occurances":16,"MODA-percentage":1.0409889394925178,"POP/ARTE-occurances":16,"POP/ARTE-percentage":1.0409889394925178,"JOGOS-occurances":14,"JOGOS-percentage":0.9108653220559532,"SÉRIES E FILMES-occurances":12,"SÉRIES E FILMES-percentage":0.7807417046193884,"TWITTER-occurances":11,"TWITTER-percentage":0.715679895901106,"LINKEDIN-occurances":8,"LINKEDIN-percentage":0.5204944697462589,"VIAGENS-occurances":5,"VIAGENS-percentage":0.32530904359141183,"DECORAÇÃO-occurances":4,"DECORAÇÃO-percentage":0.26024723487312945,"TV E CELEBRIDADES-occurances":4,"TV E CELEBRIDADES-percentage":0.26024723487312945,"ESOTERISMO-occurances":3,"ESOTERISMO-percentage":0.1951854261548471,"INSTAGRAM-occurances":3,"INSTAGRAM-percentage":0.1951854261548471,"CIÊNCIA-occurances":2,"CIÊNCIA-percentage":0.13012361743656473,"SEXO-occurances":2,"SEXO-percentage":0.13012361743656473,"ALIMENTAÇÃO E SAÚDE-occurances":1,"ALIMENTAÇÃO E SAÚDE-percentage":0.06506180871828236,"CARROS-occurances":1,"CARROS-percentage":0.06506180871828236,"FITNESS-occurances":1,"FITNESS-percentage":0.06506180871828236,"ECONOMIA-occurances":0,"ECONOMIA-percentage":0,"HUMOR-occurances":0,"HUMOR-percentage":0,"INTERNACIONAL-occurances":0,"INTERNACIONAL-percentage":0,"NATUREZA-occurances":0,"NATUREZA-percentage":0}