{"totalHistoryAmount":6241,"TECNOLOGIA-occurances":1446,"TECNOLOGIA-percentage":23.16936388399295,"FACEBOOK-occurances":617,"FACEBOOK-percentage":9.886236180099344,"DECORAÇÃO-occurances":391,"DECORAÇÃO-percentage":6.265021631148854,"NOTÍCIAS-occurances":376,"NOTÍCIAS-percentage":6.024675532767184,"MODA-occurances":242,"MODA-percentage":3.877583720557603,"ESPORTE-occurances":227,"ESPORTE-percentage":3.6372376221759333,"LINKEDIN-occurances":126,"LINKEDIN-percentage":2.0189072264060246,"ESOTERISMO-occurances":114,"ESOTERISMO-percentage":1.8266303477006889,"POP/ARTE-occurances":104,"POP/ARTE-percentage":1.6663996154462426,"TV E CELEBRIDADES-occurances":84,"TV E CELEBRIDADES-percentage":1.3459381509373498,"YOUTUBE-occurances":79,"YOUTUBE-percentage":1.2658227848101267,"SÉRIES E FILMES-occurances":67,"SÉRIES E FILMES-percentage":1.073545906104791,"ALIMENTAÇÃO E SAÚDE-occurances":59,"ALIMENTAÇÃO E SAÚDE-percentage":0.9453613203012338,"POLÍTICA-occurances":46,"POLÍTICA-percentage":0.7370613683704534,"EDUCAÇÃO-occurances":39,"EDUCAÇÃO-percentage":0.624899855792341,"CARROS-occurances":35,"CARROS-percentage":0.5608075628905624,"ECONOMIA-occurances":21,"ECONOMIA-percentage":0.33648453773433745,"CIÊNCIA-occurances":19,"CIÊNCIA-percentage":0.3044383912834482,"SEXO-occurances":18,"SEXO-percentage":0.2884153180580035,"HUMOR-occurances":16,"HUMOR-percentage":0.25636917160711425,"INTERNACIONAL-occurances":13,"INTERNACIONAL-percentage":0.20829995193078032,"TWITTER-occurances":9,"TWITTER-percentage":0.14420765902900176,"JOGOS-occurances":7,"JOGOS-percentage":0.11216151257811248,"NATUREZA-occurances":7,"NATUREZA-percentage":0.11216151257811248,"INSTAGRAM-occurances":6,"INSTAGRAM-percentage":0.09613843935266785,"FITNESS-occurances":4,"FITNESS-percentage":0.06409229290177856,"VIAGENS-occurances":4,"VIAGENS-percentage":0.06409229290177856}