{"totalHistoryAmount":6625,"TECNOLOGIA-occurances":1816,"TECNOLOGIA-percentage":27.411320754716982,"NOTÍCIAS-occurances":436,"NOTÍCIAS-percentage":6.581132075471698,"YOUTUBE-occurances":412,"YOUTUBE-percentage":6.218867924528302,"DECORAÇÃO-occurances":386,"DECORAÇÃO-percentage":5.826415094339622,"SÉRIES E FILMES-occurances":246,"SÉRIES E FILMES-percentage":3.7132075471698114,"FACEBOOK-occurances":212,"FACEBOOK-percentage":3.2,"POP/ARTE-occurances":132,"POP/ARTE-percentage":1.9924528301886792,"ESPORTE-occurances":131,"ESPORTE-percentage":1.9773584905660377,"TV E CELEBRIDADES-occurances":72,"TV E CELEBRIDADES-percentage":1.0867924528301887,"MODA-occurances":66,"MODA-percentage":0.9962264150943396,"ALIMENTAÇÃO E SAÚDE-occurances":58,"ALIMENTAÇÃO E SAÚDE-percentage":0.8754716981132076,"CARROS-occurances":58,"CARROS-percentage":0.8754716981132076,"JOGOS-occurances":40,"JOGOS-percentage":0.6037735849056604,"VIAGENS-occurances":37,"VIAGENS-percentage":0.5584905660377358,"SEXO-occurances":28,"SEXO-percentage":0.4226415094339623,"EDUCAÇÃO-occurances":24,"EDUCAÇÃO-percentage":0.3622641509433962,"INTERNACIONAL-occurances":19,"INTERNACIONAL-percentage":0.28679245283018867,"CIÊNCIA-occurances":12,"CIÊNCIA-percentage":0.1811320754716981,"HUMOR-occurances":12,"HUMOR-percentage":0.1811320754716981,"LINKEDIN-occurances":10,"LINKEDIN-percentage":0.1509433962264151,"ECONOMIA-occurances":8,"ECONOMIA-percentage":0.12075471698113208,"ESOTERISMO-occurances":8,"ESOTERISMO-percentage":0.12075471698113208,"FITNESS-occurances":8,"FITNESS-percentage":0.12075471698113208,"NATUREZA-occurances":5,"NATUREZA-percentage":0.07547169811320754,"TWITTER-occurances":3,"TWITTER-percentage":0.045283018867924525,"POLÍTICA-occurances":1,"POLÍTICA-percentage":0.01509433962264151,"INSTAGRAM-occurances":0,"INSTAGRAM-percentage":0}