{"totalHistoryAmount":10151,"TECNOLOGIA-occurances":4743,"TECNOLOGIA-percentage":46.7244606442715,"ESPORTE-occurances":1781,"ESPORTE-percentage":17.54506945128559,"FACEBOOK-occurances":1164,"FACEBOOK-percentage":11.466850556595409,"SEXO-occurances":668,"SEXO-percentage":6.580632450004925,"INSTAGRAM-occurances":181,"INSTAGRAM-percentage":1.7830755590582208,"CARROS-occurances":159,"CARROS-percentage":1.5663481430400945,"YOUTUBE-occurances":73,"YOUTUBE-percentage":0.7191409713328736,"DECORAÇÃO-occurances":63,"DECORAÇÃO-percentage":0.6206285095064525,"EDUCAÇÃO-occurances":48,"EDUCAÇÃO-percentage":0.472859816766821,"POP/ARTE-occurances":41,"POP/ARTE-percentage":0.40390109348832626,"NOTÍCIAS-occurances":40,"NOTÍCIAS-percentage":0.39404984730568415,"ESOTERISMO-occurances":36,"ESOTERISMO-percentage":0.35464486257511574,"MODA-occurances":23,"MODA-percentage":0.2265786622007684,"LINKEDIN-occurances":21,"LINKEDIN-percentage":0.20687616983548418,"SÉRIES E FILMES-occurances":16,"SÉRIES E FILMES-percentage":0.15761993892227366,"ECONOMIA-occurances":11,"ECONOMIA-percentage":0.10836370800906314,"TWITTER-occurances":10,"TWITTER-percentage":0.09851246182642104,"TV E CELEBRIDADES-occurances":9,"TV E CELEBRIDADES-percentage":0.08866121564377893,"JOGOS-occurances":7,"JOGOS-percentage":0.06895872327849473,"CIÊNCIA-occurances":5,"CIÊNCIA-percentage":0.04925623091321052,"VIAGENS-occurances":4,"VIAGENS-percentage":0.039404984730568415,"POLÍTICA-occurances":3,"POLÍTICA-percentage":0.02955373854792631,"FITNESS-occurances":2,"FITNESS-percentage":0.019702492365284208,"ALIMENTAÇÃO E SAÚDE-occurances":1,"ALIMENTAÇÃO E SAÚDE-percentage":0.009851246182642104,"INTERNACIONAL-occurances":1,"INTERNACIONAL-percentage":0.009851246182642104,"HUMOR-occurances":0,"HUMOR-percentage":0,"NATUREZA-occurances":0,"NATUREZA-percentage":0}