{"totalHistoryAmount":6408,"TECNOLOGIA-occurances":1563,"TECNOLOGIA-percentage":24.39138576779026,"FACEBOOK-occurances":694,"FACEBOOK-percentage":10.830212234706616,"NOTÍCIAS-occurances":380,"NOTÍCIAS-percentage":5.930087390761548,"DECORAÇÃO-occurances":353,"DECORAÇÃO-percentage":5.508739076154806,"MODA-occurances":248,"MODA-percentage":3.8701622971285894,"ESPORTE-occurances":211,"ESPORTE-percentage":3.2927590511860174,"ESOTERISMO-occurances":160,"ESOTERISMO-percentage":2.4968789013732833,"LINKEDIN-occurances":136,"LINKEDIN-percentage":2.1223470661672907,"TV E CELEBRIDADES-occurances":99,"TV E CELEBRIDADES-percentage":1.5449438202247192,"POP/ARTE-occurances":91,"POP/ARTE-percentage":1.420099875156055,"YOUTUBE-occurances":85,"YOUTUBE-percentage":1.3264669163545568,"SÉRIES E FILMES-occurances":76,"SÉRIES E FILMES-percentage":1.1860174781523096,"ALIMENTAÇÃO E SAÚDE-occurances":59,"ALIMENTAÇÃO E SAÚDE-percentage":0.9207240948813983,"POLÍTICA-occurances":55,"POLÍTICA-percentage":0.8583021223470662,"CARROS-occurances":37,"CARROS-percentage":0.5774032459425718,"EDUCAÇÃO-occurances":30,"EDUCAÇÃO-percentage":0.4681647940074906,"ECONOMIA-occurances":26,"ECONOMIA-percentage":0.40574282147315854,"CIÊNCIA-occurances":24,"CIÊNCIA-percentage":0.37453183520599254,"NATUREZA-occurances":18,"NATUREZA-percentage":0.2808988764044944,"SEXO-occurances":18,"SEXO-percentage":0.2808988764044944,"JOGOS-occurances":17,"JOGOS-percentage":0.26529338327091134,"HUMOR-occurances":15,"HUMOR-percentage":0.2340823970037453,"INTERNACIONAL-occurances":13,"INTERNACIONAL-percentage":0.20287141073657927,"TWITTER-occurances":10,"TWITTER-percentage":0.1560549313358302,"FITNESS-occurances":9,"FITNESS-percentage":0.1404494382022472,"INSTAGRAM-occurances":8,"INSTAGRAM-percentage":0.12484394506866417,"VIAGENS-occurances":6,"VIAGENS-percentage":0.09363295880149813}