{"totalHistoryAmount":9000,"TECNOLOGIA-occurances":4294,"TECNOLOGIA-percentage":47.71111111111111,"ESPORTE-occurances":1324,"ESPORTE-percentage":14.71111111111111,"FACEBOOK-occurances":1025,"FACEBOOK-percentage":11.38888888888889,"SEXO-occurances":404,"SEXO-percentage":4.488888888888889,"INSTAGRAM-occurances":244,"INSTAGRAM-percentage":2.7111111111111112,"CARROS-occurances":115,"CARROS-percentage":1.2777777777777777,"POP/ARTE-occurances":69,"POP/ARTE-percentage":0.7666666666666667,"NOTÍCIAS-occurances":68,"NOTÍCIAS-percentage":0.7555555555555555,"EDUCAÇÃO-occurances":64,"EDUCAÇÃO-percentage":0.7111111111111111,"DECORAÇÃO-occurances":63,"DECORAÇÃO-percentage":0.7,"YOUTUBE-occurances":49,"YOUTUBE-percentage":0.5444444444444444,"ESOTERISMO-occurances":43,"ESOTERISMO-percentage":0.4777777777777778,"LINKEDIN-occurances":38,"LINKEDIN-percentage":0.4222222222222222,"SÉRIES E FILMES-occurances":28,"SÉRIES E FILMES-percentage":0.3111111111111111,"JOGOS-occurances":26,"JOGOS-percentage":0.28888888888888886,"MODA-occurances":17,"MODA-percentage":0.18888888888888888,"TV E CELEBRIDADES-occurances":15,"TV E CELEBRIDADES-percentage":0.16666666666666666,"TWITTER-occurances":15,"TWITTER-percentage":0.16666666666666666,"ECONOMIA-occurances":11,"ECONOMIA-percentage":0.12222222222222222,"FITNESS-occurances":5,"FITNESS-percentage":0.05555555555555555,"ALIMENTAÇÃO E SAÚDE-occurances":4,"ALIMENTAÇÃO E SAÚDE-percentage":0.044444444444444446,"CIÊNCIA-occurances":4,"CIÊNCIA-percentage":0.044444444444444446,"INTERNACIONAL-occurances":4,"INTERNACIONAL-percentage":0.044444444444444446,"VIAGENS-occurances":3,"VIAGENS-percentage":0.03333333333333333,"NATUREZA-occurances":2,"NATUREZA-percentage":0.022222222222222223,"POLÍTICA-occurances":2,"POLÍTICA-percentage":0.022222222222222223,"HUMOR-occurances":0,"HUMOR-percentage":0}