{"totalHistoryAmount":9133,"TECNOLOGIA-occurances":4340,"TECNOLOGIA-percentage":47.51998248111245,"ESPORTE-occurances":1348,"ESPORTE-percentage":14.759662761414651,"FACEBOOK-occurances":1053,"FACEBOOK-percentage":11.529617869265302,"SEXO-occurances":404,"SEXO-percentage":4.423519106536735,"INSTAGRAM-occurances":256,"INSTAGRAM-percentage":2.8030220081024857,"CARROS-occurances":115,"CARROS-percentage":1.2591700427022885,"POP/ARTE-occurances":77,"POP/ARTE-percentage":0.8430964633745757,"NOTÍCIAS-occurances":69,"NOTÍCIAS-percentage":0.755502025621373,"EDUCAÇÃO-occurances":64,"EDUCAÇÃO-percentage":0.7007555020256214,"DECORAÇÃO-occurances":63,"DECORAÇÃO-percentage":0.6898061973064711,"YOUTUBE-occurances":49,"YOUTUBE-percentage":0.5365159312383664,"ESOTERISMO-occurances":45,"ESOTERISMO-percentage":0.492718712361765,"LINKEDIN-occurances":38,"LINKEDIN-percentage":0.4160735793277127,"SÉRIES E FILMES-occurances":30,"SÉRIES E FILMES-percentage":0.32847914157451,"JOGOS-occurances":26,"JOGOS-percentage":0.2846819226979087,"MODA-occurances":17,"MODA-percentage":0.18613818022555567,"TV E CELEBRIDADES-occurances":15,"TV E CELEBRIDADES-percentage":0.164239570787255,"TWITTER-occurances":15,"TWITTER-percentage":0.164239570787255,"ECONOMIA-occurances":11,"ECONOMIA-percentage":0.12044235191065367,"CIÊNCIA-occurances":6,"CIÊNCIA-percentage":0.065695828314902,"NATUREZA-occurances":6,"NATUREZA-percentage":0.065695828314902,"FITNESS-occurances":5,"FITNESS-percentage":0.05474652359575167,"ALIMENTAÇÃO E SAÚDE-occurances":4,"ALIMENTAÇÃO E SAÚDE-percentage":0.04379721887660134,"INTERNACIONAL-occurances":4,"INTERNACIONAL-percentage":0.04379721887660134,"VIAGENS-occurances":3,"VIAGENS-percentage":0.032847914157451,"POLÍTICA-occurances":2,"POLÍTICA-percentage":0.02189860943830067,"HUMOR-occurances":0,"HUMOR-percentage":0}