{"totalHistoryAmount":2981,"TECNOLOGIA-occurances":1379,"TECNOLOGIA-percentage":46.25964441462597,"YOUTUBE-occurances":260,"YOUTUBE-percentage":8.72190540087219,"FACEBOOK-occurances":140,"FACEBOOK-percentage":4.696410600469641,"ESPORTE-occurances":139,"ESPORTE-percentage":4.662864810466287,"FITNESS-occurances":56,"FITNESS-percentage":1.8785642401878564,"POP/ARTE-occurances":36,"POP/ARTE-percentage":1.2076484401207648,"ECONOMIA-occurances":34,"ECONOMIA-percentage":1.1405568601140557,"INSTAGRAM-occurances":33,"INSTAGRAM-percentage":1.1070110701107012,"MODA-occurances":25,"MODA-percentage":0.8386447500838645,"JOGOS-occurances":18,"JOGOS-percentage":0.6038242200603824,"TV E CELEBRIDADES-occurances":18,"TV E CELEBRIDADES-percentage":0.6038242200603824,"NOTÍCIAS-occurances":17,"NOTÍCIAS-percentage":0.5702784300570278,"SÉRIES E FILMES-occurances":17,"SÉRIES E FILMES-percentage":0.5702784300570278,"POLÍTICA-occurances":15,"POLÍTICA-percentage":0.5031868500503187,"EDUCAÇÃO-occurances":13,"EDUCAÇÃO-percentage":0.43609527004360954,"VIAGENS-occurances":12,"VIAGENS-percentage":0.4025494800402549,"INTERNACIONAL-occurances":9,"INTERNACIONAL-percentage":0.3019121100301912,"CARROS-occurances":7,"CARROS-percentage":0.23482053002348205,"HUMOR-occurances":6,"HUMOR-percentage":0.20127474002012746,"ESOTERISMO-occurances":2,"ESOTERISMO-percentage":0.06709158000670916,"CIÊNCIA-occurances":1,"CIÊNCIA-percentage":0.03354579000335458,"DECORAÇÃO-occurances":1,"DECORAÇÃO-percentage":0.03354579000335458,"LINKEDIN-occurances":1,"LINKEDIN-percentage":0.03354579000335458,"NATUREZA-occurances":1,"NATUREZA-percentage":0.03354579000335458,"ALIMENTAÇÃO E SAÚDE-occurances":0,"ALIMENTAÇÃO E SAÚDE-percentage":0,"SEXO-occurances":0,"SEXO-percentage":0,"TWITTER-occurances":0,"TWITTER-percentage":0}