{"totalHistoryAmount":5918,"TECNOLOGIA-occurances":1672,"TECNOLOGIA-percentage":28.25278810408922,"YOUTUBE-occurances":469,"YOUTUBE-percentage":7.924974653599189,"DECORAÇÃO-occurances":339,"DECORAÇÃO-percentage":5.728286583305171,"NOTÍCIAS-occurances":327,"NOTÍCIAS-percentage":5.525515376816492,"SÉRIES E FILMES-occurances":303,"SÉRIES E FILMES-percentage":5.1199729638391345,"FACEBOOK-occurances":172,"FACEBOOK-percentage":2.9063872930043932,"POP/ARTE-occurances":124,"POP/ARTE-percentage":2.095302467049679,"TV E CELEBRIDADES-occurances":69,"TV E CELEBRIDADES-percentage":1.165934437309902,"ESPORTE-occurances":67,"ESPORTE-percentage":1.1321392362284555,"CARROS-occurances":63,"CARROS-percentage":1.0645488340655627,"ALIMENTAÇÃO E SAÚDE-occurances":51,"ALIMENTAÇÃO E SAÚDE-percentage":0.861777627576884,"MODA-occurances":41,"MODA-percentage":0.6928016221696519,"JOGOS-occurances":37,"JOGOS-percentage":0.625211220006759,"SEXO-occurances":24,"SEXO-percentage":0.4055424129773572,"VIAGENS-occurances":19,"VIAGENS-percentage":0.32105441027374115,"INTERNACIONAL-occurances":18,"INTERNACIONAL-percentage":0.3041568097330179,"EDUCAÇÃO-occurances":12,"EDUCAÇÃO-percentage":0.2027712064886786,"CIÊNCIA-occurances":10,"CIÊNCIA-percentage":0.16897600540723218,"HUMOR-occurances":9,"HUMOR-percentage":0.15207840486650895,"FITNESS-occurances":7,"FITNESS-percentage":0.11828320378506252,"LINKEDIN-occurances":6,"LINKEDIN-percentage":0.1013856032443393,"ECONOMIA-occurances":5,"ECONOMIA-percentage":0.08448800270361609,"ESOTERISMO-occurances":4,"ESOTERISMO-percentage":0.06759040216289287,"NATUREZA-occurances":4,"NATUREZA-percentage":0.06759040216289287,"TWITTER-occurances":1,"TWITTER-percentage":0.01689760054072322,"INSTAGRAM-occurances":0,"INSTAGRAM-percentage":0,"POLÍTICA-occurances":0,"POLÍTICA-percentage":0}