{"totalHistoryAmount":7364,"TECNOLOGIA-occurances":1791,"TECNOLOGIA-percentage":24.321021184139056,"FACEBOOK-occurances":572,"FACEBOOK-percentage":7.767517653449213,"NOTÍCIAS-occurances":570,"NOTÍCIAS-percentage":7.740358500814774,"DECORAÇÃO-occurances":366,"DECORAÇÃO-percentage":4.970124932102118,"MODA-occurances":281,"MODA-percentage":3.8158609451385117,"ESPORTE-occurances":230,"ESPORTE-percentage":3.1233025529603475,"POP/ARTE-occurances":128,"POP/ARTE-percentage":1.7381857686040196,"YOUTUBE-occurances":110,"YOUTUBE-percentage":1.4937533948940793,"LINKEDIN-occurances":106,"LINKEDIN-percentage":1.4394350896252037,"SÉRIES E FILMES-occurances":101,"SÉRIES E FILMES-percentage":1.3715372080391093,"ESOTERISMO-occurances":83,"ESOTERISMO-percentage":1.127104834329169,"TV E CELEBRIDADES-occurances":80,"TV E CELEBRIDADES-percentage":1.0863661053775122,"ALIMENTAÇÃO E SAÚDE-occurances":62,"ALIMENTAÇÃO E SAÚDE-percentage":0.841933731667572,"EDUCAÇÃO-occurances":45,"EDUCAÇÃO-percentage":0.6110809342748507,"JOGOS-occurances":34,"JOGOS-percentage":0.4617055947854427,"CARROS-occurances":33,"CARROS-percentage":0.4481260184682238,"VIAGENS-occurances":30,"VIAGENS-percentage":0.4073872895165671,"CIÊNCIA-occurances":24,"CIÊNCIA-percentage":0.32590983161325365,"SEXO-occurances":24,"SEXO-percentage":0.32590983161325365,"HUMOR-occurances":23,"HUMOR-percentage":0.31233025529603475,"INTERNACIONAL-occurances":21,"INTERNACIONAL-percentage":0.28517110266159695,"ECONOMIA-occurances":15,"ECONOMIA-percentage":0.20369364475828355,"POLÍTICA-occurances":14,"POLÍTICA-percentage":0.19011406844106463,"NATUREZA-occurances":9,"NATUREZA-percentage":0.12221618685497013,"INSTAGRAM-occurances":6,"INSTAGRAM-percentage":0.08147745790331341,"TWITTER-occurances":6,"TWITTER-percentage":0.08147745790331341,"FITNESS-occurances":5,"FITNESS-percentage":0.06789788158609451}