{"totalHistoryAmount":3128,"TECNOLOGIA-occurances":1159,"TECNOLOGIA-percentage":37.052429667519185,"DECORAÇÃO-occurances":393,"DECORAÇÃO-percentage":12.563938618925832,"FACEBOOK-occurances":149,"FACEBOOK-percentage":4.763427109974424,"ESPORTE-occurances":106,"ESPORTE-percentage":3.3887468030690537,"POP/ARTE-occurances":50,"POP/ARTE-percentage":1.5984654731457801,"ALIMENTAÇÃO E SAÚDE-occurances":34,"ALIMENTAÇÃO E SAÚDE-percentage":1.0869565217391304,"NOTÍCIAS-occurances":32,"NOTÍCIAS-percentage":1.0230179028132993,"SÉRIES E FILMES-occurances":28,"SÉRIES E FILMES-percentage":0.8951406649616368,"MODA-occurances":24,"MODA-percentage":0.7672634271099744,"JOGOS-occurances":21,"JOGOS-percentage":0.6713554987212276,"YOUTUBE-occurances":19,"YOUTUBE-percentage":0.6074168797953964,"TWITTER-occurances":16,"TWITTER-percentage":0.5115089514066496,"CARROS-occurances":11,"CARROS-percentage":0.3516624040920716,"ECONOMIA-occurances":10,"ECONOMIA-percentage":0.319693094629156,"INSTAGRAM-occurances":8,"INSTAGRAM-percentage":0.2557544757033248,"VIAGENS-occurances":7,"VIAGENS-percentage":0.2237851662404092,"EDUCAÇÃO-occurances":6,"EDUCAÇÃO-percentage":0.1918158567774936,"INTERNACIONAL-occurances":6,"INTERNACIONAL-percentage":0.1918158567774936,"ESOTERISMO-occurances":4,"ESOTERISMO-percentage":0.1278772378516624,"NATUREZA-occurances":4,"NATUREZA-percentage":0.1278772378516624,"FITNESS-occurances":3,"FITNESS-percentage":0.0959079283887468,"HUMOR-occurances":3,"HUMOR-percentage":0.0959079283887468,"TV E CELEBRIDADES-occurances":3,"TV E CELEBRIDADES-percentage":0.0959079283887468,"CIÊNCIA-occurances":2,"CIÊNCIA-percentage":0.0639386189258312,"POLÍTICA-occurances":2,"POLÍTICA-percentage":0.0639386189258312,"SEXO-occurances":2,"SEXO-percentage":0.0639386189258312,"LINKEDIN-occurances":0,"LINKEDIN-percentage":0}