{"totalHistoryAmount":7063,"TECNOLOGIA-occurances":1933,"TECNOLOGIA-percentage":27.367973948746993,"NOTÍCIAS-occurances":472,"NOTÍCIAS-percentage":6.6827127283024215,"DECORAÇÃO-occurances":361,"DECORAÇÃO-percentage":5.111142573977063,"FACEBOOK-occurances":350,"FACEBOOK-percentage":4.955401387512389,"MODA-occurances":269,"MODA-percentage":3.808579923545236,"YOUTUBE-occurances":229,"YOUTUBE-percentage":3.2422483364009627,"SÉRIES E FILMES-occurances":165,"SÉRIES E FILMES-percentage":2.336117796970126,"ESPORTE-occurances":164,"ESPORTE-percentage":2.321959507291519,"POP/ARTE-occurances":128,"POP/ARTE-percentage":1.8122610788616735,"ALIMENTAÇÃO E SAÚDE-occurances":71,"ALIMENTAÇÃO E SAÚDE-percentage":1.0052385671810846,"TV E CELEBRIDADES-occurances":60,"TV E CELEBRIDADES-percentage":0.8494973807164095,"CARROS-occurances":47,"CARROS-percentage":0.6654396148945207,"JOGOS-occurances":36,"JOGOS-percentage":0.5096984284298457,"VIAGENS-occurances":36,"VIAGENS-percentage":0.5096984284298457,"SEXO-occurances":32,"SEXO-percentage":0.4530652697154184,"EDUCAÇÃO-occurances":28,"EDUCAÇÃO-percentage":0.39643211100099107,"CIÊNCIA-occurances":19,"CIÊNCIA-percentage":0.2690075038935297,"INTERNACIONAL-occurances":17,"INTERNACIONAL-percentage":0.24069092453631602,"HUMOR-occurances":16,"HUMOR-percentage":0.2265326348577092,"LINKEDIN-occurances":10,"LINKEDIN-percentage":0.14158289678606825,"ECONOMIA-occurances":9,"ECONOMIA-percentage":0.12742460710746142,"NATUREZA-occurances":8,"NATUREZA-percentage":0.1132663174288546,"FITNESS-occurances":7,"FITNESS-percentage":0.09910802775024777,"ESOTERISMO-occurances":5,"ESOTERISMO-percentage":0.07079144839303413,"INSTAGRAM-occurances":4,"INSTAGRAM-percentage":0.0566331587144273,"POLÍTICA-occurances":3,"POLÍTICA-percentage":0.04247486903582047,"TWITTER-occurances":3,"TWITTER-percentage":0.04247486903582047}