{"totalHistoryAmount":5318,"TECNOLOGIA-occurances":1485,"TECNOLOGIA-percentage":27.924031590823617,"YOUTUBE-occurances":549,"YOUTUBE-percentage":10.323429860849943,"SÉRIES E FILMES-occurances":377,"SÉRIES E FILMES-percentage":7.089131252350508,"DECORAÇÃO-occurances":282,"DECORAÇÃO-percentage":5.302745393004889,"NOTÍCIAS-occurances":220,"NOTÍCIAS-percentage":4.1368935690109065,"FACEBOOK-occurances":159,"FACEBOOK-percentage":2.989845806694246,"POP/ARTE-occurances":102,"POP/ARTE-percentage":1.9180142910868747,"TV E CELEBRIDADES-occurances":67,"TV E CELEBRIDADES-percentage":1.2598721323805941,"ESPORTE-occurances":63,"ESPORTE-percentage":1.184655885671305,"CARROS-occurances":58,"CARROS-percentage":1.0906355772846934,"ALIMENTAÇÃO E SAÚDE-occurances":43,"ALIMENTAÇÃO E SAÚDE-percentage":0.808574652124859,"JOGOS-occurances":36,"JOGOS-percentage":0.6769462203836029,"SEXO-occurances":24,"SEXO-percentage":0.45129748025573524,"MODA-occurances":19,"MODA-percentage":0.3572771718691237,"INTERNACIONAL-occurances":18,"INTERNACIONAL-percentage":0.33847311019180143,"EDUCAÇÃO-occurances":11,"EDUCAÇÃO-percentage":0.20684467845054533,"VIAGENS-occurances":10,"VIAGENS-percentage":0.188040616773223,"HUMOR-occurances":9,"HUMOR-percentage":0.16923655509590071,"CIÊNCIA-occurances":6,"CIÊNCIA-percentage":0.11282437006393381,"ESOTERISMO-occurances":6,"ESOTERISMO-percentage":0.11282437006393381,"FITNESS-occurances":6,"FITNESS-percentage":0.11282437006393381,"LINKEDIN-occurances":6,"LINKEDIN-percentage":0.11282437006393381,"INSTAGRAM-occurances":5,"INSTAGRAM-percentage":0.0940203083866115,"NATUREZA-occurances":4,"NATUREZA-percentage":0.07521624670928921,"ECONOMIA-occurances":3,"ECONOMIA-percentage":0.056412185031966905,"TWITTER-occurances":1,"TWITTER-percentage":0.018804061677322303,"POLÍTICA-occurances":0,"POLÍTICA-percentage":0}