{"totalHistoryAmount":2667,"TECNOLOGIA-occurances":1256,"TECNOLOGIA-percentage":47.09411323584552,"YOUTUBE-occurances":254,"YOUTUBE-percentage":9.523809523809524,"FACEBOOK-occurances":140,"FACEBOOK-percentage":5.2493438320209975,"ESPORTE-occurances":119,"ESPORTE-percentage":4.4619422572178475,"FITNESS-occurances":56,"FITNESS-percentage":2.099737532808399,"ECONOMIA-occurances":34,"ECONOMIA-percentage":1.274840644919385,"INSTAGRAM-occurances":33,"INSTAGRAM-percentage":1.2373453318335208,"POP/ARTE-occurances":31,"POP/ARTE-percentage":1.1623547056617922,"JOGOS-occurances":18,"JOGOS-percentage":0.6749156355455568,"TV E CELEBRIDADES-occurances":18,"TV E CELEBRIDADES-percentage":0.6749156355455568,"NOTÍCIAS-occurances":17,"NOTÍCIAS-percentage":0.6374203224596925,"POLÍTICA-occurances":15,"POLÍTICA-percentage":0.562429696287964,"SÉRIES E FILMES-occurances":14,"SÉRIES E FILMES-percentage":0.5249343832020997,"EDUCAÇÃO-occurances":12,"EDUCAÇÃO-percentage":0.4499437570303712,"VIAGENS-occurances":12,"VIAGENS-percentage":0.4499437570303712,"CARROS-occurances":6,"CARROS-percentage":0.2249718785151856,"HUMOR-occurances":6,"HUMOR-percentage":0.2249718785151856,"ESOTERISMO-occurances":2,"ESOTERISMO-percentage":0.07499062617172854,"CIÊNCIA-occurances":1,"CIÊNCIA-percentage":0.03749531308586427,"DECORAÇÃO-occurances":1,"DECORAÇÃO-percentage":0.03749531308586427,"LINKEDIN-occurances":1,"LINKEDIN-percentage":0.03749531308586427,"MODA-occurances":1,"MODA-percentage":0.03749531308586427,"NATUREZA-occurances":1,"NATUREZA-percentage":0.03749531308586427,"ALIMENTAÇÃO E SAÚDE-occurances":0,"ALIMENTAÇÃO E SAÚDE-percentage":0,"INTERNACIONAL-occurances":0,"INTERNACIONAL-percentage":0,"SEXO-occurances":0,"SEXO-percentage":0,"TWITTER-occurances":0,"TWITTER-percentage":0}