{"totalHistoryAmount":7261,"TECNOLOGIA-occurances":1768,"TECNOLOGIA-percentage":24.34926318688886,"FACEBOOK-occurances":584,"FACEBOOK-percentage":8.042969287976863,"NOTÍCIAS-occurances":563,"NOTÍCIAS-percentage":7.753752926594133,"DECORAÇÃO-occurances":406,"DECORAÇÃO-percentage":5.591516320066106,"MODA-occurances":287,"MODA-percentage":3.952623605563972,"ESPORTE-occurances":229,"ESPORTE-percentage":3.1538355598402426,"POP/ARTE-occurances":127,"POP/ARTE-percentage":1.7490703759812698,"LINKEDIN-occurances":125,"LINKEDIN-percentage":1.721525960611486,"ESOTERISMO-occurances":110,"ESOTERISMO-percentage":1.5149428453381077,"YOUTUBE-occurances":99,"YOUTUBE-percentage":1.363448560804297,"SÉRIES E FILMES-occurances":90,"SÉRIES E FILMES-percentage":1.23949869164027,"TV E CELEBRIDADES-occurances":73,"TV E CELEBRIDADES-percentage":1.0053711609971079,"ALIMENTAÇÃO E SAÚDE-occurances":60,"ALIMENTAÇÃO E SAÚDE-percentage":0.8263324610935133,"EDUCAÇÃO-occurances":40,"EDUCAÇÃO-percentage":0.5508883073956755,"CARROS-occurances":37,"CARROS-percentage":0.5095716843409999,"JOGOS-occurances":34,"JOGOS-percentage":0.4682550612863242,"POLÍTICA-occurances":32,"POLÍTICA-percentage":0.4407106459165404,"VIAGENS-occurances":31,"VIAGENS-percentage":0.4269384382316485,"CIÊNCIA-occurances":22,"CIÊNCIA-percentage":0.30298856906762156,"INTERNACIONAL-occurances":21,"INTERNACIONAL-percentage":0.28921636138272966,"HUMOR-occurances":19,"HUMOR-percentage":0.26167194601294586,"ECONOMIA-occurances":16,"ECONOMIA-percentage":0.2203553229582702,"SEXO-occurances":16,"SEXO-percentage":0.2203553229582702,"FITNESS-occurances":7,"FITNESS-percentage":0.09640545379424321,"NATUREZA-occurances":7,"NATUREZA-percentage":0.09640545379424321,"TWITTER-occurances":7,"TWITTER-percentage":0.09640545379424321,"INSTAGRAM-occurances":6,"INSTAGRAM-percentage":0.08263324610935133}