{"totalHistoryAmount":1663,"TECNOLOGIA-occurances":870,"TECNOLOGIA-percentage":52.31509320505111,"YOUTUBE-occurances":140,"YOUTUBE-percentage":8.418520745640409,"ESPORTE-occurances":87,"ESPORTE-percentage":5.231509320505111,"FITNESS-occurances":37,"FITNESS-percentage":2.2248947684906795,"ECONOMIA-occurances":33,"ECONOMIA-percentage":1.984365604329525,"POP/ARTE-occurances":29,"POP/ARTE-percentage":1.7438364401683704,"FACEBOOK-occurances":18,"FACEBOOK-percentage":1.0823812387251954,"INSTAGRAM-occurances":18,"INSTAGRAM-percentage":1.0823812387251954,"SÉRIES E FILMES-occurances":14,"SÉRIES E FILMES-percentage":0.8418520745640409,"JOGOS-occurances":13,"JOGOS-percentage":0.7817197835237523,"EDUCAÇÃO-occurances":11,"EDUCAÇÃO-percentage":0.6614552014431749,"VIAGENS-occurances":11,"VIAGENS-percentage":0.6614552014431749,"NOTÍCIAS-occurances":9,"NOTÍCIAS-percentage":0.5411906193625977,"POLÍTICA-occurances":6,"POLÍTICA-percentage":0.3607937462417318,"CARROS-occurances":5,"CARROS-percentage":0.30066145520144316,"TV E CELEBRIDADES-occurances":5,"TV E CELEBRIDADES-percentage":0.30066145520144316,"ESOTERISMO-occurances":2,"ESOTERISMO-percentage":0.12026458208057728,"HUMOR-occurances":2,"HUMOR-percentage":0.12026458208057728,"CIÊNCIA-occurances":1,"CIÊNCIA-percentage":0.06013229104028864,"DECORAÇÃO-occurances":1,"DECORAÇÃO-percentage":0.06013229104028864,"LINKEDIN-occurances":1,"LINKEDIN-percentage":0.06013229104028864,"MODA-occurances":1,"MODA-percentage":0.06013229104028864,"NATUREZA-occurances":1,"NATUREZA-percentage":0.06013229104028864,"ALIMENTAÇÃO E SAÚDE-occurances":0,"ALIMENTAÇÃO E SAÚDE-percentage":0,"INTERNACIONAL-occurances":0,"INTERNACIONAL-percentage":0,"SEXO-occurances":0,"SEXO-percentage":0,"TWITTER-occurances":0,"TWITTER-percentage":0}