{"totalHistoryAmount":6153,"TECNOLOGIA-occurances":2103,"TECNOLOGIA-percentage":34.178449536811314,"TWITTER-occurances":503,"TWITTER-percentage":8.174874045181213,"SÉRIES E FILMES-occurances":155,"SÉRIES E FILMES-percentage":2.519096375751666,"YOUTUBE-occurances":131,"YOUTUBE-percentage":2.1290427433772146,"JOGOS-occurances":120,"JOGOS-percentage":1.9502681618722575,"ESPORTE-occurances":75,"ESPORTE-percentage":1.2189176011701608,"POP/ARTE-occurances":66,"POP/ARTE-percentage":1.0726474890297415,"FACEBOOK-occurances":38,"FACEBOOK-percentage":0.6175849179262148,"NOTÍCIAS-occurances":37,"NOTÍCIAS-percentage":0.6013326832439461,"TV E CELEBRIDADES-occurances":37,"TV E CELEBRIDADES-percentage":0.6013326832439461,"CARROS-occurances":31,"CARROS-percentage":0.5038192751503332,"FITNESS-occurances":25,"FITNESS-percentage":0.4063058670567203,"ECONOMIA-occurances":22,"ECONOMIA-percentage":0.35754916300991385,"ESOTERISMO-occurances":21,"ESOTERISMO-percentage":0.3412969283276451,"INSTAGRAM-occurances":20,"INSTAGRAM-percentage":0.32504469364537625,"EDUCAÇÃO-occurances":11,"EDUCAÇÃO-percentage":0.17877458150495693,"VIAGENS-occurances":11,"VIAGENS-percentage":0.17877458150495693,"LINKEDIN-occurances":9,"LINKEDIN-percentage":0.1462701121404193,"CIÊNCIA-occurances":5,"CIÊNCIA-percentage":0.08126117341134406,"MODA-occurances":4,"MODA-percentage":0.06500893872907525,"DECORAÇÃO-occurances":3,"DECORAÇÃO-percentage":0.04875670404680644,"INTERNACIONAL-occurances":2,"INTERNACIONAL-percentage":0.03250446936453762,"ALIMENTAÇÃO E SAÚDE-occurances":1,"ALIMENTAÇÃO E SAÚDE-percentage":0.01625223468226881,"HUMOR-occurances":1,"HUMOR-percentage":0.01625223468226881,"NATUREZA-occurances":0,"NATUREZA-percentage":0,"POLÍTICA-occurances":0,"POLÍTICA-percentage":0,"SEXO-occurances":0,"SEXO-percentage":0}