{"totalHistoryAmount":3095,"TECNOLOGIA-occurances":1146,"TECNOLOGIA-percentage":37.027463651050084,"DECORAÇÃO-occurances":410,"DECORAÇÃO-percentage":13.247172859450727,"FACEBOOK-occurances":150,"FACEBOOK-percentage":4.846526655896607,"ESPORTE-occurances":99,"ESPORTE-percentage":3.1987075928917608,"POP/ARTE-occurances":42,"POP/ARTE-percentage":1.35702746365105,"NOTÍCIAS-occurances":32,"NOTÍCIAS-percentage":1.0339256865912763,"SÉRIES E FILMES-occurances":32,"SÉRIES E FILMES-percentage":1.0339256865912763,"ALIMENTAÇÃO E SAÚDE-occurances":31,"ALIMENTAÇÃO E SAÚDE-percentage":1.001615508885299,"MODA-occurances":25,"MODA-percentage":0.8077544426494345,"JOGOS-occurances":21,"JOGOS-percentage":0.678513731825525,"YOUTUBE-occurances":17,"YOUTUBE-percentage":0.5492730210016155,"TWITTER-occurances":16,"TWITTER-percentage":0.5169628432956381,"FITNESS-occurances":11,"FITNESS-percentage":0.3554119547657512,"ECONOMIA-occurances":10,"ECONOMIA-percentage":0.32310177705977383,"CARROS-occurances":8,"CARROS-percentage":0.25848142164781907,"INSTAGRAM-occurances":8,"INSTAGRAM-percentage":0.25848142164781907,"VIAGENS-occurances":8,"VIAGENS-percentage":0.25848142164781907,"INTERNACIONAL-occurances":6,"INTERNACIONAL-percentage":0.1938610662358643,"EDUCAÇÃO-occurances":5,"EDUCAÇÃO-percentage":0.16155088852988692,"ESOTERISMO-occurances":4,"ESOTERISMO-percentage":0.12924071082390953,"NATUREZA-occurances":4,"NATUREZA-percentage":0.12924071082390953,"TV E CELEBRIDADES-occurances":4,"TV E CELEBRIDADES-percentage":0.12924071082390953,"HUMOR-occurances":3,"HUMOR-percentage":0.09693053311793215,"CIÊNCIA-occurances":2,"CIÊNCIA-percentage":0.06462035541195477,"SEXO-occurances":2,"SEXO-percentage":0.06462035541195477,"POLÍTICA-occurances":1,"POLÍTICA-percentage":0.03231017770597738,"LINKEDIN-occurances":0,"LINKEDIN-percentage":0}