{"totalHistoryAmount":7361,"TECNOLOGIA-occurances":1791,"TECNOLOGIA-percentage":24.33093329710637,"FACEBOOK-occurances":572,"FACEBOOK-percentage":7.770683331069148,"NOTÍCIAS-occurances":570,"NOTÍCIAS-percentage":7.743513109631843,"DECORAÇÃO-occurances":366,"DECORAÇÃO-percentage":4.972150523026762,"MODA-occurances":281,"MODA-percentage":3.8174161119413124,"ESPORTE-occurances":230,"ESPORTE-percentage":3.124575465290042,"POP/ARTE-occurances":128,"POP/ARTE-percentage":1.7388941719875017,"YOUTUBE-occurances":110,"YOUTUBE-percentage":1.4943621790517592,"LINKEDIN-occurances":104,"LINKEDIN-percentage":1.412851514739845,"SÉRIES E FILMES-occurances":101,"SÉRIES E FILMES-percentage":1.372096182583888,"ESOTERISMO-occurances":83,"ESOTERISMO-percentage":1.1275641896481456,"TV E CELEBRIDADES-occurances":80,"TV E CELEBRIDADES-percentage":1.0868088574921886,"ALIMENTAÇÃO E SAÚDE-occurances":62,"ALIMENTAÇÃO E SAÚDE-percentage":0.8422768645564461,"EDUCAÇÃO-occurances":45,"EDUCAÇÃO-percentage":0.6113299823393561,"JOGOS-occurances":34,"JOGOS-percentage":0.4618937644341801,"CARROS-occurances":33,"CARROS-percentage":0.4483086537155278,"VIAGENS-occurances":30,"VIAGENS-percentage":0.4075533215595707,"CIÊNCIA-occurances":24,"CIÊNCIA-percentage":0.3260426572476566,"SEXO-occurances":24,"SEXO-percentage":0.3260426572476566,"HUMOR-occurances":23,"HUMOR-percentage":0.3124575465290042,"INTERNACIONAL-occurances":21,"INTERNACIONAL-percentage":0.2852873250916995,"ECONOMIA-occurances":15,"ECONOMIA-percentage":0.20377666077978535,"POLÍTICA-occurances":14,"POLÍTICA-percentage":0.190191550061133,"NATUREZA-occurances":9,"NATUREZA-percentage":0.12226599646787122,"INSTAGRAM-occurances":6,"INSTAGRAM-percentage":0.08151066431191414,"TWITTER-occurances":6,"TWITTER-percentage":0.08151066431191414,"FITNESS-occurances":5,"FITNESS-percentage":0.06792555359326179}