{"totalHistoryAmount":6511,"TECNOLOGIA-occurances":1572,"TECNOLOGIA-percentage":24.143756719397942,"FACEBOOK-occurances":605,"FACEBOOK-percentage":9.291967439717402,"DECORAÇÃO-occurances":411,"DECORAÇÃO-percentage":6.312394409460913,"NOTÍCIAS-occurances":399,"NOTÍCIAS-percentage":6.1280909230532945,"MODA-occurances":267,"MODA-percentage":4.1007525725694975,"ESPORTE-occurances":228,"ESPORTE-percentage":3.5017662417447397,"LINKEDIN-occurances":128,"LINKEDIN-percentage":1.9659038550145906,"ESOTERISMO-occurances":115,"ESOTERISMO-percentage":1.7662417447396712,"POP/ARTE-occurances":109,"POP/ARTE-percentage":1.6740900015358624,"TV E CELEBRIDADES-occurances":82,"TV E CELEBRIDADES-percentage":1.2594071571187222,"YOUTUBE-occurances":79,"YOUTUBE-percentage":1.2133312855168177,"SÉRIES E FILMES-occurances":68,"SÉRIES E FILMES-percentage":1.0443864229765014,"ALIMENTAÇÃO E SAÚDE-occurances":60,"ALIMENTAÇÃO E SAÚDE-percentage":0.9215174320380893,"POLÍTICA-occurances":45,"POLÍTICA-percentage":0.6911380740285671,"EDUCAÇÃO-occurances":38,"EDUCAÇÃO-percentage":0.5836277069574566,"CARROS-occurances":34,"CARROS-percentage":0.5221932114882507,"ECONOMIA-occurances":20,"ECONOMIA-percentage":0.3071724773460298,"CIÊNCIA-occurances":19,"CIÊNCIA-percentage":0.2918138534787283,"SEXO-occurances":19,"SEXO-percentage":0.2918138534787283,"HUMOR-occurances":16,"HUMOR-percentage":0.24573798187682383,"INTERNACIONAL-occurances":15,"INTERNACIONAL-percentage":0.23037935800952233,"TWITTER-occurances":9,"TWITTER-percentage":0.1382276148057134,"JOGOS-occurances":8,"JOGOS-percentage":0.12286899093841191,"NATUREZA-occurances":7,"NATUREZA-percentage":0.10751036707111043,"VIAGENS-occurances":7,"VIAGENS-percentage":0.10751036707111043,"INSTAGRAM-occurances":6,"INSTAGRAM-percentage":0.09215174320380894,"FITNESS-occurances":4,"FITNESS-percentage":0.06143449546920596}