{"totalHistoryAmount":5999,"TECNOLOGIA-occurances":1683,"TECNOLOGIA-percentage":28.05467577929655,"YOUTUBE-occurances":469,"YOUTUBE-percentage":7.8179696616102685,"NOTÍCIAS-occurances":351,"NOTÍCIAS-percentage":5.850975162527088,"DECORAÇÃO-occurances":341,"DECORAÇÃO-percentage":5.684280713452242,"SÉRIES E FILMES-occurances":303,"SÉRIES E FILMES-percentage":5.050841806967828,"FACEBOOK-occurances":172,"FACEBOOK-percentage":2.867144524087348,"POP/ARTE-occurances":124,"POP/ARTE-percentage":2.067011168528088,"TV E CELEBRIDADES-occurances":69,"TV E CELEBRIDADES-percentage":1.150191698616436,"ESPORTE-occurances":68,"ESPORTE-percentage":1.1335222537089515,"CARROS-occurances":63,"CARROS-percentage":1.0501750291715286,"ALIMENTAÇÃO E SAÚDE-occurances":52,"ALIMENTAÇÃO E SAÚDE-percentage":0.8668111351891982,"MODA-occurances":42,"MODA-percentage":0.7001166861143524,"JOGOS-occurances":38,"JOGOS-percentage":0.633438906484414,"VIAGENS-occurances":33,"VIAGENS-percentage":0.5500916819469912,"SEXO-occurances":24,"SEXO-percentage":0.40006667777962995,"INTERNACIONAL-occurances":17,"INTERNACIONAL-percentage":0.2833805634272379,"EDUCAÇÃO-occurances":12,"EDUCAÇÃO-percentage":0.20003333888981498,"CIÊNCIA-occurances":11,"CIÊNCIA-percentage":0.18336389398233038,"LINKEDIN-occurances":10,"LINKEDIN-percentage":0.16669444907484582,"HUMOR-occurances":9,"HUMOR-percentage":0.15002500416736123,"ECONOMIA-occurances":7,"ECONOMIA-percentage":0.11668611435239207,"FITNESS-occurances":7,"FITNESS-percentage":0.11668611435239207,"ESOTERISMO-occurances":5,"ESOTERISMO-percentage":0.08334722453742291,"NATUREZA-occurances":4,"NATUREZA-percentage":0.06667777962993832,"TWITTER-occurances":1,"TWITTER-percentage":0.01666944490748458,"INSTAGRAM-occurances":0,"INSTAGRAM-percentage":0,"POLÍTICA-occurances":0,"POLÍTICA-percentage":0}