{"totalHistoryAmount":4001,"TECNOLOGIA-occurances":2062,"TECNOLOGIA-percentage":51.53711572106973,"YOUTUBE-occurances":284,"YOUTUBE-percentage":7.09822544363909,"FACEBOOK-occurances":212,"FACEBOOK-percentage":5.298675331167209,"ESPORTE-occurances":174,"ESPORTE-percentage":4.348912771807048,"POP/ARTE-occurances":66,"POP/ARTE-percentage":1.6495876030992251,"FITNESS-occurances":57,"FITNESS-percentage":1.4246438390402398,"ECONOMIA-occurances":35,"ECONOMIA-percentage":0.8747813046738315,"INSTAGRAM-occurances":33,"INSTAGRAM-percentage":0.8247938015496126,"MODA-occurances":25,"MODA-percentage":0.6248437890527369,"NOTÍCIAS-occurances":22,"NOTÍCIAS-percentage":0.5498625343664084,"TV E CELEBRIDADES-occurances":19,"TV E CELEBRIDADES-percentage":0.47488127968008,"JOGOS-occurances":18,"JOGOS-percentage":0.4498875281179705,"SÉRIES E FILMES-occurances":18,"SÉRIES E FILMES-percentage":0.4498875281179705,"POLÍTICA-occurances":15,"POLÍTICA-percentage":0.37490627343164207,"EDUCAÇÃO-occurances":13,"EDUCAÇÃO-percentage":0.32491877030742317,"VIAGENS-occurances":12,"VIAGENS-percentage":0.2999250187453137,"INTERNACIONAL-occurances":9,"INTERNACIONAL-percentage":0.22494376405898525,"CARROS-occurances":7,"CARROS-percentage":0.17495626093476632,"HUMOR-occurances":6,"HUMOR-percentage":0.14996250937265684,"DECORAÇÃO-occurances":5,"DECORAÇÃO-percentage":0.12496875781054737,"ESOTERISMO-occurances":5,"ESOTERISMO-percentage":0.12496875781054737,"SEXO-occurances":5,"SEXO-percentage":0.12496875781054737,"CIÊNCIA-occurances":1,"CIÊNCIA-percentage":0.02499375156210947,"LINKEDIN-occurances":1,"LINKEDIN-percentage":0.02499375156210947,"NATUREZA-occurances":1,"NATUREZA-percentage":0.02499375156210947,"TWITTER-occurances":1,"TWITTER-percentage":0.02499375156210947,"ALIMENTAÇÃO E SAÚDE-occurances":0,"ALIMENTAÇÃO E SAÚDE-percentage":0}