{"totalHistoryAmount":6346,"TECNOLOGIA-occurances":1828,"TECNOLOGIA-percentage":28.80554680113457,"YOUTUBE-occurances":468,"YOUTUBE-percentage":7.374724235739048,"NOTÍCIAS-occurances":369,"NOTÍCIAS-percentage":5.814686416640403,"DECORAÇÃO-occurances":365,"DECORAÇÃO-percentage":5.751654585565711,"SÉRIES E FILMES-occurances":301,"SÉRIES E FILMES-percentage":4.743145288370627,"FACEBOOK-occurances":172,"FACEBOOK-percentage":2.710368736211787,"POP/ARTE-occurances":128,"POP/ARTE-percentage":2.017018594390167,"ESPORTE-occurances":80,"ESPORTE-percentage":1.2606366214938545,"TV E CELEBRIDADES-occurances":70,"TV E CELEBRIDADES-percentage":1.1030570438071226,"MODA-occurances":65,"MODA-percentage":1.0242672549637566,"CARROS-occurances":63,"CARROS-percentage":0.9927513394264104,"ALIMENTAÇÃO E SAÚDE-occurances":52,"ALIMENTAÇÃO E SAÚDE-percentage":0.8194138039710054,"JOGOS-occurances":39,"JOGOS-percentage":0.6145603529782541,"VIAGENS-occurances":34,"VIAGENS-percentage":0.5357705641348881,"SEXO-occurances":24,"SEXO-percentage":0.3781909864481563,"INTERNACIONAL-occurances":19,"INTERNACIONAL-percentage":0.2994011976047904,"EDUCAÇÃO-occurances":12,"EDUCAÇÃO-percentage":0.18909549322407815,"CIÊNCIA-occurances":11,"CIÊNCIA-percentage":0.17333753545540498,"LINKEDIN-occurances":10,"LINKEDIN-percentage":0.1575795776867318,"HUMOR-occurances":9,"HUMOR-percentage":0.1418216199180586,"ECONOMIA-occurances":7,"ECONOMIA-percentage":0.11030570438071226,"FITNESS-occurances":7,"FITNESS-percentage":0.11030570438071226,"ESOTERISMO-occurances":6,"ESOTERISMO-percentage":0.09454774661203907,"NATUREZA-occurances":4,"NATUREZA-percentage":0.06303183107469272,"POLÍTICA-occurances":1,"POLÍTICA-percentage":0.01575795776867318,"TWITTER-occurances":1,"TWITTER-percentage":0.01575795776867318,"INSTAGRAM-occurances":0,"INSTAGRAM-percentage":0}