{"totalHistoryAmount":8815,"TECNOLOGIA-occurances":4113,"TECNOLOGIA-percentage":46.659103800340326,"ESPORTE-occurances":1431,"ESPORTE-percentage":16.233692569483836,"FACEBOOK-occurances":1052,"FACEBOOK-percentage":11.934203062960862,"SEXO-occurances":414,"SEXO-percentage":4.696539988655701,"INSTAGRAM-occurances":188,"INSTAGRAM-percentage":2.1327283040272262,"CARROS-occurances":120,"CARROS-percentage":1.3613159387407827,"DECORAÇÃO-occurances":67,"DECORAÇÃO-percentage":0.7600680657969371,"POP/ARTE-occurances":65,"POP/ARTE-percentage":0.737379466817924,"EDUCAÇÃO-occurances":63,"EDUCAÇÃO-percentage":0.7146908678389109,"NOTÍCIAS-occurances":56,"NOTÍCIAS-percentage":0.6352807714123653,"YOUTUBE-occurances":46,"YOUTUBE-percentage":0.5218377765173,"ESOTERISMO-occurances":43,"ESOTERISMO-percentage":0.4878048780487805,"LINKEDIN-occurances":38,"LINKEDIN-percentage":0.43108338060124785,"JOGOS-occurances":25,"JOGOS-percentage":0.28360748723766305,"SÉRIES E FILMES-occurances":24,"SÉRIES E FILMES-percentage":0.27226318774815655,"MODA-occurances":16,"MODA-percentage":0.18150879183210436,"TWITTER-occurances":15,"TWITTER-percentage":0.17016449234259784,"ECONOMIA-occurances":11,"ECONOMIA-percentage":0.12478729438457176,"TV E CELEBRIDADES-occurances":11,"TV E CELEBRIDADES-percentage":0.12478729438457176,"ALIMENTAÇÃO E SAÚDE-occurances":4,"ALIMENTAÇÃO E SAÚDE-percentage":0.04537719795802609,"FITNESS-occurances":4,"FITNESS-percentage":0.04537719795802609,"VIAGENS-occurances":3,"VIAGENS-percentage":0.03403289846851957,"POLÍTICA-occurances":2,"POLÍTICA-percentage":0.022688598979013045,"CIÊNCIA-occurances":1,"CIÊNCIA-percentage":0.011344299489506523,"INTERNACIONAL-occurances":1,"INTERNACIONAL-percentage":0.011344299489506523,"HUMOR-occurances":0,"HUMOR-percentage":0,"NATUREZA-occurances":0,"NATUREZA-percentage":0}