{"totalHistoryAmount":4962,"TECNOLOGIA-occurances":1498,"TECNOLOGIA-percentage":30.1894397420395,"YOUTUBE-occurances":602,"YOUTUBE-percentage":12.132204756146715,"SÉRIES E FILMES-occurances":387,"SÉRIES E FILMES-percentage":7.799274486094316,"DECORAÇÃO-occurances":357,"DECORAÇÃO-percentage":7.194679564691657,"FACEBOOK-occurances":118,"FACEBOOK-percentage":2.3780733575171302,"POP/ARTE-occurances":83,"POP/ARTE-percentage":1.6727126158806933,"NOTÍCIAS-occurances":81,"NOTÍCIAS-percentage":1.6324062877871826,"CARROS-occurances":58,"CARROS-percentage":1.1688835147118097,"TV E CELEBRIDADES-occurances":43,"TV E CELEBRIDADES-percentage":0.8665860540104796,"ALIMENTAÇÃO E SAÚDE-occurances":42,"ALIMENTAÇÃO E SAÚDE-percentage":0.8464328899637243,"ESPORTE-occurances":38,"ESPORTE-percentage":0.7658202337767029,"SEXO-occurances":23,"SEXO-percentage":0.4635227730753728,"MODA-occurances":18,"MODA-percentage":0.36275695284159615,"INTERNACIONAL-occurances":13,"INTERNACIONAL-percentage":0.2619911326078194,"VIAGENS-occurances":10,"VIAGENS-percentage":0.2015316404675534,"ESOTERISMO-occurances":7,"ESOTERISMO-percentage":0.14107214832728737,"CIÊNCIA-occurances":6,"CIÊNCIA-percentage":0.12091898428053205,"FITNESS-occurances":6,"FITNESS-percentage":0.12091898428053205,"INSTAGRAM-occurances":6,"INSTAGRAM-percentage":0.12091898428053205,"JOGOS-occurances":6,"JOGOS-percentage":0.12091898428053205,"LINKEDIN-occurances":6,"LINKEDIN-percentage":0.12091898428053205,"EDUCAÇÃO-occurances":5,"EDUCAÇÃO-percentage":0.1007658202337767,"HUMOR-occurances":5,"HUMOR-percentage":0.1007658202337767,"NATUREZA-occurances":3,"NATUREZA-percentage":0.060459492140266025,"ECONOMIA-occurances":1,"ECONOMIA-percentage":0.02015316404675534,"POLÍTICA-occurances":1,"POLÍTICA-percentage":0.02015316404675534,"TWITTER-occurances":1,"TWITTER-percentage":0.02015316404675534}