{"totalHistoryAmount":8966,"TECNOLOGIA-occurances":4172,"TECNOLOGIA-percentage":46.53134062012045,"ESPORTE-occurances":1457,"ESPORTE-percentage":16.250278831139862,"FACEBOOK-occurances":1070,"FACEBOOK-percentage":11.93397278608075,"SEXO-occurances":693,"SEXO-percentage":7.729199196966317,"INSTAGRAM-occurances":173,"INSTAGRAM-percentage":1.9295114878429622,"CARROS-occurances":132,"CARROS-percentage":1.4722284184697747,"YOUTUBE-occurances":62,"YOUTUBE-percentage":0.6915012268570154,"DECORAÇÃO-occurances":54,"DECORAÇÃO-percentage":0.6022752621012715,"NOTÍCIAS-occurances":45,"NOTÍCIAS-percentage":0.5018960517510596,"EDUCAÇÃO-occurances":37,"EDUCAÇÃO-percentage":0.41267008699531565,"MODA-occurances":24,"MODA-percentage":0.26767789426723176,"ESOTERISMO-occurances":14,"ESOTERISMO-percentage":0.15614543832255187,"POP/ARTE-occurances":12,"POP/ARTE-percentage":0.13383894713361588,"CIÊNCIA-occurances":11,"CIÊNCIA-percentage":0.12268570153914789,"ECONOMIA-occurances":11,"ECONOMIA-percentage":0.12268570153914789,"LINKEDIN-occurances":11,"LINKEDIN-percentage":0.12268570153914789,"SÉRIES E FILMES-occurances":8,"SÉRIES E FILMES-percentage":0.08922596475574392,"TV E CELEBRIDADES-occurances":4,"TV E CELEBRIDADES-percentage":0.04461298237787196,"TWITTER-occurances":3,"TWITTER-percentage":0.03345973678340397,"FITNESS-occurances":2,"FITNESS-percentage":0.02230649118893598,"JOGOS-occurances":2,"JOGOS-percentage":0.02230649118893598,"VIAGENS-occurances":2,"VIAGENS-percentage":0.02230649118893598,"ALIMENTAÇÃO E SAÚDE-occurances":1,"ALIMENTAÇÃO E SAÚDE-percentage":0.01115324559446799,"INTERNACIONAL-occurances":1,"INTERNACIONAL-percentage":0.01115324559446799,"POLÍTICA-occurances":1,"POLÍTICA-percentage":0.01115324559446799,"HUMOR-occurances":0,"HUMOR-percentage":0,"NATUREZA-occurances":0,"NATUREZA-percentage":0}