{"totalHistoryAmount":5311,"TECNOLOGIA-occurances":1484,"TECNOLOGIA-percentage":27.942007154961402,"YOUTUBE-occurances":549,"YOUTUBE-percentage":10.337036339672379,"SÉRIES E FILMES-occurances":377,"SÉRIES E FILMES-percentage":7.098474863490868,"DECORAÇÃO-occurances":282,"DECORAÇÃO-percentage":5.3097345132743365,"NOTÍCIAS-occurances":215,"NOTÍCIAS-percentage":4.048201845226887,"FACEBOOK-occurances":159,"FACEBOOK-percentage":2.9937864808887213,"POP/ARTE-occurances":102,"POP/ARTE-percentage":1.9205422707588025,"TV E CELEBRIDADES-occurances":67,"TV E CELEBRIDADES-percentage":1.2615326680474488,"ESPORTE-occurances":63,"ESPORTE-percentage":1.1862172848804369,"CARROS-occurances":58,"CARROS-percentage":1.092073055921672,"ALIMENTAÇÃO E SAÚDE-occurances":43,"ALIMENTAÇÃO E SAÚDE-percentage":0.8096403690453775,"JOGOS-occurances":36,"JOGOS-percentage":0.6778384485031067,"SEXO-occurances":24,"SEXO-percentage":0.4518922990020712,"MODA-occurances":19,"MODA-percentage":0.35774807004330633,"INTERNACIONAL-occurances":18,"INTERNACIONAL-percentage":0.33891922425155335,"EDUCAÇÃO-occurances":11,"EDUCAÇÃO-percentage":0.2071173037092826,"VIAGENS-occurances":10,"VIAGENS-percentage":0.18828845791752966,"HUMOR-occurances":9,"HUMOR-percentage":0.16945961212577668,"CIÊNCIA-occurances":6,"CIÊNCIA-percentage":0.1129730747505178,"ESOTERISMO-occurances":6,"ESOTERISMO-percentage":0.1129730747505178,"FITNESS-occurances":6,"FITNESS-percentage":0.1129730747505178,"LINKEDIN-occurances":6,"LINKEDIN-percentage":0.1129730747505178,"INSTAGRAM-occurances":5,"INSTAGRAM-percentage":0.09414422895876483,"NATUREZA-occurances":4,"NATUREZA-percentage":0.07531538316701186,"ECONOMIA-occurances":3,"ECONOMIA-percentage":0.0564865373752589,"TWITTER-occurances":1,"TWITTER-percentage":0.018828845791752966,"POLÍTICA-occurances":0,"POLÍTICA-percentage":0}