{"totalHistoryAmount":7294,"TECNOLOGIA-occurances":1757,"TECNOLOGIA-percentage":24.088291746641076,"NOTÍCIAS-occurances":596,"NOTÍCIAS-percentage":8.17109953386345,"FACEBOOK-occurances":576,"FACEBOOK-percentage":7.896901562928434,"DECORAÇÃO-occurances":396,"DECORAÇÃO-percentage":5.4291198245132986,"MODA-occurances":280,"MODA-percentage":3.838771593090211,"ESPORTE-occurances":235,"ESPORTE-percentage":3.221826158486427,"POP/ARTE-occurances":131,"POP/ARTE-percentage":1.7959967096243488,"LINKEDIN-occurances":120,"LINKEDIN-percentage":1.6451878256100905,"YOUTUBE-occurances":103,"YOUTUBE-percentage":1.4121195503153277,"SÉRIES E FILMES-occurances":95,"SÉRIES E FILMES-percentage":1.3024403619413216,"ESOTERISMO-occurances":94,"ESOTERISMO-percentage":1.2887304633945709,"TV E CELEBRIDADES-occurances":84,"TV E CELEBRIDADES-percentage":1.1516314779270633,"ALIMENTAÇÃO E SAÚDE-occurances":62,"ALIMENTAÇÃO E SAÚDE-percentage":0.8500137098985467,"EDUCAÇÃO-occurances":42,"EDUCAÇÃO-percentage":0.5758157389635317,"CARROS-occurances":35,"CARROS-percentage":0.4798464491362764,"JOGOS-occurances":35,"JOGOS-percentage":0.4798464491362764,"VIAGENS-occurances":31,"VIAGENS-percentage":0.42500685494927337,"CIÊNCIA-occurances":23,"CIÊNCIA-percentage":0.31532766657526734,"INTERNACIONAL-occurances":21,"INTERNACIONAL-percentage":0.28790786948176583,"HUMOR-occurances":19,"HUMOR-percentage":0.2604880723882643,"POLÍTICA-occurances":19,"POLÍTICA-percentage":0.2604880723882643,"SEXO-occurances":19,"SEXO-percentage":0.2604880723882643,"ECONOMIA-occurances":15,"ECONOMIA-percentage":0.2056484782012613,"FITNESS-occurances":7,"FITNESS-percentage":0.09596928982725528,"INSTAGRAM-occurances":6,"INSTAGRAM-percentage":0.08225939128050452,"NATUREZA-occurances":6,"NATUREZA-percentage":0.08225939128050452,"TWITTER-occurances":6,"TWITTER-percentage":0.08225939128050452}