{"totalHistoryAmount":7057,"TECNOLOGIA-occurances":1776,"TECNOLOGIA-percentage":25.166501346181096,"NOTÍCIAS-occurances":515,"NOTÍCIAS-percentage":7.297718577299135,"FACEBOOK-occurances":479,"FACEBOOK-percentage":6.787586793254924,"DECORAÇÃO-occurances":352,"DECORAÇÃO-percentage":4.987955221765623,"MODA-occurances":278,"MODA-percentage":3.9393509990080773,"ESPORTE-occurances":203,"ESPORTE-percentage":2.8765764489159698,"YOUTUBE-occurances":171,"YOUTUBE-percentage":2.4231259742100044,"POP/ARTE-occurances":124,"POP/ARTE-percentage":1.7571205894856172,"SÉRIES E FILMES-occurances":112,"SÉRIES E FILMES-percentage":1.58707666147088,"TV E CELEBRIDADES-occurances":63,"TV E CELEBRIDADES-percentage":0.89273062207737,"ESOTERISMO-occurances":58,"ESOTERISMO-percentage":0.8218789854045628,"ALIMENTAÇÃO E SAÚDE-occurances":54,"ALIMENTAÇÃO E SAÚDE-percentage":0.7651976760663172,"LINKEDIN-occurances":43,"LINKEDIN-percentage":0.6093240753861414,"EDUCAÇÃO-occurances":35,"EDUCAÇÃO-percentage":0.49596145670965,"JOGOS-occurances":35,"JOGOS-percentage":0.49596145670965,"SEXO-occurances":34,"SEXO-percentage":0.48179112937508856,"VIAGENS-occurances":33,"VIAGENS-percentage":0.46762080204052714,"CARROS-occurances":28,"CARROS-percentage":0.39676916536772,"CIÊNCIA-occurances":23,"CIÊNCIA-percentage":0.32591752869491286,"INTERNACIONAL-occurances":20,"INTERNACIONAL-percentage":0.28340654669122856,"HUMOR-occurances":19,"HUMOR-percentage":0.26923621935666714,"ECONOMIA-occurances":12,"ECONOMIA-percentage":0.17004392801473714,"POLÍTICA-occurances":10,"POLÍTICA-percentage":0.14170327334561428,"NATUREZA-occurances":8,"NATUREZA-percentage":0.11336261867649143,"TWITTER-occurances":7,"TWITTER-percentage":0.09919229134193,"INSTAGRAM-occurances":6,"INSTAGRAM-percentage":0.08502196400736857,"FITNESS-occurances":5,"FITNESS-percentage":0.07085163667280714}