{"totalHistoryAmount":6313,"TECNOLOGIA-occurances":1512,"TECNOLOGIA-percentage":23.950578172025978,"FACEBOOK-occurances":618,"FACEBOOK-percentage":9.789323617931252,"DECORAÇÃO-occurances":391,"DECORAÇÃO-percentage":6.193568826231585,"NOTÍCIAS-occurances":360,"NOTÍCIAS-percentage":5.702518612387138,"MODA-occurances":242,"MODA-percentage":3.8333597338824648,"ESPORTE-occurances":229,"ESPORTE-percentage":3.627435450657374,"LINKEDIN-occurances":127,"LINKEDIN-percentage":2.0117218438143514,"ESOTERISMO-occurances":126,"ESOTERISMO-percentage":1.9958815143354982,"POP/ARTE-occurances":104,"POP/ARTE-percentage":1.6473942658007286,"YOUTUBE-occurances":89,"YOUTUBE-percentage":1.4097893236179313,"TV E CELEBRIDADES-occurances":86,"TV E CELEBRIDADES-percentage":1.3622683351813718,"SÉRIES E FILMES-occurances":77,"SÉRIES E FILMES-percentage":1.2197053698716933,"POLÍTICA-occurances":49,"POLÍTICA-percentage":0.7761761444638049,"ALIMENTAÇÃO E SAÚDE-occurances":47,"ALIMENTAÇÃO E SAÚDE-percentage":0.7444954855060986,"EDUCAÇÃO-occurances":38,"EDUCAÇÃO-percentage":0.6019325201964201,"CARROS-occurances":36,"CARROS-percentage":0.5702518612387137,"ECONOMIA-occurances":21,"ECONOMIA-percentage":0.33264691905591637,"CIÊNCIA-occurances":19,"CIÊNCIA-percentage":0.30096626009821004,"SEXO-occurances":17,"SEXO-percentage":0.2692856011405037,"HUMOR-occurances":15,"HUMOR-percentage":0.2376049421827974,"INTERNACIONAL-occurances":13,"INTERNACIONAL-percentage":0.20592428322509107,"JOGOS-occurances":12,"JOGOS-percentage":0.19008395374623793,"TWITTER-occurances":10,"TWITTER-percentage":0.1584032947885316,"FITNESS-occurances":9,"FITNESS-percentage":0.14256296530967844,"NATUREZA-occurances":7,"NATUREZA-percentage":0.11088230635197212,"INSTAGRAM-occurances":6,"INSTAGRAM-percentage":0.09504197687311897,"VIAGENS-occurances":4,"VIAGENS-percentage":0.06336131791541263}