{"totalHistoryAmount":4124,"TECNOLOGIA-occurances":2128,"TECNOLOGIA-percentage":51.6003879728419,"YOUTUBE-occurances":286,"YOUTUBE-percentage":6.935014548981571,"FACEBOOK-occurances":204,"FACEBOOK-percentage":4.946653734238604,"ESPORTE-occurances":194,"ESPORTE-percentage":4.7041707080504365,"POP/ARTE-occurances":65,"POP/ARTE-percentage":1.5761396702230843,"FITNESS-occurances":57,"FITNESS-percentage":1.382153249272551,"ECONOMIA-occurances":36,"ECONOMIA-percentage":0.8729388942774006,"INSTAGRAM-occurances":33,"INSTAGRAM-percentage":0.8001939864209505,"NOTÍCIAS-occurances":26,"NOTÍCIAS-percentage":0.6304558680892337,"MODA-occurances":24,"MODA-percentage":0.5819592628516004,"TV E CELEBRIDADES-occurances":20,"TV E CELEBRIDADES-percentage":0.48496605237633367,"JOGOS-occurances":18,"JOGOS-percentage":0.4364694471387003,"POLÍTICA-occurances":18,"POLÍTICA-percentage":0.4364694471387003,"SÉRIES E FILMES-occurances":18,"SÉRIES E FILMES-percentage":0.4364694471387003,"EDUCAÇÃO-occurances":13,"EDUCAÇÃO-percentage":0.31522793404461685,"VIAGENS-occurances":12,"VIAGENS-percentage":0.2909796314258002,"INTERNACIONAL-occurances":10,"INTERNACIONAL-percentage":0.24248302618816683,"CARROS-occurances":7,"CARROS-percentage":0.1697381183317168,"LINKEDIN-occurances":7,"LINKEDIN-percentage":0.1697381183317168,"HUMOR-occurances":6,"HUMOR-percentage":0.1454898157129001,"DECORAÇÃO-occurances":5,"DECORAÇÃO-percentage":0.12124151309408342,"ESOTERISMO-occurances":5,"ESOTERISMO-percentage":0.12124151309408342,"SEXO-occurances":5,"SEXO-percentage":0.12124151309408342,"TWITTER-occurances":3,"TWITTER-percentage":0.07274490785645005,"CIÊNCIA-occurances":1,"CIÊNCIA-percentage":0.02424830261881668,"NATUREZA-occurances":1,"NATUREZA-percentage":0.02424830261881668,"ALIMENTAÇÃO E SAÚDE-occurances":0,"ALIMENTAÇÃO E SAÚDE-percentage":0}