{"totalHistoryAmount":6569,"TECNOLOGIA-occurances":1654,"TECNOLOGIA-percentage":25.17887045212361,"FACEBOOK-occurances":689,"FACEBOOK-percentage":10.488658852184503,"NOTÍCIAS-occurances":395,"NOTÍCIAS-percentage":6.013091794793728,"DECORAÇÃO-occurances":357,"DECORAÇÃO-percentage":5.43461714111737,"MODA-occurances":250,"MODA-percentage":3.8057543005023597,"ESPORTE-occurances":221,"ESPORTE-percentage":3.3642868016440857,"ESOTERISMO-occurances":162,"ESOTERISMO-percentage":2.466128786725529,"LINKEDIN-occurances":136,"LINKEDIN-percentage":2.0703303394732835,"TV E CELEBRIDADES-occurances":106,"TV E CELEBRIDADES-percentage":1.6136398234130005,"POP/ARTE-occurances":93,"POP/ARTE-percentage":1.4157405997868777,"YOUTUBE-occurances":86,"YOUTUBE-percentage":1.3091794793728118,"SÉRIES E FILMES-occurances":72,"SÉRIES E FILMES-percentage":1.0960572385446796,"ALIMENTAÇÃO E SAÚDE-occurances":62,"ALIMENTAÇÃO E SAÚDE-percentage":0.9438270665245851,"POLÍTICA-occurances":55,"POLÍTICA-percentage":0.8372659461105191,"CARROS-occurances":38,"CARROS-percentage":0.5784746536763586,"EDUCAÇÃO-occurances":32,"EDUCAÇÃO-percentage":0.48713655046430204,"ECONOMIA-occurances":26,"ECONOMIA-percentage":0.3957984472522454,"CIÊNCIA-occurances":25,"CIÊNCIA-percentage":0.380575430050236,"NATUREZA-occurances":18,"NATUREZA-percentage":0.2740143096361699,"SEXO-occurances":18,"SEXO-percentage":0.2740143096361699,"JOGOS-occurances":17,"JOGOS-percentage":0.25879129243416044,"HUMOR-occurances":13,"HUMOR-percentage":0.1978992236261227,"INTERNACIONAL-occurances":13,"INTERNACIONAL-percentage":0.1978992236261227,"INSTAGRAM-occurances":10,"INSTAGRAM-percentage":0.1522301720200944,"TWITTER-occurances":10,"TWITTER-percentage":0.1522301720200944,"FITNESS-occurances":9,"FITNESS-percentage":0.13700715481808495,"VIAGENS-occurances":6,"VIAGENS-percentage":0.09133810321205663}