{"totalHistoryAmount":3917,"TECNOLOGIA-occurances":2013,"TECNOLOGIA-percentage":51.39137094715343,"YOUTUBE-occurances":276,"YOUTUBE-percentage":7.046208833290784,"FACEBOOK-occurances":206,"FACEBOOK-percentage":5.259126882818483,"ESPORTE-occurances":185,"ESPORTE-percentage":4.723002297676794,"FITNESS-occurances":57,"FITNESS-percentage":1.4551953025274444,"POP/ARTE-occurances":50,"POP/ARTE-percentage":1.2764871074802144,"INSTAGRAM-occurances":41,"INSTAGRAM-percentage":1.046719428133776,"ECONOMIA-occurances":36,"ECONOMIA-percentage":0.9190707173857544,"MODA-occurances":26,"MODA-percentage":0.6637732958897116,"NOTÍCIAS-occurances":26,"NOTÍCIAS-percentage":0.6637732958897116,"POLÍTICA-occurances":23,"POLÍTICA-percentage":0.5871840694408986,"TV E CELEBRIDADES-occurances":21,"TV E CELEBRIDADES-percentage":0.53612458514169,"ESOTERISMO-occurances":17,"ESOTERISMO-percentage":0.4340056165432729,"EDUCAÇÃO-occurances":13,"EDUCAÇÃO-percentage":0.3318866479448558,"JOGOS-occurances":13,"JOGOS-percentage":0.3318866479448558,"VIAGENS-occurances":12,"VIAGENS-percentage":0.3063569057952515,"INTERNACIONAL-occurances":10,"INTERNACIONAL-percentage":0.2552974214960429,"CARROS-occurances":6,"CARROS-percentage":0.15317845289762574,"DECORAÇÃO-occurances":6,"DECORAÇÃO-percentage":0.15317845289762574,"HUMOR-occurances":6,"HUMOR-percentage":0.15317845289762574,"LINKEDIN-occurances":6,"LINKEDIN-percentage":0.15317845289762574,"SÉRIES E FILMES-occurances":5,"SÉRIES E FILMES-percentage":0.12764871074802145,"SEXO-occurances":5,"SEXO-percentage":0.12764871074802145,"TWITTER-occurances":3,"TWITTER-percentage":0.07658922644881287,"ALIMENTAÇÃO E SAÚDE-occurances":0,"ALIMENTAÇÃO E SAÚDE-percentage":0,"CIÊNCIA-occurances":0,"CIÊNCIA-percentage":0,"NATUREZA-occurances":0,"NATUREZA-percentage":0}