{"totalHistoryAmount":2853,"TECNOLOGIA-occurances":976,"TECNOLOGIA-percentage":34.20960392569226,"LINKEDIN-occurances":150,"LINKEDIN-percentage":5.257623554153523,"EDUCAÇÃO-occurances":84,"EDUCAÇÃO-percentage":2.9442691903259726,"VIAGENS-occurances":56,"VIAGENS-percentage":1.9628461268839819,"FACEBOOK-occurances":55,"FACEBOOK-percentage":1.9277953031896249,"CARROS-occurances":35,"CARROS-percentage":1.2267788293024886,"ESPORTE-occurances":29,"ESPORTE-percentage":1.0164738871363477,"YOUTUBE-occurances":28,"YOUTUBE-percentage":0.9814230634419909,"FITNESS-occurances":26,"FITNESS-percentage":0.9113214160532772,"TV E CELEBRIDADES-occurances":26,"TV E CELEBRIDADES-percentage":0.9113214160532772,"INSTAGRAM-occurances":25,"INSTAGRAM-percentage":0.8762705923589205,"TWITTER-occurances":22,"TWITTER-percentage":0.77111812127585,"CIÊNCIA-occurances":21,"CIÊNCIA-percentage":0.7360672975814931,"DECORAÇÃO-occurances":21,"DECORAÇÃO-percentage":0.7360672975814931,"NOTÍCIAS-occurances":21,"NOTÍCIAS-percentage":0.7360672975814931,"SEXO-occurances":16,"SEXO-percentage":0.5608131791097091,"ECONOMIA-occurances":14,"ECONOMIA-percentage":0.49071153172099546,"JOGOS-occurances":14,"JOGOS-percentage":0.49071153172099546,"POP/ARTE-occurances":9,"POP/ARTE-percentage":0.31545741324921134,"ESOTERISMO-occurances":7,"ESOTERISMO-percentage":0.24535576586049773,"MODA-occurances":7,"MODA-percentage":0.24535576586049773,"POLÍTICA-occurances":5,"POLÍTICA-percentage":0.1752541184717841,"ALIMENTAÇÃO E SAÚDE-occurances":4,"ALIMENTAÇÃO E SAÚDE-percentage":0.14020329477742727,"SÉRIES E FILMES-occurances":1,"SÉRIES E FILMES-percentage":0.03505082369435682,"HUMOR-occurances":0,"HUMOR-percentage":0,"INTERNACIONAL-occurances":0,"INTERNACIONAL-percentage":0,"NATUREZA-occurances":0,"NATUREZA-percentage":0}