{"totalHistoryAmount":6935,"TECNOLOGIA-occurances":1709,"TECNOLOGIA-percentage":24.64311463590483,"FACEBOOK-occurances":584,"FACEBOOK-percentage":8.421052631578947,"NOTÍCIAS-occurances":456,"NOTÍCIAS-percentage":6.575342465753424,"DECORAÇÃO-occurances":404,"DECORAÇÃO-percentage":5.825522710886806,"MODA-occurances":289,"MODA-percentage":4.167267483777938,"ESPORTE-occurances":226,"ESPORTE-percentage":3.2588320115356884,"LINKEDIN-occurances":127,"LINKEDIN-percentage":1.8312905551550107,"POP/ARTE-occurances":127,"POP/ARTE-percentage":1.8312905551550107,"ESOTERISMO-occurances":112,"ESOTERISMO-percentage":1.6149963950973323,"YOUTUBE-occurances":86,"YOUTUBE-percentage":1.240086517664023,"TV E CELEBRIDADES-occurances":79,"TV E CELEBRIDADES-percentage":1.1391492429704397,"SÉRIES E FILMES-occurances":73,"SÉRIES E FILMES-percentage":1.0526315789473684,"ALIMENTAÇÃO E SAÚDE-occurances":65,"ALIMENTAÇÃO E SAÚDE-percentage":0.9372746935832732,"POLÍTICA-occurances":39,"POLÍTICA-percentage":0.5623648161499639,"EDUCAÇÃO-occurances":38,"EDUCAÇÃO-percentage":0.547945205479452,"CARROS-occurances":36,"CARROS-percentage":0.5191059841384282,"VIAGENS-occurances":31,"VIAGENS-percentage":0.44700793078586876,"CIÊNCIA-occurances":21,"CIÊNCIA-percentage":0.3028118240807498,"SEXO-occurances":18,"SEXO-percentage":0.2595529920692141,"HUMOR-occurances":16,"HUMOR-percentage":0.23071377072819033,"ECONOMIA-occurances":15,"ECONOMIA-percentage":0.21629416005767843,"INTERNACIONAL-occurances":14,"INTERNACIONAL-percentage":0.20187454938716654,"JOGOS-occurances":10,"JOGOS-percentage":0.14419610670511895,"FITNESS-occurances":7,"FITNESS-percentage":0.10093727469358327,"NATUREZA-occurances":7,"NATUREZA-percentage":0.10093727469358327,"TWITTER-occurances":7,"TWITTER-percentage":0.10093727469358327,"INSTAGRAM-occurances":6,"INSTAGRAM-percentage":0.08651766402307137}