{"totalHistoryAmount":2205,"TECNOLOGIA-occurances":1138,"TECNOLOGIA-percentage":51.60997732426304,"YOUTUBE-occurances":178,"YOUTUBE-percentage":8.072562358276643,"FACEBOOK-occurances":140,"FACEBOOK-percentage":6.349206349206349,"ESPORTE-occurances":96,"ESPORTE-percentage":4.35374149659864,"FITNESS-occurances":56,"FITNESS-percentage":2.5396825396825395,"ECONOMIA-occurances":33,"ECONOMIA-percentage":1.4965986394557824,"POP/ARTE-occurances":29,"POP/ARTE-percentage":1.3151927437641724,"INSTAGRAM-occurances":27,"INSTAGRAM-percentage":1.2244897959183674,"NOTÍCIAS-occurances":15,"NOTÍCIAS-percentage":0.6802721088435374,"SÉRIES E FILMES-occurances":14,"SÉRIES E FILMES-percentage":0.6349206349206349,"JOGOS-occurances":13,"JOGOS-percentage":0.5895691609977324,"EDUCAÇÃO-occurances":12,"EDUCAÇÃO-percentage":0.54421768707483,"VIAGENS-occurances":11,"VIAGENS-percentage":0.4988662131519274,"HUMOR-occurances":6,"HUMOR-percentage":0.272108843537415,"POLÍTICA-occurances":6,"POLÍTICA-percentage":0.272108843537415,"CARROS-occurances":5,"CARROS-percentage":0.22675736961451248,"TV E CELEBRIDADES-occurances":5,"TV E CELEBRIDADES-percentage":0.22675736961451248,"ESOTERISMO-occurances":2,"ESOTERISMO-percentage":0.09070294784580499,"CIÊNCIA-occurances":1,"CIÊNCIA-percentage":0.045351473922902494,"DECORAÇÃO-occurances":1,"DECORAÇÃO-percentage":0.045351473922902494,"LINKEDIN-occurances":1,"LINKEDIN-percentage":0.045351473922902494,"MODA-occurances":1,"MODA-percentage":0.045351473922902494,"NATUREZA-occurances":1,"NATUREZA-percentage":0.045351473922902494,"ALIMENTAÇÃO E SAÚDE-occurances":0,"ALIMENTAÇÃO E SAÚDE-percentage":0,"INTERNACIONAL-occurances":0,"INTERNACIONAL-percentage":0,"SEXO-occurances":0,"SEXO-percentage":0,"TWITTER-occurances":0,"TWITTER-percentage":0}