{"totalHistoryAmount":2769,"TECNOLOGIA-occurances":1061,"TECNOLOGIA-percentage":38.31708197905381,"DECORAÇÃO-occurances":348,"DECORAÇÃO-percentage":12.567713976164681,"FACEBOOK-occurances":128,"FACEBOOK-percentage":4.622607439508848,"ESPORTE-occurances":74,"ESPORTE-percentage":2.6724449259660528,"POP/ARTE-occurances":35,"POP/ARTE-percentage":1.2639942217407005,"NOTÍCIAS-occurances":31,"NOTÍCIAS-percentage":1.119537739256049,"ALIMENTAÇÃO E SAÚDE-occurances":30,"ALIMENTAÇÃO E SAÚDE-percentage":1.0834236186348862,"MODA-occurances":25,"MODA-percentage":0.9028530155290718,"SÉRIES E FILMES-occurances":25,"SÉRIES E FILMES-percentage":0.9028530155290718,"YOUTUBE-occurances":23,"YOUTUBE-percentage":0.8306247742867461,"JOGOS-occurances":13,"JOGOS-percentage":0.4694835680751174,"FITNESS-occurances":11,"FITNESS-percentage":0.39725532683279163,"ECONOMIA-occurances":10,"ECONOMIA-percentage":0.36114120621162876,"INSTAGRAM-occurances":8,"INSTAGRAM-percentage":0.288912964969303,"CARROS-occurances":6,"CARROS-percentage":0.21668472372697725,"VIAGENS-occurances":6,"VIAGENS-percentage":0.21668472372697725,"EDUCAÇÃO-occurances":5,"EDUCAÇÃO-percentage":0.18057060310581438,"ESOTERISMO-occurances":4,"ESOTERISMO-percentage":0.1444564824846515,"NATUREZA-occurances":4,"NATUREZA-percentage":0.1444564824846515,"TV E CELEBRIDADES-occurances":4,"TV E CELEBRIDADES-percentage":0.1444564824846515,"HUMOR-occurances":3,"HUMOR-percentage":0.10834236186348863,"SEXO-occurances":3,"SEXO-percentage":0.10834236186348863,"INTERNACIONAL-occurances":2,"INTERNACIONAL-percentage":0.07222824124232576,"CIÊNCIA-occurances":1,"CIÊNCIA-percentage":0.03611412062116288,"POLÍTICA-occurances":1,"POLÍTICA-percentage":0.03611412062116288,"TWITTER-occurances":1,"TWITTER-percentage":0.03611412062116288,"LINKEDIN-occurances":0,"LINKEDIN-percentage":0}