{"totalHistoryAmount":3580,"TECNOLOGIA-occurances":1730,"TECNOLOGIA-percentage":48.324022346368714,"YOUTUBE-occurances":273,"YOUTUBE-percentage":7.625698324022347,"FACEBOOK-occurances":212,"FACEBOOK-percentage":5.921787709497207,"ESPORTE-occurances":150,"ESPORTE-percentage":4.189944134078212,"FITNESS-occurances":57,"FITNESS-percentage":1.5921787709497206,"POP/ARTE-occurances":50,"POP/ARTE-percentage":1.3966480446927374,"ECONOMIA-occurances":35,"ECONOMIA-percentage":0.9776536312849162,"INSTAGRAM-occurances":33,"INSTAGRAM-percentage":0.9217877094972067,"MODA-occurances":25,"MODA-percentage":0.6983240223463687,"NOTÍCIAS-occurances":22,"NOTÍCIAS-percentage":0.6145251396648045,"TV E CELEBRIDADES-occurances":19,"TV E CELEBRIDADES-percentage":0.5307262569832403,"JOGOS-occurances":18,"JOGOS-percentage":0.5027932960893855,"SÉRIES E FILMES-occurances":17,"SÉRIES E FILMES-percentage":0.4748603351955307,"POLÍTICA-occurances":15,"POLÍTICA-percentage":0.41899441340782123,"EDUCAÇÃO-occurances":13,"EDUCAÇÃO-percentage":0.36312849162011174,"VIAGENS-occurances":12,"VIAGENS-percentage":0.33519553072625696,"INTERNACIONAL-occurances":9,"INTERNACIONAL-percentage":0.25139664804469275,"CARROS-occurances":8,"CARROS-percentage":0.22346368715083798,"HUMOR-occurances":6,"HUMOR-percentage":0.16759776536312848,"DECORAÇÃO-occurances":5,"DECORAÇÃO-percentage":0.13966480446927373,"ESOTERISMO-occurances":5,"ESOTERISMO-percentage":0.13966480446927373,"SEXO-occurances":4,"SEXO-percentage":0.11173184357541899,"CIÊNCIA-occurances":1,"CIÊNCIA-percentage":0.027932960893854747,"LINKEDIN-occurances":1,"LINKEDIN-percentage":0.027932960893854747,"NATUREZA-occurances":1,"NATUREZA-percentage":0.027932960893854747,"TWITTER-occurances":1,"TWITTER-percentage":0.027932960893854747,"ALIMENTAÇÃO E SAÚDE-occurances":0,"ALIMENTAÇÃO E SAÚDE-percentage":0}