{"totalHistoryAmount":2204,"TECNOLOGIA-occurances":1138,"TECNOLOGIA-percentage":51.633393829401086,"YOUTUBE-occurances":178,"YOUTUBE-percentage":8.07622504537205,"FACEBOOK-occurances":140,"FACEBOOK-percentage":6.352087114337568,"ESPORTE-occurances":96,"ESPORTE-percentage":4.3557168784029034,"FITNESS-occurances":56,"FITNESS-percentage":2.540834845735027,"ECONOMIA-occurances":33,"ECONOMIA-percentage":1.4972776769509981,"POP/ARTE-occurances":29,"POP/ARTE-percentage":1.3157894736842106,"INSTAGRAM-occurances":27,"INSTAGRAM-percentage":1.2250453720508168,"NOTÍCIAS-occurances":15,"NOTÍCIAS-percentage":0.6805807622504537,"SÉRIES E FILMES-occurances":14,"SÉRIES E FILMES-percentage":0.6352087114337568,"JOGOS-occurances":13,"JOGOS-percentage":0.5898366606170599,"EDUCAÇÃO-occurances":12,"EDUCAÇÃO-percentage":0.5444646098003629,"VIAGENS-occurances":11,"VIAGENS-percentage":0.49909255898366606,"HUMOR-occurances":6,"HUMOR-percentage":0.27223230490018147,"POLÍTICA-occurances":6,"POLÍTICA-percentage":0.27223230490018147,"CARROS-occurances":5,"CARROS-percentage":0.22686025408348456,"TV E CELEBRIDADES-occurances":5,"TV E CELEBRIDADES-percentage":0.22686025408348456,"ESOTERISMO-occurances":2,"ESOTERISMO-percentage":0.09074410163339383,"CIÊNCIA-occurances":1,"CIÊNCIA-percentage":0.045372050816696916,"DECORAÇÃO-occurances":1,"DECORAÇÃO-percentage":0.045372050816696916,"LINKEDIN-occurances":1,"LINKEDIN-percentage":0.045372050816696916,"MODA-occurances":1,"MODA-percentage":0.045372050816696916,"NATUREZA-occurances":1,"NATUREZA-percentage":0.045372050816696916,"ALIMENTAÇÃO E SAÚDE-occurances":0,"ALIMENTAÇÃO E SAÚDE-percentage":0,"INTERNACIONAL-occurances":0,"INTERNACIONAL-percentage":0,"SEXO-occurances":0,"SEXO-percentage":0,"TWITTER-occurances":0,"TWITTER-percentage":0}