{"totalHistoryAmount":6590,"TECNOLOGIA-occurances":1829,"TECNOLOGIA-percentage":27.754172989377846,"YOUTUBE-occurances":446,"YOUTUBE-percentage":6.76783004552352,"NOTÍCIAS-occurances":439,"NOTÍCIAS-percentage":6.661608497723824,"DECORAÇÃO-occurances":387,"DECORAÇÃO-percentage":5.872534142640364,"SÉRIES E FILMES-occurances":257,"SÉRIES E FILMES-percentage":3.899848254931715,"FACEBOOK-occurances":181,"FACEBOOK-percentage":2.7465857359635812,"ESPORTE-occurances":124,"ESPORTE-percentage":1.881638846737481,"POP/ARTE-occurances":122,"POP/ARTE-percentage":1.8512898330804248,"TV E CELEBRIDADES-occurances":77,"TV E CELEBRIDADES-percentage":1.1684370257966616,"MODA-occurances":66,"MODA-percentage":1.0015174506828528,"CARROS-occurances":64,"CARROS-percentage":0.9711684370257967,"ALIMENTAÇÃO E SAÚDE-occurances":58,"ALIMENTAÇÃO E SAÚDE-percentage":0.8801213960546282,"JOGOS-occurances":39,"JOGOS-percentage":0.5918057663125948,"VIAGENS-occurances":37,"VIAGENS-percentage":0.5614567526555387,"SEXO-occurances":28,"SEXO-percentage":0.424886191198786,"EDUCAÇÃO-occurances":24,"EDUCAÇÃO-percentage":0.36418816388467373,"INTERNACIONAL-occurances":19,"INTERNACIONAL-percentage":0.2883156297420334,"CIÊNCIA-occurances":11,"CIÊNCIA-percentage":0.1669195751138088,"HUMOR-occurances":10,"HUMOR-percentage":0.15174506828528073,"LINKEDIN-occurances":10,"LINKEDIN-percentage":0.15174506828528073,"ESOTERISMO-occurances":9,"ESOTERISMO-percentage":0.13657056145675264,"ECONOMIA-occurances":8,"ECONOMIA-percentage":0.12139605462822459,"FITNESS-occurances":8,"FITNESS-percentage":0.12139605462822459,"NATUREZA-occurances":5,"NATUREZA-percentage":0.07587253414264036,"TWITTER-occurances":3,"TWITTER-percentage":0.04552352048558422,"POLÍTICA-occurances":1,"POLÍTICA-percentage":0.015174506828528073,"INSTAGRAM-occurances":0,"INSTAGRAM-percentage":0}