{"totalHistoryAmount":6506,"TECNOLOGIA-occurances":1824,"TECNOLOGIA-percentage":28.03565939133108,"NOTÍCIAS-occurances":447,"NOTÍCIAS-percentage":6.87058100215186,"DECORAÇÃO-occurances":354,"DECORAÇÃO-percentage":5.441131263449124,"YOUTUBE-occurances":302,"YOUTUBE-percentage":4.641869043959422,"FACEBOOK-occurances":243,"FACEBOOK-percentage":3.735013833384568,"SÉRIES E FILMES-occurances":216,"SÉRIES E FILMES-percentage":3.3200122963418384,"POP/ARTE-occurances":133,"POP/ARTE-percentage":2.0442668306178913,"ESPORTE-occurances":132,"ESPORTE-percentage":2.028896403320012,"MODA-occurances":68,"MODA-percentage":1.045189056255764,"ALIMENTAÇÃO E SAÚDE-occurances":58,"ALIMENTAÇÃO E SAÚDE-percentage":0.8914847832769751,"CARROS-occurances":57,"CARROS-percentage":0.8761143559790963,"TV E CELEBRIDADES-occurances":54,"TV E CELEBRIDADES-percentage":0.8300030740854596,"JOGOS-occurances":36,"JOGOS-percentage":0.5533353827236397,"VIAGENS-occurances":36,"VIAGENS-percentage":0.5533353827236397,"SEXO-occurances":31,"SEXO-percentage":0.4764832462342453,"EDUCAÇÃO-occurances":25,"EDUCAÇÃO-percentage":0.38426068244697204,"INTERNACIONAL-occurances":15,"INTERNACIONAL-percentage":0.2305564094681832,"CIÊNCIA-occurances":14,"CIÊNCIA-percentage":0.21518598217030432,"HUMOR-occurances":11,"HUMOR-percentage":0.16907470027666768,"ECONOMIA-occurances":10,"ECONOMIA-percentage":0.1537042729787888,"LINKEDIN-occurances":10,"LINKEDIN-percentage":0.1537042729787888,"FITNESS-occurances":7,"FITNESS-percentage":0.10759299108515216,"ESOTERISMO-occurances":6,"ESOTERISMO-percentage":0.09222256378727328,"NATUREZA-occurances":5,"NATUREZA-percentage":0.0768521364893944,"INSTAGRAM-occurances":3,"INSTAGRAM-percentage":0.04611128189363664,"TWITTER-occurances":3,"TWITTER-percentage":0.04611128189363664,"POLÍTICA-occurances":1,"POLÍTICA-percentage":0.01537042729787888}