{"totalHistoryAmount":2470,"TECNOLOGIA-occurances":1203,"TECNOLOGIA-percentage":48.70445344129555,"YOUTUBE-occurances":217,"YOUTUBE-percentage":8.785425101214575,"FACEBOOK-occurances":140,"FACEBOOK-percentage":5.668016194331984,"ESPORTE-occurances":112,"ESPORTE-percentage":4.534412955465587,"FITNESS-occurances":56,"FITNESS-percentage":2.2672064777327936,"ECONOMIA-occurances":34,"ECONOMIA-percentage":1.3765182186234817,"POP/ARTE-occurances":29,"POP/ARTE-percentage":1.174089068825911,"INSTAGRAM-occurances":27,"INSTAGRAM-percentage":1.0931174089068827,"NOTÍCIAS-occurances":17,"NOTÍCIAS-percentage":0.6882591093117408,"JOGOS-occurances":16,"JOGOS-percentage":0.6477732793522267,"SÉRIES E FILMES-occurances":14,"SÉRIES E FILMES-percentage":0.5668016194331984,"EDUCAÇÃO-occurances":12,"EDUCAÇÃO-percentage":0.48582995951417,"VIAGENS-occurances":11,"VIAGENS-percentage":0.44534412955465585,"POLÍTICA-occurances":8,"POLÍTICA-percentage":0.32388663967611336,"TV E CELEBRIDADES-occurances":7,"TV E CELEBRIDADES-percentage":0.2834008097165992,"CARROS-occurances":6,"CARROS-percentage":0.242914979757085,"HUMOR-occurances":6,"HUMOR-percentage":0.242914979757085,"ESOTERISMO-occurances":2,"ESOTERISMO-percentage":0.08097165991902834,"CIÊNCIA-occurances":1,"CIÊNCIA-percentage":0.04048582995951417,"DECORAÇÃO-occurances":1,"DECORAÇÃO-percentage":0.04048582995951417,"LINKEDIN-occurances":1,"LINKEDIN-percentage":0.04048582995951417,"MODA-occurances":1,"MODA-percentage":0.04048582995951417,"NATUREZA-occurances":1,"NATUREZA-percentage":0.04048582995951417,"ALIMENTAÇÃO E SAÚDE-occurances":0,"ALIMENTAÇÃO E SAÚDE-percentage":0,"INTERNACIONAL-occurances":0,"INTERNACIONAL-percentage":0,"SEXO-occurances":0,"SEXO-percentage":0,"TWITTER-occurances":0,"TWITTER-percentage":0}