{"totalHistoryAmount":3537,"TECNOLOGIA-occurances":1724,"TECNOLOGIA-percentage":48.741871642635004,"YOUTUBE-occurances":273,"YOUTUBE-percentage":7.718405428329093,"FACEBOOK-occurances":212,"FACEBOOK-percentage":5.993780039581567,"ESPORTE-occurances":150,"ESPORTE-percentage":4.2408821034775235,"FITNESS-occurances":57,"FITNESS-percentage":1.6115351993214588,"POP/ARTE-occurances":37,"POP/ARTE-percentage":1.0460842521911224,"ECONOMIA-occurances":35,"ECONOMIA-percentage":0.9895391574780887,"INSTAGRAM-occurances":33,"INSTAGRAM-percentage":0.9329940627650551,"MODA-occurances":25,"MODA-percentage":0.7068136839129205,"NOTÍCIAS-occurances":21,"NOTÍCIAS-percentage":0.5937234944868532,"TV E CELEBRIDADES-occurances":19,"TV E CELEBRIDADES-percentage":0.5371783997738196,"JOGOS-occurances":18,"JOGOS-percentage":0.5089058524173028,"SÉRIES E FILMES-occurances":17,"SÉRIES E FILMES-percentage":0.480633305060786,"POLÍTICA-occurances":15,"POLÍTICA-percentage":0.42408821034775235,"EDUCAÇÃO-occurances":13,"EDUCAÇÃO-percentage":0.3675431156347187,"VIAGENS-occurances":12,"VIAGENS-percentage":0.33927056827820185,"INTERNACIONAL-occurances":9,"INTERNACIONAL-percentage":0.2544529262086514,"CARROS-occurances":8,"CARROS-percentage":0.22618037885213457,"HUMOR-occurances":6,"HUMOR-percentage":0.16963528413910092,"DECORAÇÃO-occurances":5,"DECORAÇÃO-percentage":0.1413627367825841,"ESOTERISMO-occurances":2,"ESOTERISMO-percentage":0.05654509471303364,"CIÊNCIA-occurances":1,"CIÊNCIA-percentage":0.02827254735651682,"LINKEDIN-occurances":1,"LINKEDIN-percentage":0.02827254735651682,"NATUREZA-occurances":1,"NATUREZA-percentage":0.02827254735651682,"TWITTER-occurances":1,"TWITTER-percentage":0.02827254735651682,"ALIMENTAÇÃO E SAÚDE-occurances":0,"ALIMENTAÇÃO E SAÚDE-percentage":0,"SEXO-occurances":0,"SEXO-percentage":0}