{"totalHistoryAmount":2788,"TECNOLOGIA-occurances":1092,"TECNOLOGIA-percentage":39.16786226685796,"DECORAÇÃO-occurances":384,"DECORAÇÃO-percentage":13.773314203730273,"FACEBOOK-occurances":95,"FACEBOOK-percentage":3.407460545193687,"ESPORTE-occurances":65,"ESPORTE-percentage":2.33142037302726,"NOTÍCIAS-occurances":36,"NOTÍCIAS-percentage":1.291248206599713,"POP/ARTE-occurances":36,"POP/ARTE-percentage":1.291248206599713,"ALIMENTAÇÃO E SAÚDE-occurances":31,"ALIMENTAÇÃO E SAÚDE-percentage":1.1119081779053084,"SÉRIES E FILMES-occurances":26,"SÉRIES E FILMES-percentage":0.9325681492109039,"MODA-occurances":25,"MODA-percentage":0.896700143472023,"YOUTUBE-occurances":21,"YOUTUBE-percentage":0.7532281205164992,"JOGOS-occurances":13,"JOGOS-percentage":0.46628407460545196,"ECONOMIA-occurances":10,"ECONOMIA-percentage":0.3586800573888092,"FITNESS-occurances":10,"FITNESS-percentage":0.3586800573888092,"INSTAGRAM-occurances":8,"INSTAGRAM-percentage":0.28694404591104733,"VIAGENS-occurances":6,"VIAGENS-percentage":0.2152080344332855,"CARROS-occurances":5,"CARROS-percentage":0.1793400286944046,"EDUCAÇÃO-occurances":5,"EDUCAÇÃO-percentage":0.1793400286944046,"INTERNACIONAL-occurances":5,"INTERNACIONAL-percentage":0.1793400286944046,"ESOTERISMO-occurances":4,"ESOTERISMO-percentage":0.14347202295552366,"NATUREZA-occurances":4,"NATUREZA-percentage":0.14347202295552366,"TV E CELEBRIDADES-occurances":4,"TV E CELEBRIDADES-percentage":0.14347202295552366,"HUMOR-occurances":3,"HUMOR-percentage":0.10760401721664276,"SEXO-occurances":3,"SEXO-percentage":0.10760401721664276,"CIÊNCIA-occurances":1,"CIÊNCIA-percentage":0.035868005738880916,"POLÍTICA-occurances":1,"POLÍTICA-percentage":0.035868005738880916,"TWITTER-occurances":1,"TWITTER-percentage":0.035868005738880916,"LINKEDIN-occurances":0,"LINKEDIN-percentage":0}