{"totalHistoryAmount":6466,"TECNOLOGIA-occurances":1834,"TECNOLOGIA-percentage":28.363748840086608,"NOTÍCIAS-occurances":450,"NOTÍCIAS-percentage":6.959480358799876,"DECORAÇÃO-occurances":346,"DECORAÇÃO-percentage":5.351067120321683,"YOUTUBE-occurances":281,"YOUTUBE-percentage":4.345808846272812,"FACEBOOK-occurances":245,"FACEBOOK-percentage":3.7890504175688213,"SÉRIES E FILMES-occurances":214,"SÉRIES E FILMES-percentage":3.3096195484070523,"ESPORTE-occurances":132,"ESPORTE-percentage":2.0414475719146306,"POP/ARTE-occurances":129,"POP/ARTE-percentage":1.995051036189298,"MODA-occurances":71,"MODA-percentage":1.098051345499536,"ALIMENTAÇÃO E SAÚDE-occurances":58,"ALIMENTAÇÃO E SAÚDE-percentage":0.8969996906897618,"CARROS-occurances":57,"CARROS-percentage":0.8815341787813177,"TV E CELEBRIDADES-occurances":48,"TV E CELEBRIDADES-percentage":0.7423445716053202,"JOGOS-occurances":36,"JOGOS-percentage":0.5567584287039901,"VIAGENS-occurances":36,"VIAGENS-percentage":0.5567584287039901,"SEXO-occurances":31,"SEXO-percentage":0.47943086916176925,"EDUCAÇÃO-occurances":25,"EDUCAÇÃO-percentage":0.38663779771110424,"INTERNACIONAL-occurances":15,"INTERNACIONAL-percentage":0.23198267862666255,"CIÊNCIA-occurances":14,"CIÊNCIA-percentage":0.21651716671821838,"HUMOR-occurances":11,"HUMOR-percentage":0.17012063099288585,"ECONOMIA-occurances":10,"ECONOMIA-percentage":0.15465511908444168,"LINKEDIN-occurances":10,"LINKEDIN-percentage":0.15465511908444168,"FITNESS-occurances":7,"FITNESS-percentage":0.10825858335910919,"ESOTERISMO-occurances":6,"ESOTERISMO-percentage":0.09279307145066502,"NATUREZA-occurances":5,"NATUREZA-percentage":0.07732755954222084,"INSTAGRAM-occurances":3,"INSTAGRAM-percentage":0.04639653572533251,"TWITTER-occurances":3,"TWITTER-percentage":0.04639653572533251,"POLÍTICA-occurances":1,"POLÍTICA-percentage":0.01546551190844417}