{"totalHistoryAmount":6526,"TECNOLOGIA-occurances":1648,"TECNOLOGIA-percentage":25.252834814587803,"FACEBOOK-occurances":696,"FACEBOOK-percentage":10.665032178976402,"NOTÍCIAS-occurances":388,"NOTÍCIAS-percentage":5.945448973337419,"DECORAÇÃO-occurances":353,"DECORAÇÃO-percentage":5.409132699969353,"MODA-occurances":248,"MODA-percentage":3.8001838798651546,"ESPORTE-occurances":217,"ESPORTE-percentage":3.3251608948820106,"ESOTERISMO-occurances":160,"ESOTERISMO-percentage":2.451731535396874,"LINKEDIN-occurances":136,"LINKEDIN-percentage":2.083971805087343,"TV E CELEBRIDADES-occurances":106,"TV E CELEBRIDADES-percentage":1.6242721422004291,"POP/ARTE-occurances":92,"POP/ARTE-percentage":1.4097456328532025,"YOUTUBE-occurances":87,"YOUTUBE-percentage":1.3331290223720502,"SÉRIES E FILMES-occurances":74,"SÉRIES E FILMES-percentage":1.1339258351210542,"ALIMENTAÇÃO E SAÚDE-occurances":60,"ALIMENTAÇÃO E SAÚDE-percentage":0.9193993257738278,"POLÍTICA-occurances":55,"POLÍTICA-percentage":0.8427827152926755,"CARROS-occurances":37,"CARROS-percentage":0.5669629175605271,"EDUCAÇÃO-occurances":30,"EDUCAÇÃO-percentage":0.4596996628869139,"ECONOMIA-occurances":26,"ECONOMIA-percentage":0.398406374501992,"CIÊNCIA-occurances":24,"CIÊNCIA-percentage":0.36775973030953113,"NATUREZA-occurances":18,"NATUREZA-percentage":0.2758197977321483,"SEXO-occurances":18,"SEXO-percentage":0.2758197977321483,"JOGOS-occurances":17,"JOGOS-percentage":0.2604964756359179,"HUMOR-occurances":13,"HUMOR-percentage":0.199203187250996,"INTERNACIONAL-occurances":13,"INTERNACIONAL-percentage":0.199203187250996,"TWITTER-occurances":10,"TWITTER-percentage":0.15323322096230463,"FITNESS-occurances":9,"FITNESS-percentage":0.13790989886607416,"INSTAGRAM-occurances":9,"INSTAGRAM-percentage":0.13790989886607416,"VIAGENS-occurances":6,"VIAGENS-percentage":0.09193993257738278}