{"totalHistoryAmount":3152,"TECNOLOGIA-occurances":1153,"TECNOLOGIA-percentage":36.57994923857868,"DECORAÇÃO-occurances":422,"DECORAÇÃO-percentage":13.388324873096447,"FACEBOOK-occurances":149,"FACEBOOK-percentage":4.727157360406092,"ESPORTE-occurances":114,"ESPORTE-percentage":3.616751269035533,"POP/ARTE-occurances":43,"POP/ARTE-percentage":1.364213197969543,"ALIMENTAÇÃO E SAÚDE-occurances":34,"ALIMENTAÇÃO E SAÚDE-percentage":1.0786802030456852,"NOTÍCIAS-occurances":34,"NOTÍCIAS-percentage":1.0786802030456852,"SÉRIES E FILMES-occurances":32,"SÉRIES E FILMES-percentage":1.015228426395939,"MODA-occurances":24,"MODA-percentage":0.7614213197969543,"JOGOS-occurances":21,"JOGOS-percentage":0.666243654822335,"YOUTUBE-occurances":19,"YOUTUBE-percentage":0.6027918781725888,"TWITTER-occurances":16,"TWITTER-percentage":0.5076142131979695,"CARROS-occurances":11,"CARROS-percentage":0.3489847715736041,"ECONOMIA-occurances":10,"ECONOMIA-percentage":0.31725888324873097,"INSTAGRAM-occurances":8,"INSTAGRAM-percentage":0.25380710659898476,"VIAGENS-occurances":7,"VIAGENS-percentage":0.22208121827411167,"EDUCAÇÃO-occurances":6,"EDUCAÇÃO-percentage":0.19035532994923857,"INTERNACIONAL-occurances":6,"INTERNACIONAL-percentage":0.19035532994923857,"FITNESS-occurances":5,"FITNESS-percentage":0.15862944162436549,"ESOTERISMO-occurances":4,"ESOTERISMO-percentage":0.12690355329949238,"NATUREZA-occurances":4,"NATUREZA-percentage":0.12690355329949238,"TV E CELEBRIDADES-occurances":4,"TV E CELEBRIDADES-percentage":0.12690355329949238,"HUMOR-occurances":3,"HUMOR-percentage":0.09517766497461928,"CIÊNCIA-occurances":2,"CIÊNCIA-percentage":0.06345177664974619,"POLÍTICA-occurances":2,"POLÍTICA-percentage":0.06345177664974619,"SEXO-occurances":2,"SEXO-percentage":0.06345177664974619,"LINKEDIN-occurances":0,"LINKEDIN-percentage":0}