{"totalHistoryAmount":6939,"TECNOLOGIA-occurances":1817,"TECNOLOGIA-percentage":26.185329298169766,"NOTÍCIAS-occurances":485,"NOTÍCIAS-percentage":6.989479752125667,"FACEBOOK-occurances":429,"FACEBOOK-percentage":6.182447038478167,"DECORAÇÃO-occurances":366,"DECORAÇÃO-percentage":5.27453523562473,"MODA-occurances":274,"MODA-percentage":3.9486957774895517,"YOUTUBE-occurances":188,"YOUTUBE-percentage":2.70932411010232,"ESPORTE-occurances":184,"ESPORTE-percentage":2.651678916270356,"POP/ARTE-occurances":127,"POP/ARTE-percentage":1.8302349041648653,"SÉRIES E FILMES-occurances":108,"SÉRIES E FILMES-percentage":1.556420233463035,"TV E CELEBRIDADES-occurances":59,"TV E CELEBRIDADES-percentage":0.8502666090214729,"ALIMENTAÇÃO E SAÚDE-occurances":58,"ALIMENTAÇÃO E SAÚDE-percentage":0.8358553105634817,"CARROS-occurances":41,"CARROS-percentage":0.5908632367776336,"JOGOS-occurances":35,"JOGOS-percentage":0.5043954460296872,"VIAGENS-occurances":35,"VIAGENS-percentage":0.5043954460296872,"EDUCAÇÃO-occurances":33,"EDUCAÇÃO-percentage":0.4755728491137051,"SEXO-occurances":32,"SEXO-percentage":0.46116155065571407,"INTERNACIONAL-occurances":22,"INTERNACIONAL-percentage":0.31704856607580345,"CIÊNCIA-occurances":21,"CIÊNCIA-percentage":0.30263726761781234,"HUMOR-occurances":18,"HUMOR-percentage":0.2594033722438392,"ECONOMIA-occurances":11,"ECONOMIA-percentage":0.15852428303790173,"LINKEDIN-occurances":10,"LINKEDIN-percentage":0.14411298457991065,"NATUREZA-occurances":8,"NATUREZA-percentage":0.11529038766392852,"POLÍTICA-occurances":7,"POLÍTICA-percentage":0.10087908920593745,"ESOTERISMO-occurances":6,"ESOTERISMO-percentage":0.08646779074794639,"FITNESS-occurances":5,"FITNESS-percentage":0.07205649228995532,"INSTAGRAM-occurances":4,"INSTAGRAM-percentage":0.05764519383196426,"TWITTER-occurances":4,"TWITTER-percentage":0.05764519383196426}