{"totalHistoryAmount":6937,"TECNOLOGIA-occurances":1904,"TECNOLOGIA-percentage":27.44702320887992,"NOTÍCIAS-occurances":465,"NOTÍCIAS-percentage":6.703185815193888,"DECORAÇÃO-occurances":364,"DECORAÇÃO-percentage":5.247225025227044,"FACEBOOK-occurances":319,"FACEBOOK-percentage":4.598529623756667,"MODA-occurances":268,"MODA-percentage":3.8633415020902406,"YOUTUBE-occurances":238,"YOUTUBE-percentage":3.43087790110999,"SÉRIES E FILMES-occurances":164,"SÉRIES E FILMES-percentage":2.364134352025371,"ESPORTE-occurances":161,"ESPORTE-percentage":2.320887991927346,"POP/ARTE-occurances":128,"POP/ARTE-percentage":1.8451780308490702,"ALIMENTAÇÃO E SAÚDE-occurances":72,"ALIMENTAÇÃO E SAÚDE-percentage":1.037912642352602,"TV E CELEBRIDADES-occurances":59,"TV E CELEBRIDADES-percentage":0.8505117485944933,"CARROS-occurances":47,"CARROS-percentage":0.677526308202393,"JOGOS-occurances":36,"JOGOS-percentage":0.518956321176301,"VIAGENS-occurances":36,"VIAGENS-percentage":0.518956321176301,"SEXO-occurances":32,"SEXO-percentage":0.46129450771226754,"EDUCAÇÃO-occurances":26,"EDUCAÇÃO-percentage":0.3748017875162174,"CIÊNCIA-occurances":18,"CIÊNCIA-percentage":0.2594781605881505,"INTERNACIONAL-occurances":17,"INTERNACIONAL-percentage":0.24506270722214213,"HUMOR-occurances":11,"HUMOR-percentage":0.15856998702609196,"LINKEDIN-occurances":10,"LINKEDIN-percentage":0.1441545336600836,"ECONOMIA-occurances":9,"ECONOMIA-percentage":0.12973908029407524,"NATUREZA-occurances":8,"NATUREZA-percentage":0.11532362692806689,"FITNESS-occurances":7,"FITNESS-percentage":0.10090817356205853,"ESOTERISMO-occurances":5,"ESOTERISMO-percentage":0.0720772668300418,"INSTAGRAM-occurances":4,"INSTAGRAM-percentage":0.05766181346403344,"TWITTER-occurances":3,"TWITTER-percentage":0.043246360098025086,"POLÍTICA-occurances":2,"POLÍTICA-percentage":0.02883090673201672}