{"totalHistoryAmount":9107,"TECNOLOGIA-occurances":4153,"TECNOLOGIA-percentage":45.60228395739541,"ESPORTE-occurances":1561,"ESPORTE-percentage":17.14066102997694,"FACEBOOK-occurances":1211,"FACEBOOK-percentage":13.297463489623366,"SEXO-occurances":479,"SEXO-percentage":5.2596903480838915,"INSTAGRAM-occurances":180,"INSTAGRAM-percentage":1.976501592181838,"CARROS-occurances":129,"CARROS-percentage":1.4164928077303174,"DECORAÇÃO-occurances":66,"DECORAÇÃO-percentage":0.724717250466674,"POP/ARTE-occurances":62,"POP/ARTE-percentage":0.6807949928626331,"EDUCAÇÃO-occurances":61,"EDUCAÇÃO-percentage":0.669814428461623,"NOTÍCIAS-occurances":48,"NOTÍCIAS-percentage":0.5270670912484902,"ESOTERISMO-occurances":43,"ESOTERISMO-percentage":0.4721642692434391,"YOUTUBE-occurances":42,"YOUTUBE-percentage":0.4611837048424289,"JOGOS-occurances":25,"JOGOS-percentage":0.2745141100252553,"LINKEDIN-occurances":21,"LINKEDIN-percentage":0.23059185242121444,"MODA-occurances":17,"MODA-percentage":0.1866695948171736,"TWITTER-occurances":15,"TWITTER-percentage":0.16470846601515318,"SÉRIES E FILMES-occurances":12,"SÉRIES E FILMES-percentage":0.13176677281212254,"ECONOMIA-occurances":11,"ECONOMIA-percentage":0.12078620841111233,"TV E CELEBRIDADES-occurances":10,"TV E CELEBRIDADES-percentage":0.10980564401010212,"ALIMENTAÇÃO E SAÚDE-occurances":4,"ALIMENTAÇÃO E SAÚDE-percentage":0.043922257604040844,"FITNESS-occurances":4,"FITNESS-percentage":0.043922257604040844,"VIAGENS-occurances":3,"VIAGENS-percentage":0.032941693203030635,"CIÊNCIA-occurances":2,"CIÊNCIA-percentage":0.021961128802020422,"POLÍTICA-occurances":2,"POLÍTICA-percentage":0.021961128802020422,"INTERNACIONAL-occurances":1,"INTERNACIONAL-percentage":0.010980564401010211,"HUMOR-occurances":0,"HUMOR-percentage":0,"NATUREZA-occurances":0,"NATUREZA-percentage":0}