{"totalHistoryAmount":3966,"TECNOLOGIA-occurances":2091,"TECNOLOGIA-percentage":52.723146747352494,"YOUTUBE-occurances":236,"YOUTUBE-percentage":5.9505799293998995,"FACEBOOK-occurances":204,"FACEBOOK-percentage":5.143721633888048,"ESPORTE-occurances":170,"ESPORTE-percentage":4.286434694906707,"POP/ARTE-occurances":63,"POP/ARTE-percentage":1.588502269288956,"DECORAÇÃO-occurances":46,"DECORAÇÃO-percentage":1.1598587997982854,"NOTÍCIAS-occurances":38,"NOTÍCIAS-percentage":0.9581442259203228,"MODA-occurances":37,"MODA-percentage":0.9329299041855774,"ALIMENTAÇÃO E SAÚDE-occurances":27,"ALIMENTAÇÃO E SAÚDE-percentage":0.680786686838124,"FITNESS-occurances":26,"FITNESS-percentage":0.6555723651033787,"INSTAGRAM-occurances":26,"INSTAGRAM-percentage":0.6555723651033787,"POLÍTICA-occurances":23,"POLÍTICA-percentage":0.5799293998991427,"TV E CELEBRIDADES-occurances":23,"TV E CELEBRIDADES-percentage":0.5799293998991427,"ESOTERISMO-occurances":20,"ESOTERISMO-percentage":0.5042864346949067,"ECONOMIA-occurances":18,"ECONOMIA-percentage":0.45385779122541603,"JOGOS-occurances":16,"JOGOS-percentage":0.40342914775592537,"TWITTER-occurances":11,"TWITTER-percentage":0.2773575390821987,"INTERNACIONAL-occurances":10,"INTERNACIONAL-percentage":0.2521432173474534,"EDUCAÇÃO-occurances":7,"EDUCAÇÃO-percentage":0.17650025214321735,"SEXO-occurances":7,"SEXO-percentage":0.17650025214321735,"CARROS-occurances":6,"CARROS-percentage":0.15128593040847202,"LINKEDIN-occurances":6,"LINKEDIN-percentage":0.15128593040847202,"HUMOR-occurances":4,"HUMOR-percentage":0.10085728693898134,"SÉRIES E FILMES-occurances":4,"SÉRIES E FILMES-percentage":0.10085728693898134,"VIAGENS-occurances":1,"VIAGENS-percentage":0.025214321734745335,"CIÊNCIA-occurances":0,"CIÊNCIA-percentage":0,"NATUREZA-occurances":0,"NATUREZA-percentage":0}