{"totalHistoryAmount":3055,"TECNOLOGIA-occurances":1413,"TECNOLOGIA-percentage":46.252045826513914,"YOUTUBE-occurances":261,"YOUTUBE-percentage":8.543371522094926,"ESPORTE-occurances":143,"ESPORTE-percentage":4.680851063829787,"FACEBOOK-occurances":140,"FACEBOOK-percentage":4.582651391162029,"FITNESS-occurances":56,"FITNESS-percentage":1.8330605564648117,"POP/ARTE-occurances":37,"POP/ARTE-percentage":1.2111292962356792,"ECONOMIA-occurances":34,"ECONOMIA-percentage":1.1129296235679214,"INSTAGRAM-occurances":33,"INSTAGRAM-percentage":1.0801963993453356,"MODA-occurances":25,"MODA-percentage":0.8183306055646481,"TV E CELEBRIDADES-occurances":19,"TV E CELEBRIDADES-percentage":0.6219312602291326,"JOGOS-occurances":18,"JOGOS-percentage":0.5891980360065466,"NOTÍCIAS-occurances":17,"NOTÍCIAS-percentage":0.5564648117839607,"SÉRIES E FILMES-occurances":17,"SÉRIES E FILMES-percentage":0.5564648117839607,"POLÍTICA-occurances":15,"POLÍTICA-percentage":0.4909983633387889,"EDUCAÇÃO-occurances":13,"EDUCAÇÃO-percentage":0.425531914893617,"VIAGENS-occurances":12,"VIAGENS-percentage":0.39279869067103107,"INTERNACIONAL-occurances":9,"INTERNACIONAL-percentage":0.2945990180032733,"CARROS-occurances":7,"CARROS-percentage":0.22913256955810146,"HUMOR-occurances":6,"HUMOR-percentage":0.19639934533551553,"ESOTERISMO-occurances":2,"ESOTERISMO-percentage":0.06546644844517185,"CIÊNCIA-occurances":1,"CIÊNCIA-percentage":0.03273322422258593,"DECORAÇÃO-occurances":1,"DECORAÇÃO-percentage":0.03273322422258593,"LINKEDIN-occurances":1,"LINKEDIN-percentage":0.03273322422258593,"NATUREZA-occurances":1,"NATUREZA-percentage":0.03273322422258593,"TWITTER-occurances":1,"TWITTER-percentage":0.03273322422258593,"ALIMENTAÇÃO E SAÚDE-occurances":0,"ALIMENTAÇÃO E SAÚDE-percentage":0,"SEXO-occurances":0,"SEXO-percentage":0}