{"totalHistoryAmount":2996,"TECNOLOGIA-occurances":1021,"TECNOLOGIA-percentage":34.07877169559413,"LINKEDIN-occurances":280,"LINKEDIN-percentage":9.345794392523365,"EDUCAÇÃO-occurances":92,"EDUCAÇÃO-percentage":3.0707610146862483,"FACEBOOK-occurances":69,"FACEBOOK-percentage":2.3030707610146863,"CARROS-occurances":40,"CARROS-percentage":1.335113484646195,"VIAGENS-occurances":38,"VIAGENS-percentage":1.2683578104138853,"ESPORTE-occurances":30,"ESPORTE-percentage":1.0013351134846462,"FITNESS-occurances":26,"FITNESS-percentage":0.8678237650200267,"YOUTUBE-occurances":25,"YOUTUBE-percentage":0.8344459279038718,"INSTAGRAM-occurances":22,"INSTAGRAM-percentage":0.7343124165554072,"NOTÍCIAS-occurances":21,"NOTÍCIAS-percentage":0.7009345794392523,"CIÊNCIA-occurances":18,"CIÊNCIA-percentage":0.6008010680907877,"DECORAÇÃO-occurances":18,"DECORAÇÃO-percentage":0.6008010680907877,"TWITTER-occurances":17,"TWITTER-percentage":0.5674232309746329,"JOGOS-occurances":16,"JOGOS-percentage":0.5340453938584779,"ECONOMIA-occurances":13,"ECONOMIA-percentage":0.43391188251001334,"TV E CELEBRIDADES-occurances":13,"TV E CELEBRIDADES-percentage":0.43391188251001334,"POP/ARTE-occurances":12,"POP/ARTE-percentage":0.40053404539385845,"SEXO-occurances":11,"SEXO-percentage":0.3671562082777036,"MODA-occurances":9,"MODA-percentage":0.30040053404539385,"ESOTERISMO-occurances":6,"ESOTERISMO-percentage":0.20026702269692923,"ALIMENTAÇÃO E SAÚDE-occurances":5,"ALIMENTAÇÃO E SAÚDE-percentage":0.16688918558077437,"POLÍTICA-occurances":3,"POLÍTICA-percentage":0.10013351134846461,"HUMOR-occurances":0,"HUMOR-percentage":0,"INTERNACIONAL-occurances":0,"INTERNACIONAL-percentage":0,"NATUREZA-occurances":0,"NATUREZA-percentage":0,"SÉRIES E FILMES-occurances":0,"SÉRIES E FILMES-percentage":0}