{"totalHistoryAmount":7022,"TECNOLOGIA-occurances":1774,"TECNOLOGIA-percentage":25.263457704357734,"NOTÍCIAS-occurances":509,"NOTÍCIAS-percentage":7.248647109085731,"FACEBOOK-occurances":473,"FACEBOOK-percentage":6.7359726573625744,"DECORAÇÃO-occurances":352,"DECORAÇÃO-percentage":5.012816861293079,"MODA-occurances":278,"MODA-percentage":3.9589860438621476,"ESPORTE-occurances":199,"ESPORTE-percentage":2.833950441469667,"YOUTUBE-occurances":175,"YOUTUBE-percentage":2.4921674736542294,"POP/ARTE-occurances":123,"POP/ARTE-percentage":1.7516377100541156,"SÉRIES E FILMES-occurances":110,"SÉRIES E FILMES-percentage":1.566505269154087,"TV E CELEBRIDADES-occurances":60,"TV E CELEBRIDADES-percentage":0.854457419538593,"ESOTERISMO-occurances":58,"ESOTERISMO-percentage":0.8259755055539733,"ALIMENTAÇÃO E SAÚDE-occurances":54,"ALIMENTAÇÃO E SAÚDE-percentage":0.7690116775847337,"LINKEDIN-occurances":41,"LINKEDIN-percentage":0.5838792366847052,"EDUCAÇÃO-occurances":35,"EDUCAÇÃO-percentage":0.4984334947308459,"JOGOS-occurances":35,"JOGOS-percentage":0.4984334947308459,"SEXO-occurances":34,"SEXO-percentage":0.48419253773853604,"VIAGENS-occurances":33,"VIAGENS-percentage":0.46995158074622617,"CARROS-occurances":28,"CARROS-percentage":0.39874679578467676,"CIÊNCIA-occurances":21,"CIÊNCIA-percentage":0.29906009683850754,"INTERNACIONAL-occurances":20,"INTERNACIONAL-percentage":0.28481913984619767,"HUMOR-occurances":19,"HUMOR-percentage":0.2705781828538878,"ECONOMIA-occurances":12,"ECONOMIA-percentage":0.1708914839077186,"POLÍTICA-occurances":10,"POLÍTICA-percentage":0.14240956992309883,"NATUREZA-occurances":8,"NATUREZA-percentage":0.11392765593847906,"FITNESS-occurances":5,"FITNESS-percentage":0.07120478496154942,"TWITTER-occurances":5,"TWITTER-percentage":0.07120478496154942,"INSTAGRAM-occurances":4,"INSTAGRAM-percentage":0.05696382796923953}