{"totalHistoryAmount":3159,"TECNOLOGIA-occurances":1154,"TECNOLOGIA-percentage":36.53054764165875,"DECORAÇÃO-occurances":422,"DECORAÇÃO-percentage":13.358657803102247,"FACEBOOK-occurances":156,"FACEBOOK-percentage":4.938271604938271,"ESPORTE-occurances":114,"ESPORTE-percentage":3.6087369420702755,"POP/ARTE-occurances":43,"POP/ARTE-percentage":1.361190250079139,"ALIMENTAÇÃO E SAÚDE-occurances":34,"ALIMENTAÇÃO E SAÚDE-percentage":1.076289965178854,"NOTÍCIAS-occurances":34,"NOTÍCIAS-percentage":1.076289965178854,"SÉRIES E FILMES-occurances":32,"SÉRIES E FILMES-percentage":1.0129787907565686,"MODA-occurances":24,"MODA-percentage":0.7597340930674265,"JOGOS-occurances":21,"JOGOS-percentage":0.6647673314339981,"YOUTUBE-occurances":19,"YOUTUBE-percentage":0.6014561570117126,"TWITTER-occurances":16,"TWITTER-percentage":0.5064893953782843,"CARROS-occurances":11,"CARROS-percentage":0.3482114593225704,"ECONOMIA-occurances":10,"ECONOMIA-percentage":0.31655587211142766,"INSTAGRAM-occurances":8,"INSTAGRAM-percentage":0.25324469768914215,"VIAGENS-occurances":7,"VIAGENS-percentage":0.22158911047799937,"EDUCAÇÃO-occurances":6,"EDUCAÇÃO-percentage":0.1899335232668566,"INTERNACIONAL-occurances":6,"INTERNACIONAL-percentage":0.1899335232668566,"FITNESS-occurances":5,"FITNESS-percentage":0.15827793605571383,"ESOTERISMO-occurances":4,"ESOTERISMO-percentage":0.12662234884457108,"NATUREZA-occurances":4,"NATUREZA-percentage":0.12662234884457108,"TV E CELEBRIDADES-occurances":4,"TV E CELEBRIDADES-percentage":0.12662234884457108,"HUMOR-occurances":3,"HUMOR-percentage":0.0949667616334283,"CIÊNCIA-occurances":2,"CIÊNCIA-percentage":0.06331117442228554,"POLÍTICA-occurances":2,"POLÍTICA-percentage":0.06331117442228554,"SEXO-occurances":2,"SEXO-percentage":0.06331117442228554,"LINKEDIN-occurances":0,"LINKEDIN-percentage":0}