{"totalHistoryAmount":2882,"TECNOLOGIA-occurances":932,"TECNOLOGIA-percentage":32.33865371269951,"LINKEDIN-occurances":280,"LINKEDIN-percentage":9.715475364330326,"EDUCAÇÃO-occurances":92,"EDUCAÇÃO-percentage":3.1922276197085355,"FACEBOOK-occurances":69,"FACEBOOK-percentage":2.394170714781402,"CARROS-occurances":38,"CARROS-percentage":1.31852879944483,"VIAGENS-occurances":38,"VIAGENS-percentage":1.31852879944483,"ESPORTE-occurances":30,"ESPORTE-percentage":1.040943789035392,"FITNESS-occurances":26,"FITNESS-percentage":0.9021512838306731,"INSTAGRAM-occurances":25,"INSTAGRAM-percentage":0.8674531575294934,"YOUTUBE-occurances":25,"YOUTUBE-percentage":0.8674531575294934,"NOTÍCIAS-occurances":21,"NOTÍCIAS-percentage":0.7286606523247745,"CIÊNCIA-occurances":18,"CIÊNCIA-percentage":0.6245662734212353,"DECORAÇÃO-occurances":17,"DECORAÇÃO-percentage":0.5898681471200555,"TWITTER-occurances":17,"TWITTER-percentage":0.5898681471200555,"JOGOS-occurances":15,"JOGOS-percentage":0.520471894517696,"ECONOMIA-occurances":13,"ECONOMIA-percentage":0.45107564191533656,"TV E CELEBRIDADES-occurances":13,"TV E CELEBRIDADES-percentage":0.45107564191533656,"POP/ARTE-occurances":12,"POP/ARTE-percentage":0.4163775156141568,"SEXO-occurances":11,"SEXO-percentage":0.3816793893129771,"MODA-occurances":9,"MODA-percentage":0.31228313671061764,"ESOTERISMO-occurances":6,"ESOTERISMO-percentage":0.2081887578070784,"ALIMENTAÇÃO E SAÚDE-occurances":5,"ALIMENTAÇÃO E SAÚDE-percentage":0.1734906315058987,"POLÍTICA-occurances":3,"POLÍTICA-percentage":0.1040943789035392,"HUMOR-occurances":0,"HUMOR-percentage":0,"INTERNACIONAL-occurances":0,"INTERNACIONAL-percentage":0,"NATUREZA-occurances":0,"NATUREZA-percentage":0,"SÉRIES E FILMES-occurances":0,"SÉRIES E FILMES-percentage":0}