{"totalHistoryAmount":5377,"TECNOLOGIA-occurances":1502,"TECNOLOGIA-percentage":27.93379207736656,"YOUTUBE-occurances":542,"YOUTUBE-percentage":10.079970243630276,"SÉRIES E FILMES-occurances":371,"SÉRIES E FILMES-percentage":6.899758229496001,"DECORAÇÃO-occurances":279,"DECORAÇÃO-percentage":5.188766970429608,"NOTÍCIAS-occurances":260,"NOTÍCIAS-percentage":4.835410079970243,"FACEBOOK-occurances":159,"FACEBOOK-percentage":2.957039241212572,"POP/ARTE-occurances":100,"POP/ARTE-percentage":1.859773107680863,"TV E CELEBRIDADES-occurances":68,"TV E CELEBRIDADES-percentage":1.2646457132229867,"ESPORTE-occurances":64,"ESPORTE-percentage":1.1902547889157522,"CARROS-occurances":60,"CARROS-percentage":1.1158638646085177,"ALIMENTAÇÃO E SAÚDE-occurances":43,"ALIMENTAÇÃO E SAÚDE-percentage":0.799702436302771,"JOGOS-occurances":36,"JOGOS-percentage":0.6695183187651107,"SEXO-occurances":24,"SEXO-percentage":0.4463455458434071,"MODA-occurances":19,"MODA-percentage":0.35335689045936397,"INTERNACIONAL-occurances":18,"INTERNACIONAL-percentage":0.33475915938255535,"EDUCAÇÃO-occurances":12,"EDUCAÇÃO-percentage":0.22317277292170354,"VIAGENS-occurances":10,"VIAGENS-percentage":0.1859773107680863,"HUMOR-occurances":9,"HUMOR-percentage":0.16737957969127767,"CIÊNCIA-occurances":8,"CIÊNCIA-percentage":0.14878184861446903,"ESOTERISMO-occurances":6,"ESOTERISMO-percentage":0.11158638646085177,"LINKEDIN-occurances":6,"LINKEDIN-percentage":0.11158638646085177,"INSTAGRAM-occurances":5,"INSTAGRAM-percentage":0.09298865538404315,"FITNESS-occurances":4,"FITNESS-percentage":0.07439092430723451,"NATUREZA-occurances":4,"NATUREZA-percentage":0.07439092430723451,"ECONOMIA-occurances":3,"ECONOMIA-percentage":0.055793193230425885,"TWITTER-occurances":1,"TWITTER-percentage":0.018597731076808628,"POLÍTICA-occurances":0,"POLÍTICA-percentage":0}