{"totalHistoryAmount":6505,"TECNOLOGIA-occurances":1828,"TECNOLOGIA-percentage":28.101460415065333,"YOUTUBE-occurances":446,"YOUTUBE-percentage":6.856264411990776,"NOTÍCIAS-occurances":433,"NOTÍCIAS-percentage":6.6564181398923905,"DECORAÇÃO-occurances":364,"DECORAÇÃO-percentage":5.595695618754804,"SÉRIES E FILMES-occurances":258,"SÉRIES E FILMES-percentage":3.9661798616448887,"FACEBOOK-occurances":185,"FACEBOOK-percentage":2.8439661798616447,"POP/ARTE-occurances":126,"POP/ARTE-percentage":1.9369715603382014,"ESPORTE-occurances":92,"ESPORTE-percentage":1.4142966948501152,"TV E CELEBRIDADES-occurances":72,"TV E CELEBRIDADES-percentage":1.1068408916218293,"MODA-occurances":64,"MODA-percentage":0.9838585703305149,"CARROS-occurances":63,"CARROS-percentage":0.9684857801691007,"ALIMENTAÇÃO E SAÚDE-occurances":58,"ALIMENTAÇÃO E SAÚDE-percentage":0.8916218293620292,"JOGOS-occurances":39,"JOGOS-percentage":0.5995388162951576,"VIAGENS-occurances":36,"VIAGENS-percentage":0.5534204458109147,"SEXO-occurances":28,"SEXO-percentage":0.4304381245196003,"EDUCAÇÃO-occurances":24,"EDUCAÇÃO-percentage":0.3689469638739431,"INTERNACIONAL-occurances":19,"INTERNACIONAL-percentage":0.2920830130668716,"CIÊNCIA-occurances":11,"CIÊNCIA-percentage":0.16910069177555725,"HUMOR-occurances":10,"HUMOR-percentage":0.15372790161414296,"LINKEDIN-occurances":10,"LINKEDIN-percentage":0.15372790161414296,"ESOTERISMO-occurances":9,"ESOTERISMO-percentage":0.13835511145272866,"ECONOMIA-occurances":8,"ECONOMIA-percentage":0.12298232129131437,"FITNESS-occurances":7,"FITNESS-percentage":0.10760953112990007,"NATUREZA-occurances":4,"NATUREZA-percentage":0.061491160645657184,"POLÍTICA-occurances":1,"POLÍTICA-percentage":0.015372790161414296,"TWITTER-occurances":1,"TWITTER-percentage":0.015372790161414296,"INSTAGRAM-occurances":0,"INSTAGRAM-percentage":0}