{"totalHistoryAmount":4072,"TECNOLOGIA-occurances":2103,"TECNOLOGIA-percentage":51.645383104125735,"YOUTUBE-occurances":277,"YOUTUBE-percentage":6.802554027504912,"FACEBOOK-occurances":206,"FACEBOOK-percentage":5.05893909626719,"ESPORTE-occurances":187,"ESPORTE-percentage":4.592337917485265,"POP/ARTE-occurances":70,"POP/ARTE-percentage":1.719056974459725,"FITNESS-occurances":57,"FITNESS-percentage":1.399803536345776,"ECONOMIA-occurances":36,"ECONOMIA-percentage":0.8840864440078585,"INSTAGRAM-occurances":33,"INSTAGRAM-percentage":0.8104125736738703,"NOTÍCIAS-occurances":27,"NOTÍCIAS-percentage":0.6630648330058939,"MODA-occurances":24,"MODA-percentage":0.5893909626719057,"TV E CELEBRIDADES-occurances":20,"TV E CELEBRIDADES-percentage":0.4911591355599214,"POLÍTICA-occurances":18,"POLÍTICA-percentage":0.44204322200392926,"ESOTERISMO-occurances":17,"ESOTERISMO-percentage":0.4174852652259332,"JOGOS-occurances":17,"JOGOS-percentage":0.4174852652259332,"SÉRIES E FILMES-occurances":16,"SÉRIES E FILMES-percentage":0.3929273084479371,"EDUCAÇÃO-occurances":13,"EDUCAÇÃO-percentage":0.3192534381139489,"VIAGENS-occurances":12,"VIAGENS-percentage":0.29469548133595286,"INTERNACIONAL-occurances":10,"INTERNACIONAL-percentage":0.2455795677799607,"CARROS-occurances":8,"CARROS-percentage":0.19646365422396855,"LINKEDIN-occurances":7,"LINKEDIN-percentage":0.1719056974459725,"DECORAÇÃO-occurances":6,"DECORAÇÃO-percentage":0.14734774066797643,"HUMOR-occurances":6,"HUMOR-percentage":0.14734774066797643,"SEXO-occurances":5,"SEXO-percentage":0.12278978388998035,"TWITTER-occurances":3,"TWITTER-percentage":0.07367387033398821,"NATUREZA-occurances":1,"NATUREZA-percentage":0.02455795677799607,"ALIMENTAÇÃO E SAÚDE-occurances":0,"ALIMENTAÇÃO E SAÚDE-percentage":0,"CIÊNCIA-occurances":0,"CIÊNCIA-percentage":0}