{"totalHistoryAmount":6539,"TECNOLOGIA-occurances":1822,"TECNOLOGIA-percentage":27.863587704541978,"NOTÍCIAS-occurances":433,"NOTÍCIAS-percentage":6.621807615843401,"YOUTUBE-occurances":403,"YOUTUBE-percentage":6.163021868787276,"DECORAÇÃO-occurances":366,"DECORAÇÃO-percentage":5.597186114084723,"SÉRIES E FILMES-occurances":241,"SÉRIES E FILMES-percentage":3.6855788346842027,"FACEBOOK-occurances":216,"FACEBOOK-percentage":3.3032573788040986,"ESPORTE-occurances":131,"ESPORTE-percentage":2.0033644288117447,"POP/ARTE-occurances":116,"POP/ARTE-percentage":1.7739715552836826,"MODA-occurances":66,"MODA-percentage":1.0093286435234745,"TV E CELEBRIDADES-occurances":63,"TV E CELEBRIDADES-percentage":0.9634500688178621,"ALIMENTAÇÃO E SAÚDE-occurances":57,"ALIMENTAÇÃO E SAÚDE-percentage":0.8716929194066371,"CARROS-occurances":56,"CARROS-percentage":0.856400061171433,"JOGOS-occurances":36,"JOGOS-percentage":0.5505428964673498,"VIAGENS-occurances":36,"VIAGENS-percentage":0.5505428964673498,"SEXO-occurances":26,"SEXO-percentage":0.3976143141153082,"EDUCAÇÃO-occurances":24,"EDUCAÇÃO-percentage":0.3670285976448998,"INTERNACIONAL-occurances":19,"INTERNACIONAL-percentage":0.29056430646887904,"CIÊNCIA-occurances":12,"CIÊNCIA-percentage":0.1835142988224499,"HUMOR-occurances":11,"HUMOR-percentage":0.16822144058724575,"LINKEDIN-occurances":10,"LINKEDIN-percentage":0.1529285823520416,"ECONOMIA-occurances":8,"ECONOMIA-percentage":0.12234286588163328,"FITNESS-occurances":8,"FITNESS-percentage":0.12234286588163328,"ESOTERISMO-occurances":7,"ESOTERISMO-percentage":0.10705000764642912,"NATUREZA-occurances":5,"NATUREZA-percentage":0.0764642911760208,"INSTAGRAM-occurances":3,"INSTAGRAM-percentage":0.045878574705612477,"TWITTER-occurances":3,"TWITTER-percentage":0.045878574705612477,"POLÍTICA-occurances":1,"POLÍTICA-percentage":0.01529285823520416}