{"totalHistoryAmount":3079,"TECNOLOGIA-occurances":1131,"TECNOLOGIA-percentage":36.73270542383891,"DECORAÇÃO-occurances":413,"DECORAÇÃO-percentage":13.4134459240013,"FACEBOOK-occurances":148,"FACEBOOK-percentage":4.806755440077947,"ESPORTE-occurances":103,"ESPORTE-percentage":3.345241961675869,"POP/ARTE-occurances":42,"POP/ARTE-percentage":1.3640792465086067,"NOTÍCIAS-occurances":33,"NOTÍCIAS-percentage":1.071776550828191,"SÉRIES E FILMES-occurances":32,"SÉRIES E FILMES-percentage":1.039298473530367,"ALIMENTAÇÃO E SAÚDE-occurances":31,"ALIMENTAÇÃO E SAÚDE-percentage":1.006820396232543,"MODA-occurances":25,"MODA-percentage":0.8119519324455993,"JOGOS-occurances":21,"JOGOS-percentage":0.6820396232543033,"YOUTUBE-occurances":18,"YOUTUBE-percentage":0.5846053913608315,"TWITTER-occurances":16,"TWITTER-percentage":0.5196492367651835,"FITNESS-occurances":11,"FITNESS-percentage":0.35725885027606363,"ECONOMIA-occurances":10,"ECONOMIA-percentage":0.3247807729782397,"CARROS-occurances":8,"CARROS-percentage":0.25982461838259174,"INSTAGRAM-occurances":8,"INSTAGRAM-percentage":0.25982461838259174,"VIAGENS-occurances":8,"VIAGENS-percentage":0.25982461838259174,"INTERNACIONAL-occurances":6,"INTERNACIONAL-percentage":0.1948684637869438,"EDUCAÇÃO-occurances":5,"EDUCAÇÃO-percentage":0.16239038648911985,"ESOTERISMO-occurances":4,"ESOTERISMO-percentage":0.12991230919129587,"NATUREZA-occurances":4,"NATUREZA-percentage":0.12991230919129587,"SEXO-occurances":4,"SEXO-percentage":0.12991230919129587,"TV E CELEBRIDADES-occurances":4,"TV E CELEBRIDADES-percentage":0.12991230919129587,"HUMOR-occurances":3,"HUMOR-percentage":0.0974342318934719,"CIÊNCIA-occurances":2,"CIÊNCIA-percentage":0.06495615459564794,"POLÍTICA-occurances":1,"POLÍTICA-percentage":0.03247807729782397,"LINKEDIN-occurances":0,"LINKEDIN-percentage":0}