{"totalHistoryAmount":2985,"TECNOLOGIA-occurances":1095,"TECNOLOGIA-percentage":36.68341708542714,"DECORAÇÃO-occurances":413,"DECORAÇÃO-percentage":13.835845896147404,"FACEBOOK-occurances":146,"FACEBOOK-percentage":4.891122278056951,"ESPORTE-occurances":91,"ESPORTE-percentage":3.0485762144053603,"POP/ARTE-occurances":38,"POP/ARTE-percentage":1.273031825795645,"NOTÍCIAS-occurances":33,"NOTÍCIAS-percentage":1.1055276381909547,"ALIMENTAÇÃO E SAÚDE-occurances":31,"ALIMENTAÇÃO E SAÚDE-percentage":1.0385259631490786,"SÉRIES E FILMES-occurances":31,"SÉRIES E FILMES-percentage":1.0385259631490786,"MODA-occurances":25,"MODA-percentage":0.8375209380234506,"YOUTUBE-occurances":23,"YOUTUBE-percentage":0.7705192629815746,"JOGOS-occurances":21,"JOGOS-percentage":0.7035175879396985,"TWITTER-occurances":16,"TWITTER-percentage":0.5360134003350083,"FITNESS-occurances":11,"FITNESS-percentage":0.3685092127303183,"ECONOMIA-occurances":10,"ECONOMIA-percentage":0.33500837520938026,"CARROS-occurances":8,"CARROS-percentage":0.26800670016750416,"INSTAGRAM-occurances":8,"INSTAGRAM-percentage":0.26800670016750416,"INTERNACIONAL-occurances":6,"INTERNACIONAL-percentage":0.20100502512562815,"VIAGENS-occurances":6,"VIAGENS-percentage":0.20100502512562815,"EDUCAÇÃO-occurances":5,"EDUCAÇÃO-percentage":0.16750418760469013,"ESOTERISMO-occurances":4,"ESOTERISMO-percentage":0.13400335008375208,"NATUREZA-occurances":4,"NATUREZA-percentage":0.13400335008375208,"SEXO-occurances":4,"SEXO-percentage":0.13400335008375208,"TV E CELEBRIDADES-occurances":4,"TV E CELEBRIDADES-percentage":0.13400335008375208,"HUMOR-occurances":3,"HUMOR-percentage":0.10050251256281408,"CIÊNCIA-occurances":1,"CIÊNCIA-percentage":0.03350083752093802,"POLÍTICA-occurances":1,"POLÍTICA-percentage":0.03350083752093802,"LINKEDIN-occurances":0,"LINKEDIN-percentage":0}