{"totalHistoryAmount":6683,"TECNOLOGIA-occurances":1853,"TECNOLOGIA-percentage":27.72706868172976,"NOTÍCIAS-occurances":435,"NOTÍCIAS-percentage":6.509052820589556,"YOUTUBE-occurances":412,"YOUTUBE-percentage":6.164896004788269,"DECORAÇÃO-occurances":386,"DECORAÇÃO-percentage":5.775849169534641,"SÉRIES E FILMES-occurances":247,"SÉRIES E FILMES-percentage":3.695944934909472,"FACEBOOK-occurances":216,"FACEBOOK-percentage":3.2320814005686067,"ESPORTE-occurances":134,"ESPORTE-percentage":2.0050875355379323,"POP/ARTE-occurances":132,"POP/ARTE-percentage":1.9751608559030376,"MODA-occurances":66,"MODA-percentage":0.9875804279515188,"TV E CELEBRIDADES-occurances":64,"TV E CELEBRIDADES-percentage":0.9576537483166243,"ALIMENTAÇÃO E SAÚDE-occurances":58,"ALIMENTAÇÃO E SAÚDE-percentage":0.8678737094119408,"CARROS-occurances":58,"CARROS-percentage":0.8678737094119408,"JOGOS-occurances":40,"JOGOS-percentage":0.5985335926978902,"VIAGENS-occurances":37,"VIAGENS-percentage":0.5536435732455484,"SEXO-occurances":28,"SEXO-percentage":0.41897351488852314,"EDUCAÇÃO-occurances":24,"EDUCAÇÃO-percentage":0.3591201556187341,"INTERNACIONAL-occurances":19,"INTERNACIONAL-percentage":0.28430345653149786,"CIÊNCIA-occurances":12,"CIÊNCIA-percentage":0.17956007780936706,"HUMOR-occurances":12,"HUMOR-percentage":0.17956007780936706,"LINKEDIN-occurances":10,"LINKEDIN-percentage":0.14963339817447255,"ECONOMIA-occurances":8,"ECONOMIA-percentage":0.11970671853957804,"ESOTERISMO-occurances":8,"ESOTERISMO-percentage":0.11970671853957804,"FITNESS-occurances":8,"FITNESS-percentage":0.11970671853957804,"NATUREZA-occurances":5,"NATUREZA-percentage":0.07481669908723627,"TWITTER-occurances":3,"TWITTER-percentage":0.044890019452341764,"POLÍTICA-occurances":1,"POLÍTICA-percentage":0.014963339817447255,"INSTAGRAM-occurances":0,"INSTAGRAM-percentage":0}