{"totalHistoryAmount":6760,"TECNOLOGIA-occurances":1684,"TECNOLOGIA-percentage":24.911242603550296,"FACEBOOK-occurances":577,"FACEBOOK-percentage":8.535502958579881,"NOTÍCIAS-occurances":423,"NOTÍCIAS-percentage":6.257396449704142,"DECORAÇÃO-occurances":375,"DECORAÇÃO-percentage":5.547337278106509,"MODA-occurances":287,"MODA-percentage":4.245562130177515,"ESPORTE-occurances":225,"ESPORTE-percentage":3.328402366863905,"LINKEDIN-occurances":127,"LINKEDIN-percentage":1.878698224852071,"POP/ARTE-occurances":127,"POP/ARTE-percentage":1.878698224852071,"ESOTERISMO-occurances":113,"ESOTERISMO-percentage":1.6715976331360947,"YOUTUBE-occurances":83,"YOUTUBE-percentage":1.227810650887574,"TV E CELEBRIDADES-occurances":80,"TV E CELEBRIDADES-percentage":1.183431952662722,"SÉRIES E FILMES-occurances":70,"SÉRIES E FILMES-percentage":1.0355029585798816,"ALIMENTAÇÃO E SAÚDE-occurances":62,"ALIMENTAÇÃO E SAÚDE-percentage":0.9171597633136095,"POLÍTICA-occurances":42,"POLÍTICA-percentage":0.621301775147929,"EDUCAÇÃO-occurances":38,"EDUCAÇÃO-percentage":0.5621301775147929,"CARROS-occurances":35,"CARROS-percentage":0.5177514792899408,"VIAGENS-occurances":31,"VIAGENS-percentage":0.45857988165680474,"CIÊNCIA-occurances":19,"CIÊNCIA-percentage":0.28106508875739644,"SEXO-occurances":19,"SEXO-percentage":0.28106508875739644,"HUMOR-occurances":16,"HUMOR-percentage":0.23668639053254437,"ECONOMIA-occurances":14,"ECONOMIA-percentage":0.20710059171597633,"INTERNACIONAL-occurances":14,"INTERNACIONAL-percentage":0.20710059171597633,"JOGOS-occurances":10,"JOGOS-percentage":0.14792899408284024,"FITNESS-occurances":7,"FITNESS-percentage":0.10355029585798817,"NATUREZA-occurances":7,"NATUREZA-percentage":0.10355029585798817,"TWITTER-occurances":7,"TWITTER-percentage":0.10355029585798817,"INSTAGRAM-occurances":6,"INSTAGRAM-percentage":0.08875739644970414}