{"totalHistoryAmount":3833,"TECNOLOGIA-occurances":1970,"TECNOLOGIA-percentage":51.3957735455257,"YOUTUBE-occurances":290,"YOUTUBE-percentage":7.565875293503783,"FACEBOOK-occurances":198,"FACEBOOK-percentage":5.165666579702583,"ESPORTE-occurances":168,"ESPORTE-percentage":4.382989825202191,"POP/ARTE-occurances":50,"POP/ARTE-percentage":1.3044612575006522,"DECORAÇÃO-occurances":40,"DECORAÇÃO-percentage":1.0435690060005218,"ECONOMIA-occurances":36,"ECONOMIA-percentage":0.9392121054004696,"MODA-occurances":26,"MODA-percentage":0.6783198539003391,"NOTÍCIAS-occurances":26,"NOTÍCIAS-percentage":0.6783198539003391,"INSTAGRAM-occurances":23,"INSTAGRAM-percentage":0.6000521784503,"POLÍTICA-occurances":21,"POLÍTICA-percentage":0.5478737281502739,"TV E CELEBRIDADES-occurances":21,"TV E CELEBRIDADES-percentage":0.5478737281502739,"FITNESS-occurances":20,"FITNESS-percentage":0.5217845030002609,"ESOTERISMO-occurances":16,"ESOTERISMO-percentage":0.4174276024002087,"EDUCAÇÃO-occurances":13,"EDUCAÇÃO-percentage":0.33915992695016955,"VIAGENS-occurances":12,"VIAGENS-percentage":0.31307070180015656,"JOGOS-occurances":11,"JOGOS-percentage":0.2869814766501435,"INTERNACIONAL-occurances":10,"INTERNACIONAL-percentage":0.26089225150013046,"CARROS-occurances":7,"CARROS-percentage":0.1826245760500913,"HUMOR-occurances":6,"HUMOR-percentage":0.15653535090007828,"LINKEDIN-occurances":6,"LINKEDIN-percentage":0.15653535090007828,"SÉRIES E FILMES-occurances":5,"SÉRIES E FILMES-percentage":0.13044612575006523,"SEXO-occurances":5,"SEXO-percentage":0.13044612575006523,"TWITTER-occurances":3,"TWITTER-percentage":0.07826767545003914,"ALIMENTAÇÃO E SAÚDE-occurances":0,"ALIMENTAÇÃO E SAÚDE-percentage":0,"CIÊNCIA-occurances":0,"CIÊNCIA-percentage":0,"NATUREZA-occurances":0,"NATUREZA-percentage":0}