{"totalHistoryAmount":1630,"TECNOLOGIA-occurances":864,"TECNOLOGIA-percentage":53.00613496932515,"YOUTUBE-occurances":131,"YOUTUBE-percentage":8.036809815950921,"ESPORTE-occurances":83,"ESPORTE-percentage":5.0920245398773005,"FITNESS-occurances":37,"FITNESS-percentage":2.2699386503067487,"ECONOMIA-occurances":33,"ECONOMIA-percentage":2.0245398773006134,"POP/ARTE-occurances":28,"POP/ARTE-percentage":1.7177914110429449,"FACEBOOK-occurances":18,"FACEBOOK-percentage":1.1042944785276074,"INSTAGRAM-occurances":18,"INSTAGRAM-percentage":1.1042944785276074,"SÉRIES E FILMES-occurances":14,"SÉRIES E FILMES-percentage":0.8588957055214724,"JOGOS-occurances":12,"JOGOS-percentage":0.7361963190184049,"EDUCAÇÃO-occurances":11,"EDUCAÇÃO-percentage":0.6748466257668712,"VIAGENS-occurances":11,"VIAGENS-percentage":0.6748466257668712,"NOTÍCIAS-occurances":9,"NOTÍCIAS-percentage":0.5521472392638037,"POLÍTICA-occurances":6,"POLÍTICA-percentage":0.36809815950920244,"CARROS-occurances":5,"CARROS-percentage":0.3067484662576687,"TV E CELEBRIDADES-occurances":5,"TV E CELEBRIDADES-percentage":0.3067484662576687,"ESOTERISMO-occurances":2,"ESOTERISMO-percentage":0.12269938650306748,"HUMOR-occurances":2,"HUMOR-percentage":0.12269938650306748,"CIÊNCIA-occurances":1,"CIÊNCIA-percentage":0.06134969325153374,"DECORAÇÃO-occurances":1,"DECORAÇÃO-percentage":0.06134969325153374,"LINKEDIN-occurances":1,"LINKEDIN-percentage":0.06134969325153374,"MODA-occurances":1,"MODA-percentage":0.06134969325153374,"NATUREZA-occurances":1,"NATUREZA-percentage":0.06134969325153374,"ALIMENTAÇÃO E SAÚDE-occurances":0,"ALIMENTAÇÃO E SAÚDE-percentage":0,"INTERNACIONAL-occurances":0,"INTERNACIONAL-percentage":0,"SEXO-occurances":0,"SEXO-percentage":0,"TWITTER-occurances":0,"TWITTER-percentage":0}