{"totalHistoryAmount":9175,"TECNOLOGIA-occurances":4256,"TECNOLOGIA-percentage":46.38692098092643,"ESPORTE-occurances":1505,"ESPORTE-percentage":16.40326975476839,"FACEBOOK-occurances":1095,"FACEBOOK-percentage":11.934604904632153,"SEXO-occurances":693,"SEXO-percentage":7.553133514986376,"INSTAGRAM-occurances":174,"INSTAGRAM-percentage":1.896457765667575,"CARROS-occurances":133,"CARROS-percentage":1.449591280653951,"YOUTUBE-occurances":62,"YOUTUBE-percentage":0.6757493188010899,"DECORAÇÃO-occurances":61,"DECORAÇÃO-percentage":0.6648501362397821,"NOTÍCIAS-occurances":47,"NOTÍCIAS-percentage":0.5122615803814714,"EDUCAÇÃO-occurances":39,"EDUCAÇÃO-percentage":0.4250681198910082,"MODA-occurances":24,"MODA-percentage":0.2615803814713896,"LINKEDIN-occurances":17,"LINKEDIN-percentage":0.18528610354223432,"ESOTERISMO-occurances":14,"ESOTERISMO-percentage":0.15258855585831063,"POP/ARTE-occurances":12,"POP/ARTE-percentage":0.1307901907356948,"CIÊNCIA-occurances":11,"CIÊNCIA-percentage":0.11989100817438691,"ECONOMIA-occurances":11,"ECONOMIA-percentage":0.11989100817438691,"TWITTER-occurances":10,"TWITTER-percentage":0.10899182561307902,"SÉRIES E FILMES-occurances":8,"SÉRIES E FILMES-percentage":0.08719346049046321,"TV E CELEBRIDADES-occurances":6,"TV E CELEBRIDADES-percentage":0.0653950953678474,"FITNESS-occurances":2,"FITNESS-percentage":0.021798365122615803,"JOGOS-occurances":2,"JOGOS-percentage":0.021798365122615803,"VIAGENS-occurances":2,"VIAGENS-percentage":0.021798365122615803,"ALIMENTAÇÃO E SAÚDE-occurances":1,"ALIMENTAÇÃO E SAÚDE-percentage":0.010899182561307902,"INTERNACIONAL-occurances":1,"INTERNACIONAL-percentage":0.010899182561307902,"POLÍTICA-occurances":1,"POLÍTICA-percentage":0.010899182561307902,"HUMOR-occurances":0,"HUMOR-percentage":0,"NATUREZA-occurances":0,"NATUREZA-percentage":0}