{"totalHistoryAmount":5068,"TECNOLOGIA-occurances":1427,"TECNOLOGIA-percentage":28.157063930544595,"YOUTUBE-occurances":607,"YOUTUBE-percentage":11.977111286503552,"SÉRIES E FILMES-occurances":380,"SÉRIES E FILMES-percentage":7.49802683504341,"DECORAÇÃO-occurances":300,"DECORAÇÃO-percentage":5.919494869771113,"FACEBOOK-occurances":154,"FACEBOOK-percentage":3.0386740331491713,"NOTÍCIAS-occurances":129,"NOTÍCIAS-percentage":2.5453827940015787,"POP/ARTE-occurances":98,"POP/ARTE-percentage":1.9337016574585635,"TV E CELEBRIDADES-occurances":67,"TV E CELEBRIDADES-percentage":1.3220205209155484,"CARROS-occurances":57,"CARROS-percentage":1.1247040252565115,"ESPORTE-occurances":54,"ESPORTE-percentage":1.0655090765588002,"ALIMENTAÇÃO E SAÚDE-occurances":43,"ALIMENTAÇÃO E SAÚDE-percentage":0.8484609313338595,"SEXO-occurances":24,"SEXO-percentage":0.47355958958168903,"MODA-occurances":21,"MODA-percentage":0.4143646408839779,"INTERNACIONAL-occurances":14,"INTERNACIONAL-percentage":0.27624309392265195,"VIAGENS-occurances":10,"VIAGENS-percentage":0.19731649565903708,"CIÊNCIA-occurances":9,"CIÊNCIA-percentage":0.17758484609313338,"EDUCAÇÃO-occurances":9,"EDUCAÇÃO-percentage":0.17758484609313338,"JOGOS-occurances":9,"JOGOS-percentage":0.17758484609313338,"ESOTERISMO-occurances":6,"ESOTERISMO-percentage":0.11838989739542226,"FITNESS-occurances":6,"FITNESS-percentage":0.11838989739542226,"INSTAGRAM-occurances":6,"INSTAGRAM-percentage":0.11838989739542226,"LINKEDIN-occurances":6,"LINKEDIN-percentage":0.11838989739542226,"HUMOR-occurances":5,"HUMOR-percentage":0.09865824782951854,"NATUREZA-occurances":4,"NATUREZA-percentage":0.07892659826361484,"ECONOMIA-occurances":2,"ECONOMIA-percentage":0.03946329913180742,"POLÍTICA-occurances":1,"POLÍTICA-percentage":0.01973164956590371,"TWITTER-occurances":1,"TWITTER-percentage":0.01973164956590371}