{"totalHistoryAmount":6583,"TECNOLOGIA-occurances":1653,"TECNOLOGIA-percentage":25.110132158590307,"FACEBOOK-occurances":704,"FACEBOOK-percentage":10.694212365183047,"NOTÍCIAS-occurances":394,"NOTÍCIAS-percentage":5.985113170287103,"DECORAÇÃO-occurances":357,"DECORAÇÃO-percentage":5.423059395412426,"MODA-occurances":250,"MODA-percentage":3.797660641045116,"ESPORTE-occurances":221,"ESPORTE-percentage":3.357132006683883,"ESOTERISMO-occurances":162,"ESOTERISMO-percentage":2.4608840953972355,"LINKEDIN-occurances":136,"LINKEDIN-percentage":2.0659273887285434,"TV E CELEBRIDADES-occurances":106,"TV E CELEBRIDADES-percentage":1.6102081118031293,"POP/ARTE-occurances":93,"POP/ARTE-percentage":1.4127297584687832,"YOUTUBE-occurances":88,"YOUTUBE-percentage":1.3367765456478808,"SÉRIES E FILMES-occurances":72,"SÉRIES E FILMES-percentage":1.0937262646209935,"ALIMENTAÇÃO E SAÚDE-occurances":62,"ALIMENTAÇÃO E SAÚDE-percentage":0.9418198389791889,"POLÍTICA-occurances":55,"POLÍTICA-percentage":0.8354853410299256,"CARROS-occurances":38,"CARROS-percentage":0.5772444174388577,"EDUCAÇÃO-occurances":32,"EDUCAÇÃO-percentage":0.4861005620537749,"ECONOMIA-occurances":26,"ECONOMIA-percentage":0.3949567066686921,"CIÊNCIA-occurances":25,"CIÊNCIA-percentage":0.37976606410451164,"NATUREZA-occurances":18,"NATUREZA-percentage":0.2734315661552484,"SEXO-occurances":18,"SEXO-percentage":0.2734315661552484,"JOGOS-occurances":17,"JOGOS-percentage":0.25824092359106793,"HUMOR-occurances":13,"HUMOR-percentage":0.19747835333434605,"INTERNACIONAL-occurances":13,"INTERNACIONAL-percentage":0.19747835333434605,"INSTAGRAM-occurances":10,"INSTAGRAM-percentage":0.15190642564180465,"TWITTER-occurances":10,"TWITTER-percentage":0.15190642564180465,"FITNESS-occurances":9,"FITNESS-percentage":0.1367157830776242,"VIAGENS-occurances":6,"VIAGENS-percentage":0.0911438553850828}