{"totalHistoryAmount":6910,"TECNOLOGIA-occurances":1693,"TECNOLOGIA-percentage":24.500723589001446,"FACEBOOK-occurances":583,"FACEBOOK-percentage":8.437047756874096,"NOTÍCIAS-occurances":460,"NOTÍCIAS-percentage":6.657018813314037,"DECORAÇÃO-occurances":404,"DECORAÇÃO-percentage":5.846599131693198,"MODA-occurances":289,"MODA-percentage":4.182344428364689,"ESPORTE-occurances":226,"ESPORTE-percentage":3.2706222865412444,"POP/ARTE-occurances":128,"POP/ARTE-percentage":1.8523878437047756,"LINKEDIN-occurances":127,"LINKEDIN-percentage":1.837916063675832,"ESOTERISMO-occurances":111,"ESOTERISMO-percentage":1.606367583212735,"YOUTUBE-occurances":86,"YOUTUBE-percentage":1.244573082489146,"TV E CELEBRIDADES-occurances":79,"TV E CELEBRIDADES-percentage":1.1432706222865412,"SÉRIES E FILMES-occurances":73,"SÉRIES E FILMES-percentage":1.0564399421128798,"ALIMENTAÇÃO E SAÚDE-occurances":65,"ALIMENTAÇÃO E SAÚDE-percentage":0.9406657018813314,"POLÍTICA-occurances":39,"POLÍTICA-percentage":0.5643994211287988,"EDUCAÇÃO-occurances":38,"EDUCAÇÃO-percentage":0.5499276410998553,"CARROS-occurances":36,"CARROS-percentage":0.5209840810419681,"VIAGENS-occurances":31,"VIAGENS-percentage":0.44862518089725034,"CIÊNCIA-occurances":21,"CIÊNCIA-percentage":0.30390738060781475,"SEXO-occurances":18,"SEXO-percentage":0.26049204052098407,"HUMOR-occurances":16,"HUMOR-percentage":0.23154848046309695,"ECONOMIA-occurances":15,"ECONOMIA-percentage":0.2170767004341534,"INTERNACIONAL-occurances":14,"INTERNACIONAL-percentage":0.20260492040520983,"JOGOS-occurances":10,"JOGOS-percentage":0.1447178002894356,"FITNESS-occurances":7,"FITNESS-percentage":0.10130246020260492,"NATUREZA-occurances":7,"NATUREZA-percentage":0.10130246020260492,"TWITTER-occurances":7,"TWITTER-percentage":0.10130246020260492,"INSTAGRAM-occurances":6,"INSTAGRAM-percentage":0.08683068017366136}