{"totalHistoryAmount":6751,"TECNOLOGIA-occurances":1676,"TECNOLOGIA-percentage":24.82595171085765,"FACEBOOK-occurances":572,"FACEBOOK-percentage":8.472818841653089,"NOTÍCIAS-occurances":419,"NOTÍCIAS-percentage":6.206487927714413,"DECORAÇÃO-occurances":375,"DECORAÇÃO-percentage":5.5547326322026365,"MODA-occurances":287,"MODA-percentage":4.251222041179084,"ESPORTE-occurances":228,"ESPORTE-percentage":3.377277440379203,"LINKEDIN-occurances":128,"LINKEDIN-percentage":1.8960154051251668,"POP/ARTE-occurances":127,"POP/ARTE-percentage":1.8812027847726263,"ESOTERISMO-occurances":115,"ESOTERISMO-percentage":1.7034513405421419,"YOUTUBE-occurances":82,"YOUTUBE-percentage":1.21463486890831,"TV E CELEBRIDADES-occurances":81,"TV E CELEBRIDADES-percentage":1.1998222485557695,"SÉRIES E FILMES-occurances":69,"SÉRIES E FILMES-percentage":1.022070804325285,"ALIMENTAÇÃO E SAÚDE-occurances":63,"ALIMENTAÇÃO E SAÚDE-percentage":0.933195082210043,"POLÍTICA-occurances":43,"POLÍTICA-percentage":0.6369426751592356,"EDUCAÇÃO-occurances":38,"EDUCAÇÃO-percentage":0.5628795733965338,"CARROS-occurances":35,"CARROS-percentage":0.5184417123389128,"VIAGENS-occurances":31,"VIAGENS-percentage":0.4591912309287513,"ECONOMIA-occurances":23,"ECONOMIA-percentage":0.3406902681084284,"CIÊNCIA-occurances":20,"CIÊNCIA-percentage":0.2962524070508073,"SEXO-occurances":19,"SEXO-percentage":0.2814397866982669,"HUMOR-occurances":16,"HUMOR-percentage":0.23700192564064584,"INTERNACIONAL-occurances":14,"INTERNACIONAL-percentage":0.2073766849355651,"JOGOS-occurances":9,"JOGOS-percentage":0.1333135831728633,"NATUREZA-occurances":7,"NATUREZA-percentage":0.10368834246778255,"TWITTER-occurances":7,"TWITTER-percentage":0.10368834246778255,"INSTAGRAM-occurances":6,"INSTAGRAM-percentage":0.08887572211524218,"FITNESS-occurances":4,"FITNESS-percentage":0.05925048141016146}