{"totalHistoryAmount":5611,"TECNOLOGIA-occurances":1560,"TECNOLOGIA-percentage":27.802530743183034,"YOUTUBE-occurances":498,"YOUTUBE-percentage":8.87542327570843,"SÉRIES E FILMES-occurances":374,"SÉRIES E FILMES-percentage":6.665478524327215,"DECORAÇÃO-occurances":311,"DECORAÇÃO-percentage":5.5426840135448225,"NOTÍCIAS-occurances":302,"NOTÍCIAS-percentage":5.382284797718767,"FACEBOOK-occurances":174,"FACEBOOK-percentage":3.1010515059704153,"POP/ARTE-occurances":100,"POP/ARTE-percentage":1.7822135091783995,"TV E CELEBRIDADES-occurances":69,"TV E CELEBRIDADES-percentage":1.2297273213330957,"ESPORTE-occurances":65,"ESPORTE-percentage":1.1584387809659598,"CARROS-occurances":61,"CARROS-percentage":1.0871502405988238,"ALIMENTAÇÃO E SAÚDE-occurances":49,"ALIMENTAÇÃO E SAÚDE-percentage":0.8732846194974158,"JOGOS-occurances":36,"JOGOS-percentage":0.6415968633042238,"SEXO-occurances":24,"SEXO-percentage":0.4277312422028159,"MODA-occurances":21,"MODA-percentage":0.37426483692746393,"INTERNACIONAL-occurances":18,"INTERNACIONAL-percentage":0.3207984316521119,"EDUCAÇÃO-occurances":12,"EDUCAÇÃO-percentage":0.21386562110140794,"CIÊNCIA-occurances":10,"CIÊNCIA-percentage":0.17822135091783994,"VIAGENS-occurances":10,"VIAGENS-percentage":0.17822135091783994,"HUMOR-occurances":9,"HUMOR-percentage":0.16039921582605596,"ESOTERISMO-occurances":6,"ESOTERISMO-percentage":0.10693281055070397,"LINKEDIN-occurances":6,"LINKEDIN-percentage":0.10693281055070397,"ECONOMIA-occurances":4,"ECONOMIA-percentage":0.07128854036713599,"FITNESS-occurances":4,"FITNESS-percentage":0.07128854036713599,"NATUREZA-occurances":4,"NATUREZA-percentage":0.07128854036713599,"TWITTER-occurances":1,"TWITTER-percentage":0.017822135091783996,"INSTAGRAM-occurances":0,"INSTAGRAM-percentage":0,"POLÍTICA-occurances":0,"POLÍTICA-percentage":0}