{"totalHistoryAmount":6704,"TECNOLOGIA-occurances":1673,"TECNOLOGIA-percentage":24.95525059665871,"FACEBOOK-occurances":572,"FACEBOOK-percentage":8.532219570405728,"NOTÍCIAS-occurances":417,"NOTÍCIAS-percentage":6.220167064439141,"DECORAÇÃO-occurances":353,"DECORAÇÃO-percentage":5.265513126491647,"MODA-occurances":287,"MODA-percentage":4.281026252983294,"ESPORTE-occurances":226,"ESPORTE-percentage":3.3711217183770885,"LINKEDIN-occurances":128,"LINKEDIN-percentage":1.909307875894988,"POP/ARTE-occurances":127,"POP/ARTE-percentage":1.8943914081145585,"ESOTERISMO-occurances":115,"ESOTERISMO-percentage":1.7153937947494033,"YOUTUBE-occurances":82,"YOUTUBE-percentage":1.2231503579952268,"TV E CELEBRIDADES-occurances":81,"TV E CELEBRIDADES-percentage":1.208233890214797,"SÉRIES E FILMES-occurances":68,"SÉRIES E FILMES-percentage":1.0143198090692125,"ALIMENTAÇÃO E SAÚDE-occurances":61,"ALIMENTAÇÃO E SAÚDE-percentage":0.9099045346062052,"POLÍTICA-occurances":43,"POLÍTICA-percentage":0.6414081145584726,"EDUCAÇÃO-occurances":38,"EDUCAÇÃO-percentage":0.5668257756563246,"CARROS-occurances":35,"CARROS-percentage":0.5220763723150358,"VIAGENS-occurances":31,"VIAGENS-percentage":0.46241050119331745,"ECONOMIA-occurances":23,"ECONOMIA-percentage":0.34307875894988066,"CIÊNCIA-occurances":20,"CIÊNCIA-percentage":0.29832935560859186,"SEXO-occurances":19,"SEXO-percentage":0.2834128878281623,"HUMOR-occurances":16,"HUMOR-percentage":0.2386634844868735,"INTERNACIONAL-occurances":14,"INTERNACIONAL-percentage":0.20883054892601433,"JOGOS-occurances":9,"JOGOS-percentage":0.13424821002386636,"NATUREZA-occurances":7,"NATUREZA-percentage":0.10441527446300716,"TWITTER-occurances":7,"TWITTER-percentage":0.10441527446300716,"INSTAGRAM-occurances":6,"INSTAGRAM-percentage":0.08949880668257756,"FITNESS-occurances":4,"FITNESS-percentage":0.059665871121718374}