{"totalHistoryAmount":3117,"TECNOLOGIA-occurances":1167,"TECNOLOGIA-percentage":37.43984600577478,"DECORAÇÃO-occurances":413,"DECORAÇÃO-percentage":13.249919794674366,"FACEBOOK-occurances":148,"FACEBOOK-percentage":4.748155277510427,"ESPORTE-occurances":103,"ESPORTE-percentage":3.3044594161052294,"POP/ARTE-occurances":42,"POP/ARTE-percentage":1.3474494706448508,"NOTÍCIAS-occurances":33,"NOTÍCIAS-percentage":1.0587102983638113,"SÉRIES E FILMES-occurances":32,"SÉRIES E FILMES-percentage":1.0266281681103626,"ALIMENTAÇÃO E SAÚDE-occurances":31,"ALIMENTAÇÃO E SAÚDE-percentage":0.9945460378569136,"MODA-occurances":25,"MODA-percentage":0.8020532563362207,"JOGOS-occurances":21,"JOGOS-percentage":0.6737247353224254,"YOUTUBE-occurances":18,"YOUTUBE-percentage":0.5774783445620789,"TWITTER-occurances":16,"TWITTER-percentage":0.5133140840551813,"FITNESS-occurances":11,"FITNESS-percentage":0.3529034327879371,"ECONOMIA-occurances":10,"ECONOMIA-percentage":0.3208213025344883,"CARROS-occurances":8,"CARROS-percentage":0.25665704202759065,"INSTAGRAM-occurances":8,"INSTAGRAM-percentage":0.25665704202759065,"VIAGENS-occurances":8,"VIAGENS-percentage":0.25665704202759065,"INTERNACIONAL-occurances":6,"INTERNACIONAL-percentage":0.19249278152069296,"EDUCAÇÃO-occurances":5,"EDUCAÇÃO-percentage":0.16041065126724416,"ESOTERISMO-occurances":4,"ESOTERISMO-percentage":0.12832852101379533,"NATUREZA-occurances":4,"NATUREZA-percentage":0.12832852101379533,"SEXO-occurances":4,"SEXO-percentage":0.12832852101379533,"TV E CELEBRIDADES-occurances":4,"TV E CELEBRIDADES-percentage":0.12832852101379533,"HUMOR-occurances":3,"HUMOR-percentage":0.09624639076034648,"CIÊNCIA-occurances":2,"CIÊNCIA-percentage":0.06416426050689766,"POLÍTICA-occurances":1,"POLÍTICA-percentage":0.03208213025344883,"LINKEDIN-occurances":0,"LINKEDIN-percentage":0}