{"totalHistoryAmount":6246,"TECNOLOGIA-occurances":1449,"TECNOLOGIA-percentage":23.19884726224784,"FACEBOOK-occurances":618,"FACEBOOK-percentage":9.894332372718539,"DECORAÇÃO-occurances":391,"DECORAÇÃO-percentage":6.260006404098623,"NOTÍCIAS-occurances":379,"NOTÍCIAS-percentage":6.06788344540506,"MODA-occurances":242,"MODA-percentage":3.8744796669868715,"ESPORTE-occurances":227,"ESPORTE-percentage":3.6343259686199167,"LINKEDIN-occurances":126,"LINKEDIN-percentage":2.0172910662824206,"ESOTERISMO-occurances":114,"ESOTERISMO-percentage":1.8251681075888568,"POP/ARTE-occurances":104,"POP/ARTE-percentage":1.665065642010887,"TV E CELEBRIDADES-occurances":85,"TV E CELEBRIDADES-percentage":1.3608709574127442,"YOUTUBE-occurances":79,"YOUTUBE-percentage":1.2648094780659622,"SÉRIES E FILMES-occurances":67,"SÉRIES E FILMES-percentage":1.0726865193723982,"ALIMENTAÇÃO E SAÚDE-occurances":59,"ALIMENTAÇÃO E SAÚDE-percentage":0.9446045469100224,"POLÍTICA-occurances":46,"POLÍTICA-percentage":0.7364713416586616,"EDUCAÇÃO-occurances":39,"EDUCAÇÃO-percentage":0.6243996157540826,"CARROS-occurances":35,"CARROS-percentage":0.5603586295228946,"ECONOMIA-occurances":20,"ECONOMIA-percentage":0.3202049311559398,"CIÊNCIA-occurances":19,"CIÊNCIA-percentage":0.3041946845981428,"SEXO-occurances":18,"SEXO-percentage":0.2881844380403458,"HUMOR-occurances":16,"HUMOR-percentage":0.25616394492475186,"INTERNACIONAL-occurances":13,"INTERNACIONAL-percentage":0.20813320525136086,"TWITTER-occurances":9,"TWITTER-percentage":0.1440922190201729,"JOGOS-occurances":7,"JOGOS-percentage":0.11207172590457894,"NATUREZA-occurances":7,"NATUREZA-percentage":0.11207172590457894,"INSTAGRAM-occurances":6,"INSTAGRAM-percentage":0.09606147934678194,"FITNESS-occurances":4,"FITNESS-percentage":0.06404098623118797,"VIAGENS-occurances":4,"VIAGENS-percentage":0.06404098623118797}