{"totalHistoryAmount":6696,"TECNOLOGIA-occurances":1714,"TECNOLOGIA-percentage":25.5973715651135,"FACEBOOK-occurances":725,"FACEBOOK-percentage":10.827359617682198,"NOTÍCIAS-occurances":391,"NOTÍCIAS-percentage":5.839307048984469,"DECORAÇÃO-occurances":364,"DECORAÇÃO-percentage":5.436081242532856,"MODA-occurances":252,"MODA-percentage":3.763440860215054,"ESPORTE-occurances":222,"ESPORTE-percentage":3.315412186379928,"ESOTERISMO-occurances":168,"ESOTERISMO-percentage":2.5089605734767026,"LINKEDIN-occurances":137,"LINKEDIN-percentage":2.0459976105137394,"TV E CELEBRIDADES-occurances":108,"TV E CELEBRIDADES-percentage":1.6129032258064515,"YOUTUBE-occurances":102,"YOUTUBE-percentage":1.5232974910394266,"POP/ARTE-occurances":84,"POP/ARTE-percentage":1.2544802867383513,"SÉRIES E FILMES-occurances":67,"SÉRIES E FILMES-percentage":1.0005973715651135,"ALIMENTAÇÃO E SAÚDE-occurances":65,"ALIMENTAÇÃO E SAÚDE-percentage":0.9707287933094385,"POLÍTICA-occurances":57,"POLÍTICA-percentage":0.8512544802867383,"CARROS-occurances":40,"CARROS-percentage":0.5973715651135006,"EDUCAÇÃO-occurances":32,"EDUCAÇÃO-percentage":0.4778972520908005,"JOGOS-occurances":26,"JOGOS-percentage":0.38829151732377537,"CIÊNCIA-occurances":24,"CIÊNCIA-percentage":0.35842293906810035,"ECONOMIA-occurances":24,"ECONOMIA-percentage":0.35842293906810035,"NATUREZA-occurances":18,"NATUREZA-percentage":0.26881720430107525,"INTERNACIONAL-occurances":14,"INTERNACIONAL-percentage":0.20908004778972522,"HUMOR-occurances":13,"HUMOR-percentage":0.19414575866188769,"SEXO-occurances":13,"SEXO-percentage":0.19414575866188769,"FITNESS-occurances":10,"FITNESS-percentage":0.14934289127837516,"TWITTER-occurances":10,"TWITTER-percentage":0.14934289127837516,"INSTAGRAM-occurances":8,"INSTAGRAM-percentage":0.11947431302270012,"VIAGENS-occurances":6,"VIAGENS-percentage":0.08960573476702509}