{"totalHistoryAmount":3579,"TECNOLOGIA-occurances":1730,"TECNOLOGIA-percentage":48.33752444816988,"YOUTUBE-occurances":273,"YOUTUBE-percentage":7.627829002514669,"FACEBOOK-occurances":212,"FACEBOOK-percentage":5.923442302319083,"ESPORTE-occurances":150,"ESPORTE-percentage":4.191114836546522,"FITNESS-occurances":57,"FITNESS-percentage":1.5926236378876781,"POP/ARTE-occurances":50,"POP/ARTE-percentage":1.3970382788488405,"ECONOMIA-occurances":35,"ECONOMIA-percentage":0.9779267951941883,"INSTAGRAM-occurances":33,"INSTAGRAM-percentage":0.9220452640402347,"MODA-occurances":25,"MODA-percentage":0.6985191394244202,"NOTÍCIAS-occurances":22,"NOTÍCIAS-percentage":0.6146968426934898,"TV E CELEBRIDADES-occurances":19,"TV E CELEBRIDADES-percentage":0.5308745459625593,"JOGOS-occurances":18,"JOGOS-percentage":0.5029337803855826,"SÉRIES E FILMES-occurances":17,"SÉRIES E FILMES-percentage":0.47499301480860573,"POLÍTICA-occurances":15,"POLÍTICA-percentage":0.4191114836546521,"EDUCAÇÃO-occurances":13,"EDUCAÇÃO-percentage":0.3632299525006985,"VIAGENS-occurances":12,"VIAGENS-percentage":0.3352891869237217,"INTERNACIONAL-occurances":9,"INTERNACIONAL-percentage":0.2514668901927913,"CARROS-occurances":8,"CARROS-percentage":0.22352612461581448,"HUMOR-occurances":6,"HUMOR-percentage":0.16764459346186086,"DECORAÇÃO-occurances":5,"DECORAÇÃO-percentage":0.13970382788488406,"ESOTERISMO-occurances":5,"ESOTERISMO-percentage":0.13970382788488406,"SEXO-occurances":4,"SEXO-percentage":0.11176306230790724,"CIÊNCIA-occurances":1,"CIÊNCIA-percentage":0.02794076557697681,"LINKEDIN-occurances":1,"LINKEDIN-percentage":0.02794076557697681,"NATUREZA-occurances":1,"NATUREZA-percentage":0.02794076557697681,"TWITTER-occurances":1,"TWITTER-percentage":0.02794076557697681,"ALIMENTAÇÃO E SAÚDE-occurances":0,"ALIMENTAÇÃO E SAÚDE-percentage":0}