{"totalHistoryAmount":6376,"TECNOLOGIA-occurances":1502,"TECNOLOGIA-percentage":23.557089084065243,"FACEBOOK-occurances":618,"FACEBOOK-percentage":9.692597239648682,"DECORAÇÃO-occurances":391,"DECORAÇÃO-percentage":6.13237139272271,"NOTÍCIAS-occurances":383,"NOTÍCIAS-percentage":6.006900878293601,"MODA-occurances":245,"MODA-percentage":3.842534504391468,"ESPORTE-occurances":229,"ESPORTE-percentage":3.5915934755332497,"LINKEDIN-occurances":126,"LINKEDIN-percentage":1.9761606022584692,"ESOTERISMO-occurances":114,"ESOTERISMO-percentage":1.7879548306148054,"POP/ARTE-occurances":106,"POP/ARTE-percentage":1.6624843161856964,"TV E CELEBRIDADES-occurances":86,"TV E CELEBRIDADES-percentage":1.3488080301129235,"YOUTUBE-occurances":79,"YOUTUBE-percentage":1.2390213299874528,"SÉRIES E FILMES-occurances":67,"SÉRIES E FILMES-percentage":1.0508155583437893,"ALIMENTAÇÃO E SAÚDE-occurances":58,"ALIMENTAÇÃO E SAÚDE-percentage":0.9096612296110415,"POLÍTICA-occurances":45,"POLÍTICA-percentage":0.705771643663739,"EDUCAÇÃO-occurances":39,"EDUCAÇÃO-percentage":0.6116687578419071,"CARROS-occurances":35,"CARROS-percentage":0.5489335006273526,"ECONOMIA-occurances":20,"ECONOMIA-percentage":0.3136762860727729,"SEXO-occurances":20,"SEXO-percentage":0.3136762860727729,"CIÊNCIA-occurances":19,"CIÊNCIA-percentage":0.29799247176913424,"HUMOR-occurances":16,"HUMOR-percentage":0.25094102885821834,"INTERNACIONAL-occurances":13,"INTERNACIONAL-percentage":0.2038895859473024,"TWITTER-occurances":9,"TWITTER-percentage":0.1411543287327478,"JOGOS-occurances":8,"JOGOS-percentage":0.12547051442910917,"NATUREZA-occurances":7,"NATUREZA-percentage":0.10978670012547051,"INSTAGRAM-occurances":6,"INSTAGRAM-percentage":0.09410288582183186,"VIAGENS-occurances":6,"VIAGENS-percentage":0.09410288582183186,"FITNESS-occurances":4,"FITNESS-percentage":0.06273525721455459}