{"totalHistoryAmount":6200,"TECNOLOGIA-occurances":1756,"TECNOLOGIA-percentage":28.322580645161292,"YOUTUBE-occurances":468,"YOUTUBE-percentage":7.548387096774194,"NOTÍCIAS-occurances":367,"NOTÍCIAS-percentage":5.919354838709677,"DECORAÇÃO-occurances":364,"DECORAÇÃO-percentage":5.870967741935484,"SÉRIES E FILMES-occurances":301,"SÉRIES E FILMES-percentage":4.854838709677419,"FACEBOOK-occurances":172,"FACEBOOK-percentage":2.774193548387097,"POP/ARTE-occurances":126,"POP/ARTE-percentage":2.032258064516129,"ESPORTE-occurances":77,"ESPORTE-percentage":1.2419354838709677,"TV E CELEBRIDADES-occurances":69,"TV E CELEBRIDADES-percentage":1.1129032258064515,"CARROS-occurances":63,"CARROS-percentage":1.0161290322580645,"MODA-occurances":58,"MODA-percentage":0.9354838709677419,"ALIMENTAÇÃO E SAÚDE-occurances":52,"ALIMENTAÇÃO E SAÚDE-percentage":0.8387096774193549,"JOGOS-occurances":38,"JOGOS-percentage":0.6129032258064516,"VIAGENS-occurances":34,"VIAGENS-percentage":0.5483870967741935,"SEXO-occurances":24,"SEXO-percentage":0.3870967741935484,"INTERNACIONAL-occurances":19,"INTERNACIONAL-percentage":0.3064516129032258,"EDUCAÇÃO-occurances":12,"EDUCAÇÃO-percentage":0.1935483870967742,"CIÊNCIA-occurances":11,"CIÊNCIA-percentage":0.1774193548387097,"LINKEDIN-occurances":10,"LINKEDIN-percentage":0.16129032258064516,"HUMOR-occurances":9,"HUMOR-percentage":0.14516129032258066,"ECONOMIA-occurances":7,"ECONOMIA-percentage":0.11290322580645161,"FITNESS-occurances":7,"FITNESS-percentage":0.11290322580645161,"ESOTERISMO-occurances":6,"ESOTERISMO-percentage":0.0967741935483871,"NATUREZA-occurances":4,"NATUREZA-percentage":0.06451612903225806,"POLÍTICA-occurances":1,"POLÍTICA-percentage":0.016129032258064516,"TWITTER-occurances":1,"TWITTER-percentage":0.016129032258064516,"INSTAGRAM-occurances":0,"INSTAGRAM-percentage":0}