{"totalHistoryAmount":7367,"TECNOLOGIA-occurances":1770,"TECNOLOGIA-percentage":24.02606216913262,"FACEBOOK-occurances":580,"FACEBOOK-percentage":7.872946925478485,"NOTÍCIAS-occurances":572,"NOTÍCIAS-percentage":7.764354554092575,"DECORAÇÃO-occurances":369,"DECORAÇÃO-percentage":5.008823130175105,"MODA-occurances":280,"MODA-percentage":3.800732998506855,"ESPORTE-occurances":231,"ESPORTE-percentage":3.1356047237681555,"POP/ARTE-occurances":129,"POP/ARTE-percentage":1.751051988597801,"LINKEDIN-occurances":115,"LINKEDIN-percentage":1.5610153386724583,"YOUTUBE-occurances":108,"YOUTUBE-percentage":1.4659970137097869,"SÉRIES E FILMES-occurances":101,"SÉRIES E FILMES-percentage":1.3709786887471156,"ESOTERISMO-occurances":94,"ESOTERISMO-percentage":1.275960363784444,"TV E CELEBRIDADES-occurances":81,"TV E CELEBRIDADES-percentage":1.0994977602823401,"ALIMENTAÇÃO E SAÚDE-occurances":63,"ALIMENTAÇÃO E SAÚDE-percentage":0.8551649246640424,"EDUCAÇÃO-occurances":45,"EDUCAÇÃO-percentage":0.6108320890457445,"CARROS-occurances":35,"CARROS-percentage":0.47509162481335687,"JOGOS-occurances":34,"JOGOS-percentage":0.4615175783901181,"VIAGENS-occurances":30,"VIAGENS-percentage":0.407221392697163,"CIÊNCIA-occurances":24,"CIÊNCIA-percentage":0.3257771141577304,"INTERNACIONAL-occurances":22,"INTERNACIONAL-percentage":0.2986290213112529,"HUMOR-occurances":19,"HUMOR-percentage":0.25790688204153656,"SEXO-occurances":19,"SEXO-percentage":0.25790688204153656,"POLÍTICA-occurances":17,"POLÍTICA-percentage":0.23075878919505904,"ECONOMIA-occurances":15,"ECONOMIA-percentage":0.2036106963485815,"NATUREZA-occurances":9,"NATUREZA-percentage":0.12216641780914891,"FITNESS-occurances":7,"FITNESS-percentage":0.09501832496267137,"INSTAGRAM-occurances":6,"INSTAGRAM-percentage":0.0814442785394326,"TWITTER-occurances":6,"TWITTER-percentage":0.0814442785394326}