{"totalHistoryAmount":2760,"TECNOLOGIA-occurances":1057,"TECNOLOGIA-percentage":38.29710144927536,"DECORAÇÃO-occurances":348,"DECORAÇÃO-percentage":12.608695652173912,"FACEBOOK-occurances":128,"FACEBOOK-percentage":4.63768115942029,"ESPORTE-occurances":74,"ESPORTE-percentage":2.681159420289855,"POP/ARTE-occurances":35,"POP/ARTE-percentage":1.2681159420289856,"ALIMENTAÇÃO E SAÚDE-occurances":30,"ALIMENTAÇÃO E SAÚDE-percentage":1.0869565217391304,"NOTÍCIAS-occurances":30,"NOTÍCIAS-percentage":1.0869565217391304,"MODA-occurances":25,"MODA-percentage":0.9057971014492754,"SÉRIES E FILMES-occurances":25,"SÉRIES E FILMES-percentage":0.9057971014492754,"YOUTUBE-occurances":23,"YOUTUBE-percentage":0.8333333333333334,"JOGOS-occurances":13,"JOGOS-percentage":0.47101449275362317,"FITNESS-occurances":11,"FITNESS-percentage":0.39855072463768115,"ECONOMIA-occurances":10,"ECONOMIA-percentage":0.36231884057971014,"INSTAGRAM-occurances":8,"INSTAGRAM-percentage":0.2898550724637681,"CARROS-occurances":6,"CARROS-percentage":0.21739130434782608,"VIAGENS-occurances":6,"VIAGENS-percentage":0.21739130434782608,"EDUCAÇÃO-occurances":5,"EDUCAÇÃO-percentage":0.18115942028985507,"ESOTERISMO-occurances":4,"ESOTERISMO-percentage":0.14492753623188406,"NATUREZA-occurances":4,"NATUREZA-percentage":0.14492753623188406,"TV E CELEBRIDADES-occurances":4,"TV E CELEBRIDADES-percentage":0.14492753623188406,"HUMOR-occurances":3,"HUMOR-percentage":0.10869565217391304,"SEXO-occurances":3,"SEXO-percentage":0.10869565217391304,"INTERNACIONAL-occurances":2,"INTERNACIONAL-percentage":0.07246376811594203,"CIÊNCIA-occurances":1,"CIÊNCIA-percentage":0.036231884057971016,"POLÍTICA-occurances":1,"POLÍTICA-percentage":0.036231884057971016,"TWITTER-occurances":1,"TWITTER-percentage":0.036231884057971016,"LINKEDIN-occurances":0,"LINKEDIN-percentage":0}