{"totalHistoryAmount":9164,"TECNOLOGIA-occurances":4157,"TECNOLOGIA-percentage":45.36228721082497,"ESPORTE-occurances":1558,"ESPORTE-percentage":17.001309471846355,"FACEBOOK-occurances":1207,"FACEBOOK-percentage":13.171104321257094,"SEXO-occurances":549,"SEXO-percentage":5.990833697075513,"INSTAGRAM-occurances":177,"INSTAGRAM-percentage":1.9314709733740725,"CARROS-occurances":129,"CARROS-percentage":1.407682234831951,"DECORAÇÃO-occurances":66,"DECORAÇÃO-percentage":0.7202095154954169,"POP/ARTE-occurances":62,"POP/ARTE-percentage":0.6765604539502401,"EDUCAÇÃO-occurances":59,"EDUCAÇÃO-percentage":0.6438236577913575,"NOTÍCIAS-occurances":48,"NOTÍCIAS-percentage":0.5237887385421214,"YOUTUBE-occurances":42,"YOUTUBE-percentage":0.45831514622435615,"ESOTERISMO-occurances":40,"ESOTERISMO-percentage":0.43649061545176776,"JOGOS-occurances":25,"JOGOS-percentage":0.2728066346573549,"LINKEDIN-occurances":21,"LINKEDIN-percentage":0.22915757311217808,"MODA-occurances":17,"MODA-percentage":0.18550851156700132,"SÉRIES E FILMES-occurances":12,"SÉRIES E FILMES-percentage":0.13094718463553034,"TWITTER-occurances":12,"TWITTER-percentage":0.13094718463553034,"ECONOMIA-occurances":11,"ECONOMIA-percentage":0.12003491924923614,"TV E CELEBRIDADES-occurances":10,"TV E CELEBRIDADES-percentage":0.10912265386294194,"ALIMENTAÇÃO E SAÚDE-occurances":4,"ALIMENTAÇÃO E SAÚDE-percentage":0.04364906154517678,"FITNESS-occurances":4,"FITNESS-percentage":0.04364906154517678,"VIAGENS-occurances":3,"VIAGENS-percentage":0.032736796158882586,"CIÊNCIA-occurances":2,"CIÊNCIA-percentage":0.02182453077258839,"POLÍTICA-occurances":2,"POLÍTICA-percentage":0.02182453077258839,"INTERNACIONAL-occurances":1,"INTERNACIONAL-percentage":0.010912265386294195,"HUMOR-occurances":0,"HUMOR-percentage":0,"NATUREZA-occurances":0,"NATUREZA-percentage":0}