{"totalHistoryAmount":2503,"TECNOLOGIA-occurances":1215,"TECNOLOGIA-percentage":48.541749900119854,"YOUTUBE-occurances":229,"YOUTUBE-percentage":9.14902117459049,"FACEBOOK-occurances":140,"FACEBOOK-percentage":5.593288054334798,"ESPORTE-occurances":114,"ESPORTE-percentage":4.554534558529764,"FITNESS-occurances":56,"FITNESS-percentage":2.2373152217339194,"ECONOMIA-occurances":34,"ECONOMIA-percentage":1.3583699560527367,"POP/ARTE-occurances":29,"POP/ARTE-percentage":1.1586096683979226,"INSTAGRAM-occurances":27,"INSTAGRAM-percentage":1.0787055533359968,"JOGOS-occurances":18,"JOGOS-percentage":0.7191370355573312,"NOTÍCIAS-occurances":17,"NOTÍCIAS-percentage":0.6791849780263683,"SÉRIES E FILMES-occurances":14,"SÉRIES E FILMES-percentage":0.5593288054334798,"EDUCAÇÃO-occurances":12,"EDUCAÇÃO-percentage":0.4794246903715541,"VIAGENS-occurances":11,"VIAGENS-percentage":0.4394726328405913,"POLÍTICA-occurances":8,"POLÍTICA-percentage":0.31961646024770274,"TV E CELEBRIDADES-occurances":7,"TV E CELEBRIDADES-percentage":0.2796644027167399,"CARROS-occurances":6,"CARROS-percentage":0.23971234518577705,"HUMOR-occurances":6,"HUMOR-percentage":0.23971234518577705,"ESOTERISMO-occurances":2,"ESOTERISMO-percentage":0.07990411506192568,"CIÊNCIA-occurances":1,"CIÊNCIA-percentage":0.03995205753096284,"DECORAÇÃO-occurances":1,"DECORAÇÃO-percentage":0.03995205753096284,"LINKEDIN-occurances":1,"LINKEDIN-percentage":0.03995205753096284,"MODA-occurances":1,"MODA-percentage":0.03995205753096284,"NATUREZA-occurances":1,"NATUREZA-percentage":0.03995205753096284,"ALIMENTAÇÃO E SAÚDE-occurances":0,"ALIMENTAÇÃO E SAÚDE-percentage":0,"INTERNACIONAL-occurances":0,"INTERNACIONAL-percentage":0,"SEXO-occurances":0,"SEXO-percentage":0,"TWITTER-occurances":0,"TWITTER-percentage":0}