{"totalHistoryAmount":5165,"TECNOLOGIA-occurances":1538,"TECNOLOGIA-percentage":29.77734753146176,"YOUTUBE-occurances":602,"YOUTUBE-percentage":11.655372700871249,"SÉRIES E FILMES-occurances":407,"SÉRIES E FILMES-percentage":7.879961277831558,"DECORAÇÃO-occurances":361,"DECORAÇÃO-percentage":6.989351403678606,"FACEBOOK-occurances":123,"FACEBOOK-percentage":2.3814133591481124,"NOTÍCIAS-occurances":103,"NOTÍCIAS-percentage":1.9941916747337851,"POP/ARTE-occurances":82,"POP/ARTE-percentage":1.5876089060987415,"CARROS-occurances":58,"CARROS-percentage":1.1229428848015488,"TV E CELEBRIDADES-occurances":43,"TV E CELEBRIDADES-percentage":0.8325266214908035,"ALIMENTAÇÃO E SAÚDE-occurances":42,"ALIMENTAÇÃO E SAÚDE-percentage":0.8131655372700871,"ESPORTE-occurances":40,"ESPORTE-percentage":0.7744433688286544,"SEXO-occurances":23,"SEXO-percentage":0.4453049370764763,"MODA-occurances":20,"MODA-percentage":0.3872216844143272,"INTERNACIONAL-occurances":14,"INTERNACIONAL-percentage":0.271055179090029,"VIAGENS-occurances":10,"VIAGENS-percentage":0.1936108422071636,"JOGOS-occurances":8,"JOGOS-percentage":0.15488867376573087,"EDUCAÇÃO-occurances":7,"EDUCAÇÃO-percentage":0.1355275895450145,"ESOTERISMO-occurances":7,"ESOTERISMO-percentage":0.1355275895450145,"CIÊNCIA-occurances":6,"CIÊNCIA-percentage":0.11616650532429816,"FITNESS-occurances":6,"FITNESS-percentage":0.11616650532429816,"INSTAGRAM-occurances":6,"INSTAGRAM-percentage":0.11616650532429816,"LINKEDIN-occurances":6,"LINKEDIN-percentage":0.11616650532429816,"HUMOR-occurances":5,"HUMOR-percentage":0.0968054211035818,"NATUREZA-occurances":3,"NATUREZA-percentage":0.05808325266214908,"ECONOMIA-occurances":1,"ECONOMIA-percentage":0.01936108422071636,"POLÍTICA-occurances":1,"POLÍTICA-percentage":0.01936108422071636,"TWITTER-occurances":1,"TWITTER-percentage":0.01936108422071636}