{"totalHistoryAmount":2250,"TECNOLOGIA-occurances":785,"TECNOLOGIA-percentage":34.888888888888886,"LINKEDIN-occurances":139,"LINKEDIN-percentage":6.177777777777778,"EDUCAÇÃO-occurances":86,"EDUCAÇÃO-percentage":3.8222222222222224,"VIAGENS-occurances":54,"VIAGENS-percentage":2.4,"FACEBOOK-occurances":50,"FACEBOOK-percentage":2.2222222222222223,"ESPORTE-occurances":25,"ESPORTE-percentage":1.1111111111111112,"NOTÍCIAS-occurances":25,"NOTÍCIAS-percentage":1.1111111111111112,"TV E CELEBRIDADES-occurances":23,"TV E CELEBRIDADES-percentage":1.0222222222222221,"YOUTUBE-occurances":22,"YOUTUBE-percentage":0.9777777777777777,"CIÊNCIA-occurances":20,"CIÊNCIA-percentage":0.8888888888888888,"TWITTER-occurances":20,"TWITTER-percentage":0.8888888888888888,"SEXO-occurances":16,"SEXO-percentage":0.7111111111111111,"DECORAÇÃO-occurances":13,"DECORAÇÃO-percentage":0.5777777777777777,"ECONOMIA-occurances":13,"ECONOMIA-percentage":0.5777777777777777,"INSTAGRAM-occurances":10,"INSTAGRAM-percentage":0.4444444444444444,"JOGOS-occurances":10,"JOGOS-percentage":0.4444444444444444,"CARROS-occurances":7,"CARROS-percentage":0.3111111111111111,"ESOTERISMO-occurances":7,"ESOTERISMO-percentage":0.3111111111111111,"MODA-occurances":7,"MODA-percentage":0.3111111111111111,"POP/ARTE-occurances":6,"POP/ARTE-percentage":0.26666666666666666,"POLÍTICA-occurances":5,"POLÍTICA-percentage":0.2222222222222222,"ALIMENTAÇÃO E SAÚDE-occurances":4,"ALIMENTAÇÃO E SAÚDE-percentage":0.17777777777777778,"FITNESS-occurances":2,"FITNESS-percentage":0.08888888888888889,"SÉRIES E FILMES-occurances":1,"SÉRIES E FILMES-percentage":0.044444444444444446,"HUMOR-occurances":0,"HUMOR-percentage":0,"INTERNACIONAL-occurances":0,"INTERNACIONAL-percentage":0,"NATUREZA-occurances":0,"NATUREZA-percentage":0}