{"totalHistoryAmount":6740,"TECNOLOGIA-occurances":1718,"TECNOLOGIA-percentage":25.48961424332344,"FACEBOOK-occurances":727,"FACEBOOK-percentage":10.786350148367953,"NOTÍCIAS-occurances":398,"NOTÍCIAS-percentage":5.905044510385757,"DECORAÇÃO-occurances":365,"DECORAÇÃO-percentage":5.415430267062314,"MODA-occurances":253,"MODA-percentage":3.7537091988130564,"ESPORTE-occurances":222,"ESPORTE-percentage":3.293768545994065,"ESOTERISMO-occurances":168,"ESOTERISMO-percentage":2.492581602373887,"LINKEDIN-occurances":137,"LINKEDIN-percentage":2.0326409495548963,"TV E CELEBRIDADES-occurances":109,"TV E CELEBRIDADES-percentage":1.6172106824925816,"YOUTUBE-occurances":102,"YOUTUBE-percentage":1.513353115727003,"POP/ARTE-occurances":85,"POP/ARTE-percentage":1.261127596439169,"SÉRIES E FILMES-occurances":68,"SÉRIES E FILMES-percentage":1.0089020771513353,"ALIMENTAÇÃO E SAÚDE-occurances":66,"ALIMENTAÇÃO E SAÚDE-percentage":0.9792284866468842,"POLÍTICA-occurances":57,"POLÍTICA-percentage":0.8456973293768546,"CARROS-occurances":41,"CARROS-percentage":0.6083086053412463,"EDUCAÇÃO-occurances":32,"EDUCAÇÃO-percentage":0.47477744807121663,"JOGOS-occurances":26,"JOGOS-percentage":0.3857566765578635,"CIÊNCIA-occurances":24,"CIÊNCIA-percentage":0.3560830860534125,"ECONOMIA-occurances":24,"ECONOMIA-percentage":0.3560830860534125,"NATUREZA-occurances":18,"NATUREZA-percentage":0.26706231454005935,"INTERNACIONAL-occurances":14,"INTERNACIONAL-percentage":0.20771513353115728,"HUMOR-occurances":13,"HUMOR-percentage":0.19287833827893175,"SEXO-occurances":13,"SEXO-percentage":0.19287833827893175,"FITNESS-occurances":10,"FITNESS-percentage":0.14836795252225518,"TWITTER-occurances":10,"TWITTER-percentage":0.14836795252225518,"INSTAGRAM-occurances":8,"INSTAGRAM-percentage":0.11869436201780416,"VIAGENS-occurances":6,"VIAGENS-percentage":0.08902077151335312}