{"totalHistoryAmount":5857,"TECNOLOGIA-occurances":1627,"TECNOLOGIA-percentage":27.778726310397815,"YOUTUBE-occurances":480,"YOUTUBE-percentage":8.195321837117978,"DECORAÇÃO-occurances":337,"DECORAÇÃO-percentage":5.753798873143247,"SÉRIES E FILMES-occurances":330,"SÉRIES E FILMES-percentage":5.63428376301861,"NOTÍCIAS-occurances":322,"NOTÍCIAS-percentage":5.497695065733311,"FACEBOOK-occurances":169,"FACEBOOK-percentage":2.8854362301519547,"POP/ARTE-occurances":111,"POP/ARTE-percentage":1.8951681748335325,"TV E CELEBRIDADES-occurances":69,"TV E CELEBRIDADES-percentage":1.1780775140857094,"ESPORTE-occurances":67,"ESPORTE-percentage":1.1439303397643845,"CARROS-occurances":63,"CARROS-percentage":1.0756359911217346,"ALIMENTAÇÃO E SAÚDE-occurances":51,"ALIMENTAÇÃO E SAÚDE-percentage":0.8707529451937852,"MODA-occurances":40,"MODA-percentage":0.6829434864264982,"JOGOS-occurances":37,"JOGOS-percentage":0.6317227249445109,"SEXO-occurances":24,"SEXO-percentage":0.4097660918558989,"VIAGENS-occurances":19,"VIAGENS-percentage":0.32439815605258665,"INTERNACIONAL-occurances":18,"INTERNACIONAL-percentage":0.30732456889192417,"EDUCAÇÃO-occurances":12,"EDUCAÇÃO-percentage":0.20488304592794945,"CIÊNCIA-occurances":10,"CIÊNCIA-percentage":0.17073587160662454,"HUMOR-occurances":9,"HUMOR-percentage":0.15366228444596208,"FITNESS-occurances":7,"FITNESS-percentage":0.11951511012463718,"LINKEDIN-occurances":6,"LINKEDIN-percentage":0.10244152296397473,"ECONOMIA-occurances":5,"ECONOMIA-percentage":0.08536793580331227,"ESOTERISMO-occurances":4,"ESOTERISMO-percentage":0.06829434864264983,"NATUREZA-occurances":4,"NATUREZA-percentage":0.06829434864264983,"TWITTER-occurances":1,"TWITTER-percentage":0.017073587160662457,"INSTAGRAM-occurances":0,"INSTAGRAM-percentage":0,"POLÍTICA-occurances":0,"POLÍTICA-percentage":0}