{"totalHistoryAmount":6405,"TECNOLOGIA-occurances":1588,"TECNOLOGIA-percentage":24.793130366900858,"FACEBOOK-occurances":642,"FACEBOOK-percentage":10.023419203747073,"NOTÍCIAS-occurances":368,"NOTÍCIAS-percentage":5.745511319281811,"DECORAÇÃO-occurances":351,"DECORAÇÃO-percentage":5.480093676814988,"MODA-occurances":246,"MODA-percentage":3.840749414519906,"ESPORTE-occurances":204,"ESPORTE-percentage":3.1850117096018735,"ESOTERISMO-occurances":140,"ESOTERISMO-percentage":2.185792349726776,"LINKEDIN-occurances":135,"LINKEDIN-percentage":2.107728337236534,"POP/ARTE-occurances":109,"POP/ARTE-percentage":1.7017954722872755,"TV E CELEBRIDADES-occurances":94,"TV E CELEBRIDADES-percentage":1.4676034348165496,"YOUTUBE-occurances":78,"YOUTUBE-percentage":1.2177985948477752,"SÉRIES E FILMES-occurances":74,"SÉRIES E FILMES-percentage":1.1553473848555815,"POLÍTICA-occurances":52,"POLÍTICA-percentage":0.8118657298985168,"ALIMENTAÇÃO E SAÚDE-occurances":50,"ALIMENTAÇÃO E SAÚDE-percentage":0.78064012490242,"CARROS-occurances":38,"CARROS-percentage":0.5932864949258392,"EDUCAÇÃO-occurances":29,"EDUCAÇÃO-percentage":0.4527712724434036,"ECONOMIA-occurances":23,"ECONOMIA-percentage":0.3590944574551132,"CIÊNCIA-occurances":20,"CIÊNCIA-percentage":0.312256049960968,"JOGOS-occurances":18,"JOGOS-percentage":0.2810304449648712,"NATUREZA-occurances":18,"NATUREZA-percentage":0.2810304449648712,"SEXO-occurances":16,"SEXO-percentage":0.2498048399687744,"HUMOR-occurances":15,"HUMOR-percentage":0.234192037470726,"INTERNACIONAL-occurances":13,"INTERNACIONAL-percentage":0.2029664324746292,"TWITTER-occurances":9,"TWITTER-percentage":0.1405152224824356,"FITNESS-occurances":8,"FITNESS-percentage":0.1249024199843872,"INSTAGRAM-occurances":7,"INSTAGRAM-percentage":0.1092896174863388,"VIAGENS-occurances":4,"VIAGENS-percentage":0.0624512099921936}