{"totalHistoryAmount":3407,"TECNOLOGIA-occurances":1198,"TECNOLOGIA-percentage":35.16289991194599,"LINKEDIN-occurances":287,"LINKEDIN-percentage":8.42383328441444,"EDUCAÇÃO-occurances":99,"EDUCAÇÃO-percentage":2.9057822130906956,"FACEBOOK-occurances":98,"FACEBOOK-percentage":2.876430877604931,"CARROS-occurances":43,"CARROS-percentage":1.262107425887878,"VIAGENS-occurances":40,"VIAGENS-percentage":1.174053419430584,"INSTAGRAM-occurances":35,"INSTAGRAM-percentage":1.0272967420017611,"ESPORTE-occurances":32,"ESPORTE-percentage":0.9392427355444672,"NOTÍCIAS-occurances":30,"NOTÍCIAS-percentage":0.8805400645729381,"SÉRIES E FILMES-occurances":28,"SÉRIES E FILMES-percentage":0.8218373936014088,"FITNESS-occurances":27,"FITNESS-percentage":0.7924860581156442,"YOUTUBE-occurances":27,"YOUTUBE-percentage":0.7924860581156442,"CIÊNCIA-occurances":20,"CIÊNCIA-percentage":0.587026709715292,"DECORAÇÃO-occurances":19,"DECORAÇÃO-percentage":0.5576753742295274,"POP/ARTE-occurances":18,"POP/ARTE-percentage":0.5283240387437629,"JOGOS-occurances":17,"JOGOS-percentage":0.49897270325799825,"MODA-occurances":17,"MODA-percentage":0.49897270325799825,"TWITTER-occurances":17,"TWITTER-percentage":0.49897270325799825,"ECONOMIA-occurances":15,"ECONOMIA-percentage":0.44027003228646905,"TV E CELEBRIDADES-occurances":14,"TV E CELEBRIDADES-percentage":0.4109186968007044,"SEXO-occurances":11,"SEXO-percentage":0.32286469034341064,"ESOTERISMO-occurances":6,"ESOTERISMO-percentage":0.1761080129145876,"ALIMENTAÇÃO E SAÚDE-occurances":5,"ALIMENTAÇÃO E SAÚDE-percentage":0.146756677428823,"POLÍTICA-occurances":4,"POLÍTICA-percentage":0.1174053419430584,"HUMOR-occurances":0,"HUMOR-percentage":0,"INTERNACIONAL-occurances":0,"INTERNACIONAL-percentage":0,"NATUREZA-occurances":0,"NATUREZA-percentage":0}