{"totalHistoryAmount":6518,"TECNOLOGIA-occurances":1821,"TECNOLOGIA-percentage":27.938017796870206,"NOTÍCIAS-occurances":431,"NOTÍCIAS-percentage":6.612457809143909,"YOUTUBE-occurances":408,"YOUTUBE-percentage":6.259588830929733,"DECORAÇÃO-occurances":386,"DECORAÇÃO-percentage":5.92206198220313,"SÉRIES E FILMES-occurances":255,"SÉRIES E FILMES-percentage":3.912243019331083,"FACEBOOK-occurances":179,"FACEBOOK-percentage":2.7462411782755445,"ESPORTE-occurances":125,"ESPORTE-percentage":1.9177661859466093,"POP/ARTE-occurances":119,"POP/ARTE-percentage":1.8257134090211722,"TV E CELEBRIDADES-occurances":77,"TV E CELEBRIDADES-percentage":1.1813439705431115,"MODA-occurances":66,"MODA-percentage":1.0125805461798099,"ALIMENTAÇÃO E SAÚDE-occurances":58,"ALIMENTAÇÃO E SAÚDE-percentage":0.8898435102792267,"CARROS-occurances":56,"CARROS-percentage":0.859159251304081,"JOGOS-occurances":40,"JOGOS-percentage":0.613685179502915,"VIAGENS-occurances":37,"VIAGENS-percentage":0.5676587910401963,"SEXO-occurances":28,"SEXO-percentage":0.4295796256520405,"EDUCAÇÃO-occurances":24,"EDUCAÇÃO-percentage":0.36821110770174903,"INTERNACIONAL-occurances":19,"INTERNACIONAL-percentage":0.29150046026388465,"CIÊNCIA-occurances":11,"CIÊNCIA-percentage":0.16876342436330163,"HUMOR-occurances":10,"HUMOR-percentage":0.15342129487572875,"LINKEDIN-occurances":10,"LINKEDIN-percentage":0.15342129487572875,"ESOTERISMO-occurances":9,"ESOTERISMO-percentage":0.13807916538815587,"ECONOMIA-occurances":8,"ECONOMIA-percentage":0.122737035900583,"FITNESS-occurances":8,"FITNESS-percentage":0.122737035900583,"NATUREZA-occurances":5,"NATUREZA-percentage":0.07671064743786438,"TWITTER-occurances":3,"TWITTER-percentage":0.04602638846271863,"POLÍTICA-occurances":1,"POLÍTICA-percentage":0.015342129487572876,"INSTAGRAM-occurances":0,"INSTAGRAM-percentage":0}