{"totalHistoryAmount":9350,"TECNOLOGIA-occurances":4304,"TECNOLOGIA-percentage":46.032085561497325,"ESPORTE-occurances":1547,"ESPORTE-percentage":16.545454545454547,"FACEBOOK-occurances":1122,"FACEBOOK-percentage":12,"SEXO-occurances":694,"SEXO-percentage":7.422459893048129,"INSTAGRAM-occurances":174,"INSTAGRAM-percentage":1.86096256684492,"CARROS-occurances":140,"CARROS-percentage":1.4973262032085561,"YOUTUBE-occurances":63,"YOUTUBE-percentage":0.6737967914438503,"DECORAÇÃO-occurances":61,"DECORAÇÃO-percentage":0.6524064171122995,"NOTÍCIAS-occurances":49,"NOTÍCIAS-percentage":0.5240641711229946,"EDUCAÇÃO-occurances":39,"EDUCAÇÃO-percentage":0.41711229946524064,"POP/ARTE-occurances":35,"POP/ARTE-percentage":0.37433155080213903,"MODA-occurances":24,"MODA-percentage":0.25668449197860965,"LINKEDIN-occurances":17,"LINKEDIN-percentage":0.18181818181818182,"ESOTERISMO-occurances":15,"ESOTERISMO-percentage":0.16042780748663102,"SÉRIES E FILMES-occurances":12,"SÉRIES E FILMES-percentage":0.12834224598930483,"CIÊNCIA-occurances":11,"CIÊNCIA-percentage":0.11764705882352941,"ECONOMIA-occurances":11,"ECONOMIA-percentage":0.11764705882352941,"TWITTER-occurances":10,"TWITTER-percentage":0.10695187165775401,"JOGOS-occurances":7,"JOGOS-percentage":0.0748663101604278,"TV E CELEBRIDADES-occurances":6,"TV E CELEBRIDADES-percentage":0.06417112299465241,"VIAGENS-occurances":3,"VIAGENS-percentage":0.03208556149732621,"FITNESS-occurances":2,"FITNESS-percentage":0.0213903743315508,"ALIMENTAÇÃO E SAÚDE-occurances":1,"ALIMENTAÇÃO E SAÚDE-percentage":0.0106951871657754,"INTERNACIONAL-occurances":1,"INTERNACIONAL-percentage":0.0106951871657754,"POLÍTICA-occurances":1,"POLÍTICA-percentage":0.0106951871657754,"HUMOR-occurances":0,"HUMOR-percentage":0,"NATUREZA-occurances":0,"NATUREZA-percentage":0}