{"totalHistoryAmount":5383,"TECNOLOGIA-occurances":1521,"TECNOLOGIA-percentage":28.25561954300576,"YOUTUBE-occurances":519,"YOUTUBE-percentage":9.641463867731748,"SÉRIES E FILMES-occurances":371,"SÉRIES E FILMES-percentage":6.8920676202860855,"DECORAÇÃO-occurances":279,"DECORAÇÃO-percentage":5.182983466468512,"NOTÍCIAS-occurances":260,"NOTÍCIAS-percentage":4.830020434701839,"FACEBOOK-occurances":159,"FACEBOOK-percentage":2.953743265836894,"POP/ARTE-occurances":100,"POP/ARTE-percentage":1.8577001671930151,"TV E CELEBRIDADES-occurances":68,"TV E CELEBRIDADES-percentage":1.2632361136912502,"ESPORTE-occurances":64,"ESPORTE-percentage":1.1889281070035296,"CARROS-occurances":60,"CARROS-percentage":1.114620100315809,"ALIMENTAÇÃO E SAÚDE-occurances":43,"ALIMENTAÇÃO E SAÚDE-percentage":0.7988110718929965,"JOGOS-occurances":36,"JOGOS-percentage":0.6687720601894854,"SEXO-occurances":24,"SEXO-percentage":0.4458480401263236,"MODA-occurances":19,"MODA-percentage":0.3529630317666729,"INTERNACIONAL-occurances":18,"INTERNACIONAL-percentage":0.3343860300947427,"EDUCAÇÃO-occurances":12,"EDUCAÇÃO-percentage":0.2229240200631618,"VIAGENS-occurances":10,"VIAGENS-percentage":0.18577001671930152,"HUMOR-occurances":9,"HUMOR-percentage":0.16719301504737136,"CIÊNCIA-occurances":8,"CIÊNCIA-percentage":0.1486160133754412,"ESOTERISMO-occurances":6,"ESOTERISMO-percentage":0.1114620100315809,"LINKEDIN-occurances":6,"LINKEDIN-percentage":0.1114620100315809,"INSTAGRAM-occurances":5,"INSTAGRAM-percentage":0.09288500835965076,"FITNESS-occurances":4,"FITNESS-percentage":0.0743080066877206,"NATUREZA-occurances":4,"NATUREZA-percentage":0.0743080066877206,"ECONOMIA-occurances":3,"ECONOMIA-percentage":0.05573100501579045,"TWITTER-occurances":1,"TWITTER-percentage":0.01857700167193015,"POLÍTICA-occurances":0,"POLÍTICA-percentage":0}