{"totalHistoryAmount":6907,"TECNOLOGIA-occurances":1917,"TECNOLOGIA-percentage":27.754452005212105,"NOTÍCIAS-occurances":465,"NOTÍCIAS-percentage":6.7323005646445635,"DECORAÇÃO-occurances":358,"DECORAÇÃO-percentage":5.183147531489793,"FACEBOOK-occurances":310,"FACEBOOK-percentage":4.488200376429709,"MODA-occurances":268,"MODA-percentage":3.8801216157521354,"YOUTUBE-occurances":238,"YOUTUBE-percentage":3.445779643839583,"SÉRIES E FILMES-occurances":162,"SÉRIES E FILMES-percentage":2.3454466483277834,"ESPORTE-occurances":160,"ESPORTE-percentage":2.3164905168669465,"POP/ARTE-occurances":126,"POP/ARTE-percentage":1.8242362820327205,"ALIMENTAÇÃO E SAÚDE-occurances":71,"ALIMENTAÇÃO E SAÚDE-percentage":1.0279426668597076,"TV E CELEBRIDADES-occurances":59,"TV E CELEBRIDADES-percentage":0.8542058780946865,"CARROS-occurances":47,"CARROS-percentage":0.6804690893296655,"JOGOS-occurances":36,"JOGOS-percentage":0.521210366295063,"VIAGENS-occurances":36,"VIAGENS-percentage":0.521210366295063,"SEXO-occurances":32,"SEXO-percentage":0.46329810337338934,"EDUCAÇÃO-occurances":26,"EDUCAÇÃO-percentage":0.3764297089908788,"CIÊNCIA-occurances":18,"CIÊNCIA-percentage":0.2606051831475315,"INTERNACIONAL-occurances":17,"INTERNACIONAL-percentage":0.24612711741711307,"HUMOR-occurances":11,"HUMOR-percentage":0.1592587230346026,"LINKEDIN-occurances":10,"LINKEDIN-percentage":0.14478065730418416,"ECONOMIA-occurances":9,"ECONOMIA-percentage":0.13030259157376575,"NATUREZA-occurances":8,"NATUREZA-percentage":0.11582452584334733,"FITNESS-occurances":7,"FITNESS-percentage":0.10134646011292892,"ESOTERISMO-occurances":5,"ESOTERISMO-percentage":0.07239032865209208,"INSTAGRAM-occurances":4,"INSTAGRAM-percentage":0.05791226292167367,"TWITTER-occurances":3,"TWITTER-percentage":0.04343419719125525,"POLÍTICA-occurances":2,"POLÍTICA-percentage":0.028956131460836834}