{"totalHistoryAmount":4101,"TECNOLOGIA-occurances":2117,"TECNOLOGIA-percentage":51.621555718117534,"YOUTUBE-occurances":282,"YOUTUBE-percentage":6.876371616678859,"FACEBOOK-occurances":206,"FACEBOOK-percentage":5.023165081687393,"ESPORTE-occurances":185,"ESPORTE-percentage":4.511094854913436,"POP/ARTE-occurances":70,"POP/ARTE-percentage":1.706900755913192,"FITNESS-occurances":57,"FITNESS-percentage":1.3899049012435991,"ECONOMIA-occurances":36,"ECONOMIA-percentage":0.8778346744696416,"INSTAGRAM-occurances":33,"INSTAGRAM-percentage":0.8046817849305048,"NOTÍCIAS-occurances":27,"NOTÍCIAS-percentage":0.6583760058522312,"MODA-occurances":24,"MODA-percentage":0.5852231163130943,"TV E CELEBRIDADES-occurances":20,"TV E CELEBRIDADES-percentage":0.48768593026091195,"POLÍTICA-occurances":18,"POLÍTICA-percentage":0.4389173372348208,"ESOTERISMO-occurances":17,"ESOTERISMO-percentage":0.41453304072177516,"JOGOS-occurances":17,"JOGOS-percentage":0.41453304072177516,"SÉRIES E FILMES-occurances":17,"SÉRIES E FILMES-percentage":0.41453304072177516,"EDUCAÇÃO-occurances":13,"EDUCAÇÃO-percentage":0.3169958546695928,"VIAGENS-occurances":12,"VIAGENS-percentage":0.29261155815654716,"INTERNACIONAL-occurances":10,"INTERNACIONAL-percentage":0.24384296513045597,"CARROS-occurances":8,"CARROS-percentage":0.1950743721043648,"LINKEDIN-occurances":7,"LINKEDIN-percentage":0.17069007559131918,"DECORAÇÃO-occurances":6,"DECORAÇÃO-percentage":0.14630577907827358,"HUMOR-occurances":6,"HUMOR-percentage":0.14630577907827358,"SEXO-occurances":5,"SEXO-percentage":0.12192148256522799,"TWITTER-occurances":3,"TWITTER-percentage":0.07315288953913679,"NATUREZA-occurances":1,"NATUREZA-percentage":0.0243842965130456,"ALIMENTAÇÃO E SAÚDE-occurances":0,"ALIMENTAÇÃO E SAÚDE-percentage":0,"CIÊNCIA-occurances":0,"CIÊNCIA-percentage":0}