{"totalHistoryAmount":7102,"TECNOLOGIA-occurances":1791,"TECNOLOGIA-percentage":25.21824838073782,"NOTÍCIAS-occurances":515,"NOTÍCIAS-percentage":7.25147845677274,"FACEBOOK-occurances":490,"FACEBOOK-percentage":6.899464939453675,"DECORAÇÃO-occurances":352,"DECORAÇÃO-percentage":4.956350323852436,"MODA-occurances":278,"MODA-percentage":3.9143903125880035,"ESPORTE-occurances":206,"ESPORTE-percentage":2.900591382709096,"YOUTUBE-occurances":171,"YOUTUBE-percentage":2.407772458462405,"POP/ARTE-occurances":126,"POP/ARTE-percentage":1.774148127288088,"SÉRIES E FILMES-occurances":113,"SÉRIES E FILMES-percentage":1.591101098282174,"TV E CELEBRIDADES-occurances":63,"TV E CELEBRIDADES-percentage":0.887074063644044,"ESOTERISMO-occurances":58,"ESOTERISMO-percentage":0.8166713601802309,"ALIMENTAÇÃO E SAÚDE-occurances":54,"ALIMENTAÇÃO E SAÚDE-percentage":0.7603491974091805,"LINKEDIN-occurances":43,"LINKEDIN-percentage":0.6054632497887918,"EDUCAÇÃO-occurances":35,"EDUCAÇÃO-percentage":0.49281892424669105,"JOGOS-occurances":35,"JOGOS-percentage":0.49281892424669105,"SEXO-occurances":34,"SEXO-percentage":0.47873838355392845,"VIAGENS-occurances":33,"VIAGENS-percentage":0.46465784286116585,"CARROS-occurances":28,"CARROS-percentage":0.39425513939735285,"CIÊNCIA-occurances":23,"CIÊNCIA-percentage":0.32385243593353985,"INTERNACIONAL-occurances":21,"INTERNACIONAL-percentage":0.29569135454801465,"HUMOR-occurances":19,"HUMOR-percentage":0.26753027316248945,"ECONOMIA-occurances":12,"ECONOMIA-percentage":0.16896648831315123,"POLÍTICA-occurances":10,"POLÍTICA-percentage":0.14080540692762603,"NATUREZA-occurances":8,"NATUREZA-percentage":0.11264432554210081,"TWITTER-occurances":7,"TWITTER-percentage":0.09856378484933821,"INSTAGRAM-occurances":6,"INSTAGRAM-percentage":0.08448324415657561,"FITNESS-occurances":5,"FITNESS-percentage":0.07040270346381301}