{"totalHistoryAmount":7244,"TECNOLOGIA-occurances":1739,"TECNOLOGIA-percentage":24.006073992269464,"NOTÍCIAS-occurances":597,"NOTÍCIAS-percentage":8.241303147432358,"FACEBOOK-occurances":584,"FACEBOOK-percentage":8.061844284925456,"DECORAÇÃO-occurances":398,"DECORAÇÃO-percentage":5.4942020982882385,"MODA-occurances":282,"MODA-percentage":3.8928768636112645,"ESPORTE-occurances":225,"ESPORTE-percentage":3.1060187741579237,"POP/ARTE-occurances":133,"POP/ARTE-percentage":1.8360022087244616,"LINKEDIN-occurances":123,"LINKEDIN-percentage":1.6979569298729984,"YOUTUBE-occurances":103,"YOUTUBE-percentage":1.4218663721700717,"ESOTERISMO-occurances":94,"ESOTERISMO-percentage":1.297625621203755,"SÉRIES E FILMES-occurances":84,"SÉRIES E FILMES-percentage":1.1595803423522915,"TV E CELEBRIDADES-occurances":66,"TV E CELEBRIDADES-percentage":0.9110988404196576,"ALIMENTAÇÃO E SAÚDE-occurances":60,"ALIMENTAÇÃO E SAÚDE-percentage":0.8282716731087797,"EDUCAÇÃO-occurances":41,"EDUCAÇÃO-percentage":0.5659856432909994,"CARROS-occurances":36,"CARROS-percentage":0.4969630038652678,"JOGOS-occurances":35,"JOGOS-percentage":0.48315847598012146,"VIAGENS-occurances":31,"VIAGENS-percentage":0.42794036443953615,"POLÍTICA-occurances":28,"POLÍTICA-percentage":0.3865267807840972,"CIÊNCIA-occurances":23,"CIÊNCIA-percentage":0.3175041413583655,"INTERNACIONAL-occurances":20,"INTERNACIONAL-percentage":0.27609055770292656,"HUMOR-occurances":19,"HUMOR-percentage":0.2622860298177802,"ECONOMIA-occurances":17,"ECONOMIA-percentage":0.23467697404748758,"SEXO-occurances":16,"SEXO-percentage":0.22087244616234125,"FITNESS-occurances":7,"FITNESS-percentage":0.0966316951960243,"INSTAGRAM-occurances":6,"INSTAGRAM-percentage":0.08282716731087797,"NATUREZA-occurances":6,"NATUREZA-percentage":0.08282716731087797,"TWITTER-occurances":6,"TWITTER-percentage":0.08282716731087797}