{"totalHistoryAmount":5667,"TECNOLOGIA-occurances":1574,"TECNOLOGIA-percentage":27.774836774307392,"YOUTUBE-occurances":480,"YOUTUBE-percentage":8.470089994706195,"SÉRIES E FILMES-occurances":366,"SÉRIES E FILMES-percentage":6.458443620963473,"DECORAÇÃO-occurances":329,"DECORAÇÃO-percentage":5.805540850538204,"NOTÍCIAS-occurances":314,"NOTÍCIAS-percentage":5.540850538203635,"FACEBOOK-occurances":170,"FACEBOOK-percentage":2.9998235397917767,"POP/ARTE-occurances":100,"POP/ARTE-percentage":1.7646020822304571,"TV E CELEBRIDADES-occurances":69,"TV E CELEBRIDADES-percentage":1.2175754367390152,"ESPORTE-occurances":63,"ESPORTE-percentage":1.1116993118051879,"CARROS-occurances":61,"CARROS-percentage":1.0764072701605787,"ALIMENTAÇÃO E SAÚDE-occurances":51,"ALIMENTAÇÃO E SAÚDE-percentage":0.899947061937533,"JOGOS-occurances":37,"JOGOS-percentage":0.6529027704252691,"SEXO-occurances":24,"SEXO-percentage":0.4235044997353097,"MODA-occurances":21,"MODA-percentage":0.370566437268396,"INTERNACIONAL-occurances":18,"INTERNACIONAL-percentage":0.31762837480148226,"EDUCAÇÃO-occurances":12,"EDUCAÇÃO-percentage":0.21175224986765484,"CIÊNCIA-occurances":10,"CIÊNCIA-percentage":0.1764602082230457,"VIAGENS-occurances":10,"VIAGENS-percentage":0.1764602082230457,"HUMOR-occurances":9,"HUMOR-percentage":0.15881418740074113,"FITNESS-occurances":7,"FITNESS-percentage":0.12352214575613199,"LINKEDIN-occurances":6,"LINKEDIN-percentage":0.10587612493382742,"ECONOMIA-occurances":4,"ECONOMIA-percentage":0.07058408328921828,"ESOTERISMO-occurances":4,"ESOTERISMO-percentage":0.07058408328921828,"NATUREZA-occurances":4,"NATUREZA-percentage":0.07058408328921828,"TWITTER-occurances":1,"TWITTER-percentage":0.01764602082230457,"INSTAGRAM-occurances":0,"INSTAGRAM-percentage":0,"POLÍTICA-occurances":0,"POLÍTICA-percentage":0}