{"totalHistoryAmount":7293,"TECNOLOGIA-occurances":1759,"TECNOLOGIA-percentage":24.119018236665294,"NOTÍCIAS-occurances":597,"NOTÍCIAS-percentage":8.18593171534348,"FACEBOOK-occurances":577,"FACEBOOK-percentage":7.9116961469902645,"DECORAÇÃO-occurances":396,"DECORAÇÃO-percentage":5.429864253393665,"MODA-occurances":280,"MODA-percentage":3.839297956945016,"ESPORTE-occurances":235,"ESPORTE-percentage":3.222267928150281,"POP/ARTE-occurances":131,"POP/ARTE-percentage":1.796242972713561,"LINKEDIN-occurances":120,"LINKEDIN-percentage":1.6454134101192925,"YOUTUBE-occurances":103,"YOUTUBE-percentage":1.4123131770190593,"ESOTERISMO-occurances":94,"ESOTERISMO-percentage":1.2889071712601123,"SÉRIES E FILMES-occurances":88,"SÉRIES E FILMES-percentage":1.2066365007541477,"TV E CELEBRIDADES-occurances":84,"TV E CELEBRIDADES-percentage":1.1517893870835048,"ALIMENTAÇÃO E SAÚDE-occurances":62,"ALIMENTAÇÃO E SAÚDE-percentage":0.8501302618949678,"EDUCAÇÃO-occurances":40,"EDUCAÇÃO-percentage":0.5484711367064308,"CARROS-occurances":35,"CARROS-percentage":0.479912244618127,"JOGOS-occurances":35,"JOGOS-percentage":0.479912244618127,"VIAGENS-occurances":31,"VIAGENS-percentage":0.4250651309474839,"CIÊNCIA-occurances":23,"CIÊNCIA-percentage":0.31537090360619774,"INTERNACIONAL-occurances":21,"INTERNACIONAL-percentage":0.2879473467708762,"HUMOR-occurances":19,"HUMOR-percentage":0.26052378993555464,"POLÍTICA-occurances":19,"POLÍTICA-percentage":0.26052378993555464,"SEXO-occurances":19,"SEXO-percentage":0.26052378993555464,"ECONOMIA-occurances":15,"ECONOMIA-percentage":0.20567667626491157,"FITNESS-occurances":7,"FITNESS-percentage":0.0959824489236254,"INSTAGRAM-occurances":6,"INSTAGRAM-percentage":0.08227067050596462,"NATUREZA-occurances":6,"NATUREZA-percentage":0.08227067050596462,"TWITTER-occurances":6,"TWITTER-percentage":0.08227067050596462}