{"totalHistoryAmount":2290,"TECNOLOGIA-occurances":1181,"TECNOLOGIA-percentage":51.572052401746724,"YOUTUBE-occurances":194,"YOUTUBE-percentage":8.471615720524017,"FACEBOOK-occurances":140,"FACEBOOK-percentage":6.11353711790393,"ESPORTE-occurances":100,"ESPORTE-percentage":4.366812227074236,"FITNESS-occurances":56,"FITNESS-percentage":2.445414847161572,"ECONOMIA-occurances":33,"ECONOMIA-percentage":1.4410480349344978,"POP/ARTE-occurances":29,"POP/ARTE-percentage":1.2663755458515285,"INSTAGRAM-occurances":27,"INSTAGRAM-percentage":1.1790393013100438,"JOGOS-occurances":15,"JOGOS-percentage":0.6550218340611353,"NOTÍCIAS-occurances":15,"NOTÍCIAS-percentage":0.6550218340611353,"SÉRIES E FILMES-occurances":14,"SÉRIES E FILMES-percentage":0.611353711790393,"EDUCAÇÃO-occurances":12,"EDUCAÇÃO-percentage":0.5240174672489083,"VIAGENS-occurances":11,"VIAGENS-percentage":0.48034934497816595,"POLÍTICA-occurances":8,"POLÍTICA-percentage":0.34934497816593885,"TV E CELEBRIDADES-occurances":7,"TV E CELEBRIDADES-percentage":0.3056768558951965,"HUMOR-occurances":6,"HUMOR-percentage":0.26200873362445415,"CARROS-occurances":5,"CARROS-percentage":0.2183406113537118,"ESOTERISMO-occurances":2,"ESOTERISMO-percentage":0.08733624454148471,"CIÊNCIA-occurances":1,"CIÊNCIA-percentage":0.043668122270742356,"DECORAÇÃO-occurances":1,"DECORAÇÃO-percentage":0.043668122270742356,"LINKEDIN-occurances":1,"LINKEDIN-percentage":0.043668122270742356,"MODA-occurances":1,"MODA-percentage":0.043668122270742356,"NATUREZA-occurances":1,"NATUREZA-percentage":0.043668122270742356,"ALIMENTAÇÃO E SAÚDE-occurances":0,"ALIMENTAÇÃO E SAÚDE-percentage":0,"INTERNACIONAL-occurances":0,"INTERNACIONAL-percentage":0,"SEXO-occurances":0,"SEXO-percentage":0,"TWITTER-occurances":0,"TWITTER-percentage":0}