{"totalHistoryAmount":9294,"TECNOLOGIA-occurances":4292,"TECNOLOGIA-percentage":46.180331396599954,"ESPORTE-occurances":1507,"ESPORTE-percentage":16.214762212179902,"FACEBOOK-occurances":1122,"FACEBOOK-percentage":12.072304712717882,"SEXO-occurances":694,"SEXO-percentage":7.467183128900365,"INSTAGRAM-occurances":174,"INSTAGRAM-percentage":1.8721755971594578,"CARROS-occurances":138,"CARROS-percentage":1.4848289218850872,"YOUTUBE-occurances":63,"YOUTUBE-percentage":0.6778566817301485,"DECORAÇÃO-occurances":61,"DECORAÇÃO-percentage":0.6563374219926834,"NOTÍCIAS-occurances":49,"NOTÍCIAS-percentage":0.5272218635678932,"EDUCAÇÃO-occurances":39,"EDUCAÇÃO-percentage":0.4196255648805681,"POP/ARTE-occurances":35,"POP/ARTE-percentage":0.37658704540563803,"MODA-occurances":24,"MODA-percentage":0.2582311168495804,"LINKEDIN-occurances":17,"LINKEDIN-percentage":0.18291370776845275,"ESOTERISMO-occurances":15,"ESOTERISMO-percentage":0.16139444803098774,"SÉRIES E FILMES-occurances":12,"SÉRIES E FILMES-percentage":0.1291155584247902,"CIÊNCIA-occurances":11,"CIÊNCIA-percentage":0.11835592855605767,"ECONOMIA-occurances":11,"ECONOMIA-percentage":0.11835592855605767,"TWITTER-occurances":10,"TWITTER-percentage":0.10759629868732516,"JOGOS-occurances":7,"JOGOS-percentage":0.0753174090811276,"TV E CELEBRIDADES-occurances":6,"TV E CELEBRIDADES-percentage":0.0645577792123951,"VIAGENS-occurances":3,"VIAGENS-percentage":0.03227888960619755,"FITNESS-occurances":2,"FITNESS-percentage":0.021519259737465032,"ALIMENTAÇÃO E SAÚDE-occurances":1,"ALIMENTAÇÃO E SAÚDE-percentage":0.010759629868732516,"INTERNACIONAL-occurances":1,"INTERNACIONAL-percentage":0.010759629868732516,"POLÍTICA-occurances":1,"POLÍTICA-percentage":0.010759629868732516,"HUMOR-occurances":0,"HUMOR-percentage":0,"NATUREZA-occurances":0,"NATUREZA-percentage":0}