{"totalHistoryAmount":2728,"TECNOLOGIA-occurances":1058,"TECNOLOGIA-percentage":38.78299120234604,"DECORAÇÃO-occurances":368,"DECORAÇÃO-percentage":13.489736070381232,"FACEBOOK-occurances":97,"FACEBOOK-percentage":3.5557184750733137,"ESPORTE-occurances":64,"ESPORTE-percentage":2.346041055718475,"POP/ARTE-occurances":36,"POP/ARTE-percentage":1.3196480938416422,"NOTÍCIAS-occurances":35,"NOTÍCIAS-percentage":1.282991202346041,"ALIMENTAÇÃO E SAÚDE-occurances":32,"ALIMENTAÇÃO E SAÚDE-percentage":1.1730205278592376,"SÉRIES E FILMES-occurances":31,"SÉRIES E FILMES-percentage":1.1363636363636365,"MODA-occurances":25,"MODA-percentage":0.9164222873900293,"YOUTUBE-occurances":20,"YOUTUBE-percentage":0.7331378299120235,"ECONOMIA-occurances":10,"ECONOMIA-percentage":0.36656891495601174,"FITNESS-occurances":10,"FITNESS-percentage":0.36656891495601174,"INSTAGRAM-occurances":8,"INSTAGRAM-percentage":0.2932551319648094,"JOGOS-occurances":8,"JOGOS-percentage":0.2932551319648094,"VIAGENS-occurances":6,"VIAGENS-percentage":0.21994134897360704,"CARROS-occurances":5,"CARROS-percentage":0.18328445747800587,"EDUCAÇÃO-occurances":5,"EDUCAÇÃO-percentage":0.18328445747800587,"INTERNACIONAL-occurances":5,"INTERNACIONAL-percentage":0.18328445747800587,"ESOTERISMO-occurances":4,"ESOTERISMO-percentage":0.1466275659824047,"NATUREZA-occurances":4,"NATUREZA-percentage":0.1466275659824047,"TV E CELEBRIDADES-occurances":4,"TV E CELEBRIDADES-percentage":0.1466275659824047,"HUMOR-occurances":3,"HUMOR-percentage":0.10997067448680352,"SEXO-occurances":3,"SEXO-percentage":0.10997067448680352,"CIÊNCIA-occurances":1,"CIÊNCIA-percentage":0.036656891495601175,"POLÍTICA-occurances":1,"POLÍTICA-percentage":0.036656891495601175,"TWITTER-occurances":1,"TWITTER-percentage":0.036656891495601175,"LINKEDIN-occurances":0,"LINKEDIN-percentage":0}