{"totalHistoryAmount":6464,"TECNOLOGIA-occurances":1836,"TECNOLOGIA-percentage":28.403465346534652,"YOUTUBE-occurances":436,"YOUTUBE-percentage":6.7450495049504955,"NOTÍCIAS-occurances":409,"NOTÍCIAS-percentage":6.327351485148514,"DECORAÇÃO-occurances":366,"DECORAÇÃO-percentage":5.662128712871287,"SÉRIES E FILMES-occurances":299,"SÉRIES E FILMES-percentage":4.625618811881188,"FACEBOOK-occurances":190,"FACEBOOK-percentage":2.9393564356435644,"POP/ARTE-occurances":130,"POP/ARTE-percentage":2.011138613861386,"ESPORTE-occurances":81,"ESPORTE-percentage":1.2530940594059405,"TV E CELEBRIDADES-occurances":72,"TV E CELEBRIDADES-percentage":1.113861386138614,"MODA-occurances":64,"MODA-percentage":0.9900990099009901,"CARROS-occurances":63,"CARROS-percentage":0.9746287128712872,"ALIMENTAÇÃO E SAÚDE-occurances":57,"ALIMENTAÇÃO E SAÚDE-percentage":0.8818069306930693,"JOGOS-occurances":39,"JOGOS-percentage":0.6033415841584159,"VIAGENS-occurances":36,"VIAGENS-percentage":0.556930693069307,"SEXO-occurances":27,"SEXO-percentage":0.4176980198019802,"INTERNACIONAL-occurances":19,"INTERNACIONAL-percentage":0.2939356435643564,"EDUCAÇÃO-occurances":13,"EDUCAÇÃO-percentage":0.20111386138613863,"CIÊNCIA-occurances":11,"CIÊNCIA-percentage":0.17017326732673269,"HUMOR-occurances":10,"HUMOR-percentage":0.1547029702970297,"LINKEDIN-occurances":10,"LINKEDIN-percentage":0.1547029702970297,"ECONOMIA-occurances":7,"ECONOMIA-percentage":0.10829207920792079,"FITNESS-occurances":7,"FITNESS-percentage":0.10829207920792079,"ESOTERISMO-occurances":6,"ESOTERISMO-percentage":0.09282178217821782,"NATUREZA-occurances":4,"NATUREZA-percentage":0.06188118811881188,"POLÍTICA-occurances":1,"POLÍTICA-percentage":0.01547029702970297,"TWITTER-occurances":1,"TWITTER-percentage":0.01547029702970297,"INSTAGRAM-occurances":0,"INSTAGRAM-percentage":0}