{"totalHistoryAmount":2710,"TECNOLOGIA-occurances":1057,"TECNOLOGIA-percentage":39.003690036900366,"DECORAÇÃO-occurances":357,"DECORAÇÃO-percentage":13.173431734317344,"FACEBOOK-occurances":101,"FACEBOOK-percentage":3.726937269372694,"ESPORTE-occurances":64,"ESPORTE-percentage":2.3616236162361623,"POP/ARTE-occurances":37,"POP/ARTE-percentage":1.3653136531365313,"NOTÍCIAS-occurances":34,"NOTÍCIAS-percentage":1.2546125461254614,"ALIMENTAÇÃO E SAÚDE-occurances":31,"ALIMENTAÇÃO E SAÚDE-percentage":1.1439114391143912,"SÉRIES E FILMES-occurances":31,"SÉRIES E FILMES-percentage":1.1439114391143912,"MODA-occurances":25,"MODA-percentage":0.922509225092251,"YOUTUBE-occurances":20,"YOUTUBE-percentage":0.7380073800738007,"ECONOMIA-occurances":10,"ECONOMIA-percentage":0.36900369003690037,"FITNESS-occurances":10,"FITNESS-percentage":0.36900369003690037,"JOGOS-occurances":9,"JOGOS-percentage":0.33210332103321033,"INSTAGRAM-occurances":8,"INSTAGRAM-percentage":0.2952029520295203,"INTERNACIONAL-occurances":6,"INTERNACIONAL-percentage":0.22140221402214022,"VIAGENS-occurances":6,"VIAGENS-percentage":0.22140221402214022,"CARROS-occurances":5,"CARROS-percentage":0.18450184501845018,"EDUCAÇÃO-occurances":5,"EDUCAÇÃO-percentage":0.18450184501845018,"ESOTERISMO-occurances":4,"ESOTERISMO-percentage":0.14760147601476015,"NATUREZA-occurances":4,"NATUREZA-percentage":0.14760147601476015,"SEXO-occurances":4,"SEXO-percentage":0.14760147601476015,"TV E CELEBRIDADES-occurances":4,"TV E CELEBRIDADES-percentage":0.14760147601476015,"HUMOR-occurances":3,"HUMOR-percentage":0.11070110701107011,"CIÊNCIA-occurances":1,"CIÊNCIA-percentage":0.03690036900369004,"POLÍTICA-occurances":1,"POLÍTICA-percentage":0.03690036900369004,"TWITTER-occurances":1,"TWITTER-percentage":0.03690036900369004,"LINKEDIN-occurances":0,"LINKEDIN-percentage":0}