{"totalHistoryAmount":5854,"TECNOLOGIA-occurances":1626,"TECNOLOGIA-percentage":27.77587974034848,"YOUTUBE-occurances":480,"YOUTUBE-percentage":8.199521694567817,"DECORAÇÃO-occurances":337,"DECORAÇÃO-percentage":5.756747523061155,"SÉRIES E FILMES-occurances":330,"SÉRIES E FILMES-percentage":5.637171165015374,"NOTÍCIAS-occurances":322,"NOTÍCIAS-percentage":5.50051247010591,"FACEBOOK-occurances":169,"FACEBOOK-percentage":2.886914929962419,"POP/ARTE-occurances":111,"POP/ARTE-percentage":1.8961393918688076,"TV E CELEBRIDADES-occurances":69,"TV E CELEBRIDADES-percentage":1.1786812435941236,"ESPORTE-occurances":67,"ESPORTE-percentage":1.1445165698667579,"CARROS-occurances":63,"CARROS-percentage":1.076187222412026,"ALIMENTAÇÃO E SAÚDE-occurances":51,"ALIMENTAÇÃO E SAÚDE-percentage":0.8711991800478306,"MODA-occurances":40,"MODA-percentage":0.683293474547318,"JOGOS-occurances":37,"JOGOS-percentage":0.6320464639562692,"SEXO-occurances":24,"SEXO-percentage":0.40997608472839087,"VIAGENS-occurances":19,"VIAGENS-percentage":0.3245644004099761,"INTERNACIONAL-occurances":18,"INTERNACIONAL-percentage":0.30748206354629315,"EDUCAÇÃO-occurances":12,"EDUCAÇÃO-percentage":0.20498804236419543,"CIÊNCIA-occurances":10,"CIÊNCIA-percentage":0.1708233686368295,"HUMOR-occurances":9,"HUMOR-percentage":0.15374103177314657,"FITNESS-occurances":7,"FITNESS-percentage":0.11957635804578066,"LINKEDIN-occurances":6,"LINKEDIN-percentage":0.10249402118209772,"ECONOMIA-occurances":5,"ECONOMIA-percentage":0.08541168431841475,"ESOTERISMO-occurances":4,"ESOTERISMO-percentage":0.0683293474547318,"NATUREZA-occurances":4,"NATUREZA-percentage":0.0683293474547318,"TWITTER-occurances":1,"TWITTER-percentage":0.01708233686368295,"INSTAGRAM-occurances":0,"INSTAGRAM-percentage":0,"POLÍTICA-occurances":0,"POLÍTICA-percentage":0}