{"totalHistoryAmount":7264,"TECNOLOGIA-occurances":1751,"TECNOLOGIA-percentage":24.105176211453745,"FACEBOOK-occurances":578,"FACEBOOK-percentage":7.95704845814978,"NOTÍCIAS-occurances":577,"NOTÍCIAS-percentage":7.943281938325991,"DECORAÇÃO-occurances":410,"DECORAÇÃO-percentage":5.644273127753304,"MODA-occurances":282,"MODA-percentage":3.88215859030837,"ESPORTE-occurances":230,"ESPORTE-percentage":3.1662995594713657,"POP/ARTE-occurances":132,"POP/ARTE-percentage":1.8171806167400881,"LINKEDIN-occurances":124,"LINKEDIN-percentage":1.7070484581497798,"ESOTERISMO-occurances":102,"ESOTERISMO-percentage":1.4041850220264318,"YOUTUBE-occurances":99,"YOUTUBE-percentage":1.3628854625550662,"SÉRIES E FILMES-occurances":84,"SÉRIES E FILMES-percentage":1.1563876651982379,"TV E CELEBRIDADES-occurances":72,"TV E CELEBRIDADES-percentage":0.9911894273127754,"ALIMENTAÇÃO E SAÚDE-occurances":60,"ALIMENTAÇÃO E SAÚDE-percentage":0.8259911894273128,"EDUCAÇÃO-occurances":40,"EDUCAÇÃO-percentage":0.5506607929515418,"CARROS-occurances":36,"CARROS-percentage":0.4955947136563877,"JOGOS-occurances":35,"JOGOS-percentage":0.4818281938325991,"VIAGENS-occurances":31,"VIAGENS-percentage":0.42676211453744495,"POLÍTICA-occurances":29,"POLÍTICA-percentage":0.39922907488986786,"INTERNACIONAL-occurances":21,"INTERNACIONAL-percentage":0.28909691629955947,"CIÊNCIA-occurances":20,"CIÊNCIA-percentage":0.2753303964757709,"HUMOR-occurances":19,"HUMOR-percentage":0.2615638766519824,"ECONOMIA-occurances":17,"ECONOMIA-percentage":0.23403083700440527,"SEXO-occurances":16,"SEXO-percentage":0.22026431718061673,"FITNESS-occurances":7,"FITNESS-percentage":0.09636563876651982,"TWITTER-occurances":7,"TWITTER-percentage":0.09636563876651982,"INSTAGRAM-occurances":6,"INSTAGRAM-percentage":0.08259911894273128,"NATUREZA-occurances":6,"NATUREZA-percentage":0.08259911894273128}