{"totalHistoryAmount":6483,"TECNOLOGIA-occurances":1823,"TECNOLOGIA-percentage":28.119697670831407,"NOTÍCIAS-occurances":447,"NOTÍCIAS-percentage":6.894956038870893,"DECORAÇÃO-occurances":351,"DECORAÇÃO-percentage":5.414160111059695,"YOUTUBE-occurances":296,"YOUTUBE-percentage":4.5657874440845285,"FACEBOOK-occurances":243,"FACEBOOK-percentage":3.7482646922720964,"SÉRIES E FILMES-occurances":216,"SÉRIES E FILMES-percentage":3.3317908375751966,"POP/ARTE-occurances":133,"POP/ARTE-percentage":2.0515193583217646,"ESPORTE-occurances":132,"ESPORTE-percentage":2.036094400740398,"MODA-occurances":68,"MODA-percentage":1.0488971155329323,"ALIMENTAÇÃO E SAÚDE-occurances":58,"ALIMENTAÇÃO E SAÚDE-percentage":0.8946475397192658,"CARROS-occurances":57,"CARROS-percentage":0.8792225821378992,"TV E CELEBRIDADES-occurances":51,"TV E CELEBRIDADES-percentage":0.7866728366496992,"JOGOS-occurances":36,"JOGOS-percentage":0.5552984729291994,"VIAGENS-occurances":36,"VIAGENS-percentage":0.5552984729291994,"SEXO-occurances":31,"SEXO-percentage":0.4781736850223662,"EDUCAÇÃO-occurances":25,"EDUCAÇÃO-percentage":0.3856239395341663,"INTERNACIONAL-occurances":15,"INTERNACIONAL-percentage":0.23137436372049977,"CIÊNCIA-occurances":14,"CIÊNCIA-percentage":0.2159494061391331,"HUMOR-occurances":11,"HUMOR-percentage":0.16967453339503316,"ECONOMIA-occurances":10,"ECONOMIA-percentage":0.15424957581366652,"LINKEDIN-occurances":10,"LINKEDIN-percentage":0.15424957581366652,"FITNESS-occurances":7,"FITNESS-percentage":0.10797470306956655,"ESOTERISMO-occurances":6,"ESOTERISMO-percentage":0.09254974548819991,"NATUREZA-occurances":5,"NATUREZA-percentage":0.07712478790683326,"INSTAGRAM-occurances":3,"INSTAGRAM-percentage":0.04627487274409996,"TWITTER-occurances":3,"TWITTER-percentage":0.04627487274409996,"POLÍTICA-occurances":1,"POLÍTICA-percentage":0.01542495758136665}