{"totalHistoryAmount":7326,"TECNOLOGIA-occurances":1759,"TECNOLOGIA-percentage":24.01037401037401,"NOTÍCIAS-occurances":602,"NOTÍCIAS-percentage":8.217308217308217,"FACEBOOK-occurances":582,"FACEBOOK-percentage":7.944307944307944,"DECORAÇÃO-occurances":398,"DECORAÇÃO-percentage":5.432705432705433,"MODA-occurances":282,"MODA-percentage":3.8493038493038494,"ESPORTE-occurances":237,"ESPORTE-percentage":3.235053235053235,"POP/ARTE-occurances":132,"POP/ARTE-percentage":1.8018018018018018,"LINKEDIN-occurances":122,"LINKEDIN-percentage":1.6653016653016652,"YOUTUBE-occurances":103,"YOUTUBE-percentage":1.405951405951406,"ESOTERISMO-occurances":94,"ESOTERISMO-percentage":1.2831012831012831,"TV E CELEBRIDADES-occurances":88,"TV E CELEBRIDADES-percentage":1.2012012012012012,"SÉRIES E FILMES-occurances":86,"SÉRIES E FILMES-percentage":1.173901173901174,"ALIMENTAÇÃO E SAÚDE-occurances":64,"ALIMENTAÇÃO E SAÚDE-percentage":0.8736008736008736,"EDUCAÇÃO-occurances":41,"EDUCAÇÃO-percentage":0.5596505596505597,"CARROS-occurances":36,"CARROS-percentage":0.4914004914004914,"JOGOS-occurances":35,"JOGOS-percentage":0.47775047775047774,"VIAGENS-occurances":31,"VIAGENS-percentage":0.42315042315042317,"POLÍTICA-occurances":28,"POLÍTICA-percentage":0.3822003822003822,"CIÊNCIA-occurances":23,"CIÊNCIA-percentage":0.313950313950314,"INTERNACIONAL-occurances":21,"INTERNACIONAL-percentage":0.28665028665028663,"HUMOR-occurances":19,"HUMOR-percentage":0.25935025935025935,"SEXO-occurances":19,"SEXO-percentage":0.25935025935025935,"ECONOMIA-occurances":16,"ECONOMIA-percentage":0.2184002184002184,"FITNESS-occurances":7,"FITNESS-percentage":0.09555009555009555,"INSTAGRAM-occurances":6,"INSTAGRAM-percentage":0.0819000819000819,"NATUREZA-occurances":6,"NATUREZA-percentage":0.0819000819000819,"TWITTER-occurances":6,"TWITTER-percentage":0.0819000819000819}