{"totalHistoryAmount":6450,"TECNOLOGIA-occurances":1590,"TECNOLOGIA-percentage":24.651162790697676,"FACEBOOK-occurances":642,"FACEBOOK-percentage":9.953488372093023,"DECORAÇÃO-occurances":380,"DECORAÇÃO-percentage":5.891472868217054,"NOTÍCIAS-occurances":366,"NOTÍCIAS-percentage":5.674418604651163,"MODA-occurances":245,"MODA-percentage":3.798449612403101,"ESPORTE-occurances":219,"ESPORTE-percentage":3.395348837209302,"ESOTERISMO-occurances":140,"ESOTERISMO-percentage":2.1705426356589146,"LINKEDIN-occurances":135,"LINKEDIN-percentage":2.0930232558139537,"POP/ARTE-occurances":107,"POP/ARTE-percentage":1.6589147286821706,"TV E CELEBRIDADES-occurances":94,"TV E CELEBRIDADES-percentage":1.4573643410852712,"YOUTUBE-occurances":78,"YOUTUBE-percentage":1.2093023255813953,"SÉRIES E FILMES-occurances":74,"SÉRIES E FILMES-percentage":1.1472868217054264,"POLÍTICA-occurances":52,"POLÍTICA-percentage":0.8062015503875969,"ALIMENTAÇÃO E SAÚDE-occurances":51,"ALIMENTAÇÃO E SAÚDE-percentage":0.7906976744186046,"CARROS-occurances":36,"CARROS-percentage":0.5581395348837209,"EDUCAÇÃO-occurances":29,"EDUCAÇÃO-percentage":0.4496124031007752,"ECONOMIA-occurances":23,"ECONOMIA-percentage":0.35658914728682173,"CIÊNCIA-occurances":20,"CIÊNCIA-percentage":0.31007751937984496,"JOGOS-occurances":18,"JOGOS-percentage":0.27906976744186046,"NATUREZA-occurances":18,"NATUREZA-percentage":0.27906976744186046,"SEXO-occurances":16,"SEXO-percentage":0.24806201550387597,"HUMOR-occurances":15,"HUMOR-percentage":0.23255813953488372,"INTERNACIONAL-occurances":13,"INTERNACIONAL-percentage":0.20155038759689922,"TWITTER-occurances":9,"TWITTER-percentage":0.13953488372093023,"FITNESS-occurances":8,"FITNESS-percentage":0.12403100775193798,"INSTAGRAM-occurances":7,"INSTAGRAM-percentage":0.10852713178294573,"VIAGENS-occurances":4,"VIAGENS-percentage":0.06201550387596899}