{"totalHistoryAmount":5398,"TECNOLOGIA-occurances":1524,"TECNOLOGIA-percentage":28.232678769914784,"YOUTUBE-occurances":526,"YOUTUBE-percentage":9.744349759170063,"SÉRIES E FILMES-occurances":371,"SÉRIES E FILMES-percentage":6.872915894775843,"DECORAÇÃO-occurances":279,"DECORAÇÃO-percentage":5.168580955909596,"NOTÍCIAS-occurances":262,"NOTÍCIAS-percentage":4.853649499814746,"FACEBOOK-occurances":159,"FACEBOOK-percentage":2.9455353834753613,"POP/ARTE-occurances":100,"POP/ARTE-percentage":1.852537977028529,"TV E CELEBRIDADES-occurances":68,"TV E CELEBRIDADES-percentage":1.2597258243793998,"ESPORTE-occurances":64,"ESPORTE-percentage":1.1856243052982587,"CARROS-occurances":60,"CARROS-percentage":1.1115227862171175,"ALIMENTAÇÃO E SAÚDE-occurances":43,"ALIMENTAÇÃO E SAÚDE-percentage":0.7965913301222675,"JOGOS-occurances":36,"JOGOS-percentage":0.6669136717302705,"SEXO-occurances":24,"SEXO-percentage":0.444609114486847,"MODA-occurances":19,"MODA-percentage":0.35198221563542054,"INTERNACIONAL-occurances":18,"INTERNACIONAL-percentage":0.33345683586513525,"EDUCAÇÃO-occurances":12,"EDUCAÇÃO-percentage":0.2223045572434235,"VIAGENS-occurances":10,"VIAGENS-percentage":0.1852537977028529,"HUMOR-occurances":9,"HUMOR-percentage":0.16672841793256762,"CIÊNCIA-occurances":8,"CIÊNCIA-percentage":0.14820303816228234,"ESOTERISMO-occurances":6,"ESOTERISMO-percentage":0.11115227862171174,"LINKEDIN-occurances":6,"LINKEDIN-percentage":0.11115227862171174,"INSTAGRAM-occurances":5,"INSTAGRAM-percentage":0.09262689885142646,"FITNESS-occurances":4,"FITNESS-percentage":0.07410151908114117,"NATUREZA-occurances":4,"NATUREZA-percentage":0.07410151908114117,"ECONOMIA-occurances":3,"ECONOMIA-percentage":0.05557613931085587,"TWITTER-occurances":1,"TWITTER-percentage":0.018525379770285292,"POLÍTICA-occurances":0,"POLÍTICA-percentage":0}