{"totalHistoryAmount":5127,"TECNOLOGIA-occurances":1533,"TECNOLOGIA-percentage":29.900526623756583,"YOUTUBE-occurances":602,"YOUTUBE-percentage":11.741759313438658,"SÉRIES E FILMES-occurances":407,"SÉRIES E FILMES-percentage":7.938365515896235,"DECORAÇÃO-occurances":361,"DECORAÇÃO-percentage":7.041154671347766,"FACEBOOK-occurances":122,"FACEBOOK-percentage":2.3795591964111567,"NOTÍCIAS-occurances":95,"NOTÍCIAS-percentage":1.8529354398283597,"POP/ARTE-occurances":82,"POP/ARTE-percentage":1.5993758533255316,"CARROS-occurances":58,"CARROS-percentage":1.1312658474741564,"TV E CELEBRIDADES-occurances":43,"TV E CELEBRIDADES-percentage":0.838697093817047,"ALIMENTAÇÃO E SAÚDE-occurances":41,"ALIMENTAÇÃO E SAÚDE-percentage":0.7996879266627658,"ESPORTE-occurances":40,"ESPORTE-percentage":0.7801833430856251,"SEXO-occurances":23,"SEXO-percentage":0.44860542227423444,"MODA-occurances":20,"MODA-percentage":0.39009167154281255,"INTERNACIONAL-occurances":13,"INTERNACIONAL-percentage":0.25355958650282817,"VIAGENS-occurances":10,"VIAGENS-percentage":0.19504583577140627,"JOGOS-occurances":8,"JOGOS-percentage":0.15603666861712503,"EDUCAÇÃO-occurances":7,"EDUCAÇÃO-percentage":0.1365320850399844,"ESOTERISMO-occurances":7,"ESOTERISMO-percentage":0.1365320850399844,"CIÊNCIA-occurances":6,"CIÊNCIA-percentage":0.11702750146284377,"FITNESS-occurances":6,"FITNESS-percentage":0.11702750146284377,"INSTAGRAM-occurances":6,"INSTAGRAM-percentage":0.11702750146284377,"LINKEDIN-occurances":6,"LINKEDIN-percentage":0.11702750146284377,"HUMOR-occurances":5,"HUMOR-percentage":0.09752291788570314,"NATUREZA-occurances":3,"NATUREZA-percentage":0.058513750731421885,"ECONOMIA-occurances":1,"ECONOMIA-percentage":0.01950458357714063,"POLÍTICA-occurances":1,"POLÍTICA-percentage":0.01950458357714063,"TWITTER-occurances":1,"TWITTER-percentage":0.01950458357714063}