{"totalHistoryAmount":5023,"TECNOLOGIA-occurances":1515,"TECNOLOGIA-percentage":30.16125821222377,"YOUTUBE-occurances":602,"YOUTUBE-percentage":11.984869599840733,"SÉRIES E FILMES-occurances":387,"SÉRIES E FILMES-percentage":7.704559028469043,"DECORAÇÃO-occurances":358,"DECORAÇÃO-percentage":7.127214811865419,"FACEBOOK-occurances":118,"FACEBOOK-percentage":2.349193708938881,"NOTÍCIAS-occurances":83,"NOTÍCIAS-percentage":1.6523989647620945,"POP/ARTE-occurances":81,"POP/ARTE-percentage":1.6125821222377066,"CARROS-occurances":58,"CARROS-percentage":1.1546884332072467,"TV E CELEBRIDADES-occurances":43,"TV E CELEBRIDADES-percentage":0.8560621142743381,"ALIMENTAÇÃO E SAÚDE-occurances":42,"ALIMENTAÇÃO E SAÚDE-percentage":0.8361536930121442,"ESPORTE-occurances":37,"ESPORTE-percentage":0.7366115867011745,"SEXO-occurances":23,"SEXO-percentage":0.4578936890304599,"MODA-occurances":18,"MODA-percentage":0.35835158271949036,"INTERNACIONAL-occurances":13,"INTERNACIONAL-percentage":0.2588094764085208,"VIAGENS-occurances":10,"VIAGENS-percentage":0.1990842126219391,"ESOTERISMO-occurances":7,"ESOTERISMO-percentage":0.13935894883535735,"JOGOS-occurances":7,"JOGOS-percentage":0.13935894883535735,"CIÊNCIA-occurances":6,"CIÊNCIA-percentage":0.11945052757316345,"FITNESS-occurances":6,"FITNESS-percentage":0.11945052757316345,"INSTAGRAM-occurances":6,"INSTAGRAM-percentage":0.11945052757316345,"LINKEDIN-occurances":6,"LINKEDIN-percentage":0.11945052757316345,"EDUCAÇÃO-occurances":5,"EDUCAÇÃO-percentage":0.09954210631096955,"HUMOR-occurances":5,"HUMOR-percentage":0.09954210631096955,"NATUREZA-occurances":3,"NATUREZA-percentage":0.059725263786581724,"ECONOMIA-occurances":1,"ECONOMIA-percentage":0.019908421262193908,"POLÍTICA-occurances":1,"POLÍTICA-percentage":0.019908421262193908,"TWITTER-occurances":1,"TWITTER-percentage":0.019908421262193908}