{"totalHistoryAmount":6742,"TECNOLOGIA-occurances":1677,"TECNOLOGIA-percentage":24.87392465143874,"FACEBOOK-occurances":572,"FACEBOOK-percentage":8.48412933847523,"NOTÍCIAS-occurances":424,"NOTÍCIAS-percentage":6.288935034114506,"DECORAÇÃO-occurances":375,"DECORAÇÃO-percentage":5.5621477306437255,"MODA-occurances":287,"MODA-percentage":4.256897063185998,"ESPORTE-occurances":226,"ESPORTE-percentage":3.352121032334619,"LINKEDIN-occurances":127,"LINKEDIN-percentage":1.8837140314446752,"POP/ARTE-occurances":127,"POP/ARTE-percentage":1.8837140314446752,"ESOTERISMO-occurances":113,"ESOTERISMO-percentage":1.6760605161673094,"YOUTUBE-occurances":82,"YOUTUBE-percentage":1.216256303767428,"TV E CELEBRIDADES-occurances":81,"TV E CELEBRIDADES-percentage":1.201423909819045,"SÉRIES E FILMES-occurances":70,"SÉRIES E FILMES-percentage":1.0382675763868288,"ALIMENTAÇÃO E SAÚDE-occurances":63,"ALIMENTAÇÃO E SAÚDE-percentage":0.934440818748146,"POLÍTICA-occurances":42,"POLÍTICA-percentage":0.6229605458320973,"EDUCAÇÃO-occurances":38,"EDUCAÇÃO-percentage":0.5636309700385642,"CARROS-occurances":35,"CARROS-percentage":0.5191337881934144,"VIAGENS-occurances":31,"VIAGENS-percentage":0.45980421239988134,"CIÊNCIA-occurances":19,"CIÊNCIA-percentage":0.2818154850192821,"SEXO-occurances":19,"SEXO-percentage":0.2818154850192821,"HUMOR-occurances":16,"HUMOR-percentage":0.2373183031741323,"ECONOMIA-occurances":15,"ECONOMIA-percentage":0.22248590922574904,"INTERNACIONAL-occurances":14,"INTERNACIONAL-percentage":0.20765351527736578,"JOGOS-occurances":9,"JOGOS-percentage":0.13349154553544942,"NATUREZA-occurances":7,"NATUREZA-percentage":0.10382675763868289,"TWITTER-occurances":7,"TWITTER-percentage":0.10382675763868289,"INSTAGRAM-occurances":6,"INSTAGRAM-percentage":0.08899436369029962,"FITNESS-occurances":4,"FITNESS-percentage":0.059329575793533075}