{"totalHistoryAmount":6996,"TECNOLOGIA-occurances":1844,"TECNOLOGIA-percentage":26.357918810749,"NOTÍCIAS-occurances":477,"NOTÍCIAS-percentage":6.818181818181818,"FACEBOOK-occurances":400,"FACEBOOK-percentage":5.717552887364208,"DECORAÇÃO-occurances":385,"DECORAÇÃO-percentage":5.50314465408805,"MODA-occurances":274,"MODA-percentage":3.9165237278444827,"YOUTUBE-occurances":189,"YOUTUBE-percentage":2.7015437392795882,"ESPORTE-occurances":185,"ESPORTE-percentage":2.644368210405946,"SÉRIES E FILMES-occurances":141,"SÉRIES E FILMES-percentage":2.0154373927958833,"POP/ARTE-occurances":131,"POP/ARTE-percentage":1.8724985706117783,"ALIMENTAÇÃO E SAÚDE-occurances":62,"ALIMENTAÇÃO E SAÚDE-percentage":0.8862206975414523,"TV E CELEBRIDADES-occurances":58,"TV E CELEBRIDADES-percentage":0.8290451686678102,"CARROS-occurances":49,"CARROS-percentage":0.7004002287021155,"JOGOS-occurances":36,"JOGOS-percentage":0.5145797598627787,"VIAGENS-occurances":35,"VIAGENS-percentage":0.5002858776443682,"EDUCAÇÃO-occurances":33,"EDUCAÇÃO-percentage":0.4716981132075472,"SEXO-occurances":32,"SEXO-percentage":0.45740423098913663,"INTERNACIONAL-occurances":22,"INTERNACIONAL-percentage":0.31446540880503143,"CIÊNCIA-occurances":21,"CIÊNCIA-percentage":0.30017152658662094,"HUMOR-occurances":16,"HUMOR-percentage":0.22870211549456831,"ECONOMIA-occurances":11,"ECONOMIA-percentage":0.15723270440251572,"LINKEDIN-occurances":10,"LINKEDIN-percentage":0.1429388221841052,"NATUREZA-occurances":8,"NATUREZA-percentage":0.11435105774728416,"ESOTERISMO-occurances":6,"ESOTERISMO-percentage":0.08576329331046312,"POLÍTICA-occurances":6,"POLÍTICA-percentage":0.08576329331046312,"FITNESS-occurances":5,"FITNESS-percentage":0.0714694110920526,"INSTAGRAM-occurances":4,"INSTAGRAM-percentage":0.05717552887364208,"TWITTER-occurances":4,"TWITTER-percentage":0.05717552887364208}