{"totalHistoryAmount":6467,"TECNOLOGIA-occurances":1836,"TECNOLOGIA-percentage":28.39028916035256,"NOTÍCIAS-occurances":447,"NOTÍCIAS-percentage":6.91201484459564,"DECORAÇÃO-occurances":345,"DECORAÇÃO-percentage":5.334776557909386,"YOUTUBE-occurances":281,"YOUTUBE-percentage":4.34513684861605,"FACEBOOK-occurances":245,"FACEBOOK-percentage":3.7884645121385496,"SÉRIES E FILMES-occurances":214,"SÉRIES E FILMES-percentage":3.30910777794959,"ESPORTE-occurances":132,"ESPORTE-percentage":2.041131900417504,"POP/ARTE-occurances":129,"POP/ARTE-percentage":1.9947425390443791,"MODA-occurances":69,"MODA-percentage":1.0669553115818773,"ALIMENTAÇÃO E SAÚDE-occurances":58,"ALIMENTAÇÃO E SAÚDE-percentage":0.8968609865470852,"CARROS-occurances":57,"CARROS-percentage":0.8813978660893769,"TV E CELEBRIDADES-occurances":48,"TV E CELEBRIDADES-percentage":0.7422297819700016,"JOGOS-occurances":36,"JOGOS-percentage":0.5566723364775011,"VIAGENS-occurances":36,"VIAGENS-percentage":0.5566723364775011,"SEXO-occurances":31,"SEXO-percentage":0.47935673418895935,"EDUCAÇÃO-occurances":25,"EDUCAÇÃO-percentage":0.38657801144270915,"INTERNACIONAL-occurances":15,"INTERNACIONAL-percentage":0.2319468068656255,"CIÊNCIA-occurances":14,"CIÊNCIA-percentage":0.21648368640791713,"HUMOR-occurances":11,"HUMOR-percentage":0.17009432503479202,"ECONOMIA-occurances":10,"ECONOMIA-percentage":0.15463120457708365,"LINKEDIN-occurances":10,"LINKEDIN-percentage":0.15463120457708365,"FITNESS-occurances":7,"FITNESS-percentage":0.10824184320395856,"ESOTERISMO-occurances":6,"ESOTERISMO-percentage":0.0927787227462502,"NATUREZA-occurances":5,"NATUREZA-percentage":0.07731560228854183,"INSTAGRAM-occurances":3,"INSTAGRAM-percentage":0.0463893613731251,"TWITTER-occurances":3,"TWITTER-percentage":0.0463893613731251,"POLÍTICA-occurances":1,"POLÍTICA-percentage":0.015463120457708366}