{"totalHistoryAmount":6956,"TECNOLOGIA-occurances":1858,"TECNOLOGIA-percentage":26.71075330649799,"NOTÍCIAS-occurances":470,"NOTÍCIAS-percentage":6.756756756756757,"FACEBOOK-occurances":382,"FACEBOOK-percentage":5.491661874640598,"DECORAÇÃO-occurances":345,"DECORAÇÃO-percentage":4.959746981023577,"MODA-occurances":272,"MODA-percentage":3.9102932719953998,"YOUTUBE-occurances":218,"YOUTUBE-percentage":3.133985048878666,"ESPORTE-occurances":181,"ESPORTE-percentage":2.6020701552616448,"SÉRIES E FILMES-occurances":152,"SÉRIES E FILMES-percentage":2.1851638872915466,"POP/ARTE-occurances":128,"POP/ARTE-percentage":1.8401380103507763,"ALIMENTAÇÃO E SAÚDE-occurances":62,"ALIMENTAÇÃO E SAÚDE-percentage":0.8913168487636572,"TV E CELEBRIDADES-occurances":60,"TV E CELEBRIDADES-percentage":0.8625646923519263,"CARROS-occurances":48,"CARROS-percentage":0.6900517538815412,"JOGOS-occurances":36,"JOGOS-percentage":0.5175388154111559,"VIAGENS-occurances":35,"VIAGENS-percentage":0.5031627372052904,"SEXO-occurances":30,"SEXO-percentage":0.43128234617596317,"EDUCAÇÃO-occurances":29,"EDUCAÇÃO-percentage":0.4169062679700978,"INTERNACIONAL-occurances":21,"INTERNACIONAL-percentage":0.30189764232317423,"CIÊNCIA-occurances":20,"CIÊNCIA-percentage":0.2875215641173088,"HUMOR-occurances":16,"HUMOR-percentage":0.23001725129384704,"ECONOMIA-occurances":10,"ECONOMIA-percentage":0.1437607820586544,"LINKEDIN-occurances":10,"LINKEDIN-percentage":0.1437607820586544,"NATUREZA-occurances":8,"NATUREZA-percentage":0.11500862564692352,"ESOTERISMO-occurances":5,"ESOTERISMO-percentage":0.0718803910293272,"FITNESS-occurances":5,"FITNESS-percentage":0.0718803910293272,"INSTAGRAM-occurances":4,"INSTAGRAM-percentage":0.05750431282346176,"POLÍTICA-occurances":4,"POLÍTICA-percentage":0.05750431282346176,"TWITTER-occurances":4,"TWITTER-percentage":0.05750431282346176}