{"totalHistoryAmount":5308,"TECNOLOGIA-occurances":1482,"TECNOLOGIA-percentage":27.92012057272042,"YOUTUBE-occurances":549,"YOUTUBE-percentage":10.342878673700076,"SÉRIES E FILMES-occurances":377,"SÉRIES E FILMES-percentage":7.102486812358704,"DECORAÇÃO-occurances":288,"DECORAÇÃO-percentage":5.425772418990204,"NOTÍCIAS-occurances":210,"NOTÍCIAS-percentage":3.9562923888470234,"FACEBOOK-occurances":159,"FACEBOOK-percentage":2.995478522984175,"POP/ARTE-occurances":102,"POP/ARTE-percentage":1.9216277317256971,"TV E CELEBRIDADES-occurances":67,"TV E CELEBRIDADES-percentage":1.2622456669178599,"ESPORTE-occurances":63,"ESPORTE-percentage":1.186887716654107,"CARROS-occurances":58,"CARROS-percentage":1.092690278824416,"ALIMENTAÇÃO E SAÚDE-occurances":43,"ALIMENTAÇÃO E SAÚDE-percentage":0.8100979653353428,"JOGOS-occurances":36,"JOGOS-percentage":0.6782215523737755,"SEXO-occurances":24,"SEXO-percentage":0.45214770158251694,"MODA-occurances":19,"MODA-percentage":0.3579502637528259,"INTERNACIONAL-occurances":18,"INTERNACIONAL-percentage":0.33911077618688773,"EDUCAÇÃO-occurances":11,"EDUCAÇÃO-percentage":0.20723436322532027,"VIAGENS-occurances":10,"VIAGENS-percentage":0.18839487565938207,"HUMOR-occurances":9,"HUMOR-percentage":0.16955538809344387,"CIÊNCIA-occurances":6,"CIÊNCIA-percentage":0.11303692539562923,"ESOTERISMO-occurances":6,"ESOTERISMO-percentage":0.11303692539562923,"FITNESS-occurances":6,"FITNESS-percentage":0.11303692539562923,"LINKEDIN-occurances":6,"LINKEDIN-percentage":0.11303692539562923,"INSTAGRAM-occurances":5,"INSTAGRAM-percentage":0.09419743782969103,"NATUREZA-occurances":4,"NATUREZA-percentage":0.07535795026375283,"ECONOMIA-occurances":3,"ECONOMIA-percentage":0.05651846269781462,"TWITTER-occurances":1,"TWITTER-percentage":0.018839487565938208,"POLÍTICA-occurances":0,"POLÍTICA-percentage":0}