{"totalHistoryAmount":6527,"TECNOLOGIA-occurances":1849,"TECNOLOGIA-percentage":28.328481691435574,"NOTÍCIAS-occurances":455,"NOTÍCIAS-percentage":6.9710433583575915,"DECORAÇÃO-occurances":351,"DECORAÇÃO-percentage":5.377662019304427,"FACEBOOK-occurances":261,"FACEBOOK-percentage":3.998774322046882,"YOUTUBE-occurances":251,"YOUTUBE-percentage":3.845564577907155,"SÉRIES E FILMES-occurances":202,"SÉRIES E FILMES-percentage":3.0948368316224912,"ESPORTE-occurances":140,"ESPORTE-percentage":2.144936417956182,"POP/ARTE-occurances":130,"POP/ARTE-percentage":1.9917266738164547,"MODA-occurances":78,"MODA-percentage":1.1950360042898729,"TV E CELEBRIDADES-occurances":61,"TV E CELEBRIDADES-percentage":0.9345794392523364,"ALIMENTAÇÃO E SAÚDE-occurances":59,"ALIMENTAÇÃO E SAÚDE-percentage":0.903937490424391,"CARROS-occurances":56,"CARROS-percentage":0.8579745671824728,"JOGOS-occurances":36,"JOGOS-percentage":0.5515550789030182,"VIAGENS-occurances":36,"VIAGENS-percentage":0.5515550789030182,"SEXO-occurances":32,"SEXO-percentage":0.4902711812471273,"EDUCAÇÃO-occurances":25,"EDUCAÇÃO-percentage":0.3830243603493182,"CIÊNCIA-occurances":15,"CIÊNCIA-percentage":0.22981461620959093,"INTERNACIONAL-occurances":15,"INTERNACIONAL-percentage":0.22981461620959093,"HUMOR-occurances":11,"HUMOR-percentage":0.16853071855370003,"ECONOMIA-occurances":10,"ECONOMIA-percentage":0.1532097441397273,"LINKEDIN-occurances":10,"LINKEDIN-percentage":0.1532097441397273,"FITNESS-occurances":7,"FITNESS-percentage":0.1072468208978091,"ESOTERISMO-occurances":6,"ESOTERISMO-percentage":0.09192584648383637,"NATUREZA-occurances":5,"NATUREZA-percentage":0.07660487206986365,"INSTAGRAM-occurances":3,"INSTAGRAM-percentage":0.04596292324191818,"TWITTER-occurances":3,"TWITTER-percentage":0.04596292324191818,"POLÍTICA-occurances":2,"POLÍTICA-percentage":0.030641948827945457}