{"totalHistoryAmount":2893,"TECNOLOGIA-occurances":955,"TECNOLOGIA-percentage":33.010715520221225,"LINKEDIN-occurances":280,"LINKEDIN-percentage":9.678534393363291,"EDUCAÇÃO-occurances":92,"EDUCAÇÃO-percentage":3.180089872105081,"FACEBOOK-occurances":69,"FACEBOOK-percentage":2.385067404078811,"CARROS-occurances":38,"CARROS-percentage":1.3135153819564467,"VIAGENS-occurances":38,"VIAGENS-percentage":1.3135153819564467,"ESPORTE-occurances":30,"ESPORTE-percentage":1.0369858278603525,"FITNESS-occurances":26,"FITNESS-percentage":0.8987210508123056,"YOUTUBE-occurances":25,"YOUTUBE-percentage":0.8641548565502938,"INSTAGRAM-occurances":22,"INSTAGRAM-percentage":0.7604562737642585,"NOTÍCIAS-occurances":21,"NOTÍCIAS-percentage":0.7258900795022468,"CIÊNCIA-occurances":18,"CIÊNCIA-percentage":0.6221914967162115,"DECORAÇÃO-occurances":17,"DECORAÇÃO-percentage":0.5876253024541997,"TWITTER-occurances":17,"TWITTER-percentage":0.5876253024541997,"JOGOS-occurances":15,"JOGOS-percentage":0.5184929139301763,"ECONOMIA-occurances":13,"ECONOMIA-percentage":0.4493605254061528,"TV E CELEBRIDADES-occurances":13,"TV E CELEBRIDADES-percentage":0.4493605254061528,"POP/ARTE-occurances":12,"POP/ARTE-percentage":0.41479433114414105,"SEXO-occurances":11,"SEXO-percentage":0.38022813688212925,"MODA-occurances":9,"MODA-percentage":0.3110957483581058,"ESOTERISMO-occurances":6,"ESOTERISMO-percentage":0.20739716557207052,"ALIMENTAÇÃO E SAÚDE-occurances":5,"ALIMENTAÇÃO E SAÚDE-percentage":0.17283097131005876,"POLÍTICA-occurances":3,"POLÍTICA-percentage":0.10369858278603526,"HUMOR-occurances":0,"HUMOR-percentage":0,"INTERNACIONAL-occurances":0,"INTERNACIONAL-percentage":0,"NATUREZA-occurances":0,"NATUREZA-percentage":0,"SÉRIES E FILMES-occurances":0,"SÉRIES E FILMES-percentage":0}