{"totalHistoryAmount":6525,"TECNOLOGIA-occurances":1825,"TECNOLOGIA-percentage":27.96934865900383,"NOTÍCIAS-occurances":431,"NOTÍCIAS-percentage":6.605363984674329,"YOUTUBE-occurances":405,"YOUTUBE-percentage":6.206896551724138,"DECORAÇÃO-occurances":387,"DECORAÇÃO-percentage":5.931034482758621,"SÉRIES E FILMES-occurances":251,"SÉRIES E FILMES-percentage":3.846743295019157,"FACEBOOK-occurances":179,"FACEBOOK-percentage":2.743295019157088,"ESPORTE-occurances":125,"ESPORTE-percentage":1.9157088122605364,"POP/ARTE-occurances":119,"POP/ARTE-percentage":1.8237547892720307,"TV E CELEBRIDADES-occurances":77,"TV E CELEBRIDADES-percentage":1.1800766283524904,"MODA-occurances":66,"MODA-percentage":1.0114942528735633,"ALIMENTAÇÃO E SAÚDE-occurances":58,"ALIMENTAÇÃO E SAÚDE-percentage":0.8888888888888888,"CARROS-occurances":58,"CARROS-percentage":0.8888888888888888,"JOGOS-occurances":40,"JOGOS-percentage":0.6130268199233716,"VIAGENS-occurances":37,"VIAGENS-percentage":0.5670498084291188,"SEXO-occurances":28,"SEXO-percentage":0.42911877394636017,"EDUCAÇÃO-occurances":24,"EDUCAÇÃO-percentage":0.367816091954023,"INTERNACIONAL-occurances":19,"INTERNACIONAL-percentage":0.29118773946360155,"CIÊNCIA-occurances":11,"CIÊNCIA-percentage":0.1685823754789272,"HUMOR-occurances":10,"HUMOR-percentage":0.1532567049808429,"LINKEDIN-occurances":10,"LINKEDIN-percentage":0.1532567049808429,"ECONOMIA-occurances":8,"ECONOMIA-percentage":0.12260536398467432,"ESOTERISMO-occurances":8,"ESOTERISMO-percentage":0.12260536398467432,"FITNESS-occurances":8,"FITNESS-percentage":0.12260536398467432,"NATUREZA-occurances":5,"NATUREZA-percentage":0.07662835249042145,"TWITTER-occurances":3,"TWITTER-percentage":0.04597701149425287,"POLÍTICA-occurances":1,"POLÍTICA-percentage":0.01532567049808429,"INSTAGRAM-occurances":0,"INSTAGRAM-percentage":0}