{"totalHistoryAmount":9224,"TECNOLOGIA-occurances":4367,"TECNOLOGIA-percentage":47.3438855160451,"ESPORTE-occurances":1437,"ESPORTE-percentage":15.578924544666089,"FACEBOOK-occurances":1083,"FACEBOOK-percentage":11.741110147441457,"SEXO-occurances":414,"SEXO-percentage":4.488291413703383,"INSTAGRAM-occurances":220,"INSTAGRAM-percentage":2.385082393755421,"CARROS-occurances":120,"CARROS-percentage":1.3009540329575022,"DECORAÇÃO-occurances":67,"DECORAÇÃO-percentage":0.7263660017346054,"NOTÍCIAS-occurances":67,"NOTÍCIAS-percentage":0.7263660017346054,"POP/ARTE-occurances":65,"POP/ARTE-percentage":0.704683434518647,"EDUCAÇÃO-occurances":63,"EDUCAÇÃO-percentage":0.6830008673026886,"YOUTUBE-occurances":48,"YOUTUBE-percentage":0.5203816131830009,"ESOTERISMO-occurances":43,"ESOTERISMO-percentage":0.46617519514310496,"LINKEDIN-occurances":38,"LINKEDIN-percentage":0.411968777103209,"JOGOS-occurances":26,"JOGOS-percentage":0.2818733738074588,"SÉRIES E FILMES-occurances":24,"SÉRIES E FILMES-percentage":0.26019080659150046,"MODA-occurances":17,"MODA-percentage":0.18430182133564615,"TWITTER-occurances":15,"TWITTER-percentage":0.16261925411968778,"TV E CELEBRIDADES-occurances":12,"TV E CELEBRIDADES-percentage":0.13009540329575023,"ECONOMIA-occurances":11,"ECONOMIA-percentage":0.11925411968777103,"FITNESS-occurances":5,"FITNESS-percentage":0.054206418039895926,"ALIMENTAÇÃO E SAÚDE-occurances":4,"ALIMENTAÇÃO E SAÚDE-percentage":0.04336513443191674,"CIÊNCIA-occurances":4,"CIÊNCIA-percentage":0.04336513443191674,"INTERNACIONAL-occurances":4,"INTERNACIONAL-percentage":0.04336513443191674,"VIAGENS-occurances":3,"VIAGENS-percentage":0.03252385082393756,"POLÍTICA-occurances":2,"POLÍTICA-percentage":0.02168256721595837,"NATUREZA-occurances":1,"NATUREZA-percentage":0.010841283607979185,"HUMOR-occurances":0,"HUMOR-percentage":0}