{"totalHistoryAmount":8999,"TECNOLOGIA-occurances":4294,"TECNOLOGIA-percentage":47.71641293477053,"ESPORTE-occurances":1324,"ESPORTE-percentage":14.712745860651184,"FACEBOOK-occurances":1025,"FACEBOOK-percentage":11.390154461606846,"SEXO-occurances":404,"SEXO-percentage":4.489387709745527,"INSTAGRAM-occurances":244,"INSTAGRAM-percentage":2.711412379153239,"CARROS-occurances":115,"CARROS-percentage":1.2779197688632071,"POP/ARTE-occurances":69,"POP/ARTE-percentage":0.7667518613179242,"NOTÍCIAS-occurances":68,"NOTÍCIAS-percentage":0.7556395155017224,"EDUCAÇÃO-occurances":64,"EDUCAÇÃO-percentage":0.7111901322369152,"DECORAÇÃO-occurances":63,"DECORAÇÃO-percentage":0.7000777864207134,"YOUTUBE-occurances":49,"YOUTUBE-percentage":0.5445049449938882,"ESOTERISMO-occurances":43,"ESOTERISMO-percentage":0.4778308700966774,"LINKEDIN-occurances":38,"LINKEDIN-percentage":0.4222691410156684,"SÉRIES E FILMES-occurances":28,"SÉRIES E FILMES-percentage":0.3111456828536504,"JOGOS-occurances":26,"JOGOS-percentage":0.2889209912212468,"MODA-occurances":17,"MODA-percentage":0.1889098788754306,"TV E CELEBRIDADES-occurances":15,"TV E CELEBRIDADES-percentage":0.166685187243027,"TWITTER-occurances":15,"TWITTER-percentage":0.166685187243027,"ECONOMIA-occurances":11,"ECONOMIA-percentage":0.1222358039782198,"FITNESS-occurances":5,"FITNESS-percentage":0.055561729081009,"ALIMENTAÇÃO E SAÚDE-occurances":4,"ALIMENTAÇÃO E SAÚDE-percentage":0.0444493832648072,"CIÊNCIA-occurances":4,"CIÊNCIA-percentage":0.0444493832648072,"INTERNACIONAL-occurances":4,"INTERNACIONAL-percentage":0.0444493832648072,"VIAGENS-occurances":3,"VIAGENS-percentage":0.0333370374486054,"NATUREZA-occurances":2,"NATUREZA-percentage":0.0222246916324036,"POLÍTICA-occurances":2,"POLÍTICA-percentage":0.0222246916324036,"HUMOR-occurances":0,"HUMOR-percentage":0}