{"totalHistoryAmount":6993,"TECNOLOGIA-occurances":1857,"TECNOLOGIA-percentage":26.555126555126556,"NOTÍCIAS-occurances":472,"NOTÍCIAS-percentage":6.74960674960675,"FACEBOOK-occurances":390,"FACEBOOK-percentage":5.577005577005577,"DECORAÇÃO-occurances":345,"DECORAÇÃO-percentage":4.933504933504934,"MODA-occurances":273,"MODA-percentage":3.903903903903904,"YOUTUBE-occurances":216,"YOUTUBE-percentage":3.088803088803089,"ESPORTE-occurances":184,"ESPORTE-percentage":2.631202631202631,"SÉRIES E FILMES-occurances":151,"SÉRIES E FILMES-percentage":2.1593021593021593,"POP/ARTE-occurances":131,"POP/ARTE-percentage":1.8733018733018734,"ALIMENTAÇÃO E SAÚDE-occurances":62,"ALIMENTAÇÃO E SAÚDE-percentage":0.8866008866008867,"TV E CELEBRIDADES-occurances":58,"TV E CELEBRIDADES-percentage":0.8294008294008294,"CARROS-occurances":48,"CARROS-percentage":0.6864006864006864,"JOGOS-occurances":36,"JOGOS-percentage":0.5148005148005148,"VIAGENS-occurances":35,"VIAGENS-percentage":0.5005005005005005,"EDUCAÇÃO-occurances":32,"EDUCAÇÃO-percentage":0.4576004576004576,"SEXO-occurances":31,"SEXO-percentage":0.4433004433004433,"INTERNACIONAL-occurances":22,"INTERNACIONAL-percentage":0.3146003146003146,"CIÊNCIA-occurances":20,"CIÊNCIA-percentage":0.286000286000286,"HUMOR-occurances":16,"HUMOR-percentage":0.2288002288002288,"ECONOMIA-occurances":10,"ECONOMIA-percentage":0.143000143000143,"LINKEDIN-occurances":10,"LINKEDIN-percentage":0.143000143000143,"NATUREZA-occurances":8,"NATUREZA-percentage":0.1144001144001144,"POLÍTICA-occurances":6,"POLÍTICA-percentage":0.0858000858000858,"ESOTERISMO-occurances":5,"ESOTERISMO-percentage":0.0715000715000715,"FITNESS-occurances":5,"FITNESS-percentage":0.0715000715000715,"INSTAGRAM-occurances":4,"INSTAGRAM-percentage":0.0572000572000572,"TWITTER-occurances":4,"TWITTER-percentage":0.0572000572000572}