{"totalHistoryAmount":2756,"TECNOLOGIA-occurances":1114,"TECNOLOGIA-percentage":40.42089985486212,"NOTÍCIAS-occurances":263,"NOTÍCIAS-percentage":9.542815674891147,"ESPORTE-occurances":179,"ESPORTE-percentage":6.494920174165457,"YOUTUBE-occurances":143,"YOUTUBE-percentage":5.188679245283019,"HUMOR-occurances":90,"HUMOR-percentage":3.265602322206096,"FACEBOOK-occurances":85,"FACEBOOK-percentage":3.084179970972424,"JOGOS-occurances":40,"JOGOS-percentage":1.4513788098693758,"POLÍTICA-occurances":31,"POLÍTICA-percentage":1.1248185776487662,"SEXO-occurances":25,"SEXO-percentage":0.9071117561683599,"POP/ARTE-occurances":20,"POP/ARTE-percentage":0.7256894049346879,"SÉRIES E FILMES-occurances":19,"SÉRIES E FILMES-percentage":0.6894049346879536,"EDUCAÇÃO-occurances":18,"EDUCAÇÃO-percentage":0.6531204644412192,"INTERNACIONAL-occurances":16,"INTERNACIONAL-percentage":0.5805515239477503,"MODA-occurances":15,"MODA-percentage":0.5442670537010159,"INSTAGRAM-occurances":14,"INSTAGRAM-percentage":0.5079825834542816,"TWITTER-occurances":11,"TWITTER-percentage":0.3991291727140784,"ESOTERISMO-occurances":8,"ESOTERISMO-percentage":0.29027576197387517,"LINKEDIN-occurances":8,"LINKEDIN-percentage":0.29027576197387517,"TV E CELEBRIDADES-occurances":7,"TV E CELEBRIDADES-percentage":0.2539912917271408,"ALIMENTAÇÃO E SAÚDE-occurances":6,"ALIMENTAÇÃO E SAÚDE-percentage":0.21770682148040638,"CARROS-occurances":6,"CARROS-percentage":0.21770682148040638,"DECORAÇÃO-occurances":5,"DECORAÇÃO-percentage":0.18142235123367198,"VIAGENS-occurances":5,"VIAGENS-percentage":0.18142235123367198,"CIÊNCIA-occurances":2,"CIÊNCIA-percentage":0.07256894049346879,"NATUREZA-occurances":2,"NATUREZA-percentage":0.07256894049346879,"ECONOMIA-occurances":1,"ECONOMIA-percentage":0.036284470246734396,"FITNESS-occurances":1,"FITNESS-percentage":0.036284470246734396}