{"totalHistoryAmount":6755,"TECNOLOGIA-occurances":1685,"TECNOLOGIA-percentage":24.944485566247224,"FACEBOOK-occurances":576,"FACEBOOK-percentage":8.527017024426351,"NOTÍCIAS-occurances":420,"NOTÍCIAS-percentage":6.217616580310881,"DECORAÇÃO-occurances":376,"DECORAÇÃO-percentage":5.566247224278312,"MODA-occurances":287,"MODA-percentage":4.248704663212435,"ESPORTE-occurances":227,"ESPORTE-percentage":3.3604737231680235,"LINKEDIN-occurances":128,"LINKEDIN-percentage":1.8948926720947445,"POP/ARTE-occurances":127,"POP/ARTE-percentage":1.8800888230940045,"ESOTERISMO-occurances":115,"ESOTERISMO-percentage":1.702442635085122,"YOUTUBE-occurances":82,"YOUTUBE-percentage":1.2139156180606958,"TV E CELEBRIDADES-occurances":81,"TV E CELEBRIDADES-percentage":1.1991117690599555,"SÉRIES E FILMES-occurances":68,"SÉRIES E FILMES-percentage":1.006661732050333,"ALIMENTAÇÃO E SAÚDE-occurances":61,"ALIMENTAÇÃO E SAÚDE-percentage":0.9030347890451518,"POLÍTICA-occurances":43,"POLÍTICA-percentage":0.6365655070318282,"EDUCAÇÃO-occurances":38,"EDUCAÇÃO-percentage":0.5625462620281273,"CARROS-occurances":35,"CARROS-percentage":0.5181347150259067,"VIAGENS-occurances":31,"VIAGENS-percentage":0.45891931902294597,"ECONOMIA-occurances":23,"ECONOMIA-percentage":0.3404885270170244,"CIÊNCIA-occurances":20,"CIÊNCIA-percentage":0.29607698001480387,"SEXO-occurances":19,"SEXO-percentage":0.28127313101406365,"HUMOR-occurances":16,"HUMOR-percentage":0.23686158401184307,"INTERNACIONAL-occurances":14,"INTERNACIONAL-percentage":0.20725388601036268,"JOGOS-occurances":9,"JOGOS-percentage":0.13323464100666174,"NATUREZA-occurances":7,"NATUREZA-percentage":0.10362694300518134,"TWITTER-occurances":7,"TWITTER-percentage":0.10362694300518134,"INSTAGRAM-occurances":6,"INSTAGRAM-percentage":0.08882309400444116,"FITNESS-occurances":4,"FITNESS-percentage":0.05921539600296077}