{"totalHistoryAmount":5863,"TECNOLOGIA-occurances":1624,"TECNOLOGIA-percentage":27.69913013815453,"YOUTUBE-occurances":480,"YOUTUBE-percentage":8.186935016203309,"SÉRIES E FILMES-occurances":342,"SÉRIES E FILMES-percentage":5.833191199044857,"DECORAÇÃO-occurances":337,"DECORAÇÃO-percentage":5.747910625959406,"NOTÍCIAS-occurances":322,"NOTÍCIAS-percentage":5.492068906703053,"FACEBOOK-occurances":169,"FACEBOOK-percentage":2.882483370288248,"POP/ARTE-occurances":111,"POP/ARTE-percentage":1.8932287224970152,"TV E CELEBRIDADES-occurances":69,"TV E CELEBRIDADES-percentage":1.1768719085792256,"ESPORTE-occurances":67,"ESPORTE-percentage":1.1427596793450452,"CARROS-occurances":63,"CARROS-percentage":1.0745352208766843,"ALIMENTAÇÃO E SAÚDE-occurances":51,"ALIMENTAÇÃO E SAÚDE-percentage":0.8698618454716016,"MODA-occurances":40,"MODA-percentage":0.682244584683609,"JOGOS-occurances":37,"JOGOS-percentage":0.6310762408323384,"SEXO-occurances":24,"SEXO-percentage":0.40934675081016547,"VIAGENS-occurances":19,"VIAGENS-percentage":0.3240661777247143,"INTERNACIONAL-occurances":18,"INTERNACIONAL-percentage":0.3070100631076241,"EDUCAÇÃO-occurances":12,"EDUCAÇÃO-percentage":0.20467337540508274,"CIÊNCIA-occurances":10,"CIÊNCIA-percentage":0.17056114617090226,"HUMOR-occurances":9,"HUMOR-percentage":0.15350503155381204,"FITNESS-occurances":7,"FITNESS-percentage":0.11939280231963159,"LINKEDIN-occurances":6,"LINKEDIN-percentage":0.10233668770254137,"ECONOMIA-occurances":5,"ECONOMIA-percentage":0.08528057308545113,"ESOTERISMO-occurances":4,"ESOTERISMO-percentage":0.06822445846836091,"NATUREZA-occurances":4,"NATUREZA-percentage":0.06822445846836091,"TWITTER-occurances":1,"TWITTER-percentage":0.017056114617090227,"INSTAGRAM-occurances":0,"INSTAGRAM-percentage":0,"POLÍTICA-occurances":0,"POLÍTICA-percentage":0}