{"totalHistoryAmount":15109,"TECNOLOGIA-occurances":4544,"TECNOLOGIA-percentage":30.074789860348137,"TWITTER-occurances":1528,"TWITTER-percentage":10.113177576279039,"ESPORTE-occurances":698,"ESPORTE-percentage":4.619763055132703,"YOUTUBE-occurances":277,"YOUTUBE-percentage":1.833344364286187,"SÉRIES E FILMES-occurances":248,"SÉRIES E FILMES-percentage":1.6414057846316765,"JOGOS-occurances":208,"JOGOS-percentage":1.3766629161426964,"POP/ARTE-occurances":128,"POP/ARTE-percentage":0.8471771791647362,"FITNESS-occurances":91,"FITNESS-percentage":0.6022900258124296,"CARROS-occurances":82,"CARROS-percentage":0.5427228804024091,"FACEBOOK-occurances":72,"FACEBOOK-percentage":0.47653716328016416,"INSTAGRAM-occurances":70,"INSTAGRAM-percentage":0.4633000198557151,"TV E CELEBRIDADES-occurances":68,"TV E CELEBRIDADES-percentage":0.45006287643126613,"NOTÍCIAS-occurances":61,"NOTÍCIAS-percentage":0.4037328744456946,"ESOTERISMO-occurances":52,"ESOTERISMO-percentage":0.3441657290356741,"LINKEDIN-occurances":41,"LINKEDIN-percentage":0.27136144020120456,"ECONOMIA-occurances":36,"ECONOMIA-percentage":0.23826858164008208,"MODA-occurances":20,"MODA-percentage":0.13237143424449005,"VIAGENS-occurances":17,"VIAGENS-percentage":0.11251571910781653,"EDUCAÇÃO-occurances":12,"EDUCAÇÃO-percentage":0.07942286054669402,"DECORAÇÃO-occurances":11,"DECORAÇÃO-percentage":0.07280428883446952,"HUMOR-occurances":9,"HUMOR-percentage":0.05956714541002052,"SEXO-occurances":7,"SEXO-percentage":0.046330001985571516,"CIÊNCIA-occurances":5,"CIÊNCIA-percentage":0.03309285856112251,"NATUREZA-occurances":5,"NATUREZA-percentage":0.03309285856112251,"INTERNACIONAL-occurances":3,"INTERNACIONAL-percentage":0.019855715136673505,"ALIMENTAÇÃO E SAÚDE-occurances":1,"ALIMENTAÇÃO E SAÚDE-percentage":0.006618571712224502,"POLÍTICA-occurances":1,"POLÍTICA-percentage":0.006618571712224502}