{"totalHistoryAmount":6517,"TECNOLOGIA-occurances":1875,"TECNOLOGIA-percentage":28.770906858984194,"YOUTUBE-occurances":436,"YOUTUBE-percentage":6.690194874942458,"NOTÍCIAS-occurances":411,"NOTÍCIAS-percentage":6.306582783489335,"DECORAÇÃO-occurances":367,"DECORAÇÃO-percentage":5.631425502531839,"SÉRIES E FILMES-occurances":296,"SÉRIES E FILMES-percentage":4.541967162804972,"FACEBOOK-occurances":190,"FACEBOOK-percentage":2.9154518950437316,"POP/ARTE-occurances":130,"POP/ARTE-percentage":1.9947828755562376,"ESPORTE-occurances":81,"ESPORTE-percentage":1.2429031763081173,"TV E CELEBRIDADES-occurances":72,"TV E CELEBRIDADES-percentage":1.1048028233849931,"MODA-occurances":65,"MODA-percentage":0.9973914377781188,"CARROS-occurances":63,"CARROS-percentage":0.966702470461869,"ALIMENTAÇÃO E SAÚDE-occurances":57,"ALIMENTAÇÃO E SAÚDE-percentage":0.8746355685131195,"JOGOS-occurances":39,"JOGOS-percentage":0.5984348626668713,"VIAGENS-occurances":36,"VIAGENS-percentage":0.5524014116924966,"SEXO-occurances":27,"SEXO-percentage":0.4143010587693724,"INTERNACIONAL-occurances":19,"INTERNACIONAL-percentage":0.2915451895043732,"EDUCAÇÃO-occurances":13,"EDUCAÇÃO-percentage":0.19947828755562375,"CIÊNCIA-occurances":11,"CIÊNCIA-percentage":0.16878932023937396,"HUMOR-occurances":10,"HUMOR-percentage":0.15344483658124905,"LINKEDIN-occurances":10,"LINKEDIN-percentage":0.15344483658124905,"ECONOMIA-occurances":7,"ECONOMIA-percentage":0.10741138560687433,"FITNESS-occurances":7,"FITNESS-percentage":0.10741138560687433,"ESOTERISMO-occurances":6,"ESOTERISMO-percentage":0.09206690194874942,"NATUREZA-occurances":4,"NATUREZA-percentage":0.06137793463249962,"POLÍTICA-occurances":1,"POLÍTICA-percentage":0.015344483658124904,"TWITTER-occurances":1,"TWITTER-percentage":0.015344483658124904,"INSTAGRAM-occurances":0,"INSTAGRAM-percentage":0}