{"totalHistoryAmount":6750,"TECNOLOGIA-occurances":1676,"TECNOLOGIA-percentage":24.82962962962963,"FACEBOOK-occurances":572,"FACEBOOK-percentage":8.474074074074075,"NOTÍCIAS-occurances":425,"NOTÍCIAS-percentage":6.296296296296297,"DECORAÇÃO-occurances":353,"DECORAÇÃO-percentage":5.229629629629629,"MODA-occurances":287,"MODA-percentage":4.2518518518518515,"ESPORTE-occurances":227,"ESPORTE-percentage":3.362962962962963,"LINKEDIN-occurances":128,"LINKEDIN-percentage":1.8962962962962964,"POP/ARTE-occurances":127,"POP/ARTE-percentage":1.8814814814814815,"ESOTERISMO-occurances":115,"ESOTERISMO-percentage":1.7037037037037037,"YOUTUBE-occurances":83,"YOUTUBE-percentage":1.2296296296296296,"TV E CELEBRIDADES-occurances":81,"TV E CELEBRIDADES-percentage":1.2,"SÉRIES E FILMES-occurances":68,"SÉRIES E FILMES-percentage":1.0074074074074073,"ALIMENTAÇÃO E SAÚDE-occurances":61,"ALIMENTAÇÃO E SAÚDE-percentage":0.9037037037037037,"POLÍTICA-occurances":43,"POLÍTICA-percentage":0.6370370370370371,"EDUCAÇÃO-occurances":38,"EDUCAÇÃO-percentage":0.562962962962963,"CARROS-occurances":35,"CARROS-percentage":0.5185185185185185,"VIAGENS-occurances":31,"VIAGENS-percentage":0.45925925925925926,"ECONOMIA-occurances":23,"ECONOMIA-percentage":0.34074074074074073,"CIÊNCIA-occurances":20,"CIÊNCIA-percentage":0.2962962962962963,"SEXO-occurances":19,"SEXO-percentage":0.2814814814814815,"HUMOR-occurances":16,"HUMOR-percentage":0.23703703703703705,"INTERNACIONAL-occurances":14,"INTERNACIONAL-percentage":0.2074074074074074,"JOGOS-occurances":9,"JOGOS-percentage":0.13333333333333333,"NATUREZA-occurances":7,"NATUREZA-percentage":0.1037037037037037,"TWITTER-occurances":7,"TWITTER-percentage":0.1037037037037037,"INSTAGRAM-occurances":6,"INSTAGRAM-percentage":0.08888888888888889,"FITNESS-occurances":4,"FITNESS-percentage":0.05925925925925926}