{"totalHistoryAmount":7273,"TECNOLOGIA-occurances":1744,"TECNOLOGIA-percentage":23.97910078372061,"NOTÍCIAS-occurances":599,"NOTÍCIAS-percentage":8.235941152206792,"FACEBOOK-occurances":584,"FACEBOOK-percentage":8.029698886291763,"DECORAÇÃO-occurances":398,"DECORAÇÃO-percentage":5.4722947889454145,"MODA-occurances":282,"MODA-percentage":3.87735459920253,"ESPORTE-occurances":225,"ESPORTE-percentage":3.093633988725423,"POP/ARTE-occurances":132,"POP/ARTE-percentage":1.8149319400522481,"LINKEDIN-occurances":123,"LINKEDIN-percentage":1.6911865805032311,"YOUTUBE-occurances":103,"YOUTUBE-percentage":1.416196892616527,"ESOTERISMO-occurances":94,"ESOTERISMO-percentage":1.29245153306751,"TV E CELEBRIDADES-occurances":90,"TV E CELEBRIDADES-percentage":1.237453595490169,"SÉRIES E FILMES-occurances":84,"SÉRIES E FILMES-percentage":1.1549566891241578,"ALIMENTAÇÃO E SAÚDE-occurances":59,"ALIMENTAÇÃO E SAÚDE-percentage":0.8112195792657775,"EDUCAÇÃO-occurances":41,"EDUCAÇÃO-percentage":0.5637288601677437,"CARROS-occurances":36,"CARROS-percentage":0.49498143819606766,"JOGOS-occurances":35,"JOGOS-percentage":0.48123195380173245,"VIAGENS-occurances":31,"VIAGENS-percentage":0.4262340162243916,"POLÍTICA-occurances":28,"POLÍTICA-percentage":0.3849855630413859,"CIÊNCIA-occurances":23,"CIÊNCIA-percentage":0.3162381410697099,"INTERNACIONAL-occurances":20,"INTERNACIONAL-percentage":0.27498968788670425,"HUMOR-occurances":19,"HUMOR-percentage":0.26124020349236904,"SEXO-occurances":19,"SEXO-percentage":0.26124020349236904,"ECONOMIA-occurances":17,"ECONOMIA-percentage":0.23374123470369862,"FITNESS-occurances":7,"FITNESS-percentage":0.09624639076034648,"INSTAGRAM-occurances":6,"INSTAGRAM-percentage":0.08249690636601127,"NATUREZA-occurances":6,"NATUREZA-percentage":0.08249690636601127,"TWITTER-occurances":6,"TWITTER-percentage":0.08249690636601127}