{"totalHistoryAmount":5151,"TECNOLOGIA-occurances":1536,"TECNOLOGIA-percentage":29.819452533488644,"YOUTUBE-occurances":602,"YOUTUBE-percentage":11.68705105804698,"SÉRIES E FILMES-occurances":407,"SÉRIES E FILMES-percentage":7.901378373131431,"DECORAÇÃO-occurances":361,"DECORAÇÃO-percentage":7.008347893612891,"FACEBOOK-occurances":122,"FACEBOOK-percentage":2.36847214133178,"NOTÍCIAS-occurances":103,"NOTÍCIAS-percentage":1.9996117258784702,"POP/ARTE-occurances":82,"POP/ARTE-percentage":1.5919238982721802,"CARROS-occurances":58,"CARROS-percentage":1.1259949524364201,"TV E CELEBRIDADES-occurances":43,"TV E CELEBRIDADES-percentage":0.8347893612890701,"ALIMENTAÇÃO E SAÚDE-occurances":42,"ALIMENTAÇÃO E SAÚDE-percentage":0.81537565521258,"ESPORTE-occurances":40,"ESPORTE-percentage":0.7765482430596001,"SEXO-occurances":23,"SEXO-percentage":0.44651523975927004,"MODA-occurances":20,"MODA-percentage":0.38827412152980006,"INTERNACIONAL-occurances":13,"INTERNACIONAL-percentage":0.25237817899437004,"VIAGENS-occurances":10,"VIAGENS-percentage":0.19413706076490003,"JOGOS-occurances":8,"JOGOS-percentage":0.15530964861192,"EDUCAÇÃO-occurances":7,"EDUCAÇÃO-percentage":0.13589594253543003,"ESOTERISMO-occurances":7,"ESOTERISMO-percentage":0.13589594253543003,"CIÊNCIA-occurances":6,"CIÊNCIA-percentage":0.11648223645894001,"FITNESS-occurances":6,"FITNESS-percentage":0.11648223645894001,"INSTAGRAM-occurances":6,"INSTAGRAM-percentage":0.11648223645894001,"LINKEDIN-occurances":6,"LINKEDIN-percentage":0.11648223645894001,"HUMOR-occurances":5,"HUMOR-percentage":0.09706853038245002,"NATUREZA-occurances":3,"NATUREZA-percentage":0.05824111822947001,"ECONOMIA-occurances":1,"ECONOMIA-percentage":0.01941370607649,"POLÍTICA-occurances":1,"POLÍTICA-percentage":0.01941370607649,"TWITTER-occurances":1,"TWITTER-percentage":0.01941370607649}