{"totalHistoryAmount":8552,"TECNOLOGIA-occurances":4032,"TECNOLOGIA-percentage":47.14686623012161,"ESPORTE-occurances":1352,"ESPORTE-percentage":15.809167446211413,"FACEBOOK-occurances":1046,"FACEBOOK-percentage":12.231057062675397,"SEXO-occurances":692,"SEXO-percentage":8.091674462114126,"INSTAGRAM-occurances":173,"INSTAGRAM-percentage":2.0229186155285315,"CARROS-occurances":95,"CARROS-percentage":1.1108512628624883,"YOUTUBE-occurances":61,"YOUTUBE-percentage":0.7132834424695977,"NOTÍCIAS-occurances":37,"NOTÍCIAS-percentage":0.43264733395696914,"DECORAÇÃO-occurances":28,"DECORAÇÃO-percentage":0.3274087932647334,"MODA-occurances":21,"MODA-percentage":0.24555659494855003,"EDUCAÇÃO-occurances":17,"EDUCAÇÃO-percentage":0.19878391019644528,"ESOTERISMO-occurances":14,"ESOTERISMO-percentage":0.1637043966323667,"CIÊNCIA-occurances":11,"CIÊNCIA-percentage":0.12862488306828812,"ECONOMIA-occurances":11,"ECONOMIA-percentage":0.12862488306828812,"LINKEDIN-occurances":11,"LINKEDIN-percentage":0.12862488306828812,"POP/ARTE-occurances":10,"POP/ARTE-percentage":0.11693171188026193,"SÉRIES E FILMES-occurances":8,"SÉRIES E FILMES-percentage":0.09354536950420954,"TV E CELEBRIDADES-occurances":3,"TV E CELEBRIDADES-percentage":0.035079513564078575,"TWITTER-occurances":3,"TWITTER-percentage":0.035079513564078575,"VIAGENS-occurances":2,"VIAGENS-percentage":0.023386342376052385,"ALIMENTAÇÃO E SAÚDE-occurances":1,"ALIMENTAÇÃO E SAÚDE-percentage":0.011693171188026192,"POLÍTICA-occurances":1,"POLÍTICA-percentage":0.011693171188026192,"FITNESS-occurances":0,"FITNESS-percentage":0,"HUMOR-occurances":0,"HUMOR-percentage":0,"INTERNACIONAL-occurances":0,"INTERNACIONAL-percentage":0,"JOGOS-occurances":0,"JOGOS-percentage":0,"NATUREZA-occurances":0,"NATUREZA-percentage":0}