{"totalHistoryAmount":6934,"TECNOLOGIA-occurances":1930,"TECNOLOGIA-percentage":27.833862128641478,"NOTÍCIAS-occurances":463,"NOTÍCIAS-percentage":6.6772425728295355,"DECORAÇÃO-occurances":369,"DECORAÇÃO-percentage":5.321603691952697,"FACEBOOK-occurances":298,"FACEBOOK-percentage":4.297663686184021,"MODA-occurances":270,"MODA-percentage":3.893856359965388,"YOUTUBE-occurances":237,"YOUTUBE-percentage":3.4179405826362848,"ESPORTE-occurances":164,"ESPORTE-percentage":2.365157196423421,"SÉRIES E FILMES-occurances":161,"SÉRIES E FILMES-percentage":2.3218921257571385,"POP/ARTE-occurances":131,"POP/ARTE-percentage":1.8892414190943179,"ALIMENTAÇÃO E SAÚDE-occurances":70,"ALIMENTAÇÃO E SAÚDE-percentage":1.0095183155465821,"TV E CELEBRIDADES-occurances":58,"TV E CELEBRIDADES-percentage":0.8364580328814537,"CARROS-occurances":47,"CARROS-percentage":0.6778194404384194,"JOGOS-occurances":36,"JOGOS-percentage":0.5191808479953851,"VIAGENS-occurances":36,"VIAGENS-percentage":0.5191808479953851,"SEXO-occurances":32,"SEXO-percentage":0.46149408710700895,"EDUCAÇÃO-occurances":26,"EDUCAÇÃO-percentage":0.37496394577444475,"CIÊNCIA-occurances":18,"CIÊNCIA-percentage":0.25959042399769255,"INTERNACIONAL-occurances":17,"INTERNACIONAL-percentage":0.2451687337755985,"HUMOR-occurances":11,"HUMOR-percentage":0.15863859244303433,"LINKEDIN-occurances":10,"LINKEDIN-percentage":0.1442169022209403,"ECONOMIA-occurances":9,"ECONOMIA-percentage":0.12979521199884628,"NATUREZA-occurances":8,"NATUREZA-percentage":0.11537352177675224,"FITNESS-occurances":7,"FITNESS-percentage":0.1009518315546582,"ESOTERISMO-occurances":5,"ESOTERISMO-percentage":0.07210845111047015,"INSTAGRAM-occurances":4,"INSTAGRAM-percentage":0.05768676088837612,"TWITTER-occurances":3,"TWITTER-percentage":0.04326507066628209,"POLÍTICA-occurances":2,"POLÍTICA-percentage":0.02884338044418806}