{"totalHistoryAmount":5212,"TECNOLOGIA-occurances":1557,"TECNOLOGIA-percentage":29.873369148119725,"YOUTUBE-occurances":602,"YOUTUBE-percentage":11.550268610897929,"SÉRIES E FILMES-occurances":407,"SÉRIES E FILMES-percentage":7.808902532617037,"DECORAÇÃO-occurances":361,"DECORAÇÃO-percentage":6.92632386799693,"FACEBOOK-occurances":123,"FACEBOOK-percentage":2.359938603223331,"NOTÍCIAS-occurances":103,"NOTÍCIAS-percentage":1.9762087490406754,"POP/ARTE-occurances":82,"POP/ARTE-percentage":1.5732924021488872,"CARROS-occurances":58,"CARROS-percentage":1.1128165771297007,"ESPORTE-occurances":53,"ESPORTE-percentage":1.0168841135840367,"ALIMENTAÇÃO E SAÚDE-occurances":47,"ALIMENTAÇÃO E SAÚDE-percentage":0.9017651573292402,"TV E CELEBRIDADES-occurances":43,"TV E CELEBRIDADES-percentage":0.8250191864927091,"SEXO-occurances":23,"SEXO-percentage":0.44128933231005374,"MODA-occurances":20,"MODA-percentage":0.3837298541826554,"INTERNACIONAL-occurances":14,"INTERNACIONAL-percentage":0.2686108979278588,"VIAGENS-occurances":10,"VIAGENS-percentage":0.1918649270913277,"JOGOS-occurances":8,"JOGOS-percentage":0.15349194167306215,"EDUCAÇÃO-occurances":7,"EDUCAÇÃO-percentage":0.1343054489639294,"ESOTERISMO-occurances":7,"ESOTERISMO-percentage":0.1343054489639294,"CIÊNCIA-occurances":6,"CIÊNCIA-percentage":0.11511895625479662,"FITNESS-occurances":6,"FITNESS-percentage":0.11511895625479662,"INSTAGRAM-occurances":6,"INSTAGRAM-percentage":0.11511895625479662,"LINKEDIN-occurances":6,"LINKEDIN-percentage":0.11511895625479662,"HUMOR-occurances":5,"HUMOR-percentage":0.09593246354566386,"NATUREZA-occurances":3,"NATUREZA-percentage":0.05755947812739831,"ECONOMIA-occurances":1,"ECONOMIA-percentage":0.01918649270913277,"POLÍTICA-occurances":1,"POLÍTICA-percentage":0.01918649270913277,"TWITTER-occurances":1,"TWITTER-percentage":0.01918649270913277}