{"totalHistoryAmount":9653,"TECNOLOGIA-occurances":4481,"TECNOLOGIA-percentage":46.420801823267375,"ESPORTE-occurances":1687,"ESPORTE-percentage":17.47643219724438,"FACEBOOK-occurances":1220,"FACEBOOK-percentage":12.638557961255568,"SEXO-occurances":588,"SEXO-percentage":6.091370558375634,"INSTAGRAM-occurances":162,"INSTAGRAM-percentage":1.6782347456749198,"CARROS-occurances":142,"CARROS-percentage":1.4710452709002382,"DECORAÇÃO-occurances":64,"DECORAÇÃO-percentage":0.6630063192789807,"POP/ARTE-occurances":58,"POP/ARTE-percentage":0.6008494768465762,"EDUCAÇÃO-occurances":46,"EDUCAÇÃO-percentage":0.4765357919817673,"YOUTUBE-occurances":42,"YOUTUBE-percentage":0.43509789702683105,"NOTÍCIAS-occurances":39,"NOTÍCIAS-percentage":0.4040194758106288,"ESOTERISMO-occurances":36,"ESOTERISMO-percentage":0.3729410545944266,"MODA-occurances":23,"MODA-percentage":0.23826789599088366,"LINKEDIN-occurances":21,"LINKEDIN-percentage":0.21754894851341552,"JOGOS-occurances":19,"JOGOS-percentage":0.19683000103594736,"ECONOMIA-occurances":11,"ECONOMIA-percentage":0.11395421112607479,"SÉRIES E FILMES-occurances":11,"SÉRIES E FILMES-percentage":0.11395421112607479,"TV E CELEBRIDADES-occurances":10,"TV E CELEBRIDADES-percentage":0.10359473738734072,"TWITTER-occurances":10,"TWITTER-percentage":0.10359473738734072,"FITNESS-occurances":4,"FITNESS-percentage":0.04143789495493629,"VIAGENS-occurances":4,"VIAGENS-percentage":0.04143789495493629,"POLÍTICA-occurances":3,"POLÍTICA-percentage":0.031078421216202218,"CIÊNCIA-occurances":2,"CIÊNCIA-percentage":0.020718947477468146,"ALIMENTAÇÃO E SAÚDE-occurances":1,"ALIMENTAÇÃO E SAÚDE-percentage":0.010359473738734073,"INTERNACIONAL-occurances":1,"INTERNACIONAL-percentage":0.010359473738734073,"HUMOR-occurances":0,"HUMOR-percentage":0,"NATUREZA-occurances":0,"NATUREZA-percentage":0}