{"totalHistoryAmount":2557,"TECNOLOGIA-occurances":1008,"TECNOLOGIA-percentage":39.421196714900276,"DECORAÇÃO-occurances":314,"DECORAÇÃO-percentage":12.28001564333203,"FACEBOOK-occurances":98,"FACEBOOK-percentage":3.832616347281971,"ESPORTE-occurances":64,"ESPORTE-percentage":2.502933124755573,"NOTÍCIAS-occurances":33,"NOTÍCIAS-percentage":1.2905748924520923,"SÉRIES E FILMES-occurances":31,"SÉRIES E FILMES-percentage":1.2123582323034807,"ALIMENTAÇÃO E SAÚDE-occurances":30,"ALIMENTAÇÃO E SAÚDE-percentage":1.173249902229175,"POP/ARTE-occurances":26,"POP/ARTE-percentage":1.0168165819319515,"MODA-occurances":25,"MODA-percentage":0.9777082518576456,"ECONOMIA-occurances":10,"ECONOMIA-percentage":0.39108330074305825,"FITNESS-occurances":10,"FITNESS-percentage":0.39108330074305825,"YOUTUBE-occurances":10,"YOUTUBE-percentage":0.39108330074305825,"INTERNACIONAL-occurances":6,"INTERNACIONAL-percentage":0.23464998044583496,"VIAGENS-occurances":6,"VIAGENS-percentage":0.23464998044583496,"CARROS-occurances":5,"CARROS-percentage":0.19554165037152912,"EDUCAÇÃO-occurances":5,"EDUCAÇÃO-percentage":0.19554165037152912,"INSTAGRAM-occurances":5,"INSTAGRAM-percentage":0.19554165037152912,"JOGOS-occurances":5,"JOGOS-percentage":0.19554165037152912,"ESOTERISMO-occurances":4,"ESOTERISMO-percentage":0.15643332029722332,"NATUREZA-occurances":4,"NATUREZA-percentage":0.15643332029722332,"SEXO-occurances":4,"SEXO-percentage":0.15643332029722332,"TV E CELEBRIDADES-occurances":4,"TV E CELEBRIDADES-percentage":0.15643332029722332,"HUMOR-occurances":3,"HUMOR-percentage":0.11732499022291748,"CIÊNCIA-occurances":1,"CIÊNCIA-percentage":0.03910833007430583,"POLÍTICA-occurances":1,"POLÍTICA-percentage":0.03910833007430583,"LINKEDIN-occurances":0,"LINKEDIN-percentage":0,"TWITTER-occurances":0,"TWITTER-percentage":0}