{"totalHistoryAmount":5154,"TECNOLOGIA-occurances":1537,"TECNOLOGIA-percentage":29.821497865735353,"YOUTUBE-occurances":602,"YOUTUBE-percentage":11.680248350795498,"SÉRIES E FILMES-occurances":407,"SÉRIES E FILMES-percentage":7.896779200620877,"DECORAÇÃO-occurances":361,"DECORAÇÃO-percentage":7.004268529297633,"FACEBOOK-occurances":122,"FACEBOOK-percentage":2.36709351959643,"NOTÍCIAS-occurances":103,"NOTÍCIAS-percentage":1.9984478075281336,"POP/ARTE-occurances":82,"POP/ARTE-percentage":1.5909972836631743,"CARROS-occurances":58,"CARROS-percentage":1.1253395421032208,"TV E CELEBRIDADES-occurances":43,"TV E CELEBRIDADES-percentage":0.8343034536282499,"ALIMENTAÇÃO E SAÚDE-occurances":42,"ALIMENTAÇÃO E SAÚDE-percentage":0.8149010477299186,"ESPORTE-occurances":40,"ESPORTE-percentage":0.7760962359332557,"SEXO-occurances":23,"SEXO-percentage":0.44625533566162207,"MODA-occurances":20,"MODA-percentage":0.38804811796662786,"INTERNACIONAL-occurances":13,"INTERNACIONAL-percentage":0.25223127667830814,"VIAGENS-occurances":10,"VIAGENS-percentage":0.19402405898331393,"JOGOS-occurances":8,"JOGOS-percentage":0.15521924718665114,"EDUCAÇÃO-occurances":7,"EDUCAÇÃO-percentage":0.13581684128831975,"ESOTERISMO-occurances":7,"ESOTERISMO-percentage":0.13581684128831975,"CIÊNCIA-occurances":6,"CIÊNCIA-percentage":0.11641443538998836,"FITNESS-occurances":6,"FITNESS-percentage":0.11641443538998836,"INSTAGRAM-occurances":6,"INSTAGRAM-percentage":0.11641443538998836,"LINKEDIN-occurances":6,"LINKEDIN-percentage":0.11641443538998836,"HUMOR-occurances":5,"HUMOR-percentage":0.09701202949165696,"NATUREZA-occurances":3,"NATUREZA-percentage":0.05820721769499418,"ECONOMIA-occurances":1,"ECONOMIA-percentage":0.019402405898331393,"POLÍTICA-occurances":1,"POLÍTICA-percentage":0.019402405898331393,"TWITTER-occurances":1,"TWITTER-percentage":0.019402405898331393}