{"totalHistoryAmount":7053,"TECNOLOGIA-occurances":1931,"TECNOLOGIA-percentage":27.378420530270805,"NOTÍCIAS-occurances":471,"NOTÍCIAS-percentage":6.678009357720119,"DECORAÇÃO-occurances":361,"DECORAÇÃO-percentage":5.1183893378704095,"FACEBOOK-occurances":346,"FACEBOOK-percentage":4.905713880618177,"MODA-occurances":269,"MODA-percentage":3.81397986672338,"YOUTUBE-occurances":229,"YOUTUBE-percentage":3.2468453140507587,"SÉRIES E FILMES-occurances":165,"SÉRIES E FILMES-percentage":2.339430029774564,"ESPORTE-occurances":163,"ESPORTE-percentage":2.311073302140933,"POP/ARTE-occurances":128,"POP/ARTE-percentage":1.8148305685523891,"ALIMENTAÇÃO E SAÚDE-occurances":71,"ALIMENTAÇÃO E SAÚDE-percentage":1.0066638309939033,"TV E CELEBRIDADES-occurances":60,"TV E CELEBRIDADES-percentage":0.8507018290089323,"CARROS-occurances":47,"CARROS-percentage":0.6663830993903304,"JOGOS-occurances":36,"JOGOS-percentage":0.5104210974053595,"VIAGENS-occurances":36,"VIAGENS-percentage":0.5104210974053595,"SEXO-occurances":32,"SEXO-percentage":0.4537076421380973,"EDUCAÇÃO-occurances":28,"EDUCAÇÃO-percentage":0.3969941868708351,"CIÊNCIA-occurances":19,"CIÊNCIA-percentage":0.26938891251949526,"INTERNACIONAL-occurances":17,"INTERNACIONAL-percentage":0.24103218488586417,"HUMOR-occurances":16,"HUMOR-percentage":0.22685382106904864,"LINKEDIN-occurances":10,"LINKEDIN-percentage":0.1417836381681554,"ECONOMIA-occurances":9,"ECONOMIA-percentage":0.12760527435133986,"NATUREZA-occurances":8,"NATUREZA-percentage":0.11342691053452432,"FITNESS-occurances":7,"FITNESS-percentage":0.09924854671770877,"ESOTERISMO-occurances":5,"ESOTERISMO-percentage":0.0708918190840777,"INSTAGRAM-occurances":4,"INSTAGRAM-percentage":0.05671345526726216,"POLÍTICA-occurances":3,"POLÍTICA-percentage":0.04253509145044662,"TWITTER-occurances":3,"TWITTER-percentage":0.04253509145044662}