{"totalHistoryAmount":6931,"TECNOLOGIA-occurances":1709,"TECNOLOGIA-percentage":24.657336603664696,"FACEBOOK-occurances":584,"FACEBOOK-percentage":8.425912566729188,"NOTÍCIAS-occurances":456,"NOTÍCIAS-percentage":6.579137209637859,"DECORAÇÃO-occurances":404,"DECORAÇÃO-percentage":5.828884720819507,"MODA-occurances":289,"MODA-percentage":4.169672485932765,"ESPORTE-occurances":226,"ESPORTE-percentage":3.2607127398643776,"LINKEDIN-occurances":127,"LINKEDIN-percentage":1.8323474246140528,"POP/ARTE-occurances":127,"POP/ARTE-percentage":1.8323474246140528,"ESOTERISMO-occurances":112,"ESOTERISMO-percentage":1.6159284374549128,"YOUTUBE-occurances":86,"YOUTUBE-percentage":1.2408021930457365,"TV E CELEBRIDADES-occurances":79,"TV E CELEBRIDADES-percentage":1.1398066657048045,"SÉRIES E FILMES-occurances":73,"SÉRIES E FILMES-percentage":1.0532390708411485,"ALIMENTAÇÃO E SAÚDE-occurances":65,"ALIMENTAÇÃO E SAÚDE-percentage":0.9378156110229404,"POLÍTICA-occurances":39,"POLÍTICA-percentage":0.5626893666137642,"EDUCAÇÃO-occurances":38,"EDUCAÇÃO-percentage":0.5482614341364882,"CARROS-occurances":36,"CARROS-percentage":0.5194055691819363,"VIAGENS-occurances":31,"VIAGENS-percentage":0.4472659067955562,"CIÊNCIA-occurances":21,"CIÊNCIA-percentage":0.30298658202279616,"SEXO-occurances":18,"SEXO-percentage":0.2597027845909681,"HUMOR-occurances":16,"HUMOR-percentage":0.2308469196364161,"ECONOMIA-occurances":15,"ECONOMIA-percentage":0.2164189871591401,"INTERNACIONAL-occurances":14,"INTERNACIONAL-percentage":0.2019910546818641,"JOGOS-occurances":10,"JOGOS-percentage":0.14427932477276006,"FITNESS-occurances":7,"FITNESS-percentage":0.10099552734093205,"NATUREZA-occurances":7,"NATUREZA-percentage":0.10099552734093205,"TWITTER-occurances":7,"TWITTER-percentage":0.10099552734093205,"INSTAGRAM-occurances":6,"INSTAGRAM-percentage":0.08656759486365603}