{"totalHistoryAmount":5501,"TECNOLOGIA-occurances":1536,"TECNOLOGIA-percentage":27.922195964370115,"YOUTUBE-occurances":527,"YOUTUBE-percentage":9.58007634975459,"SÉRIES E FILMES-occurances":374,"SÉRIES E FILMES-percentage":6.798763861116161,"DECORAÇÃO-occurances":306,"DECORAÇÃO-percentage":5.562624977276859,"NOTÍCIAS-occurances":288,"NOTÍCIAS-percentage":5.235411743319396,"FACEBOOK-occurances":173,"FACEBOOK-percentage":3.1448827485911655,"POP/ARTE-occurances":101,"POP/ARTE-percentage":1.8360298127613162,"TV E CELEBRIDADES-occurances":69,"TV E CELEBRIDADES-percentage":1.2543173968369388,"ESPORTE-occurances":64,"ESPORTE-percentage":1.1634248318487548,"CARROS-occurances":61,"CARROS-percentage":1.1088892928558445,"ALIMENTAÇÃO E SAÚDE-occurances":43,"ALIMENTAÇÃO E SAÚDE-percentage":0.7816760588983821,"JOGOS-occurances":36,"JOGOS-percentage":0.6544264679149245,"SEXO-occurances":24,"SEXO-percentage":0.43628431194328304,"MODA-occurances":21,"MODA-percentage":0.3817487729503727,"INTERNACIONAL-occurances":18,"INTERNACIONAL-percentage":0.32721323395746227,"EDUCAÇÃO-occurances":12,"EDUCAÇÃO-percentage":0.21814215597164152,"VIAGENS-occurances":10,"VIAGENS-percentage":0.18178512997636792,"HUMOR-occurances":9,"HUMOR-percentage":0.16360661697873113,"CIÊNCIA-occurances":8,"CIÊNCIA-percentage":0.14542810398109435,"ESOTERISMO-occurances":6,"ESOTERISMO-percentage":0.10907107798582076,"LINKEDIN-occurances":6,"LINKEDIN-percentage":0.10907107798582076,"INSTAGRAM-occurances":5,"INSTAGRAM-percentage":0.09089256498818396,"FITNESS-occurances":4,"FITNESS-percentage":0.07271405199054717,"NATUREZA-occurances":4,"NATUREZA-percentage":0.07271405199054717,"ECONOMIA-occurances":3,"ECONOMIA-percentage":0.05453553899291038,"TWITTER-occurances":1,"TWITTER-percentage":0.018178512997636793,"POLÍTICA-occurances":0,"POLÍTICA-percentage":0}