{"totalHistoryAmount":6698,"TECNOLOGIA-occurances":1687,"TECNOLOGIA-percentage":25.186622872499253,"FACEBOOK-occurances":724,"FACEBOOK-percentage":10.809196775156764,"NOTÍCIAS-occurances":399,"NOTÍCIAS-percentage":5.9570020901761715,"DECORAÇÃO-occurances":357,"DECORAÇÃO-percentage":5.32994923857868,"MODA-occurances":252,"MODA-percentage":3.762317109584951,"ESPORTE-occurances":221,"ESPORTE-percentage":3.299492385786802,"ESOTERISMO-occurances":162,"ESOTERISMO-percentage":2.4186324275903255,"LINKEDIN-occurances":136,"LINKEDIN-percentage":2.030456852791878,"TV E CELEBRIDADES-occurances":106,"TV E CELEBRIDADES-percentage":1.5825619587936697,"POP/ARTE-occurances":93,"POP/ARTE-percentage":1.3884741713944462,"YOUTUBE-occurances":91,"YOUTUBE-percentage":1.3586145117945656,"SÉRIES E FILMES-occurances":74,"SÉRIES E FILMES-percentage":1.1048074051955807,"ALIMENTAÇÃO E SAÚDE-occurances":63,"ALIMENTAÇÃO E SAÚDE-percentage":0.9405792773962377,"POLÍTICA-occurances":55,"POLÍTICA-percentage":0.8211406389967154,"CARROS-occurances":41,"CARROS-percentage":0.6121230217975515,"EDUCAÇÃO-occurances":32,"EDUCAÇÃO-percentage":0.477754553598089,"ECONOMIA-occurances":26,"ECONOMIA-percentage":0.3881755747984473,"CIÊNCIA-occurances":25,"CIÊNCIA-percentage":0.373245744998507,"JOGOS-occurances":25,"JOGOS-percentage":0.373245744998507,"NATUREZA-occurances":18,"NATUREZA-percentage":0.26873693639892504,"SEXO-occurances":18,"SEXO-percentage":0.26873693639892504,"INTERNACIONAL-occurances":14,"INTERNACIONAL-percentage":0.20901761719916392,"HUMOR-occurances":13,"HUMOR-percentage":0.19408778739922364,"INSTAGRAM-occurances":10,"INSTAGRAM-percentage":0.1492982979994028,"TWITTER-occurances":10,"TWITTER-percentage":0.1492982979994028,"FITNESS-occurances":9,"FITNESS-percentage":0.13436846819946252,"VIAGENS-occurances":6,"VIAGENS-percentage":0.08957897879964169}