{"totalHistoryAmount":5037,"TECNOLOGIA-occurances":1420,"TECNOLOGIA-percentage":28.191383760174705,"YOUTUBE-occurances":607,"YOUTUBE-percentage":12.050823903116935,"SÉRIES E FILMES-occurances":382,"SÉRIES E FILMES-percentage":7.583879293230098,"DECORAÇÃO-occurances":296,"DECORAÇÃO-percentage":5.876513797895573,"FACEBOOK-occurances":154,"FACEBOOK-percentage":3.057375421878102,"NOTÍCIAS-occurances":129,"NOTÍCIAS-percentage":2.5610482430017867,"POP/ARTE-occurances":95,"POP/ARTE-percentage":1.886043279729998,"TV E CELEBRIDADES-occurances":67,"TV E CELEBRIDADES-percentage":1.330156839388525,"CARROS-occurances":57,"CARROS-percentage":1.1316259678379987,"ESPORTE-occurances":54,"ESPORTE-percentage":1.072066706372841,"ALIMENTAÇÃO E SAÚDE-occurances":43,"ALIMENTAÇÃO E SAÚDE-percentage":0.8536827476672623,"SEXO-occurances":24,"SEXO-percentage":0.47647409172126265,"MODA-occurances":21,"MODA-percentage":0.4169148302561048,"INTERNACIONAL-occurances":14,"INTERNACIONAL-percentage":0.2779432201707365,"VIAGENS-occurances":10,"VIAGENS-percentage":0.1985308715505261,"CIÊNCIA-occurances":9,"CIÊNCIA-percentage":0.1786777843954735,"EDUCAÇÃO-occurances":9,"EDUCAÇÃO-percentage":0.1786777843954735,"JOGOS-occurances":9,"JOGOS-percentage":0.1786777843954735,"ESOTERISMO-occurances":6,"ESOTERISMO-percentage":0.11911852293031566,"FITNESS-occurances":6,"FITNESS-percentage":0.11911852293031566,"INSTAGRAM-occurances":6,"INSTAGRAM-percentage":0.11911852293031566,"LINKEDIN-occurances":6,"LINKEDIN-percentage":0.11911852293031566,"HUMOR-occurances":5,"HUMOR-percentage":0.09926543577526305,"NATUREZA-occurances":4,"NATUREZA-percentage":0.07941234862021045,"ECONOMIA-occurances":2,"ECONOMIA-percentage":0.03970617431010522,"POLÍTICA-occurances":1,"POLÍTICA-percentage":0.01985308715505261,"TWITTER-occurances":1,"TWITTER-percentage":0.01985308715505261}