{"totalHistoryAmount":6416,"TECNOLOGIA-occurances":1565,"TECNOLOGIA-percentage":24.39214463840399,"FACEBOOK-occurances":670,"FACEBOOK-percentage":10.442643391521196,"NOTÍCIAS-occurances":376,"NOTÍCIAS-percentage":5.860349127182045,"DECORAÇÃO-occurances":353,"DECORAÇÃO-percentage":5.501870324189526,"MODA-occurances":245,"MODA-percentage":3.81857855361596,"ESPORTE-occurances":214,"ESPORTE-percentage":3.3354114713216956,"ESOTERISMO-occurances":154,"ESOTERISMO-percentage":2.4002493765586035,"LINKEDIN-occurances":136,"LINKEDIN-percentage":2.119700748129676,"POP/ARTE-occurances":108,"POP/ARTE-percentage":1.6832917705735662,"TV E CELEBRIDADES-occurances":98,"TV E CELEBRIDADES-percentage":1.527431421446384,"YOUTUBE-occurances":87,"YOUTUBE-percentage":1.3559850374064837,"SÉRIES E FILMES-occurances":77,"SÉRIES E FILMES-percentage":1.2001246882793017,"ALIMENTAÇÃO E SAÚDE-occurances":54,"ALIMENTAÇÃO E SAÚDE-percentage":0.8416458852867831,"POLÍTICA-occurances":54,"POLÍTICA-percentage":0.8416458852867831,"CARROS-occurances":39,"CARROS-percentage":0.60785536159601,"EDUCAÇÃO-occurances":29,"EDUCAÇÃO-percentage":0.45199501246882795,"CIÊNCIA-occurances":24,"CIÊNCIA-percentage":0.3740648379052369,"ECONOMIA-occurances":24,"ECONOMIA-percentage":0.3740648379052369,"NATUREZA-occurances":18,"NATUREZA-percentage":0.2805486284289277,"SEXO-occurances":18,"SEXO-percentage":0.2805486284289277,"JOGOS-occurances":17,"JOGOS-percentage":0.2649625935162095,"HUMOR-occurances":15,"HUMOR-percentage":0.23379052369077308,"INTERNACIONAL-occurances":13,"INTERNACIONAL-percentage":0.20261845386533667,"TWITTER-occurances":10,"TWITTER-percentage":0.15586034912718205,"FITNESS-occurances":9,"FITNESS-percentage":0.14027431421446385,"INSTAGRAM-occurances":8,"INSTAGRAM-percentage":0.12468827930174564,"VIAGENS-occurances":4,"VIAGENS-percentage":0.06234413965087282}