{"totalHistoryAmount":6282,"TECNOLOGIA-occurances":1461,"TECNOLOGIA-percentage":23.25692454632283,"FACEBOOK-occurances":618,"FACEBOOK-percentage":9.837631327602674,"DECORAÇÃO-occurances":390,"DECORAÇÃO-percentage":6.20821394460363,"NOTÍCIAS-occurances":382,"NOTÍCIAS-percentage":6.0808659662527855,"MODA-occurances":245,"MODA-percentage":3.9000318369945877,"ESPORTE-occurances":227,"ESPORTE-percentage":3.6134988857051895,"LINKEDIN-occurances":126,"LINKEDIN-percentage":2.005730659025788,"ESOTERISMO-occurances":114,"ESOTERISMO-percentage":1.8147086914995225,"POP/ARTE-occurances":104,"POP/ARTE-percentage":1.655523718560968,"TV E CELEBRIDADES-occurances":85,"TV E CELEBRIDADES-percentage":1.353072269977714,"YOUTUBE-occurances":79,"YOUTUBE-percentage":1.2575612862145813,"SÉRIES E FILMES-occurances":67,"SÉRIES E FILMES-percentage":1.0665393186883159,"ALIMENTAÇÃO E SAÚDE-occurances":58,"ALIMENTAÇÃO E SAÚDE-percentage":0.9232728430436167,"POLÍTICA-occurances":46,"POLÍTICA-percentage":0.7322508755173511,"EDUCAÇÃO-occurances":39,"EDUCAÇÃO-percentage":0.620821394460363,"CARROS-occurances":35,"CARROS-percentage":0.5571474052849411,"ECONOMIA-occurances":20,"ECONOMIA-percentage":0.3183699458771092,"SEXO-occurances":20,"SEXO-percentage":0.3183699458771092,"CIÊNCIA-occurances":19,"CIÊNCIA-percentage":0.30245144858325373,"HUMOR-occurances":16,"HUMOR-percentage":0.2546959567016874,"INTERNACIONAL-occurances":13,"INTERNACIONAL-percentage":0.206940464820121,"TWITTER-occurances":9,"TWITTER-percentage":0.14326647564469913,"JOGOS-occurances":7,"JOGOS-percentage":0.11142948105698822,"NATUREZA-occurances":7,"NATUREZA-percentage":0.11142948105698822,"INSTAGRAM-occurances":6,"INSTAGRAM-percentage":0.09551098376313276,"VIAGENS-occurances":6,"VIAGENS-percentage":0.09551098376313276,"FITNESS-occurances":4,"FITNESS-percentage":0.06367398917542184}