{"totalHistoryAmount":9844,"TECNOLOGIA-occurances":4531,"TECNOLOGIA-percentage":46.02803738317757,"ESPORTE-occurances":1686,"ESPORTE-percentage":17.127184071515643,"FACEBOOK-occurances":1152,"FACEBOOK-percentage":11.702559934985779,"SEXO-occurances":702,"SEXO-percentage":7.1312474603819584,"INSTAGRAM-occurances":181,"INSTAGRAM-percentage":1.838683462007314,"CARROS-occurances":143,"CARROS-percentage":1.452661519707436,"YOUTUBE-occurances":75,"YOUTUBE-percentage":0.7618854124339699,"DECORAÇÃO-occurances":63,"DECORAÇÃO-percentage":0.6399837464445347,"NOTÍCIAS-occurances":53,"NOTÍCIAS-percentage":0.5383990247866721,"EDUCAÇÃO-occurances":46,"EDUCAÇÃO-percentage":0.4672897196261682,"POP/ARTE-occurances":35,"POP/ARTE-percentage":0.3555465258025193,"ESOTERISMO-occurances":28,"ESOTERISMO-percentage":0.28443722064201543,"MODA-occurances":24,"MODA-percentage":0.24380333197887039,"LINKEDIN-occurances":17,"LINKEDIN-percentage":0.17269402681836651,"SÉRIES E FILMES-occurances":12,"SÉRIES E FILMES-percentage":0.12190166598943519,"CIÊNCIA-occurances":11,"CIÊNCIA-percentage":0.11174319382364892,"ECONOMIA-occurances":11,"ECONOMIA-percentage":0.11174319382364892,"TWITTER-occurances":10,"TWITTER-percentage":0.10158472165786266,"TV E CELEBRIDADES-occurances":9,"TV E CELEBRIDADES-percentage":0.0914262494920764,"JOGOS-occurances":7,"JOGOS-percentage":0.07110930516050386,"VIAGENS-occurances":4,"VIAGENS-percentage":0.04063388866314506,"FITNESS-occurances":2,"FITNESS-percentage":0.02031694433157253,"POLÍTICA-occurances":2,"POLÍTICA-percentage":0.02031694433157253,"ALIMENTAÇÃO E SAÚDE-occurances":1,"ALIMENTAÇÃO E SAÚDE-percentage":0.010158472165786265,"INTERNACIONAL-occurances":1,"INTERNACIONAL-percentage":0.010158472165786265,"HUMOR-occurances":0,"HUMOR-percentage":0,"NATUREZA-occurances":0,"NATUREZA-percentage":0}