{"totalHistoryAmount":6500,"TECNOLOGIA-occurances":1824,"TECNOLOGIA-percentage":28.06153846153846,"NOTÍCIAS-occurances":447,"NOTÍCIAS-percentage":6.876923076923077,"DECORAÇÃO-occurances":354,"DECORAÇÃO-percentage":5.446153846153846,"YOUTUBE-occurances":302,"YOUTUBE-percentage":4.6461538461538465,"FACEBOOK-occurances":243,"FACEBOOK-percentage":3.7384615384615385,"SÉRIES E FILMES-occurances":216,"SÉRIES E FILMES-percentage":3.3230769230769233,"POP/ARTE-occurances":133,"POP/ARTE-percentage":2.046153846153846,"ESPORTE-occurances":127,"ESPORTE-percentage":1.9538461538461538,"MODA-occurances":68,"MODA-percentage":1.0461538461538462,"ALIMENTAÇÃO E SAÚDE-occurances":58,"ALIMENTAÇÃO E SAÚDE-percentage":0.8923076923076924,"CARROS-occurances":57,"CARROS-percentage":0.8769230769230769,"TV E CELEBRIDADES-occurances":54,"TV E CELEBRIDADES-percentage":0.8307692307692308,"JOGOS-occurances":36,"JOGOS-percentage":0.5538461538461539,"VIAGENS-occurances":36,"VIAGENS-percentage":0.5538461538461539,"SEXO-occurances":31,"SEXO-percentage":0.47692307692307695,"EDUCAÇÃO-occurances":25,"EDUCAÇÃO-percentage":0.38461538461538464,"INTERNACIONAL-occurances":15,"INTERNACIONAL-percentage":0.23076923076923078,"CIÊNCIA-occurances":14,"CIÊNCIA-percentage":0.2153846153846154,"HUMOR-occurances":11,"HUMOR-percentage":0.16923076923076924,"ECONOMIA-occurances":10,"ECONOMIA-percentage":0.15384615384615385,"LINKEDIN-occurances":10,"LINKEDIN-percentage":0.15384615384615385,"FITNESS-occurances":7,"FITNESS-percentage":0.1076923076923077,"ESOTERISMO-occurances":6,"ESOTERISMO-percentage":0.09230769230769231,"NATUREZA-occurances":5,"NATUREZA-percentage":0.07692307692307693,"INSTAGRAM-occurances":3,"INSTAGRAM-percentage":0.046153846153846156,"TWITTER-occurances":3,"TWITTER-percentage":0.046153846153846156,"POLÍTICA-occurances":1,"POLÍTICA-percentage":0.015384615384615385}