{"totalHistoryAmount":5128,"TECNOLOGIA-occurances":1533,"TECNOLOGIA-percentage":29.894695787831512,"YOUTUBE-occurances":602,"YOUTUBE-percentage":11.739469578783151,"SÉRIES E FILMES-occurances":407,"SÉRIES E FILMES-percentage":7.936817472698908,"DECORAÇÃO-occurances":361,"DECORAÇÃO-percentage":7.03978159126365,"FACEBOOK-occurances":122,"FACEBOOK-percentage":2.3790951638065523,"NOTÍCIAS-occurances":95,"NOTÍCIAS-percentage":1.8525741029641185,"POP/ARTE-occurances":82,"POP/ARTE-percentage":1.5990639625585024,"CARROS-occurances":58,"CARROS-percentage":1.1310452418096724,"TV E CELEBRIDADES-occurances":43,"TV E CELEBRIDADES-percentage":0.8385335413416537,"ALIMENTAÇÃO E SAÚDE-occurances":41,"ALIMENTAÇÃO E SAÚDE-percentage":0.7995319812792512,"ESPORTE-occurances":40,"ESPORTE-percentage":0.7800312012480499,"SEXO-occurances":23,"SEXO-percentage":0.4485179407176287,"MODA-occurances":20,"MODA-percentage":0.39001560062402496,"INTERNACIONAL-occurances":13,"INTERNACIONAL-percentage":0.2535101404056162,"VIAGENS-occurances":10,"VIAGENS-percentage":0.19500780031201248,"JOGOS-occurances":8,"JOGOS-percentage":0.15600624024961,"EDUCAÇÃO-occurances":7,"EDUCAÇÃO-percentage":0.13650546021840873,"ESOTERISMO-occurances":7,"ESOTERISMO-percentage":0.13650546021840873,"CIÊNCIA-occurances":6,"CIÊNCIA-percentage":0.11700468018720749,"FITNESS-occurances":6,"FITNESS-percentage":0.11700468018720749,"INSTAGRAM-occurances":6,"INSTAGRAM-percentage":0.11700468018720749,"LINKEDIN-occurances":6,"LINKEDIN-percentage":0.11700468018720749,"HUMOR-occurances":5,"HUMOR-percentage":0.09750390015600624,"NATUREZA-occurances":3,"NATUREZA-percentage":0.05850234009360374,"ECONOMIA-occurances":1,"ECONOMIA-percentage":0.01950078003120125,"POLÍTICA-occurances":1,"POLÍTICA-percentage":0.01950078003120125,"TWITTER-occurances":1,"TWITTER-percentage":0.01950078003120125}