{"totalHistoryAmount":3858,"TECNOLOGIA-occurances":1977,"TECNOLOGIA-percentage":51.244167962674965,"YOUTUBE-occurances":296,"YOUTUBE-percentage":7.67236910316226,"FACEBOOK-occurances":198,"FACEBOOK-percentage":5.132192846034215,"ESPORTE-occurances":172,"ESPORTE-percentage":4.458268532918611,"POP/ARTE-occurances":50,"POP/ARTE-percentage":1.2960082944530844,"DECORAÇÃO-occurances":43,"DECORAÇÃO-percentage":1.1145671332296527,"ECONOMIA-occurances":36,"ECONOMIA-percentage":0.9331259720062208,"MODA-occurances":26,"MODA-percentage":0.673924313115604,"NOTÍCIAS-occurances":26,"NOTÍCIAS-percentage":0.673924313115604,"INSTAGRAM-occurances":23,"INSTAGRAM-percentage":0.5961638154484189,"POLÍTICA-occurances":21,"POLÍTICA-percentage":0.5443234836702955,"TV E CELEBRIDADES-occurances":21,"TV E CELEBRIDADES-percentage":0.5443234836702955,"FITNESS-occurances":20,"FITNESS-percentage":0.5184033177812338,"ESOTERISMO-occurances":16,"ESOTERISMO-percentage":0.41472265422498705,"EDUCAÇÃO-occurances":13,"EDUCAÇÃO-percentage":0.336962156557802,"VIAGENS-occurances":12,"VIAGENS-percentage":0.3110419906687403,"JOGOS-occurances":11,"JOGOS-percentage":0.28512182477967857,"INTERNACIONAL-occurances":10,"INTERNACIONAL-percentage":0.2592016588906169,"CARROS-occurances":7,"CARROS-percentage":0.18144116122343182,"HUMOR-occurances":6,"HUMOR-percentage":0.15552099533437014,"LINKEDIN-occurances":6,"LINKEDIN-percentage":0.15552099533437014,"SÉRIES E FILMES-occurances":5,"SÉRIES E FILMES-percentage":0.12960082944530846,"SEXO-occurances":5,"SEXO-percentage":0.12960082944530846,"TWITTER-occurances":3,"TWITTER-percentage":0.07776049766718507,"ALIMENTAÇÃO E SAÚDE-occurances":0,"ALIMENTAÇÃO E SAÚDE-percentage":0,"CIÊNCIA-occurances":0,"CIÊNCIA-percentage":0,"NATUREZA-occurances":0,"NATUREZA-percentage":0}