{"totalHistoryAmount":5265,"TECNOLOGIA-occurances":1452,"TECNOLOGIA-percentage":27.57834757834758,"YOUTUBE-occurances":546,"YOUTUBE-percentage":10.37037037037037,"SÉRIES E FILMES-occurances":371,"SÉRIES E FILMES-percentage":7.04653371320038,"DECORAÇÃO-occurances":299,"DECORAÇÃO-percentage":5.679012345679013,"NOTÍCIAS-occurances":207,"NOTÍCIAS-percentage":3.9316239316239314,"FACEBOOK-occurances":159,"FACEBOOK-percentage":3.0199430199430197,"POP/ARTE-occurances":102,"POP/ARTE-percentage":1.9373219373219372,"TV E CELEBRIDADES-occurances":67,"TV E CELEBRIDADES-percentage":1.2725546058879391,"ESPORTE-occurances":62,"ESPORTE-percentage":1.177587844254511,"CARROS-occurances":58,"CARROS-percentage":1.1016144349477683,"ALIMENTAÇÃO E SAÚDE-occurances":43,"ALIMENTAÇÃO E SAÚDE-percentage":0.8167141500474834,"JOGOS-occurances":34,"JOGOS-percentage":0.6457739791073125,"SEXO-occurances":24,"SEXO-percentage":0.45584045584045585,"MODA-occurances":19,"MODA-percentage":0.36087369420702753,"INTERNACIONAL-occurances":18,"INTERNACIONAL-percentage":0.3418803418803419,"EDUCAÇÃO-occurances":11,"EDUCAÇÃO-percentage":0.20892687559354226,"VIAGENS-occurances":10,"VIAGENS-percentage":0.1899335232668566,"HUMOR-occurances":9,"HUMOR-percentage":0.17094017094017094,"CIÊNCIA-occurances":6,"CIÊNCIA-percentage":0.11396011396011396,"ESOTERISMO-occurances":6,"ESOTERISMO-percentage":0.11396011396011396,"FITNESS-occurances":6,"FITNESS-percentage":0.11396011396011396,"LINKEDIN-occurances":6,"LINKEDIN-percentage":0.11396011396011396,"INSTAGRAM-occurances":5,"INSTAGRAM-percentage":0.0949667616334283,"NATUREZA-occurances":4,"NATUREZA-percentage":0.07597340930674264,"ECONOMIA-occurances":3,"ECONOMIA-percentage":0.05698005698005698,"TWITTER-occurances":1,"TWITTER-percentage":0.01899335232668566,"POLÍTICA-occurances":0,"POLÍTICA-percentage":0}