{"totalHistoryAmount":7025,"TECNOLOGIA-occurances":1927,"TECNOLOGIA-percentage":27.430604982206404,"NOTÍCIAS-occurances":470,"NOTÍCIAS-percentage":6.690391459074733,"DECORAÇÃO-occurances":359,"DECORAÇÃO-percentage":5.110320284697509,"FACEBOOK-occurances":332,"FACEBOOK-percentage":4.725978647686833,"MODA-occurances":269,"MODA-percentage":3.829181494661922,"YOUTUBE-occurances":229,"YOUTUBE-percentage":3.2597864768683276,"SÉRIES E FILMES-occurances":165,"SÉRIES E FILMES-percentage":2.3487544483985765,"ESPORTE-occurances":163,"ESPORTE-percentage":2.320284697508897,"POP/ARTE-occurances":128,"POP/ARTE-percentage":1.8220640569395017,"ALIMENTAÇÃO E SAÚDE-occurances":71,"ALIMENTAÇÃO E SAÚDE-percentage":1.01067615658363,"TV E CELEBRIDADES-occurances":60,"TV E CELEBRIDADES-percentage":0.8540925266903915,"CARROS-occurances":47,"CARROS-percentage":0.6690391459074733,"JOGOS-occurances":36,"JOGOS-percentage":0.5124555160142349,"VIAGENS-occurances":36,"VIAGENS-percentage":0.5124555160142349,"SEXO-occurances":32,"SEXO-percentage":0.4555160142348754,"EDUCAÇÃO-occurances":28,"EDUCAÇÃO-percentage":0.398576512455516,"CIÊNCIA-occurances":19,"CIÊNCIA-percentage":0.2704626334519573,"INTERNACIONAL-occurances":17,"INTERNACIONAL-percentage":0.24199288256227758,"HUMOR-occurances":16,"HUMOR-percentage":0.2277580071174377,"LINKEDIN-occurances":10,"LINKEDIN-percentage":0.1423487544483986,"ECONOMIA-occurances":9,"ECONOMIA-percentage":0.12811387900355872,"NATUREZA-occurances":8,"NATUREZA-percentage":0.11387900355871886,"FITNESS-occurances":7,"FITNESS-percentage":0.099644128113879,"ESOTERISMO-occurances":5,"ESOTERISMO-percentage":0.0711743772241993,"INSTAGRAM-occurances":4,"INSTAGRAM-percentage":0.05693950177935943,"POLÍTICA-occurances":3,"POLÍTICA-percentage":0.042704626334519574,"TWITTER-occurances":3,"TWITTER-percentage":0.042704626334519574}