{"totalHistoryAmount":5258,"TECNOLOGIA-occurances":1567,"TECNOLOGIA-percentage":29.802206162038797,"YOUTUBE-occurances":602,"YOUTUBE-percentage":11.449220235831115,"SÉRIES E FILMES-occurances":407,"SÉRIES E FILMES-percentage":7.7405857740585775,"DECORAÇÃO-occurances":361,"DECORAÇÃO-percentage":6.865728413845568,"FACEBOOK-occurances":123,"FACEBOOK-percentage":2.3392925066565233,"NOTÍCIAS-occurances":105,"NOTÍCIAS-percentage":1.99695701787752,"POP/ARTE-occurances":82,"POP/ARTE-percentage":1.5595283377710156,"TV E CELEBRIDADES-occurances":67,"TV E CELEBRIDADES-percentage":1.2742487637885127,"CARROS-occurances":58,"CARROS-percentage":1.103081019399011,"ESPORTE-occurances":53,"ESPORTE-percentage":1.00798782807151,"ALIMENTAÇÃO E SAÚDE-occurances":47,"ALIMENTAÇÃO E SAÚDE-percentage":0.893875998478509,"SEXO-occurances":24,"SEXO-percentage":0.4564473183720046,"MODA-occurances":20,"MODA-percentage":0.3803727653100038,"INTERNACIONAL-occurances":14,"INTERNACIONAL-percentage":0.26626093571700266,"VIAGENS-occurances":10,"VIAGENS-percentage":0.1901863826550019,"JOGOS-occurances":8,"JOGOS-percentage":0.1521491061240015,"EDUCAÇÃO-occurances":7,"EDUCAÇÃO-percentage":0.13313046785850133,"ESOTERISMO-occurances":7,"ESOTERISMO-percentage":0.13313046785850133,"CIÊNCIA-occurances":6,"CIÊNCIA-percentage":0.11411182959300115,"FITNESS-occurances":6,"FITNESS-percentage":0.11411182959300115,"INSTAGRAM-occurances":6,"INSTAGRAM-percentage":0.11411182959300115,"LINKEDIN-occurances":6,"LINKEDIN-percentage":0.11411182959300115,"HUMOR-occurances":5,"HUMOR-percentage":0.09509319132750095,"NATUREZA-occurances":3,"NATUREZA-percentage":0.05705591479650057,"ECONOMIA-occurances":1,"ECONOMIA-percentage":0.01901863826550019,"POLÍTICA-occurances":1,"POLÍTICA-percentage":0.01901863826550019,"TWITTER-occurances":1,"TWITTER-percentage":0.01901863826550019}