{"totalHistoryAmount":9296,"TECNOLOGIA-occurances":4293,"TECNOLOGIA-percentage":46.18115318416523,"ESPORTE-occurances":1507,"ESPORTE-percentage":16.211273666092943,"FACEBOOK-occurances":1122,"FACEBOOK-percentage":12.069707401032701,"SEXO-occurances":694,"SEXO-percentage":7.465576592082616,"INSTAGRAM-occurances":174,"INSTAGRAM-percentage":1.8717728055077452,"CARROS-occurances":138,"CARROS-percentage":1.4845094664371772,"YOUTUBE-occurances":63,"YOUTUBE-percentage":0.677710843373494,"DECORAÇÃO-occurances":61,"DECORAÇÃO-percentage":0.6561962134251291,"NOTÍCIAS-occurances":49,"NOTÍCIAS-percentage":0.5271084337349398,"EDUCAÇÃO-occurances":39,"EDUCAÇÃO-percentage":0.4195352839931153,"POP/ARTE-occurances":35,"POP/ARTE-percentage":0.37650602409638556,"MODA-occurances":24,"MODA-percentage":0.25817555938037867,"LINKEDIN-occurances":17,"LINKEDIN-percentage":0.18287435456110154,"ESOTERISMO-occurances":15,"ESOTERISMO-percentage":0.16135972461273665,"SÉRIES E FILMES-occurances":12,"SÉRIES E FILMES-percentage":0.12908777969018934,"CIÊNCIA-occurances":11,"CIÊNCIA-percentage":0.11833046471600689,"ECONOMIA-occurances":11,"ECONOMIA-percentage":0.11833046471600689,"TWITTER-occurances":10,"TWITTER-percentage":0.10757314974182444,"JOGOS-occurances":7,"JOGOS-percentage":0.07530120481927711,"TV E CELEBRIDADES-occurances":6,"TV E CELEBRIDADES-percentage":0.06454388984509467,"VIAGENS-occurances":3,"VIAGENS-percentage":0.032271944922547334,"FITNESS-occurances":2,"FITNESS-percentage":0.021514629948364887,"ALIMENTAÇÃO E SAÚDE-occurances":1,"ALIMENTAÇÃO E SAÚDE-percentage":0.010757314974182444,"INTERNACIONAL-occurances":1,"INTERNACIONAL-percentage":0.010757314974182444,"POLÍTICA-occurances":1,"POLÍTICA-percentage":0.010757314974182444,"HUMOR-occurances":0,"HUMOR-percentage":0,"NATUREZA-occurances":0,"NATUREZA-percentage":0}