{"totalHistoryAmount":6744,"TECNOLOGIA-occurances":1676,"TECNOLOGIA-percentage":24.851720047449586,"FACEBOOK-occurances":572,"FACEBOOK-percentage":8.481613285883748,"NOTÍCIAS-occurances":419,"NOTÍCIAS-percentage":6.2129300118623965,"DECORAÇÃO-occurances":375,"DECORAÇÃO-percentage":5.56049822064057,"MODA-occurances":287,"MODA-percentage":4.2556346381969155,"ESPORTE-occurances":228,"ESPORTE-percentage":3.380782918149466,"LINKEDIN-occurances":128,"LINKEDIN-percentage":1.8979833926453145,"POP/ARTE-occurances":127,"POP/ARTE-percentage":1.8831553973902728,"ESOTERISMO-occurances":115,"ESOTERISMO-percentage":1.7052194543297745,"YOUTUBE-occurances":82,"YOUTUBE-percentage":1.2158956109134045,"TV E CELEBRIDADES-occurances":81,"TV E CELEBRIDADES-percentage":1.201067615658363,"SÉRIES E FILMES-occurances":69,"SÉRIES E FILMES-percentage":1.0231316725978647,"ALIMENTAÇÃO E SAÚDE-occurances":63,"ALIMENTAÇÃO E SAÚDE-percentage":0.9341637010676157,"POLÍTICA-occurances":43,"POLÍTICA-percentage":0.6376037959667853,"EDUCAÇÃO-occurances":38,"EDUCAÇÃO-percentage":0.5634638196915777,"CARROS-occurances":35,"CARROS-percentage":0.5189798339264532,"VIAGENS-occurances":31,"VIAGENS-percentage":0.4596678529062871,"CIÊNCIA-occurances":20,"CIÊNCIA-percentage":0.29655990510083036,"SEXO-occurances":19,"SEXO-percentage":0.28173190984578883,"ECONOMIA-occurances":17,"ECONOMIA-percentage":0.25207591933570583,"HUMOR-occurances":16,"HUMOR-percentage":0.2372479240806643,"INTERNACIONAL-occurances":14,"INTERNACIONAL-percentage":0.20759193357058126,"JOGOS-occurances":9,"JOGOS-percentage":0.13345195729537365,"NATUREZA-occurances":7,"NATUREZA-percentage":0.10379596678529063,"TWITTER-occurances":7,"TWITTER-percentage":0.10379596678529063,"INSTAGRAM-occurances":6,"INSTAGRAM-percentage":0.08896797153024912,"FITNESS-occurances":4,"FITNESS-percentage":0.05931198102016608}