{"totalHistoryAmount":2955,"TECNOLOGIA-occurances":1074,"TECNOLOGIA-percentage":36.34517766497462,"DECORAÇÃO-occurances":401,"DECORAÇÃO-percentage":13.570219966159053,"FACEBOOK-occurances":146,"FACEBOOK-percentage":4.94077834179357,"ESPORTE-occurances":91,"ESPORTE-percentage":3.0795262267343486,"POP/ARTE-occurances":41,"POP/ARTE-percentage":1.3874788494077834,"NOTÍCIAS-occurances":33,"NOTÍCIAS-percentage":1.116751269035533,"ALIMENTAÇÃO E SAÚDE-occurances":31,"ALIMENTAÇÃO E SAÚDE-percentage":1.0490693739424704,"SÉRIES E FILMES-occurances":27,"SÉRIES E FILMES-percentage":0.9137055837563451,"MODA-occurances":25,"MODA-percentage":0.8460236886632826,"JOGOS-occurances":21,"JOGOS-percentage":0.7106598984771574,"YOUTUBE-occurances":18,"YOUTUBE-percentage":0.6091370558375635,"TWITTER-occurances":16,"TWITTER-percentage":0.5414551607445008,"FITNESS-occurances":11,"FITNESS-percentage":0.37225042301184436,"ECONOMIA-occurances":10,"ECONOMIA-percentage":0.338409475465313,"CARROS-occurances":8,"CARROS-percentage":0.2707275803722504,"INSTAGRAM-occurances":8,"INSTAGRAM-percentage":0.2707275803722504,"INTERNACIONAL-occurances":6,"INTERNACIONAL-percentage":0.20304568527918782,"VIAGENS-occurances":6,"VIAGENS-percentage":0.20304568527918782,"EDUCAÇÃO-occurances":5,"EDUCAÇÃO-percentage":0.1692047377326565,"ESOTERISMO-occurances":4,"ESOTERISMO-percentage":0.1353637901861252,"NATUREZA-occurances":4,"NATUREZA-percentage":0.1353637901861252,"SEXO-occurances":4,"SEXO-percentage":0.1353637901861252,"TV E CELEBRIDADES-occurances":4,"TV E CELEBRIDADES-percentage":0.1353637901861252,"HUMOR-occurances":3,"HUMOR-percentage":0.10152284263959391,"CIÊNCIA-occurances":2,"CIÊNCIA-percentage":0.0676818950930626,"POLÍTICA-occurances":1,"POLÍTICA-percentage":0.0338409475465313,"LINKEDIN-occurances":0,"LINKEDIN-percentage":0}