{"totalHistoryAmount":10654,"TECNOLOGIA-occurances":3509,"TECNOLOGIA-percentage":32.93598648394969,"TWITTER-occurances":1162,"TWITTER-percentage":10.90670170827858,"YOUTUBE-occurances":234,"YOUTUBE-percentage":2.196358175333208,"SÉRIES E FILMES-occurances":212,"SÉRIES E FILMES-percentage":1.9898629622676929,"JOGOS-occurances":181,"JOGOS-percentage":1.698892434766285,"ESPORTE-occurances":120,"ESPORTE-percentage":1.1263375258119017,"POP/ARTE-occurances":111,"POP/ARTE-percentage":1.041862211376009,"CARROS-occurances":59,"CARROS-percentage":0.5537826168575183,"NOTÍCIAS-occurances":55,"NOTÍCIAS-percentage":0.5162380326637882,"FACEBOOK-occurances":53,"FACEBOOK-percentage":0.4974657405669232,"TV E CELEBRIDADES-occurances":51,"TV E CELEBRIDADES-percentage":0.4786934484700582,"FITNESS-occurances":44,"FITNESS-percentage":0.4129904261310306,"ESOTERISMO-occurances":42,"ESOTERISMO-percentage":0.39421813403416556,"LINKEDIN-occurances":25,"LINKEDIN-percentage":0.23465365121081283,"ECONOMIA-occurances":24,"ECONOMIA-percentage":0.22526750516238034,"INSTAGRAM-occurances":23,"INSTAGRAM-percentage":0.21588135911394782,"MODA-occurances":14,"MODA-percentage":0.1314060446780552,"VIAGENS-occurances":12,"VIAGENS-percentage":0.11263375258119017,"DECORAÇÃO-occurances":11,"DECORAÇÃO-percentage":0.10324760653275765,"EDUCAÇÃO-occurances":11,"EDUCAÇÃO-percentage":0.10324760653275765,"CIÊNCIA-occurances":5,"CIÊNCIA-percentage":0.046930730242162565,"NATUREZA-occurances":4,"NATUREZA-percentage":0.03754458419373005,"SEXO-occurances":4,"SEXO-percentage":0.03754458419373005,"HUMOR-occurances":3,"HUMOR-percentage":0.028158438145297542,"INTERNACIONAL-occurances":2,"INTERNACIONAL-percentage":0.018772292096865026,"ALIMENTAÇÃO E SAÚDE-occurances":1,"ALIMENTAÇÃO E SAÚDE-percentage":0.009386146048432513,"POLÍTICA-occurances":1,"POLÍTICA-percentage":0.009386146048432513}