{"totalHistoryAmount":5181,"TECNOLOGIA-occurances":1541,"TECNOLOGIA-percentage":29.743292800617642,"YOUTUBE-occurances":602,"YOUTUBE-percentage":11.61937849835939,"SÉRIES E FILMES-occurances":407,"SÉRIES E FILMES-percentage":7.855626326963907,"DECORAÇÃO-occurances":361,"DECORAÇÃO-percentage":6.967766840378306,"FACEBOOK-occurances":123,"FACEBOOK-percentage":2.3740590619571513,"NOTÍCIAS-occurances":103,"NOTÍCIAS-percentage":1.988033198224281,"POP/ARTE-occurances":82,"POP/ARTE-percentage":1.5827060413047673,"CARROS-occurances":58,"CARROS-percentage":1.1194750048253232,"ALIMENTAÇÃO E SAÚDE-occurances":47,"ALIMENTAÇÃO E SAÚDE-percentage":0.9071607797722447,"TV E CELEBRIDADES-occurances":43,"TV E CELEBRIDADES-percentage":0.8299556070256707,"ESPORTE-occurances":40,"ESPORTE-percentage":0.7720517274657402,"SEXO-occurances":23,"SEXO-percentage":0.4439297432928006,"MODA-occurances":20,"MODA-percentage":0.3860258637328701,"INTERNACIONAL-occurances":14,"INTERNACIONAL-percentage":0.27021810461300905,"VIAGENS-occurances":10,"VIAGENS-percentage":0.19301293186643506,"JOGOS-occurances":8,"JOGOS-percentage":0.15441034549314805,"EDUCAÇÃO-occurances":7,"EDUCAÇÃO-percentage":0.13510905230650452,"ESOTERISMO-occurances":7,"ESOTERISMO-percentage":0.13510905230650452,"CIÊNCIA-occurances":6,"CIÊNCIA-percentage":0.11580775911986103,"FITNESS-occurances":6,"FITNESS-percentage":0.11580775911986103,"INSTAGRAM-occurances":6,"INSTAGRAM-percentage":0.11580775911986103,"LINKEDIN-occurances":6,"LINKEDIN-percentage":0.11580775911986103,"HUMOR-occurances":5,"HUMOR-percentage":0.09650646593321753,"NATUREZA-occurances":3,"NATUREZA-percentage":0.05790387955993052,"ECONOMIA-occurances":1,"ECONOMIA-percentage":0.019301293186643507,"POLÍTICA-occurances":1,"POLÍTICA-percentage":0.019301293186643507,"TWITTER-occurances":1,"TWITTER-percentage":0.019301293186643507}