{"totalHistoryAmount":5428,"TECNOLOGIA-occurances":1531,"TECNOLOGIA-percentage":28.20560058953574,"YOUTUBE-occurances":526,"YOUTUBE-percentage":9.690493736182756,"SÉRIES E FILMES-occurances":373,"SÉRIES E FILMES-percentage":6.87177597641857,"DECORAÇÃO-occurances":277,"DECORAÇÃO-percentage":5.103168754605748,"NOTÍCIAS-occurances":274,"NOTÍCIAS-percentage":5.047899778924097,"FACEBOOK-occurances":160,"FACEBOOK-percentage":2.9476787030213707,"POP/ARTE-occurances":101,"POP/ARTE-percentage":1.8607221812822403,"TV E CELEBRIDADES-occurances":69,"TV E CELEBRIDADES-percentage":1.271186440677966,"ESPORTE-occurances":64,"ESPORTE-percentage":1.1790714812085483,"CARROS-occurances":60,"CARROS-percentage":1.105379513633014,"ALIMENTAÇÃO E SAÚDE-occurances":43,"ALIMENTAÇÃO E SAÚDE-percentage":0.7921886514369934,"JOGOS-occurances":36,"JOGOS-percentage":0.6632277081798084,"SEXO-occurances":24,"SEXO-percentage":0.4421518054532056,"MODA-occurances":19,"MODA-percentage":0.35003684598378776,"INTERNACIONAL-occurances":18,"INTERNACIONAL-percentage":0.3316138540899042,"EDUCAÇÃO-occurances":12,"EDUCAÇÃO-percentage":0.2210759027266028,"VIAGENS-occurances":10,"VIAGENS-percentage":0.18422991893883567,"HUMOR-occurances":9,"HUMOR-percentage":0.1658069270449521,"CIÊNCIA-occurances":8,"CIÊNCIA-percentage":0.14738393515106854,"ESOTERISMO-occurances":6,"ESOTERISMO-percentage":0.1105379513633014,"LINKEDIN-occurances":6,"LINKEDIN-percentage":0.1105379513633014,"INSTAGRAM-occurances":5,"INSTAGRAM-percentage":0.09211495946941783,"FITNESS-occurances":4,"FITNESS-percentage":0.07369196757553427,"NATUREZA-occurances":4,"NATUREZA-percentage":0.07369196757553427,"ECONOMIA-occurances":3,"ECONOMIA-percentage":0.0552689756816507,"TWITTER-occurances":1,"TWITTER-percentage":0.018422991893883568,"POLÍTICA-occurances":0,"POLÍTICA-percentage":0}