{"totalHistoryAmount":9236,"TECNOLOGIA-occurances":4267,"TECNOLOGIA-percentage":46.19965352966652,"ESPORTE-occurances":1507,"ESPORTE-percentage":16.316587267215244,"FACEBOOK-occurances":1121,"FACEBOOK-percentage":12.137288869640537,"SEXO-occurances":693,"SEXO-percentage":7.503248159376353,"INSTAGRAM-occurances":174,"INSTAGRAM-percentage":1.8839324382849718,"CARROS-occurances":138,"CARROS-percentage":1.494153313122564,"YOUTUBE-occurances":62,"YOUTUBE-percentage":0.671286271113036,"DECORAÇÃO-occurances":61,"DECORAÇÃO-percentage":0.6604590731918579,"NOTÍCIAS-occurances":47,"NOTÍCIAS-percentage":0.508878302295366,"EDUCAÇÃO-occurances":39,"EDUCAÇÃO-percentage":0.42226071892594197,"MODA-occurances":24,"MODA-percentage":0.25985275010827197,"LINKEDIN-occurances":17,"LINKEDIN-percentage":0.18406236466002598,"POP/ARTE-occurances":17,"POP/ARTE-percentage":0.18406236466002598,"ESOTERISMO-occurances":14,"ESOTERISMO-percentage":0.151580770896492,"CIÊNCIA-occurances":11,"CIÊNCIA-percentage":0.11909917713295799,"ECONOMIA-occurances":11,"ECONOMIA-percentage":0.11909917713295799,"TWITTER-occurances":10,"TWITTER-percentage":0.10827197921177999,"SÉRIES E FILMES-occurances":8,"SÉRIES E FILMES-percentage":0.08661758336942399,"JOGOS-occurances":7,"JOGOS-percentage":0.075790385448246,"TV E CELEBRIDADES-occurances":6,"TV E CELEBRIDADES-percentage":0.06496318752706799,"VIAGENS-occurances":3,"VIAGENS-percentage":0.032481593763533996,"FITNESS-occurances":2,"FITNESS-percentage":0.021654395842355997,"ALIMENTAÇÃO E SAÚDE-occurances":1,"ALIMENTAÇÃO E SAÚDE-percentage":0.010827197921177999,"INTERNACIONAL-occurances":1,"INTERNACIONAL-percentage":0.010827197921177999,"POLÍTICA-occurances":1,"POLÍTICA-percentage":0.010827197921177999,"HUMOR-occurances":0,"HUMOR-percentage":0,"NATUREZA-occurances":0,"NATUREZA-percentage":0}