{"totalHistoryAmount":6508,"TECNOLOGIA-occurances":1818,"TECNOLOGIA-percentage":27.93484941610326,"NOTÍCIAS-occurances":431,"NOTÍCIAS-percentage":6.622618315918869,"YOUTUBE-occurances":405,"YOUTUBE-percentage":6.223110018438844,"DECORAÇÃO-occurances":386,"DECORAÇÃO-percentage":5.931161647203442,"SÉRIES E FILMES-occurances":255,"SÉRIES E FILMES-percentage":3.918254456054087,"FACEBOOK-occurances":179,"FACEBOOK-percentage":2.750460971112477,"ESPORTE-occurances":125,"ESPORTE-percentage":1.9207129686539643,"POP/ARTE-occurances":119,"POP/ARTE-percentage":1.8285187461585741,"TV E CELEBRIDADES-occurances":77,"TV E CELEBRIDADES-percentage":1.1831591886908421,"MODA-occurances":66,"MODA-percentage":1.014136447449293,"ALIMENTAÇÃO E SAÚDE-occurances":58,"ALIMENTAÇÃO E SAÚDE-percentage":0.8912108174554395,"CARROS-occurances":56,"CARROS-percentage":0.860479409956976,"JOGOS-occurances":40,"JOGOS-percentage":0.6146281499692686,"VIAGENS-occurances":37,"VIAGENS-percentage":0.5685310387215734,"SEXO-occurances":28,"SEXO-percentage":0.430239704978488,"EDUCAÇÃO-occurances":24,"EDUCAÇÃO-percentage":0.36877688998156116,"INTERNACIONAL-occurances":19,"INTERNACIONAL-percentage":0.29194837123540257,"CIÊNCIA-occurances":11,"CIÊNCIA-percentage":0.16902274124154887,"HUMOR-occurances":10,"HUMOR-percentage":0.15365703749231716,"LINKEDIN-occurances":10,"LINKEDIN-percentage":0.15365703749231716,"ECONOMIA-occurances":8,"ECONOMIA-percentage":0.12292562999385372,"ESOTERISMO-occurances":8,"ESOTERISMO-percentage":0.12292562999385372,"FITNESS-occurances":8,"FITNESS-percentage":0.12292562999385372,"NATUREZA-occurances":5,"NATUREZA-percentage":0.07682851874615858,"TWITTER-occurances":3,"TWITTER-percentage":0.046097111247695145,"POLÍTICA-occurances":1,"POLÍTICA-percentage":0.015365703749231715,"INSTAGRAM-occurances":0,"INSTAGRAM-percentage":0}