{"totalHistoryAmount":2630,"TECNOLOGIA-occurances":1034,"TECNOLOGIA-percentage":39.31558935361217,"DECORAÇÃO-occurances":315,"DECORAÇÃO-percentage":11.977186311787072,"FACEBOOK-occurances":99,"FACEBOOK-percentage":3.76425855513308,"ESPORTE-occurances":64,"ESPORTE-percentage":2.4334600760456273,"POP/ARTE-occurances":37,"POP/ARTE-percentage":1.4068441064638784,"NOTÍCIAS-occurances":34,"NOTÍCIAS-percentage":1.2927756653992395,"ALIMENTAÇÃO E SAÚDE-occurances":31,"ALIMENTAÇÃO E SAÚDE-percentage":1.1787072243346008,"SÉRIES E FILMES-occurances":31,"SÉRIES E FILMES-percentage":1.1787072243346008,"MODA-occurances":25,"MODA-percentage":0.9505703422053232,"YOUTUBE-occurances":17,"YOUTUBE-percentage":0.6463878326996197,"ECONOMIA-occurances":10,"ECONOMIA-percentage":0.38022813688212925,"FITNESS-occurances":10,"FITNESS-percentage":0.38022813688212925,"JOGOS-occurances":9,"JOGOS-percentage":0.34220532319391633,"INSTAGRAM-occurances":8,"INSTAGRAM-percentage":0.3041825095057034,"INTERNACIONAL-occurances":6,"INTERNACIONAL-percentage":0.22813688212927757,"VIAGENS-occurances":6,"VIAGENS-percentage":0.22813688212927757,"CARROS-occurances":5,"CARROS-percentage":0.19011406844106463,"EDUCAÇÃO-occurances":5,"EDUCAÇÃO-percentage":0.19011406844106463,"ESOTERISMO-occurances":4,"ESOTERISMO-percentage":0.1520912547528517,"NATUREZA-occurances":4,"NATUREZA-percentage":0.1520912547528517,"SEXO-occurances":4,"SEXO-percentage":0.1520912547528517,"TV E CELEBRIDADES-occurances":4,"TV E CELEBRIDADES-percentage":0.1520912547528517,"HUMOR-occurances":3,"HUMOR-percentage":0.11406844106463879,"CIÊNCIA-occurances":1,"CIÊNCIA-percentage":0.03802281368821293,"POLÍTICA-occurances":1,"POLÍTICA-percentage":0.03802281368821293,"TWITTER-occurances":1,"TWITTER-percentage":0.03802281368821293,"LINKEDIN-occurances":0,"LINKEDIN-percentage":0}