{"totalHistoryAmount":4002,"TECNOLOGIA-occurances":2059,"TECNOLOGIA-percentage":51.44927536231884,"YOUTUBE-occurances":277,"YOUTUBE-percentage":6.921539230384807,"FACEBOOK-occurances":206,"FACEBOOK-percentage":5.147426286856572,"ESPORTE-occurances":184,"ESPORTE-percentage":4.597701149425287,"POP/ARTE-occurances":59,"POP/ARTE-percentage":1.474262868565717,"FITNESS-occurances":57,"FITNESS-percentage":1.424287856071964,"ECONOMIA-occurances":36,"ECONOMIA-percentage":0.8995502248875562,"INSTAGRAM-occurances":33,"INSTAGRAM-percentage":0.8245877061469266,"NOTÍCIAS-occurances":26,"NOTÍCIAS-percentage":0.6496751624187906,"MODA-occurances":24,"MODA-percentage":0.5997001499250375,"TV E CELEBRIDADES-occurances":20,"TV E CELEBRIDADES-percentage":0.49975012493753124,"POLÍTICA-occurances":18,"POLÍTICA-percentage":0.4497751124437781,"ESOTERISMO-occurances":17,"ESOTERISMO-percentage":0.42478760619690153,"SÉRIES E FILMES-occurances":16,"SÉRIES E FILMES-percentage":0.39980009995002497,"EDUCAÇÃO-occurances":13,"EDUCAÇÃO-percentage":0.3248375812093953,"JOGOS-occurances":13,"JOGOS-percentage":0.3248375812093953,"VIAGENS-occurances":12,"VIAGENS-percentage":0.29985007496251875,"INTERNACIONAL-occurances":10,"INTERNACIONAL-percentage":0.24987506246876562,"CARROS-occurances":8,"CARROS-percentage":0.19990004997501248,"LINKEDIN-occurances":7,"LINKEDIN-percentage":0.17491254372813594,"DECORAÇÃO-occurances":6,"DECORAÇÃO-percentage":0.14992503748125938,"HUMOR-occurances":6,"HUMOR-percentage":0.14992503748125938,"SEXO-occurances":5,"SEXO-percentage":0.12493753123438281,"TWITTER-occurances":3,"TWITTER-percentage":0.07496251874062969,"NATUREZA-occurances":1,"NATUREZA-percentage":0.02498750624687656,"ALIMENTAÇÃO E SAÚDE-occurances":0,"ALIMENTAÇÃO E SAÚDE-percentage":0,"CIÊNCIA-occurances":0,"CIÊNCIA-percentage":0}