{"totalHistoryAmount":5199,"TECNOLOGIA-occurances":1557,"TECNOLOGIA-percentage":29.94806693594922,"YOUTUBE-occurances":602,"YOUTUBE-percentage":11.579149836507021,"SÉRIES E FILMES-occurances":407,"SÉRIES E FILMES-percentage":7.82842854395076,"DECORAÇÃO-occurances":361,"DECORAÇÃO-percentage":6.943643008270821,"FACEBOOK-occurances":123,"FACEBOOK-percentage":2.3658395845354874,"NOTÍCIAS-occurances":103,"NOTÍCIAS-percentage":1.9811502211963838,"POP/ARTE-occurances":82,"POP/ARTE-percentage":1.5772263896903251,"CARROS-occurances":58,"CARROS-percentage":1.1155991536834007,"ALIMENTAÇÃO E SAÚDE-occurances":47,"ALIMENTAÇÃO E SAÚDE-percentage":0.9040200038468936,"TV E CELEBRIDADES-occurances":43,"TV E CELEBRIDADES-percentage":0.8270821311790729,"ESPORTE-occurances":41,"ESPORTE-percentage":0.7886131948451626,"SEXO-occurances":23,"SEXO-percentage":0.4423927678399692,"MODA-occurances":20,"MODA-percentage":0.3846893633391037,"INTERNACIONAL-occurances":14,"INTERNACIONAL-percentage":0.2692825543373726,"VIAGENS-occurances":10,"VIAGENS-percentage":0.19234468166955185,"JOGOS-occurances":8,"JOGOS-percentage":0.15387574533564147,"EDUCAÇÃO-occurances":7,"EDUCAÇÃO-percentage":0.1346412771686863,"ESOTERISMO-occurances":7,"ESOTERISMO-percentage":0.1346412771686863,"CIÊNCIA-occurances":6,"CIÊNCIA-percentage":0.1154068090017311,"FITNESS-occurances":6,"FITNESS-percentage":0.1154068090017311,"INSTAGRAM-occurances":6,"INSTAGRAM-percentage":0.1154068090017311,"LINKEDIN-occurances":6,"LINKEDIN-percentage":0.1154068090017311,"HUMOR-occurances":5,"HUMOR-percentage":0.09617234083477592,"NATUREZA-occurances":3,"NATUREZA-percentage":0.05770340450086555,"ECONOMIA-occurances":1,"ECONOMIA-percentage":0.019234468166955183,"POLÍTICA-occurances":1,"POLÍTICA-percentage":0.019234468166955183,"TWITTER-occurances":1,"TWITTER-percentage":0.019234468166955183}