{"totalHistoryAmount":6307,"TECNOLOGIA-occurances":1507,"TECNOLOGIA-percentage":23.8940859362613,"FACEBOOK-occurances":618,"FACEBOOK-percentage":9.798636435706358,"DECORAÇÃO-occurances":391,"DECORAÇÃO-percentage":6.199460916442049,"NOTÍCIAS-occurances":360,"NOTÍCIAS-percentage":5.707943554780403,"MODA-occurances":242,"MODA-percentage":3.837006500713493,"ESPORTE-occurances":229,"ESPORTE-percentage":3.630886316790867,"LINKEDIN-occurances":127,"LINKEDIN-percentage":2.01363564293642,"ESOTERISMO-occurances":126,"ESOTERISMO-percentage":1.997780244173141,"POP/ARTE-occurances":104,"POP/ARTE-percentage":1.6489614713810052,"YOUTUBE-occurances":89,"YOUTUBE-percentage":1.4111304899318218,"TV E CELEBRIDADES-occurances":86,"TV E CELEBRIDADES-percentage":1.3635642936419852,"SÉRIES E FILMES-occurances":77,"SÉRIES E FILMES-percentage":1.2208657047724751,"POLÍTICA-occurances":49,"POLÍTICA-percentage":0.7769145394006659,"ALIMENTAÇÃO E SAÚDE-occurances":47,"ALIMENTAÇÃO E SAÚDE-percentage":0.7452037418741081,"EDUCAÇÃO-occurances":38,"EDUCAÇÃO-percentage":0.6025051530045981,"CARROS-occurances":36,"CARROS-percentage":0.5707943554780402,"ECONOMIA-occurances":21,"ECONOMIA-percentage":0.33296337402885684,"CIÊNCIA-occurances":19,"CIÊNCIA-percentage":0.30125257650229903,"SEXO-occurances":17,"SEXO-percentage":0.2695417789757412,"HUMOR-occurances":15,"HUMOR-percentage":0.23783098144918344,"INTERNACIONAL-occurances":13,"INTERNACIONAL-percentage":0.20612018392262565,"JOGOS-occurances":12,"JOGOS-percentage":0.19026478515934675,"TWITTER-occurances":10,"TWITTER-percentage":0.15855398763278897,"FITNESS-occurances":9,"FITNESS-percentage":0.14269858886951006,"NATUREZA-occurances":7,"NATUREZA-percentage":0.11098779134295228,"INSTAGRAM-occurances":6,"INSTAGRAM-percentage":0.09513239257967337,"VIAGENS-occurances":4,"VIAGENS-percentage":0.06342159505311559}