{"totalHistoryAmount":6384,"TECNOLOGIA-occurances":1556,"TECNOLOGIA-percentage":24.3734335839599,"FACEBOOK-occurances":638,"FACEBOOK-percentage":9.9937343358396,"DECORAÇÃO-occurances":395,"DECORAÇÃO-percentage":6.18734335839599,"NOTÍCIAS-occurances":358,"NOTÍCIAS-percentage":5.6077694235588975,"MODA-occurances":244,"MODA-percentage":3.8220551378446115,"ESPORTE-occurances":230,"ESPORTE-percentage":3.6027568922305764,"ESOTERISMO-occurances":132,"ESOTERISMO-percentage":2.0676691729323307,"LINKEDIN-occurances":130,"LINKEDIN-percentage":2.036340852130326,"POP/ARTE-occurances":107,"POP/ARTE-percentage":1.6760651629072683,"TV E CELEBRIDADES-occurances":94,"TV E CELEBRIDADES-percentage":1.4724310776942355,"SÉRIES E FILMES-occurances":74,"SÉRIES E FILMES-percentage":1.1591478696741855,"YOUTUBE-occurances":72,"YOUTUBE-percentage":1.1278195488721805,"POLÍTICA-occurances":52,"POLÍTICA-percentage":0.8145363408521303,"ALIMENTAÇÃO E SAÚDE-occurances":48,"ALIMENTAÇÃO E SAÚDE-percentage":0.7518796992481203,"CARROS-occurances":35,"CARROS-percentage":0.5482456140350878,"EDUCAÇÃO-occurances":29,"EDUCAÇÃO-percentage":0.4542606516290727,"ECONOMIA-occurances":23,"ECONOMIA-percentage":0.36027568922305764,"CIÊNCIA-occurances":20,"CIÊNCIA-percentage":0.3132832080200501,"NATUREZA-occurances":18,"NATUREZA-percentage":0.2819548872180451,"SEXO-occurances":16,"SEXO-percentage":0.2506265664160401,"HUMOR-occurances":15,"HUMOR-percentage":0.2349624060150376,"INTERNACIONAL-occurances":13,"INTERNACIONAL-percentage":0.20363408521303258,"JOGOS-occurances":12,"JOGOS-percentage":0.18796992481203006,"TWITTER-occurances":11,"TWITTER-percentage":0.17230576441102757,"FITNESS-occurances":9,"FITNESS-percentage":0.14097744360902256,"INSTAGRAM-occurances":6,"INSTAGRAM-percentage":0.09398496240601503,"VIAGENS-occurances":4,"VIAGENS-percentage":0.06265664160401002}