{"totalHistoryAmount":6523,"TECNOLOGIA-occurances":1876,"TECNOLOGIA-percentage":28.759773110531963,"YOUTUBE-occurances":436,"YOUTUBE-percentage":6.684041085390158,"NOTÍCIAS-occurances":411,"NOTÍCIAS-percentage":6.300781848842557,"DECORAÇÃO-occurances":367,"DECORAÇÃO-percentage":5.62624559251878,"SÉRIES E FILMES-occurances":296,"SÉRIES E FILMES-percentage":4.537789360723593,"FACEBOOK-occurances":190,"FACEBOOK-percentage":2.912770197761766,"POP/ARTE-occurances":130,"POP/ARTE-percentage":1.9929480300475242,"ESPORTE-occurances":81,"ESPORTE-percentage":1.2417599264142265,"TV E CELEBRIDADES-occurances":72,"TV E CELEBRIDADES-percentage":1.1037866012570903,"MODA-occurances":65,"MODA-percentage":0.9964740150237621,"CARROS-occurances":63,"CARROS-percentage":0.965813276099954,"ALIMENTAÇÃO E SAÚDE-occurances":57,"ALIMENTAÇÃO E SAÚDE-percentage":0.8738310593285298,"JOGOS-occurances":39,"JOGOS-percentage":0.5978844090142572,"VIAGENS-occurances":36,"VIAGENS-percentage":0.5518933006285451,"SEXO-occurances":27,"SEXO-percentage":0.41391997547140885,"INTERNACIONAL-occurances":19,"INTERNACIONAL-percentage":0.2912770197761766,"EDUCAÇÃO-occurances":13,"EDUCAÇÃO-percentage":0.1992948030047524,"CIÊNCIA-occurances":11,"CIÊNCIA-percentage":0.16863406408094436,"HUMOR-occurances":10,"HUMOR-percentage":0.1533036946190403,"LINKEDIN-occurances":10,"LINKEDIN-percentage":0.1533036946190403,"ECONOMIA-occurances":7,"ECONOMIA-percentage":0.10731258623332822,"FITNESS-occurances":7,"FITNESS-percentage":0.10731258623332822,"ESOTERISMO-occurances":6,"ESOTERISMO-percentage":0.0919822167714242,"NATUREZA-occurances":4,"NATUREZA-percentage":0.06132147784761613,"POLÍTICA-occurances":1,"POLÍTICA-percentage":0.015330369461904032,"TWITTER-occurances":1,"TWITTER-percentage":0.015330369461904032,"INSTAGRAM-occurances":0,"INSTAGRAM-percentage":0}