{"totalHistoryAmount":6697,"TECNOLOGIA-occurances":1668,"TECNOLOGIA-percentage":24.906674630431535,"FACEBOOK-occurances":725,"FACEBOOK-percentage":10.825742869941765,"NOTÍCIAS-occurances":400,"NOTÍCIAS-percentage":5.972823652381663,"DECORAÇÃO-occurances":359,"DECORAÇÃO-percentage":5.360609228012543,"MODA-occurances":253,"MODA-percentage":3.777810960131402,"ESPORTE-occurances":221,"ESPORTE-percentage":3.299985067940869,"ESOTERISMO-occurances":168,"ESOTERISMO-percentage":2.5085859340002985,"LINKEDIN-occurances":137,"LINKEDIN-percentage":2.0456921009407196,"TV E CELEBRIDADES-occurances":108,"TV E CELEBRIDADES-percentage":1.6126623861430491,"YOUTUBE-occurances":102,"YOUTUBE-percentage":1.5230700313573242,"POP/ARTE-occurances":87,"POP/ARTE-percentage":1.2990891443930117,"SÉRIES E FILMES-occurances":68,"SÉRIES E FILMES-percentage":1.0153800209048829,"ALIMENTAÇÃO E SAÚDE-occurances":65,"ALIMENTAÇÃO E SAÚDE-percentage":0.9705838435120203,"POLÍTICA-occurances":57,"POLÍTICA-percentage":0.851127370464387,"CARROS-occurances":41,"CARROS-percentage":0.6122144243691205,"EDUCAÇÃO-occurances":32,"EDUCAÇÃO-percentage":0.47782589219053306,"ECONOMIA-occurances":25,"ECONOMIA-percentage":0.37330147827385396,"JOGOS-occurances":25,"JOGOS-percentage":0.37330147827385396,"CIÊNCIA-occurances":24,"CIÊNCIA-percentage":0.3583694191428998,"NATUREZA-occurances":18,"NATUREZA-percentage":0.26877706435717486,"SEXO-occurances":15,"SEXO-percentage":0.22398088696431237,"INTERNACIONAL-occurances":14,"INTERNACIONAL-percentage":0.2090488278333582,"HUMOR-occurances":13,"HUMOR-percentage":0.19411676870240407,"TWITTER-occurances":10,"TWITTER-percentage":0.1493205913095416,"FITNESS-occurances":9,"FITNESS-percentage":0.13438853217858743,"INSTAGRAM-occurances":8,"INSTAGRAM-percentage":0.11945647304763327,"VIAGENS-occurances":6,"VIAGENS-percentage":0.08959235478572496}