{"totalHistoryAmount":6531,"TECNOLOGIA-occurances":1825,"TECNOLOGIA-percentage":27.943653345582607,"NOTÍCIAS-occurances":433,"NOTÍCIAS-percentage":6.629918848568367,"YOUTUBE-occurances":403,"YOUTUBE-percentage":6.170571122339611,"DECORAÇÃO-occurances":367,"DECORAÇÃO-percentage":5.619353850865105,"SÉRIES E FILMES-occurances":241,"SÉRIES E FILMES-percentage":3.6900934007043333,"FACEBOOK-occurances":216,"FACEBOOK-percentage":3.307303628847037,"ESPORTE-occurances":131,"ESPORTE-percentage":2.005818404532231,"POP/ARTE-occurances":116,"POP/ARTE-percentage":1.7761445414178534,"MODA-occurances":66,"MODA-percentage":1.0105649977032614,"TV E CELEBRIDADES-occurances":60,"TV E CELEBRIDADES-percentage":0.9186954524575104,"ALIMENTAÇÃO E SAÚDE-occurances":57,"ALIMENTAÇÃO E SAÚDE-percentage":0.8727606798346348,"CARROS-occurances":55,"CARROS-percentage":0.8421374980860511,"JOGOS-occurances":36,"JOGOS-percentage":0.5512172714745062,"VIAGENS-occurances":36,"VIAGENS-percentage":0.5512172714745062,"SEXO-occurances":26,"SEXO-percentage":0.3981013627315878,"EDUCAÇÃO-occurances":24,"EDUCAÇÃO-percentage":0.3674781809830041,"INTERNACIONAL-occurances":19,"INTERNACIONAL-percentage":0.29092022661154493,"CIÊNCIA-occurances":12,"CIÊNCIA-percentage":0.18373909049150206,"HUMOR-occurances":11,"HUMOR-percentage":0.16842749961721024,"LINKEDIN-occurances":10,"LINKEDIN-percentage":0.1531159087429184,"ECONOMIA-occurances":8,"ECONOMIA-percentage":0.12249272699433471,"ESOTERISMO-occurances":8,"ESOTERISMO-percentage":0.12249272699433471,"FITNESS-occurances":8,"FITNESS-percentage":0.12249272699433471,"NATUREZA-occurances":5,"NATUREZA-percentage":0.0765579543714592,"INSTAGRAM-occurances":3,"INSTAGRAM-percentage":0.045934772622875514,"TWITTER-occurances":3,"TWITTER-percentage":0.045934772622875514,"POLÍTICA-occurances":1,"POLÍTICA-percentage":0.015311590874291839}