{"totalHistoryAmount":9111,"TECNOLOGIA-occurances":4205,"TECNOLOGIA-percentage":46.15300186587641,"ESPORTE-occurances":1501,"ESPORTE-percentage":16.47459115355065,"FACEBOOK-occurances":1093,"FACEBOOK-percentage":11.996487762045879,"SEXO-occurances":693,"SEXO-percentage":7.606190319394139,"INSTAGRAM-occurances":174,"INSTAGRAM-percentage":1.9097793875535067,"CARROS-occurances":132,"CARROS-percentage":1.448798156075074,"YOUTUBE-occurances":62,"YOUTUBE-percentage":0.6804961036110196,"DECORAÇÃO-occurances":61,"DECORAÇÃO-percentage":0.6695203600043903,"NOTÍCIAS-occurances":46,"NOTÍCIAS-percentage":0.5048842059049501,"EDUCAÇÃO-occurances":37,"EDUCAÇÃO-percentage":0.4061025134452859,"MODA-occurances":24,"MODA-percentage":0.2634178465591044,"LINKEDIN-occurances":17,"LINKEDIN-percentage":0.18658764131269895,"ESOTERISMO-occurances":14,"ESOTERISMO-percentage":0.1536604104928109,"POP/ARTE-occurances":12,"POP/ARTE-percentage":0.1317089232795522,"CIÊNCIA-occurances":11,"CIÊNCIA-percentage":0.12073317967292284,"ECONOMIA-occurances":11,"ECONOMIA-percentage":0.12073317967292284,"TWITTER-occurances":10,"TWITTER-percentage":0.10975743606629348,"SÉRIES E FILMES-occurances":8,"SÉRIES E FILMES-percentage":0.08780594885303479,"TV E CELEBRIDADES-occurances":6,"TV E CELEBRIDADES-percentage":0.0658544616397761,"FITNESS-occurances":2,"FITNESS-percentage":0.021951487213258698,"JOGOS-occurances":2,"JOGOS-percentage":0.021951487213258698,"VIAGENS-occurances":2,"VIAGENS-percentage":0.021951487213258698,"ALIMENTAÇÃO E SAÚDE-occurances":1,"ALIMENTAÇÃO E SAÚDE-percentage":0.010975743606629349,"INTERNACIONAL-occurances":1,"INTERNACIONAL-percentage":0.010975743606629349,"POLÍTICA-occurances":1,"POLÍTICA-percentage":0.010975743606629349,"HUMOR-occurances":0,"HUMOR-percentage":0,"NATUREZA-occurances":0,"NATUREZA-percentage":0}