{"totalHistoryAmount":2634,"TECNOLOGIA-occurances":1034,"TECNOLOGIA-percentage":39.25588458618071,"DECORAÇÃO-occurances":315,"DECORAÇÃO-percentage":11.958997722095672,"FACEBOOK-occurances":99,"FACEBOOK-percentage":3.7585421412300684,"ESPORTE-occurances":64,"ESPORTE-percentage":2.4297646165527715,"POP/ARTE-occurances":37,"POP/ARTE-percentage":1.404707668944571,"NOTÍCIAS-occurances":34,"NOTÍCIAS-percentage":1.2908124525436597,"ALIMENTAÇÃO E SAÚDE-occurances":31,"ALIMENTAÇÃO E SAÚDE-percentage":1.1769172361427487,"SÉRIES E FILMES-occurances":31,"SÉRIES E FILMES-percentage":1.1769172361427487,"MODA-occurances":25,"MODA-percentage":0.9491268033409264,"YOUTUBE-occurances":17,"YOUTUBE-percentage":0.6454062262718299,"ECONOMIA-occurances":10,"ECONOMIA-percentage":0.37965072133637057,"FITNESS-occurances":10,"FITNESS-percentage":0.37965072133637057,"JOGOS-occurances":9,"JOGOS-percentage":0.3416856492027335,"INSTAGRAM-occurances":8,"INSTAGRAM-percentage":0.30372057706909644,"INTERNACIONAL-occurances":6,"INTERNACIONAL-percentage":0.22779043280182232,"VIAGENS-occurances":6,"VIAGENS-percentage":0.22779043280182232,"CARROS-occurances":5,"CARROS-percentage":0.18982536066818528,"EDUCAÇÃO-occurances":5,"EDUCAÇÃO-percentage":0.18982536066818528,"ESOTERISMO-occurances":4,"ESOTERISMO-percentage":0.15186028853454822,"NATUREZA-occurances":4,"NATUREZA-percentage":0.15186028853454822,"SEXO-occurances":4,"SEXO-percentage":0.15186028853454822,"TV E CELEBRIDADES-occurances":4,"TV E CELEBRIDADES-percentage":0.15186028853454822,"HUMOR-occurances":3,"HUMOR-percentage":0.11389521640091116,"CIÊNCIA-occurances":1,"CIÊNCIA-percentage":0.037965072133637055,"POLÍTICA-occurances":1,"POLÍTICA-percentage":0.037965072133637055,"TWITTER-occurances":1,"TWITTER-percentage":0.037965072133637055,"LINKEDIN-occurances":0,"LINKEDIN-percentage":0}