{"totalHistoryAmount":6961,"TECNOLOGIA-occurances":1822,"TECNOLOGIA-percentage":26.174400229852033,"NOTÍCIAS-occurances":485,"NOTÍCIAS-percentage":6.9673897428530385,"FACEBOOK-occurances":429,"FACEBOOK-percentage":6.162907628214337,"DECORAÇÃO-occurances":370,"DECORAÇÃO-percentage":5.315328257434277,"MODA-occurances":274,"MODA-percentage":3.936216060910789,"YOUTUBE-occurances":188,"YOUTUBE-percentage":2.7007613848584975,"ESPORTE-occurances":184,"ESPORTE-percentage":2.643298376670019,"POP/ARTE-occurances":127,"POP/ARTE-percentage":1.8244505099841977,"SÉRIES E FILMES-occurances":108,"SÉRIES E FILMES-percentage":1.551501221088924,"TV E CELEBRIDADES-occurances":59,"TV E CELEBRIDADES-percentage":0.8475793707800603,"ALIMENTAÇÃO E SAÚDE-occurances":58,"ALIMENTAÇÃO E SAÚDE-percentage":0.8332136187329406,"CARROS-occurances":51,"CARROS-percentage":0.732653354403103,"JOGOS-occurances":35,"JOGOS-percentage":0.5028013216491883,"VIAGENS-occurances":35,"VIAGENS-percentage":0.5028013216491883,"EDUCAÇÃO-occurances":33,"EDUCAÇÃO-percentage":0.474069817554949,"SEXO-occurances":32,"SEXO-percentage":0.45970406550782933,"INTERNACIONAL-occurances":22,"INTERNACIONAL-percentage":0.31604654503663265,"CIÊNCIA-occurances":21,"CIÊNCIA-percentage":0.301680792989513,"HUMOR-occurances":18,"HUMOR-percentage":0.258583536848154,"ECONOMIA-occurances":11,"ECONOMIA-percentage":0.15802327251831633,"LINKEDIN-occurances":10,"LINKEDIN-percentage":0.14365752047119668,"NATUREZA-occurances":8,"NATUREZA-percentage":0.11492601637695733,"ESOTERISMO-occurances":6,"ESOTERISMO-percentage":0.086194512282718,"POLÍTICA-occurances":6,"POLÍTICA-percentage":0.086194512282718,"FITNESS-occurances":5,"FITNESS-percentage":0.07182876023559834,"INSTAGRAM-occurances":4,"INSTAGRAM-percentage":0.057463008188478666,"TWITTER-occurances":4,"TWITTER-percentage":0.057463008188478666}