{"totalHistoryAmount":6992,"TECNOLOGIA-occurances":1857,"TECNOLOGIA-percentage":26.558924485125857,"NOTÍCIAS-occurances":472,"NOTÍCIAS-percentage":6.750572082379863,"FACEBOOK-occurances":390,"FACEBOOK-percentage":5.577803203661327,"DECORAÇÃO-occurances":345,"DECORAÇÃO-percentage":4.934210526315789,"MODA-occurances":273,"MODA-percentage":3.904462242562929,"YOUTUBE-occurances":216,"YOUTUBE-percentage":3.0892448512585813,"ESPORTE-occurances":184,"ESPORTE-percentage":2.6315789473684212,"SÉRIES E FILMES-occurances":151,"SÉRIES E FILMES-percentage":2.1596109839816933,"POP/ARTE-occurances":131,"POP/ARTE-percentage":1.8735697940503433,"ALIMENTAÇÃO E SAÚDE-occurances":62,"ALIMENTAÇÃO E SAÚDE-percentage":0.8867276887871853,"TV E CELEBRIDADES-occurances":58,"TV E CELEBRIDADES-percentage":0.8295194508009154,"CARROS-occurances":48,"CARROS-percentage":0.6864988558352403,"JOGOS-occurances":36,"JOGOS-percentage":0.5148741418764302,"VIAGENS-occurances":35,"VIAGENS-percentage":0.5005720823798627,"EDUCAÇÃO-occurances":32,"EDUCAÇÃO-percentage":0.4576659038901602,"SEXO-occurances":31,"SEXO-percentage":0.44336384439359267,"INTERNACIONAL-occurances":22,"INTERNACIONAL-percentage":0.3146453089244851,"CIÊNCIA-occurances":20,"CIÊNCIA-percentage":0.28604118993135014,"HUMOR-occurances":16,"HUMOR-percentage":0.2288329519450801,"ECONOMIA-occurances":10,"ECONOMIA-percentage":0.14302059496567507,"LINKEDIN-occurances":10,"LINKEDIN-percentage":0.14302059496567507,"NATUREZA-occurances":8,"NATUREZA-percentage":0.11441647597254005,"POLÍTICA-occurances":6,"POLÍTICA-percentage":0.08581235697940504,"ESOTERISMO-occurances":5,"ESOTERISMO-percentage":0.07151029748283753,"FITNESS-occurances":5,"FITNESS-percentage":0.07151029748283753,"INSTAGRAM-occurances":4,"INSTAGRAM-percentage":0.057208237986270026,"TWITTER-occurances":4,"TWITTER-percentage":0.057208237986270026}