{"totalHistoryAmount":8829,"TECNOLOGIA-occurances":4077,"TECNOLOGIA-percentage":46.17737003058104,"ESPORTE-occurances":1512,"ESPORTE-percentage":17.125382262996943,"FACEBOOK-occurances":1062,"FACEBOOK-percentage":12.028542303771662,"SEXO-occurances":490,"SEXO-percentage":5.549892400045305,"INSTAGRAM-occurances":186,"INSTAGRAM-percentage":2.106693849813116,"CARROS-occurances":129,"CARROS-percentage":1.4610941216445803,"DECORAÇÃO-occurances":66,"DECORAÇÃO-percentage":0.7475365273530411,"EDUCAÇÃO-occurances":63,"EDUCAÇÃO-percentage":0.7135575942915392,"POP/ARTE-occurances":62,"POP/ARTE-percentage":0.7022312832710387,"NOTÍCIAS-occurances":48,"NOTÍCIAS-percentage":0.5436629289840299,"YOUTUBE-occurances":45,"YOUTUBE-percentage":0.509683995922528,"ESOTERISMO-occurances":43,"ESOTERISMO-percentage":0.4870313738815268,"JOGOS-occurances":25,"JOGOS-percentage":0.2831577755125156,"LINKEDIN-occurances":21,"LINKEDIN-percentage":0.23785253143051308,"MODA-occurances":17,"MODA-percentage":0.1925472873485106,"TWITTER-occurances":15,"TWITTER-percentage":0.16989466530750935,"SÉRIES E FILMES-occurances":12,"SÉRIES E FILMES-percentage":0.13591573224600748,"ECONOMIA-occurances":11,"ECONOMIA-percentage":0.12458942122550686,"TV E CELEBRIDADES-occurances":10,"TV E CELEBRIDADES-percentage":0.11326311020500623,"ALIMENTAÇÃO E SAÚDE-occurances":4,"ALIMENTAÇÃO E SAÚDE-percentage":0.04530524408200249,"FITNESS-occurances":4,"FITNESS-percentage":0.04530524408200249,"VIAGENS-occurances":3,"VIAGENS-percentage":0.03397893306150187,"POLÍTICA-occurances":2,"POLÍTICA-percentage":0.022652622041001245,"CIÊNCIA-occurances":1,"CIÊNCIA-percentage":0.011326311020500622,"INTERNACIONAL-occurances":1,"INTERNACIONAL-percentage":0.011326311020500622,"HUMOR-occurances":0,"HUMOR-percentage":0,"NATUREZA-occurances":0,"NATUREZA-percentage":0}