{"totalHistoryAmount":6459,"TECNOLOGIA-occurances":1546,"TECNOLOGIA-percentage":23.93559374516179,"FACEBOOK-occurances":616,"FACEBOOK-percentage":9.537080043350365,"DECORAÇÃO-occurances":395,"DECORAÇÃO-percentage":6.115497755070444,"NOTÍCIAS-occurances":389,"NOTÍCIAS-percentage":6.022604118284564,"MODA-occurances":267,"MODA-percentage":4.133766836971668,"ESPORTE-occurances":228,"ESPORTE-percentage":3.5299581978634462,"LINKEDIN-occurances":126,"LINKEDIN-percentage":1.9507663725034836,"ESOTERISMO-occurances":114,"ESOTERISMO-percentage":1.7649790989317231,"POP/ARTE-occurances":106,"POP/ARTE-percentage":1.6411209165505496,"TV E CELEBRIDADES-occurances":86,"TV E CELEBRIDADES-percentage":1.3314754605976158,"YOUTUBE-occurances":79,"YOUTUBE-percentage":1.223099551014089,"SÉRIES E FILMES-occurances":67,"SÉRIES E FILMES-percentage":1.0373122774423285,"ALIMENTAÇÃO E SAÚDE-occurances":58,"ALIMENTAÇÃO E SAÚDE-percentage":0.8979718222635082,"POLÍTICA-occurances":45,"POLÍTICA-percentage":0.6967022758941013,"EDUCAÇÃO-occurances":39,"EDUCAÇÃO-percentage":0.6038086391082211,"CARROS-occurances":35,"CARROS-percentage":0.5418795479176343,"ECONOMIA-occurances":20,"ECONOMIA-percentage":0.3096454559529339,"SEXO-occurances":20,"SEXO-percentage":0.3096454559529339,"CIÊNCIA-occurances":19,"CIÊNCIA-percentage":0.2941631831552872,"HUMOR-occurances":16,"HUMOR-percentage":0.24771636476234712,"INTERNACIONAL-occurances":13,"INTERNACIONAL-percentage":0.20126954636940703,"TWITTER-occurances":9,"TWITTER-percentage":0.13934045517882024,"JOGOS-occurances":8,"JOGOS-percentage":0.12385818238117356,"NATUREZA-occurances":7,"NATUREZA-percentage":0.10837590958352686,"INSTAGRAM-occurances":6,"INSTAGRAM-percentage":0.09289363678588017,"VIAGENS-occurances":6,"VIAGENS-percentage":0.09289363678588017,"FITNESS-occurances":4,"FITNESS-percentage":0.06192909119058678}