{"totalHistoryAmount":3041,"TECNOLOGIA-occurances":1133,"TECNOLOGIA-percentage":37.257481091746136,"DECORAÇÃO-occurances":386,"DECORAÇÃO-percentage":12.69319302860901,"FACEBOOK-occurances":152,"FACEBOOK-percentage":4.9983558040118385,"ESPORTE-occurances":98,"ESPORTE-percentage":3.2226241367971062,"POP/ARTE-occurances":43,"POP/ARTE-percentage":1.4140085498191384,"ALIMENTAÇÃO E SAÚDE-occurances":35,"ALIMENTAÇÃO E SAÚDE-percentage":1.1509371917132523,"NOTÍCIAS-occurances":34,"NOTÍCIAS-percentage":1.1180532719500165,"SÉRIES E FILMES-occurances":32,"SÉRIES E FILMES-percentage":1.0522854324235449,"MODA-occurances":24,"MODA-percentage":0.7892140743176587,"JOGOS-occurances":21,"JOGOS-percentage":0.6905623150279513,"YOUTUBE-occurances":17,"YOUTUBE-percentage":0.5590266359750082,"TWITTER-occurances":16,"TWITTER-percentage":0.5261427162117724,"FITNESS-occurances":11,"FITNESS-percentage":0.36172311739559354,"ECONOMIA-occurances":10,"ECONOMIA-percentage":0.3288391976323578,"CARROS-occurances":9,"CARROS-percentage":0.295955277869122,"INSTAGRAM-occurances":8,"INSTAGRAM-percentage":0.2630713581058862,"VIAGENS-occurances":7,"VIAGENS-percentage":0.23018743834265046,"INTERNACIONAL-occurances":6,"INTERNACIONAL-percentage":0.19730351857941467,"EDUCAÇÃO-occurances":5,"EDUCAÇÃO-percentage":0.1644195988161789,"ESOTERISMO-occurances":4,"ESOTERISMO-percentage":0.1315356790529431,"NATUREZA-occurances":4,"NATUREZA-percentage":0.1315356790529431,"TV E CELEBRIDADES-occurances":4,"TV E CELEBRIDADES-percentage":0.1315356790529431,"HUMOR-occurances":3,"HUMOR-percentage":0.09865175928970733,"CIÊNCIA-occurances":2,"CIÊNCIA-percentage":0.06576783952647156,"POLÍTICA-occurances":2,"POLÍTICA-percentage":0.06576783952647156,"SEXO-occurances":2,"SEXO-percentage":0.06576783952647156,"LINKEDIN-occurances":0,"LINKEDIN-percentage":0}