{"totalHistoryAmount":5511,"TECNOLOGIA-occurances":1536,"TECNOLOGIA-percentage":27.871529667936855,"YOUTUBE-occurances":527,"YOUTUBE-percentage":9.56269279622573,"SÉRIES E FILMES-occurances":374,"SÉRIES E FILMES-percentage":6.786427145708583,"DECORAÇÃO-occurances":308,"DECORAÇÃO-percentage":5.588822355289421,"NOTÍCIAS-occurances":288,"NOTÍCIAS-percentage":5.22591181273816,"FACEBOOK-occurances":173,"FACEBOOK-percentage":3.139176193068409,"POP/ARTE-occurances":101,"POP/ARTE-percentage":1.8326982398838687,"TV E CELEBRIDADES-occurances":69,"TV E CELEBRIDADES-percentage":1.2520413718018508,"ESPORTE-occurances":64,"ESPORTE-percentage":1.1613137361640355,"CARROS-occurances":61,"CARROS-percentage":1.1068771547813463,"ALIMENTAÇÃO E SAÚDE-occurances":44,"ALIMENTAÇÃO E SAÚDE-percentage":0.7984031936127745,"JOGOS-occurances":36,"JOGOS-percentage":0.65323897659227,"SEXO-occurances":24,"SEXO-percentage":0.43549265106151336,"MODA-occurances":21,"MODA-percentage":0.38105606967882416,"INTERNACIONAL-occurances":18,"INTERNACIONAL-percentage":0.326619488296135,"EDUCAÇÃO-occurances":12,"EDUCAÇÃO-percentage":0.21774632553075668,"VIAGENS-occurances":10,"VIAGENS-percentage":0.18145527127563055,"HUMOR-occurances":9,"HUMOR-percentage":0.1633097441480675,"CIÊNCIA-occurances":8,"CIÊNCIA-percentage":0.14516421702050444,"ESOTERISMO-occurances":6,"ESOTERISMO-percentage":0.10887316276537834,"LINKEDIN-occurances":6,"LINKEDIN-percentage":0.10887316276537834,"INSTAGRAM-occurances":5,"INSTAGRAM-percentage":0.09072763563781527,"FITNESS-occurances":4,"FITNESS-percentage":0.07258210851025222,"NATUREZA-occurances":4,"NATUREZA-percentage":0.07258210851025222,"ECONOMIA-occurances":3,"ECONOMIA-percentage":0.05443658138268917,"TWITTER-occurances":1,"TWITTER-percentage":0.018145527127563055,"POLÍTICA-occurances":0,"POLÍTICA-percentage":0}