{"totalHistoryAmount":6341,"TECNOLOGIA-occurances":1547,"TECNOLOGIA-percentage":24.396782841823057,"FACEBOOK-occurances":673,"FACEBOOK-percentage":10.613467907270147,"NOTÍCIAS-occurances":370,"NOTÍCIAS-percentage":5.8350417915155335,"DECORAÇÃO-occurances":353,"DECORAÇÃO-percentage":5.566945276770226,"MODA-occurances":248,"MODA-percentage":3.9110550386374388,"ESPORTE-occurances":213,"ESPORTE-percentage":3.35909162592651,"ESOTERISMO-occurances":159,"ESOTERISMO-percentage":2.5074909320296483,"LINKEDIN-occurances":136,"LINKEDIN-percentage":2.1447721179624666,"TV E CELEBRIDADES-occurances":95,"TV E CELEBRIDADES-percentage":1.4981864059296641,"POP/ARTE-occurances":91,"POP/ARTE-percentage":1.435104873048415,"YOUTUBE-occurances":87,"YOUTUBE-percentage":1.372023340167166,"SÉRIES E FILMES-occurances":76,"SÉRIES E FILMES-percentage":1.1985491247437312,"POLÍTICA-occurances":55,"POLÍTICA-percentage":0.867371077117174,"ALIMENTAÇÃO E SAÚDE-occurances":54,"ALIMENTAÇÃO E SAÚDE-percentage":0.8516006938968617,"CARROS-occurances":37,"CARROS-percentage":0.5835041791515534,"EDUCAÇÃO-occurances":29,"EDUCAÇÃO-percentage":0.45734111338905536,"ECONOMIA-occurances":25,"ECONOMIA-percentage":0.39425958050780635,"CIÊNCIA-occurances":24,"CIÊNCIA-percentage":0.3784891972874941,"NATUREZA-occurances":18,"NATUREZA-percentage":0.2838668979656206,"SEXO-occurances":18,"SEXO-percentage":0.2838668979656206,"JOGOS-occurances":17,"JOGOS-percentage":0.2680965147453083,"HUMOR-occurances":15,"HUMOR-percentage":0.23655574830468382,"INTERNACIONAL-occurances":13,"INTERNACIONAL-percentage":0.2050149818640593,"TWITTER-occurances":10,"TWITTER-percentage":0.15770383220312253,"FITNESS-occurances":9,"FITNESS-percentage":0.1419334489828103,"INSTAGRAM-occurances":8,"INSTAGRAM-percentage":0.12616306576249803,"VIAGENS-occurances":4,"VIAGENS-percentage":0.06308153288124901}