{"totalHistoryAmount":6581,"TECNOLOGIA-occurances":1826,"TECNOLOGIA-percentage":27.74654307855949,"YOUTUBE-occurances":446,"YOUTUBE-percentage":6.777085549308616,"NOTÍCIAS-occurances":436,"NOTÍCIAS-percentage":6.625132958516943,"DECORAÇÃO-occurances":387,"DECORAÇÃO-percentage":5.880565263637745,"SÉRIES E FILMES-occurances":257,"SÉRIES E FILMES-percentage":3.905181583345996,"FACEBOOK-occurances":181,"FACEBOOK-percentage":2.7503418933292814,"ESPORTE-occurances":124,"ESPORTE-percentage":1.8842121258167452,"POP/ARTE-occurances":122,"POP/ARTE-percentage":1.8538216076584106,"TV E CELEBRIDADES-occurances":75,"TV E CELEBRIDADES-percentage":1.1396444309375475,"MODA-occurances":66,"MODA-percentage":1.0028870992250418,"CARROS-occurances":64,"CARROS-percentage":0.9724965810667072,"ALIMENTAÇÃO E SAÚDE-occurances":58,"ALIMENTAÇÃO E SAÚDE-percentage":0.8813250265917034,"JOGOS-occurances":39,"JOGOS-percentage":0.5926151040875247,"VIAGENS-occurances":37,"VIAGENS-percentage":0.5622245859291901,"SEXO-occurances":28,"SEXO-percentage":0.4254672542166844,"EDUCAÇÃO-occurances":24,"EDUCAÇÃO-percentage":0.3646862179000152,"INTERNACIONAL-occurances":19,"INTERNACIONAL-percentage":0.2887099225041787,"CIÊNCIA-occurances":11,"CIÊNCIA-percentage":0.1671478498708403,"HUMOR-occurances":10,"HUMOR-percentage":0.151952590791673,"LINKEDIN-occurances":10,"LINKEDIN-percentage":0.151952590791673,"ESOTERISMO-occurances":9,"ESOTERISMO-percentage":0.1367573317125057,"ECONOMIA-occurances":8,"ECONOMIA-percentage":0.1215620726333384,"FITNESS-occurances":8,"FITNESS-percentage":0.1215620726333384,"NATUREZA-occurances":5,"NATUREZA-percentage":0.0759762953958365,"TWITTER-occurances":3,"TWITTER-percentage":0.0455857772375019,"POLÍTICA-occurances":1,"POLÍTICA-percentage":0.0151952590791673,"INSTAGRAM-occurances":0,"INSTAGRAM-percentage":0}