{"totalHistoryAmount":7259,"TECNOLOGIA-occurances":1742,"TECNOLOGIA-percentage":23.997795839647335,"NOTÍCIAS-occurances":563,"NOTÍCIAS-percentage":7.755889240942278,"FACEBOOK-occurances":562,"FACEBOOK-percentage":7.742113238738118,"DECORAÇÃO-occurances":361,"DECORAÇÃO-percentage":4.973136795701888,"MODA-occurances":279,"MODA-percentage":3.8435046149607386,"ESPORTE-occurances":229,"ESPORTE-percentage":3.1547045047527207,"POP/ARTE-occurances":128,"POP/ARTE-percentage":1.7633282821325251,"YOUTUBE-occurances":108,"YOUTUBE-percentage":1.487808238049318,"LINKEDIN-occurances":106,"LINKEDIN-percentage":1.4602562336409974,"SÉRIES E FILMES-occurances":101,"SÉRIES E FILMES-percentage":1.3913762226201956,"ESOTERISMO-occurances":83,"ESOTERISMO-percentage":1.1434081829453093,"TV E CELEBRIDADES-occurances":80,"TV E CELEBRIDADES-percentage":1.1020801763328283,"ALIMENTAÇÃO E SAÚDE-occurances":62,"ALIMENTAÇÃO E SAÚDE-percentage":0.8541121366579418,"EDUCAÇÃO-occurances":45,"EDUCAÇÃO-percentage":0.6199200991872159,"JOGOS-occurances":34,"JOGOS-percentage":0.468384074941452,"CARROS-occurances":33,"CARROS-percentage":0.45460807273729165,"VIAGENS-occurances":30,"VIAGENS-percentage":0.41328006612481055,"CIÊNCIA-occurances":24,"CIÊNCIA-percentage":0.3306240528998485,"INTERNACIONAL-occurances":21,"INTERNACIONAL-percentage":0.2892960462873674,"HUMOR-occurances":19,"HUMOR-percentage":0.2617440418790467,"SEXO-occurances":19,"SEXO-percentage":0.2617440418790467,"ECONOMIA-occurances":15,"ECONOMIA-percentage":0.20664003306240528,"POLÍTICA-occurances":14,"POLÍTICA-percentage":0.19286403085824494,"NATUREZA-occurances":9,"NATUREZA-percentage":0.12398401983744317,"INSTAGRAM-occurances":6,"INSTAGRAM-percentage":0.08265601322496212,"TWITTER-occurances":6,"TWITTER-percentage":0.08265601322496212,"FITNESS-occurances":5,"FITNESS-percentage":0.06888001102080177}