{"totalHistoryAmount":6938,"TECNOLOGIA-occurances":1894,"TECNOLOGIA-percentage":27.29893341020467,"NOTÍCIAS-occurances":466,"NOTÍCIAS-percentage":6.716633035456904,"DECORAÇÃO-occurances":359,"DECORAÇÃO-percentage":5.1744018449120786,"FACEBOOK-occurances":324,"FACEBOOK-percentage":4.669933698472182,"MODA-occurances":268,"MODA-percentage":3.8627846641683483,"YOUTUBE-occurances":237,"YOUTUBE-percentage":3.415970020178726,"SÉRIES E FILMES-occurances":165,"SÉRIES E FILMES-percentage":2.3782069760737965,"ESPORTE-occurances":162,"ESPORTE-percentage":2.334966849236091,"POP/ARTE-occurances":128,"POP/ARTE-percentage":1.8449120784087634,"ALIMENTAÇÃO E SAÚDE-occurances":71,"ALIMENTAÇÃO E SAÚDE-percentage":1.0233496684923609,"TV E CELEBRIDADES-occurances":59,"TV E CELEBRIDADES-percentage":0.8503891611415394,"CARROS-occurances":47,"CARROS-percentage":0.6774286537907178,"JOGOS-occurances":36,"JOGOS-percentage":0.5188815220524647,"VIAGENS-occurances":36,"VIAGENS-percentage":0.5188815220524647,"SEXO-occurances":32,"SEXO-percentage":0.46122801960219084,"EDUCAÇÃO-occurances":27,"EDUCAÇÃO-percentage":0.3891611415393485,"CIÊNCIA-occurances":18,"CIÊNCIA-percentage":0.25944076102623237,"INTERNACIONAL-occurances":17,"INTERNACIONAL-percentage":0.24502738541366387,"HUMOR-occurances":13,"HUMOR-percentage":0.18737388296339003,"LINKEDIN-occurances":10,"LINKEDIN-percentage":0.14413375612568463,"ECONOMIA-occurances":9,"ECONOMIA-percentage":0.12972038051311618,"NATUREZA-occurances":8,"NATUREZA-percentage":0.11530700490054771,"FITNESS-occurances":7,"FITNESS-percentage":0.10089362928797925,"ESOTERISMO-occurances":5,"ESOTERISMO-percentage":0.07206687806284232,"INSTAGRAM-occurances":4,"INSTAGRAM-percentage":0.057653502450273855,"POLÍTICA-occurances":3,"POLÍTICA-percentage":0.04324012683770539,"TWITTER-occurances":3,"TWITTER-percentage":0.04324012683770539}