{"totalHistoryAmount":6796,"TECNOLOGIA-occurances":1867,"TECNOLOGIA-percentage":27.472042377869336,"NOTÍCIAS-occurances":456,"NOTÍCIAS-percentage":6.7098293113596235,"DECORAÇÃO-occurances":361,"DECORAÇÃO-percentage":5.311948204826368,"FACEBOOK-occurances":291,"FACEBOOK-percentage":4.281930547380812,"MODA-occurances":270,"MODA-percentage":3.9729252501471453,"YOUTUBE-occurances":234,"YOUTUBE-percentage":3.4432018834608593,"SÉRIES E FILMES-occurances":162,"SÉRIES E FILMES-percentage":2.3837551500882874,"ESPORTE-occurances":158,"ESPORTE-percentage":2.3248969982342556,"POP/ARTE-occurances":130,"POP/ARTE-percentage":1.912889935256033,"ALIMENTAÇÃO E SAÚDE-occurances":69,"ALIMENTAÇÃO E SAÚDE-percentage":1.0153031194820483,"TV E CELEBRIDADES-occurances":58,"TV E CELEBRIDADES-percentage":0.8534432018834609,"CARROS-occurances":44,"CARROS-percentage":0.6474396703943496,"VIAGENS-occurances":37,"VIAGENS-percentage":0.544437904649794,"JOGOS-occurances":36,"JOGOS-percentage":0.5297233666862861,"SEXO-occurances":32,"SEXO-percentage":0.47086521483225424,"EDUCAÇÃO-occurances":25,"EDUCAÇÃO-percentage":0.36786344908769864,"CIÊNCIA-occurances":16,"CIÊNCIA-percentage":0.23543260741612712,"INTERNACIONAL-occurances":16,"INTERNACIONAL-percentage":0.23543260741612712,"HUMOR-occurances":11,"HUMOR-percentage":0.1618599175985874,"ECONOMIA-occurances":10,"ECONOMIA-percentage":0.14714537963507945,"LINKEDIN-occurances":10,"LINKEDIN-percentage":0.14714537963507945,"NATUREZA-occurances":8,"NATUREZA-percentage":0.11771630370806356,"FITNESS-occurances":7,"FITNESS-percentage":0.10300176574455562,"ESOTERISMO-occurances":5,"ESOTERISMO-percentage":0.07357268981753973,"INSTAGRAM-occurances":4,"INSTAGRAM-percentage":0.05885815185403178,"TWITTER-occurances":3,"TWITTER-percentage":0.04414361389052384,"POLÍTICA-occurances":2,"POLÍTICA-percentage":0.02942907592701589}