{"totalHistoryAmount":5423,"TECNOLOGIA-occurances":1530,"TECNOLOGIA-percentage":28.213166144200628,"YOUTUBE-occurances":526,"YOUTUBE-percentage":9.699428360685967,"SÉRIES E FILMES-occurances":371,"SÉRIES E FILMES-percentage":6.841231790521851,"DECORAÇÃO-occurances":279,"DECORAÇÃO-percentage":5.144753826295409,"NOTÍCIAS-occurances":268,"NOTÍCIAS-percentage":4.941914069703117,"FACEBOOK-occurances":159,"FACEBOOK-percentage":2.931956481652222,"POP/ARTE-occurances":101,"POP/ARTE-percentage":1.862437765074682,"TV E CELEBRIDADES-occurances":68,"TV E CELEBRIDADES-percentage":1.2539184952978057,"ESPORTE-occurances":64,"ESPORTE-percentage":1.1801585838096995,"CARROS-occurances":60,"CARROS-percentage":1.1063986723215933,"ALIMENTAÇÃO E SAÚDE-occurances":43,"ALIMENTAÇÃO E SAÚDE-percentage":0.7929190484971418,"JOGOS-occurances":36,"JOGOS-percentage":0.6638392033929559,"SEXO-occurances":24,"SEXO-percentage":0.4425594689286373,"MODA-occurances":19,"MODA-percentage":0.3503595795685045,"INTERNACIONAL-occurances":18,"INTERNACIONAL-percentage":0.33191960169647794,"EDUCAÇÃO-occurances":12,"EDUCAÇÃO-percentage":0.22127973446431864,"VIAGENS-occurances":10,"VIAGENS-percentage":0.18439977872026553,"HUMOR-occurances":9,"HUMOR-percentage":0.16595980084823897,"CIÊNCIA-occurances":8,"CIÊNCIA-percentage":0.14751982297621244,"ESOTERISMO-occurances":6,"ESOTERISMO-percentage":0.11063986723215932,"LINKEDIN-occurances":6,"LINKEDIN-percentage":0.11063986723215932,"INSTAGRAM-occurances":5,"INSTAGRAM-percentage":0.09219988936013276,"FITNESS-occurances":4,"FITNESS-percentage":0.07375991148810622,"NATUREZA-occurances":4,"NATUREZA-percentage":0.07375991148810622,"ECONOMIA-occurances":3,"ECONOMIA-percentage":0.05531993361607966,"TWITTER-occurances":1,"TWITTER-percentage":0.018439977872026555,"POLÍTICA-occurances":0,"POLÍTICA-percentage":0}