{"totalHistoryAmount":7263,"TECNOLOGIA-occurances":1750,"TECNOLOGIA-percentage":24.09472669695718,"NOTÍCIAS-occurances":585,"NOTÍCIAS-percentage":8.0545229244114,"FACEBOOK-occurances":578,"FACEBOOK-percentage":7.958144017623572,"DECORAÇÃO-occurances":410,"DECORAÇÃO-percentage":5.645050254715682,"MODA-occurances":282,"MODA-percentage":3.882693102023957,"ESPORTE-occurances":230,"ESPORTE-percentage":3.166735508742944,"POP/ARTE-occurances":132,"POP/ARTE-percentage":1.8174308137133417,"LINKEDIN-occurances":124,"LINKEDIN-percentage":1.7072834916701087,"ESOTERISMO-occurances":102,"ESOTERISMO-percentage":1.4043783560512184,"YOUTUBE-occurances":99,"YOUTUBE-percentage":1.3630731102850062,"SÉRIES E FILMES-occurances":84,"SÉRIES E FILMES-percentage":1.1565468814539446,"TV E CELEBRIDADES-occurances":72,"TV E CELEBRIDADES-percentage":0.9913258983890955,"ALIMENTAÇÃO E SAÚDE-occurances":59,"ALIMENTAÇÃO E SAÚDE-percentage":0.8123365000688421,"EDUCAÇÃO-occurances":40,"EDUCAÇÃO-percentage":0.5507366102161642,"CARROS-occurances":36,"CARROS-percentage":0.49566294919454773,"JOGOS-occurances":35,"JOGOS-percentage":0.4818945339391436,"VIAGENS-occurances":31,"VIAGENS-percentage":0.4268208729175272,"POLÍTICA-occurances":29,"POLÍTICA-percentage":0.399284042406719,"INTERNACIONAL-occurances":21,"INTERNACIONAL-percentage":0.28913672036348614,"CIÊNCIA-occurances":20,"CIÊNCIA-percentage":0.2753683051080821,"HUMOR-occurances":19,"HUMOR-percentage":0.26159988985267796,"ECONOMIA-occurances":17,"ECONOMIA-percentage":0.23406305934186974,"SEXO-occurances":16,"SEXO-percentage":0.22029464408646565,"FITNESS-occurances":7,"FITNESS-percentage":0.09637890678782872,"TWITTER-occurances":7,"TWITTER-percentage":0.09637890678782872,"INSTAGRAM-occurances":6,"INSTAGRAM-percentage":0.08261049153242461,"NATUREZA-occurances":6,"NATUREZA-percentage":0.08261049153242461}