{"totalHistoryAmount":9569,"TECNOLOGIA-occurances":4460,"TECNOLOGIA-percentage":46.608841049221446,"ESPORTE-occurances":1686,"ESPORTE-percentage":17.61939596614066,"FACEBOOK-occurances":1163,"FACEBOOK-percentage":12.153830076288013,"SEXO-occurances":588,"SEXO-percentage":6.144842721287491,"INSTAGRAM-occurances":162,"INSTAGRAM-percentage":1.6929668721914515,"CARROS-occurances":142,"CARROS-percentage":1.4839586163653464,"DECORAÇÃO-occurances":64,"DECORAÇÃO-percentage":0.6688264186435364,"POP/ARTE-occurances":56,"POP/ARTE-percentage":0.5852231163130943,"EDUCAÇÃO-occurances":46,"EDUCAÇÃO-percentage":0.4807189884000418,"YOUTUBE-occurances":42,"YOUTUBE-percentage":0.4389173372348208,"NOTÍCIAS-occurances":39,"NOTÍCIAS-percentage":0.407566098860905,"ESOTERISMO-occurances":35,"ESOTERISMO-percentage":0.365764447695684,"MODA-occurances":23,"MODA-percentage":0.2403594942000209,"LINKEDIN-occurances":21,"LINKEDIN-percentage":0.2194586686174104,"JOGOS-occurances":19,"JOGOS-percentage":0.19855784303479987,"ECONOMIA-occurances":11,"ECONOMIA-percentage":0.11495454070435782,"SÉRIES E FILMES-occurances":11,"SÉRIES E FILMES-percentage":0.11495454070435782,"TV E CELEBRIDADES-occurances":10,"TV E CELEBRIDADES-percentage":0.10450412791305257,"TWITTER-occurances":10,"TWITTER-percentage":0.10450412791305257,"FITNESS-occurances":4,"FITNESS-percentage":0.041801651165221027,"VIAGENS-occurances":4,"VIAGENS-percentage":0.041801651165221027,"POLÍTICA-occurances":3,"POLÍTICA-percentage":0.03135123837391577,"CIÊNCIA-occurances":2,"CIÊNCIA-percentage":0.020900825582610513,"ALIMENTAÇÃO E SAÚDE-occurances":1,"ALIMENTAÇÃO E SAÚDE-percentage":0.010450412791305257,"INTERNACIONAL-occurances":1,"INTERNACIONAL-percentage":0.010450412791305257,"HUMOR-occurances":0,"HUMOR-percentage":0,"NATUREZA-occurances":0,"NATUREZA-percentage":0}