{"totalHistoryAmount":7234,"TECNOLOGIA-occurances":1766,"TECNOLOGIA-percentage":24.41249654409732,"FACEBOOK-occurances":581,"FACEBOOK-percentage":8.031517832457839,"NOTÍCIAS-occurances":526,"NOTÍCIAS-percentage":7.271219242466132,"DECORAÇÃO-occurances":405,"DECORAÇÃO-percentage":5.598562344484379,"MODA-occurances":287,"MODA-percentage":3.967376278683992,"ESPORTE-occurances":229,"ESPORTE-percentage":3.1656068565109208,"POP/ARTE-occurances":127,"POP/ARTE-percentage":1.7555985623444843,"LINKEDIN-occurances":125,"LINKEDIN-percentage":1.7279513408902405,"ESOTERISMO-occurances":110,"ESOTERISMO-percentage":1.5205971799834117,"YOUTUBE-occurances":97,"YOUTUBE-percentage":1.3408902405308267,"SÉRIES E FILMES-occurances":90,"SÉRIES E FILMES-percentage":1.2441249654409732,"TV E CELEBRIDADES-occurances":75,"TV E CELEBRIDADES-percentage":1.0367708045341444,"ALIMENTAÇÃO E SAÚDE-occurances":60,"ALIMENTAÇÃO E SAÚDE-percentage":0.8294166436273155,"EDUCAÇÃO-occurances":40,"EDUCAÇÃO-percentage":0.552944429084877,"CARROS-occurances":37,"CARROS-percentage":0.5114735969035112,"POLÍTICA-occurances":35,"POLÍTICA-percentage":0.4838263754492674,"JOGOS-occurances":34,"JOGOS-percentage":0.4700027647221454,"VIAGENS-occurances":31,"VIAGENS-percentage":0.42853193254077965,"CIÊNCIA-occurances":23,"CIÊNCIA-percentage":0.31794304672380425,"INTERNACIONAL-occurances":22,"INTERNACIONAL-percentage":0.30411943599668234,"HUMOR-occurances":19,"HUMOR-percentage":0.2626486038153166,"SEXO-occurances":17,"SEXO-percentage":0.2350013823610727,"ECONOMIA-occurances":16,"ECONOMIA-percentage":0.22117777163395078,"FITNESS-occurances":7,"FITNESS-percentage":0.09676527508985347,"NATUREZA-occurances":7,"NATUREZA-percentage":0.09676527508985347,"TWITTER-occurances":7,"TWITTER-percentage":0.09676527508985347,"INSTAGRAM-occurances":6,"INSTAGRAM-percentage":0.08294166436273155}