{"totalHistoryAmount":6841,"TECNOLOGIA-occurances":1890,"TECNOLOGIA-percentage":27.627539833357694,"NOTÍCIAS-occurances":456,"NOTÍCIAS-percentage":6.665692150270428,"DECORAÇÃO-occurances":363,"DECORAÇÃO-percentage":5.306241777517907,"FACEBOOK-occurances":293,"FACEBOOK-percentage":4.282999561467622,"MODA-occurances":270,"MODA-percentage":3.9467914047653854,"YOUTUBE-occurances":234,"YOUTUBE-percentage":3.420552550796667,"SÉRIES E FILMES-occurances":163,"SÉRIES E FILMES-percentage":2.3826925888028065,"ESPORTE-occurances":158,"ESPORTE-percentage":2.309603859084929,"POP/ARTE-occurances":130,"POP/ARTE-percentage":1.9003069726648152,"ALIMENTAÇÃO E SAÚDE-occurances":69,"ALIMENTAÇÃO E SAÚDE-percentage":1.0086244701067095,"TV E CELEBRIDADES-occurances":58,"TV E CELEBRIDADES-percentage":0.8478292647273791,"CARROS-occurances":44,"CARROS-percentage":0.643180821517322,"JOGOS-occurances":36,"JOGOS-percentage":0.5262388539687181,"VIAGENS-occurances":36,"VIAGENS-percentage":0.5262388539687181,"SEXO-occurances":32,"SEXO-percentage":0.467767870194416,"EDUCAÇÃO-occurances":25,"EDUCAÇÃO-percentage":0.3654436485893875,"CIÊNCIA-occurances":16,"CIÊNCIA-percentage":0.233883935097208,"INTERNACIONAL-occurances":16,"INTERNACIONAL-percentage":0.233883935097208,"HUMOR-occurances":11,"HUMOR-percentage":0.1607952053793305,"ECONOMIA-occurances":10,"ECONOMIA-percentage":0.146177459435755,"LINKEDIN-occurances":10,"LINKEDIN-percentage":0.146177459435755,"NATUREZA-occurances":8,"NATUREZA-percentage":0.116941967548604,"FITNESS-occurances":7,"FITNESS-percentage":0.1023242216050285,"ESOTERISMO-occurances":5,"ESOTERISMO-percentage":0.0730887297178775,"INSTAGRAM-occurances":4,"INSTAGRAM-percentage":0.058470983774302,"TWITTER-occurances":3,"TWITTER-percentage":0.043853237830726505,"POLÍTICA-occurances":2,"POLÍTICA-percentage":0.029235491887151}