{"totalHistoryAmount":7286,"TECNOLOGIA-occurances":1746,"TECNOLOGIA-percentage":23.963766126818555,"NOTÍCIAS-occurances":599,"NOTÍCIAS-percentage":8.221246225638211,"FACEBOOK-occurances":584,"FACEBOOK-percentage":8.015371946198188,"DECORAÇÃO-occurances":398,"DECORAÇÃO-percentage":5.462530881141916,"MODA-occurances":282,"MODA-percentage":3.8704364534724127,"ESPORTE-occurances":225,"ESPORTE-percentage":3.0881141916003294,"POP/ARTE-occurances":133,"POP/ARTE-percentage":1.8254186110348614,"LINKEDIN-occurances":123,"LINKEDIN-percentage":1.6881690914081802,"YOUTUBE-occurances":103,"YOUTUBE-percentage":1.4136700521548176,"ESOTERISMO-occurances":94,"ESOTERISMO-percentage":1.2901454844908042,"TV E CELEBRIDADES-occurances":90,"TV E CELEBRIDADES-percentage":1.2352456766401319,"SÉRIES E FILMES-occurances":84,"SÉRIES E FILMES-percentage":1.152895964864123,"ALIMENTAÇÃO E SAÚDE-occurances":60,"ALIMENTAÇÃO E SAÚDE-percentage":0.8234971177600878,"EDUCAÇÃO-occurances":41,"EDUCAÇÃO-percentage":0.5627230304693933,"CARROS-occurances":36,"CARROS-percentage":0.4940982706560527,"JOGOS-occurances":35,"JOGOS-percentage":0.48037331869338457,"VIAGENS-occurances":31,"VIAGENS-percentage":0.42547351084271207,"POLÍTICA-occurances":28,"POLÍTICA-percentage":0.38429865495470766,"CIÊNCIA-occurances":23,"CIÊNCIA-percentage":0.315673895141367,"INTERNACIONAL-occurances":20,"INTERNACIONAL-percentage":0.2744990392533626,"HUMOR-occurances":19,"HUMOR-percentage":0.26077408729069446,"SEXO-occurances":19,"SEXO-percentage":0.26077408729069446,"ECONOMIA-occurances":17,"ECONOMIA-percentage":0.23332418336535823,"FITNESS-occurances":7,"FITNESS-percentage":0.09607466373867692,"INSTAGRAM-occurances":6,"INSTAGRAM-percentage":0.08234971177600878,"NATUREZA-occurances":6,"NATUREZA-percentage":0.08234971177600878,"TWITTER-occurances":6,"TWITTER-percentage":0.08234971177600878}