{"totalHistoryAmount":6957,"TECNOLOGIA-occurances":1755,"TECNOLOGIA-percentage":25.22639068564036,"NOTÍCIAS-occurances":504,"NOTÍCIAS-percentage":7.244501940491591,"FACEBOOK-occurances":460,"FACEBOOK-percentage":6.612045421877246,"DECORAÇÃO-occurances":352,"DECORAÇÃO-percentage":5.059652148914762,"MODA-occurances":278,"MODA-percentage":3.9959752766997267,"ESPORTE-occurances":197,"ESPORTE-percentage":2.831680321977864,"YOUTUBE-occurances":175,"YOUTUBE-percentage":2.5154520626706915,"POP/ARTE-occurances":123,"POP/ARTE-percentage":1.7680034497628287,"SÉRIES E FILMES-occurances":108,"SÉRIES E FILMES-percentage":1.5523932729624839,"TV E CELEBRIDADES-occurances":60,"TV E CELEBRIDADES-percentage":0.8624407072013799,"ESOTERISMO-occurances":58,"ESOTERISMO-percentage":0.8336926836280005,"ALIMENTAÇÃO E SAÚDE-occurances":54,"ALIMENTAÇÃO E SAÚDE-percentage":0.7761966364812419,"EDUCAÇÃO-occurances":35,"EDUCAÇÃO-percentage":0.5030904125341383,"JOGOS-occurances":35,"JOGOS-percentage":0.5030904125341383,"SEXO-occurances":34,"SEXO-percentage":0.4887164007474486,"VIAGENS-occurances":34,"VIAGENS-percentage":0.4887164007474486,"CARROS-occurances":30,"CARROS-percentage":0.43122035360068994,"LINKEDIN-occurances":28,"LINKEDIN-percentage":0.40247233002731064,"CIÊNCIA-occurances":21,"CIÊNCIA-percentage":0.30185424752048295,"INTERNACIONAL-occurances":20,"INTERNACIONAL-percentage":0.2874802357337933,"HUMOR-occurances":19,"HUMOR-percentage":0.27310622394710365,"ECONOMIA-occurances":11,"ECONOMIA-percentage":0.15811412965358632,"POLÍTICA-occurances":9,"POLÍTICA-percentage":0.129366106080207,"NATUREZA-occurances":8,"NATUREZA-percentage":0.11499209429351732,"FITNESS-occurances":5,"FITNESS-percentage":0.07187005893344832,"TWITTER-occurances":5,"TWITTER-percentage":0.07187005893344832,"INSTAGRAM-occurances":4,"INSTAGRAM-percentage":0.05749604714675866}