{"totalHistoryAmount":2203,"TECNOLOGIA-occurances":1138,"TECNOLOGIA-percentage":51.656831593281886,"YOUTUBE-occurances":178,"YOUTUBE-percentage":8.079891057648661,"FACEBOOK-occurances":140,"FACEBOOK-percentage":6.354970494779845,"ESPORTE-occurances":96,"ESPORTE-percentage":4.357694053563323,"FITNESS-occurances":56,"FITNESS-percentage":2.5419881979119383,"ECONOMIA-occurances":33,"ECONOMIA-percentage":1.4979573309123921,"POP/ARTE-occurances":29,"POP/ARTE-percentage":1.3163867453472538,"INSTAGRAM-occurances":27,"INSTAGRAM-percentage":1.2256014525646846,"NOTÍCIAS-occurances":15,"NOTÍCIAS-percentage":0.6808896958692692,"SÉRIES E FILMES-occurances":14,"SÉRIES E FILMES-percentage":0.6354970494779846,"JOGOS-occurances":13,"JOGOS-percentage":0.5901044030867,"EDUCAÇÃO-occurances":12,"EDUCAÇÃO-percentage":0.5447117566954154,"VIAGENS-occurances":11,"VIAGENS-percentage":0.49931911030413073,"HUMOR-occurances":6,"HUMOR-percentage":0.2723558783477077,"POLÍTICA-occurances":6,"POLÍTICA-percentage":0.2723558783477077,"CARROS-occurances":5,"CARROS-percentage":0.22696323195642307,"TV E CELEBRIDADES-occurances":5,"TV E CELEBRIDADES-percentage":0.22696323195642307,"ESOTERISMO-occurances":2,"ESOTERISMO-percentage":0.09078529278256922,"CIÊNCIA-occurances":1,"CIÊNCIA-percentage":0.04539264639128461,"DECORAÇÃO-occurances":1,"DECORAÇÃO-percentage":0.04539264639128461,"LINKEDIN-occurances":1,"LINKEDIN-percentage":0.04539264639128461,"MODA-occurances":1,"MODA-percentage":0.04539264639128461,"NATUREZA-occurances":1,"NATUREZA-percentage":0.04539264639128461,"ALIMENTAÇÃO E SAÚDE-occurances":0,"ALIMENTAÇÃO E SAÚDE-percentage":0,"INTERNACIONAL-occurances":0,"INTERNACIONAL-percentage":0,"SEXO-occurances":0,"SEXO-percentage":0,"TWITTER-occurances":0,"TWITTER-percentage":0}