{"totalHistoryAmount":5316,"TECNOLOGIA-occurances":1482,"TECNOLOGIA-percentage":27.878103837471784,"YOUTUBE-occurances":549,"YOUTUBE-percentage":10.327313769751694,"SÉRIES E FILMES-occurances":377,"SÉRIES E FILMES-percentage":7.091798344620015,"DECORAÇÃO-occurances":298,"DECORAÇÃO-percentage":5.605718585402558,"NOTÍCIAS-occurances":210,"NOTÍCIAS-percentage":3.950338600451467,"FACEBOOK-occurances":159,"FACEBOOK-percentage":2.9909706546275396,"POP/ARTE-occurances":102,"POP/ARTE-percentage":1.9187358916478556,"TV E CELEBRIDADES-occurances":67,"TV E CELEBRIDADES-percentage":1.2603461249059442,"ESPORTE-occurances":63,"ESPORTE-percentage":1.18510158013544,"CARROS-occurances":58,"CARROS-percentage":1.09104589917231,"ALIMENTAÇÃO E SAÚDE-occurances":43,"ALIMENTAÇÃO E SAÚDE-percentage":0.8088788562829194,"JOGOS-occurances":36,"JOGOS-percentage":0.6772009029345373,"SEXO-occurances":24,"SEXO-percentage":0.45146726862302483,"MODA-occurances":19,"MODA-percentage":0.35741158765989467,"INTERNACIONAL-occurances":18,"INTERNACIONAL-percentage":0.33860045146726864,"EDUCAÇÃO-occurances":11,"EDUCAÇÃO-percentage":0.20692249811888638,"VIAGENS-occurances":10,"VIAGENS-percentage":0.18811136192626035,"HUMOR-occurances":9,"HUMOR-percentage":0.16930022573363432,"CIÊNCIA-occurances":6,"CIÊNCIA-percentage":0.11286681715575621,"ESOTERISMO-occurances":6,"ESOTERISMO-percentage":0.11286681715575621,"FITNESS-occurances":6,"FITNESS-percentage":0.11286681715575621,"LINKEDIN-occurances":6,"LINKEDIN-percentage":0.11286681715575621,"INSTAGRAM-occurances":5,"INSTAGRAM-percentage":0.09405568096313018,"NATUREZA-occurances":4,"NATUREZA-percentage":0.07524454477050414,"ECONOMIA-occurances":3,"ECONOMIA-percentage":0.056433408577878104,"TWITTER-occurances":1,"TWITTER-percentage":0.018811136192626036,"POLÍTICA-occurances":0,"POLÍTICA-percentage":0}