{"totalHistoryAmount":4204,"TECNOLOGIA-occurances":2156,"TECNOLOGIA-percentage":51.28449096098954,"YOUTUBE-occurances":301,"YOUTUBE-percentage":7.159847764034253,"FACEBOOK-occurances":203,"FACEBOOK-percentage":4.828734538534729,"ESPORTE-occurances":180,"ESPORTE-percentage":4.28163653663178,"POP/ARTE-occurances":62,"POP/ARTE-percentage":1.4747859181731684,"DECORAÇÃO-occurances":47,"DECORAÇÃO-percentage":1.1179828734538535,"MODA-occurances":37,"MODA-percentage":0.8801141769743102,"ECONOMIA-occurances":36,"ECONOMIA-percentage":0.8563273073263559,"NOTÍCIAS-occurances":30,"NOTÍCIAS-percentage":0.7136060894386299,"ALIMENTAÇÃO E SAÚDE-occurances":27,"ALIMENTAÇÃO E SAÚDE-percentage":0.6422454804947669,"FITNESS-occurances":26,"FITNESS-percentage":0.6184586108468125,"INSTAGRAM-occurances":26,"INSTAGRAM-percentage":0.6184586108468125,"TV E CELEBRIDADES-occurances":23,"TV E CELEBRIDADES-percentage":0.5470980019029495,"POLÍTICA-occurances":21,"POLÍTICA-percentage":0.4995242626070409,"ESOTERISMO-occurances":20,"ESOTERISMO-percentage":0.47573739295908657,"JOGOS-occurances":20,"JOGOS-percentage":0.47573739295908657,"EDUCAÇÃO-occurances":13,"EDUCAÇÃO-percentage":0.30922930542340626,"VIAGENS-occurances":12,"VIAGENS-percentage":0.285442435775452,"INTERNACIONAL-occurances":10,"INTERNACIONAL-percentage":0.23786869647954328,"CARROS-occurances":7,"CARROS-percentage":0.1665080875356803,"HUMOR-occurances":6,"HUMOR-percentage":0.142721217887726,"LINKEDIN-occurances":6,"LINKEDIN-percentage":0.142721217887726,"SÉRIES E FILMES-occurances":5,"SÉRIES E FILMES-percentage":0.11893434823977164,"SEXO-occurances":5,"SEXO-percentage":0.11893434823977164,"TWITTER-occurances":3,"TWITTER-percentage":0.071360608943863,"CIÊNCIA-occurances":0,"CIÊNCIA-percentage":0,"NATUREZA-occurances":0,"NATUREZA-percentage":0}