{"totalHistoryAmount":9360,"TECNOLOGIA-occurances":4310,"TECNOLOGIA-percentage":46.047008547008545,"ESPORTE-occurances":1547,"ESPORTE-percentage":16.52777777777778,"FACEBOOK-occurances":1122,"FACEBOOK-percentage":11.987179487179487,"SEXO-occurances":694,"SEXO-percentage":7.414529914529915,"INSTAGRAM-occurances":174,"INSTAGRAM-percentage":1.858974358974359,"CARROS-occurances":140,"CARROS-percentage":1.4957264957264957,"YOUTUBE-occurances":63,"YOUTUBE-percentage":0.6730769230769231,"DECORAÇÃO-occurances":61,"DECORAÇÃO-percentage":0.6517094017094017,"NOTÍCIAS-occurances":49,"NOTÍCIAS-percentage":0.5235042735042735,"EDUCAÇÃO-occurances":39,"EDUCAÇÃO-percentage":0.4166666666666667,"POP/ARTE-occurances":35,"POP/ARTE-percentage":0.37393162393162394,"MODA-occurances":24,"MODA-percentage":0.2564102564102564,"LINKEDIN-occurances":17,"LINKEDIN-percentage":0.18162393162393162,"ESOTERISMO-occurances":15,"ESOTERISMO-percentage":0.16025641025641027,"SÉRIES E FILMES-occurances":12,"SÉRIES E FILMES-percentage":0.1282051282051282,"CIÊNCIA-occurances":11,"CIÊNCIA-percentage":0.11752136752136752,"ECONOMIA-occurances":11,"ECONOMIA-percentage":0.11752136752136752,"TWITTER-occurances":10,"TWITTER-percentage":0.10683760683760683,"JOGOS-occurances":7,"JOGOS-percentage":0.07478632478632478,"TV E CELEBRIDADES-occurances":6,"TV E CELEBRIDADES-percentage":0.0641025641025641,"VIAGENS-occurances":3,"VIAGENS-percentage":0.03205128205128205,"FITNESS-occurances":2,"FITNESS-percentage":0.021367521367521368,"ALIMENTAÇÃO E SAÚDE-occurances":1,"ALIMENTAÇÃO E SAÚDE-percentage":0.010683760683760684,"INTERNACIONAL-occurances":1,"INTERNACIONAL-percentage":0.010683760683760684,"POLÍTICA-occurances":1,"POLÍTICA-percentage":0.010683760683760684,"HUMOR-occurances":0,"HUMOR-percentage":0,"NATUREZA-occurances":0,"NATUREZA-percentage":0}