{"totalHistoryAmount":6412,"TECNOLOGIA-occurances":1564,"TECNOLOGIA-percentage":24.391765439800373,"FACEBOOK-occurances":694,"FACEBOOK-percentage":10.82345601996257,"NOTÍCIAS-occurances":380,"NOTÍCIAS-percentage":5.926388022457892,"DECORAÇÃO-occurances":353,"DECORAÇÃO-percentage":5.505302557704304,"MODA-occurances":248,"MODA-percentage":3.867747972551466,"ESPORTE-occurances":211,"ESPORTE-percentage":3.2907049282595136,"ESOTERISMO-occurances":160,"ESOTERISMO-percentage":2.495321272613849,"LINKEDIN-occurances":136,"LINKEDIN-percentage":2.1210230817217717,"TV E CELEBRIDADES-occurances":99,"TV E CELEBRIDADES-percentage":1.5439800374298192,"POP/ARTE-occurances":91,"POP/ARTE-percentage":1.4192139737991267,"YOUTUBE-occurances":85,"YOUTUBE-percentage":1.3256394260761073,"SÉRIES E FILMES-occurances":76,"SÉRIES E FILMES-percentage":1.1852776044915783,"ALIMENTAÇÃO E SAÚDE-occurances":59,"ALIMENTAÇÃO E SAÚDE-percentage":0.9201497192763568,"POLÍTICA-occurances":55,"POLÍTICA-percentage":0.8577666874610106,"CARROS-occurances":37,"CARROS-percentage":0.5770430442919526,"EDUCAÇÃO-occurances":30,"EDUCAÇÃO-percentage":0.4678727386150967,"ECONOMIA-occurances":26,"ECONOMIA-percentage":0.4054897067997505,"CIÊNCIA-occurances":24,"CIÊNCIA-percentage":0.37429819089207733,"NATUREZA-occurances":18,"NATUREZA-percentage":0.280723643169058,"SEXO-occurances":18,"SEXO-percentage":0.280723643169058,"JOGOS-occurances":17,"JOGOS-percentage":0.26512788521522146,"HUMOR-occurances":15,"HUMOR-percentage":0.23393636930754835,"INTERNACIONAL-occurances":13,"INTERNACIONAL-percentage":0.20274485339987525,"TWITTER-occurances":10,"TWITTER-percentage":0.15595757953836556,"FITNESS-occurances":9,"FITNESS-percentage":0.140361821584529,"INSTAGRAM-occurances":8,"INSTAGRAM-percentage":0.12476606363069245,"VIAGENS-occurances":6,"VIAGENS-percentage":0.09357454772301933}