{"totalHistoryAmount":2612,"TECNOLOGIA-occurances":1027,"TECNOLOGIA-percentage":39.31852986217458,"DECORAÇÃO-occurances":315,"DECORAÇÃO-percentage":12.059724349157733,"FACEBOOK-occurances":98,"FACEBOOK-percentage":3.7519142419601836,"ESPORTE-occurances":64,"ESPORTE-percentage":2.450229709035222,"POP/ARTE-occurances":37,"POP/ARTE-percentage":1.4165390505359878,"NOTÍCIAS-occurances":34,"NOTÍCIAS-percentage":1.3016845329249618,"SÉRIES E FILMES-occurances":31,"SÉRIES E FILMES-percentage":1.1868300153139357,"ALIMENTAÇÃO E SAÚDE-occurances":30,"ALIMENTAÇÃO E SAÚDE-percentage":1.1485451761102603,"MODA-occurances":25,"MODA-percentage":0.9571209800918836,"YOUTUBE-occurances":17,"YOUTUBE-percentage":0.6508422664624809,"ECONOMIA-occurances":10,"ECONOMIA-percentage":0.38284839203675347,"FITNESS-occurances":10,"FITNESS-percentage":0.38284839203675347,"JOGOS-occurances":9,"JOGOS-percentage":0.3445635528330781,"INTERNACIONAL-occurances":6,"INTERNACIONAL-percentage":0.22970903522205208,"VIAGENS-occurances":6,"VIAGENS-percentage":0.22970903522205208,"CARROS-occurances":5,"CARROS-percentage":0.19142419601837674,"EDUCAÇÃO-occurances":5,"EDUCAÇÃO-percentage":0.19142419601837674,"INSTAGRAM-occurances":5,"INSTAGRAM-percentage":0.19142419601837674,"ESOTERISMO-occurances":4,"ESOTERISMO-percentage":0.15313935681470137,"NATUREZA-occurances":4,"NATUREZA-percentage":0.15313935681470137,"SEXO-occurances":4,"SEXO-percentage":0.15313935681470137,"TV E CELEBRIDADES-occurances":4,"TV E CELEBRIDADES-percentage":0.15313935681470137,"HUMOR-occurances":3,"HUMOR-percentage":0.11485451761102604,"CIÊNCIA-occurances":1,"CIÊNCIA-percentage":0.03828483920367534,"POLÍTICA-occurances":1,"POLÍTICA-percentage":0.03828483920367534,"LINKEDIN-occurances":0,"LINKEDIN-percentage":0,"TWITTER-occurances":0,"TWITTER-percentage":0}