{"totalHistoryAmount":2508,"TECNOLOGIA-occurances":1055,"TECNOLOGIA-percentage":42.06539074960128,"NOTÍCIAS-occurances":263,"NOTÍCIAS-percentage":10.486443381180223,"ESPORTE-occurances":157,"ESPORTE-percentage":6.2599681020733655,"YOUTUBE-occurances":123,"YOUTUBE-percentage":4.904306220095694,"FACEBOOK-occurances":85,"FACEBOOK-percentage":3.3891547049441786,"JOGOS-occurances":33,"JOGOS-percentage":1.3157894736842106,"POLÍTICA-occurances":27,"POLÍTICA-percentage":1.076555023923445,"SEXO-occurances":25,"SEXO-percentage":0.9968102073365231,"POP/ARTE-occurances":19,"POP/ARTE-percentage":0.7575757575757576,"SÉRIES E FILMES-occurances":19,"SÉRIES E FILMES-percentage":0.7575757575757576,"EDUCAÇÃO-occurances":18,"EDUCAÇÃO-percentage":0.7177033492822966,"INTERNACIONAL-occurances":16,"INTERNACIONAL-percentage":0.6379585326953748,"MODA-occurances":15,"MODA-percentage":0.5980861244019139,"INSTAGRAM-occurances":14,"INSTAGRAM-percentage":0.5582137161084529,"TWITTER-occurances":11,"TWITTER-percentage":0.43859649122807015,"LINKEDIN-occurances":8,"LINKEDIN-percentage":0.3189792663476874,"ALIMENTAÇÃO E SAÚDE-occurances":6,"ALIMENTAÇÃO E SAÚDE-percentage":0.23923444976076555,"TV E CELEBRIDADES-occurances":6,"TV E CELEBRIDADES-percentage":0.23923444976076555,"DECORAÇÃO-occurances":5,"DECORAÇÃO-percentage":0.19936204146730463,"VIAGENS-occurances":5,"VIAGENS-percentage":0.19936204146730463,"CARROS-occurances":4,"CARROS-percentage":0.1594896331738437,"ESOTERISMO-occurances":3,"ESOTERISMO-percentage":0.11961722488038277,"CIÊNCIA-occurances":2,"CIÊNCIA-percentage":0.07974481658692185,"NATUREZA-occurances":2,"NATUREZA-percentage":0.07974481658692185,"ECONOMIA-occurances":1,"ECONOMIA-percentage":0.03987240829346093,"FITNESS-occurances":1,"FITNESS-percentage":0.03987240829346093,"HUMOR-occurances":1,"HUMOR-percentage":0.03987240829346093}