{"totalHistoryAmount":4036,"TECNOLOGIA-occurances":2090,"TECNOLOGIA-percentage":51.78394449950446,"YOUTUBE-occurances":286,"YOUTUBE-percentage":7.086223984142715,"FACEBOOK-occurances":204,"FACEBOOK-percentage":5.054509415262636,"ESPORTE-occurances":179,"ESPORTE-percentage":4.435084241823588,"POP/ARTE-occurances":65,"POP/ARTE-percentage":1.6105054509415262,"FITNESS-occurances":57,"FITNESS-percentage":1.4122893954410307,"ECONOMIA-occurances":35,"ECONOMIA-percentage":0.867195242814668,"INSTAGRAM-occurances":33,"INSTAGRAM-percentage":0.817641228939544,"NOTÍCIAS-occurances":25,"NOTÍCIAS-percentage":0.6194251734390486,"MODA-occurances":24,"MODA-percentage":0.5946481665014867,"JOGOS-occurances":18,"JOGOS-percentage":0.44598612487611494,"POLÍTICA-occurances":18,"POLÍTICA-percentage":0.44598612487611494,"SÉRIES E FILMES-occurances":18,"SÉRIES E FILMES-percentage":0.44598612487611494,"TV E CELEBRIDADES-occurances":18,"TV E CELEBRIDADES-percentage":0.44598612487611494,"EDUCAÇÃO-occurances":13,"EDUCAÇÃO-percentage":0.32210109018830524,"VIAGENS-occurances":12,"VIAGENS-percentage":0.29732408325074333,"INTERNACIONAL-occurances":10,"INTERNACIONAL-percentage":0.24777006937561943,"CARROS-occurances":7,"CARROS-percentage":0.1734390485629336,"HUMOR-occurances":6,"HUMOR-percentage":0.14866204162537167,"DECORAÇÃO-occurances":5,"DECORAÇÃO-percentage":0.12388503468780972,"ESOTERISMO-occurances":5,"ESOTERISMO-percentage":0.12388503468780972,"SEXO-occurances":5,"SEXO-percentage":0.12388503468780972,"TWITTER-occurances":3,"TWITTER-percentage":0.07433102081268583,"CIÊNCIA-occurances":1,"CIÊNCIA-percentage":0.024777006937561942,"LINKEDIN-occurances":1,"LINKEDIN-percentage":0.024777006937561942,"NATUREZA-occurances":1,"NATUREZA-percentage":0.024777006937561942,"ALIMENTAÇÃO E SAÚDE-occurances":0,"ALIMENTAÇÃO E SAÚDE-percentage":0}