{"totalHistoryAmount":6593,"TECNOLOGIA-occurances":1832,"TECNOLOGIA-percentage":27.787046867890187,"NOTÍCIAS-occurances":437,"NOTÍCIAS-percentage":6.628242074927954,"YOUTUBE-occurances":405,"YOUTUBE-percentage":6.142878810860003,"DECORAÇÃO-occurances":387,"DECORAÇÃO-percentage":5.869861974821781,"SÉRIES E FILMES-occurances":252,"SÉRIES E FILMES-percentage":3.822235704535113,"FACEBOOK-occurances":180,"FACEBOOK-percentage":2.7301683603822235,"POP/ARTE-occurances":133,"POP/ARTE-percentage":2.0172910662824206,"ESPORTE-occurances":126,"ESPORTE-percentage":1.9111178522675565,"TV E CELEBRIDADES-occurances":75,"TV E CELEBRIDADES-percentage":1.1375701501592599,"MODA-occurances":66,"MODA-percentage":1.0010617321401487,"ALIMENTAÇÃO E SAÚDE-occurances":58,"ALIMENTAÇÃO E SAÚDE-percentage":0.879720916123161,"CARROS-occurances":58,"CARROS-percentage":0.879720916123161,"JOGOS-occurances":40,"JOGOS-percentage":0.6067040800849386,"VIAGENS-occurances":37,"VIAGENS-percentage":0.5612012740785681,"SEXO-occurances":28,"SEXO-percentage":0.424692856059457,"EDUCAÇÃO-occurances":24,"EDUCAÇÃO-percentage":0.3640224480509631,"INTERNACIONAL-occurances":19,"INTERNACIONAL-percentage":0.2881844380403458,"CIÊNCIA-occurances":11,"CIÊNCIA-percentage":0.16684362202335812,"HUMOR-occurances":10,"HUMOR-percentage":0.15167602002123465,"LINKEDIN-occurances":10,"LINKEDIN-percentage":0.15167602002123465,"ECONOMIA-occurances":8,"ECONOMIA-percentage":0.12134081601698772,"ESOTERISMO-occurances":8,"ESOTERISMO-percentage":0.12134081601698772,"FITNESS-occurances":8,"FITNESS-percentage":0.12134081601698772,"NATUREZA-occurances":5,"NATUREZA-percentage":0.07583801001061732,"TWITTER-occurances":3,"TWITTER-percentage":0.04550280600637039,"POLÍTICA-occurances":1,"POLÍTICA-percentage":0.015167602002123465,"INSTAGRAM-occurances":0,"INSTAGRAM-percentage":0}