{"totalHistoryAmount":2456,"TECNOLOGIA-occurances":852,"TECNOLOGIA-percentage":34.69055374592834,"LINKEDIN-occurances":146,"LINKEDIN-percentage":5.944625407166124,"EDUCAÇÃO-occurances":86,"EDUCAÇÃO-percentage":3.501628664495114,"VIAGENS-occurances":55,"VIAGENS-percentage":2.239413680781759,"FACEBOOK-occurances":50,"FACEBOOK-percentage":2.035830618892508,"CARROS-occurances":31,"CARROS-percentage":1.262214983713355,"NOTÍCIAS-occurances":29,"NOTÍCIAS-percentage":1.1807817589576548,"ESPORTE-occurances":26,"ESPORTE-percentage":1.0586319218241043,"YOUTUBE-occurances":25,"YOUTUBE-percentage":1.017915309446254,"INSTAGRAM-occurances":24,"INSTAGRAM-percentage":0.9771986970684039,"TV E CELEBRIDADES-occurances":24,"TV E CELEBRIDADES-percentage":0.9771986970684039,"CIÊNCIA-occurances":20,"CIÊNCIA-percentage":0.8143322475570033,"TWITTER-occurances":20,"TWITTER-percentage":0.8143322475570033,"SEXO-occurances":16,"SEXO-percentage":0.6514657980456026,"ECONOMIA-occurances":14,"ECONOMIA-percentage":0.5700325732899023,"DECORAÇÃO-occurances":13,"DECORAÇÃO-percentage":0.5293159609120521,"JOGOS-occurances":10,"JOGOS-percentage":0.40716612377850164,"ESOTERISMO-occurances":7,"ESOTERISMO-percentage":0.28501628664495116,"MODA-occurances":7,"MODA-percentage":0.28501628664495116,"POP/ARTE-occurances":6,"POP/ARTE-percentage":0.24429967426710097,"POLÍTICA-occurances":5,"POLÍTICA-percentage":0.20358306188925082,"ALIMENTAÇÃO E SAÚDE-occurances":4,"ALIMENTAÇÃO E SAÚDE-percentage":0.16286644951140064,"FITNESS-occurances":2,"FITNESS-percentage":0.08143322475570032,"SÉRIES E FILMES-occurances":1,"SÉRIES E FILMES-percentage":0.04071661237785016,"HUMOR-occurances":0,"HUMOR-percentage":0,"INTERNACIONAL-occurances":0,"INTERNACIONAL-percentage":0,"NATUREZA-occurances":0,"NATUREZA-percentage":0}