{"totalHistoryAmount":3098,"TECNOLOGIA-occurances":1147,"TECNOLOGIA-percentage":37.02388637830859,"DECORAÇÃO-occurances":412,"DECORAÇÃO-percentage":13.298902517753389,"FACEBOOK-occurances":152,"FACEBOOK-percentage":4.906391220142027,"ESPORTE-occurances":89,"ESPORTE-percentage":2.8728211749515817,"POP/ARTE-occurances":42,"POP/ARTE-percentage":1.355713363460297,"ALIMENTAÇÃO E SAÚDE-occurances":34,"ALIMENTAÇÃO E SAÚDE-percentage":1.0974822466107166,"NOTÍCIAS-occurances":34,"NOTÍCIAS-percentage":1.0974822466107166,"SÉRIES E FILMES-occurances":32,"SÉRIES E FILMES-percentage":1.0329244673983216,"MODA-occurances":25,"MODA-percentage":0.8069722401549386,"JOGOS-occurances":21,"JOGOS-percentage":0.6778566817301485,"YOUTUBE-occurances":17,"YOUTUBE-percentage":0.5487411233053583,"TWITTER-occurances":16,"TWITTER-percentage":0.5164622336991608,"FITNESS-occurances":11,"FITNESS-percentage":0.35506778566817304,"ECONOMIA-occurances":10,"ECONOMIA-percentage":0.32278889606197547,"CARROS-occurances":8,"CARROS-percentage":0.2582311168495804,"INSTAGRAM-occurances":8,"INSTAGRAM-percentage":0.2582311168495804,"VIAGENS-occurances":8,"VIAGENS-percentage":0.2582311168495804,"INTERNACIONAL-occurances":6,"INTERNACIONAL-percentage":0.19367333763718528,"EDUCAÇÃO-occurances":5,"EDUCAÇÃO-percentage":0.16139444803098774,"ESOTERISMO-occurances":4,"ESOTERISMO-percentage":0.1291155584247902,"NATUREZA-occurances":4,"NATUREZA-percentage":0.1291155584247902,"TV E CELEBRIDADES-occurances":4,"TV E CELEBRIDADES-percentage":0.1291155584247902,"HUMOR-occurances":3,"HUMOR-percentage":0.09683666881859264,"CIÊNCIA-occurances":2,"CIÊNCIA-percentage":0.0645577792123951,"SEXO-occurances":2,"SEXO-percentage":0.0645577792123951,"POLÍTICA-occurances":1,"POLÍTICA-percentage":0.03227888960619755,"LINKEDIN-occurances":0,"LINKEDIN-percentage":0}