{"totalHistoryAmount":7324,"TECNOLOGIA-occurances":1757,"TECNOLOGIA-percentage":23.989623156744948,"NOTÍCIAS-occurances":602,"NOTÍCIAS-percentage":8.219552157291098,"FACEBOOK-occurances":582,"FACEBOOK-percentage":7.946477334789733,"DECORAÇÃO-occurances":398,"DECORAÇÃO-percentage":5.434188967777171,"MODA-occurances":282,"MODA-percentage":3.850354997269252,"ESPORTE-occurances":237,"ESPORTE-percentage":3.23593664664118,"POP/ARTE-occurances":132,"POP/ARTE-percentage":1.8022938285090115,"LINKEDIN-occurances":122,"LINKEDIN-percentage":1.6657564172583288,"YOUTUBE-occurances":103,"YOUTUBE-percentage":1.4063353358820316,"ESOTERISMO-occurances":94,"ESOTERISMO-percentage":1.2834516657564172,"TV E CELEBRIDADES-occurances":88,"TV E CELEBRIDADES-percentage":1.2015292190060076,"SÉRIES E FILMES-occurances":86,"SÉRIES E FILMES-percentage":1.1742217367558712,"ALIMENTAÇÃO E SAÚDE-occurances":64,"ALIMENTAÇÃO E SAÚDE-percentage":0.8738394320043692,"EDUCAÇÃO-occurances":40,"EDUCAÇÃO-percentage":0.5461496450027308,"CARROS-occurances":36,"CARROS-percentage":0.4915346805024577,"JOGOS-occurances":35,"JOGOS-percentage":0.4778809393773894,"VIAGENS-occurances":31,"VIAGENS-percentage":0.4232659748771163,"POLÍTICA-occurances":28,"POLÍTICA-percentage":0.3823047515019115,"CIÊNCIA-occurances":23,"CIÊNCIA-percentage":0.3140360458765702,"INTERNACIONAL-occurances":21,"INTERNACIONAL-percentage":0.2867285636264336,"HUMOR-occurances":19,"HUMOR-percentage":0.2594210813762971,"SEXO-occurances":19,"SEXO-percentage":0.2594210813762971,"ECONOMIA-occurances":16,"ECONOMIA-percentage":0.2184598580010923,"FITNESS-occurances":7,"FITNESS-percentage":0.09557618787547788,"INSTAGRAM-occurances":6,"INSTAGRAM-percentage":0.0819224467504096,"NATUREZA-occurances":6,"NATUREZA-percentage":0.0819224467504096,"TWITTER-occurances":6,"TWITTER-percentage":0.0819224467504096}