{"totalHistoryAmount":5122,"TECNOLOGIA-occurances":1425,"TECNOLOGIA-percentage":27.821163607965637,"YOUTUBE-occurances":613,"YOUTUBE-percentage":11.967981257321359,"SÉRIES E FILMES-occurances":380,"SÉRIES E FILMES-percentage":7.41897696212417,"DECORAÇÃO-occurances":296,"DECORAÇÃO-percentage":5.778992581023038,"NOTÍCIAS-occurances":182,"NOTÍCIAS-percentage":3.553299492385787,"FACEBOOK-occurances":157,"FACEBOOK-percentage":3.0652089027723544,"POP/ARTE-occurances":98,"POP/ARTE-percentage":1.9133151112846545,"TV E CELEBRIDADES-occurances":67,"TV E CELEBRIDADES-percentage":1.3080827801639985,"CARROS-occurances":57,"CARROS-percentage":1.1128465443186255,"ESPORTE-occurances":56,"ESPORTE-percentage":1.0933229207340882,"ALIMENTAÇÃO E SAÚDE-occurances":42,"ALIMENTAÇÃO E SAÚDE-percentage":0.8199921905505662,"SEXO-occurances":24,"SEXO-percentage":0.46856696602889497,"MODA-occurances":21,"MODA-percentage":0.4099960952752831,"INTERNACIONAL-occurances":10,"INTERNACIONAL-percentage":0.1952362358453729,"VIAGENS-occurances":10,"VIAGENS-percentage":0.1952362358453729,"EDUCAÇÃO-occurances":9,"EDUCAÇÃO-percentage":0.17571261226083562,"JOGOS-occurances":9,"JOGOS-percentage":0.17571261226083562,"CIÊNCIA-occurances":6,"CIÊNCIA-percentage":0.11714174150722374,"ESOTERISMO-occurances":6,"ESOTERISMO-percentage":0.11714174150722374,"FITNESS-occurances":6,"FITNESS-percentage":0.11714174150722374,"INSTAGRAM-occurances":6,"INSTAGRAM-percentage":0.11714174150722374,"LINKEDIN-occurances":6,"LINKEDIN-percentage":0.11714174150722374,"HUMOR-occurances":5,"HUMOR-percentage":0.09761811792268645,"NATUREZA-occurances":4,"NATUREZA-percentage":0.07809449433814916,"ECONOMIA-occurances":2,"ECONOMIA-percentage":0.03904724716907458,"TWITTER-occurances":1,"TWITTER-percentage":0.01952362358453729,"POLÍTICA-occurances":0,"POLÍTICA-percentage":0}