{"totalHistoryAmount":7221,"TECNOLOGIA-occurances":1767,"TECNOLOGIA-percentage":24.47029497299543,"FACEBOOK-occurances":581,"FACEBOOK-percentage":8.045977011494253,"NOTÍCIAS-occurances":522,"NOTÍCIAS-percentage":7.228915662650603,"DECORAÇÃO-occurances":405,"DECORAÇÃO-percentage":5.608641462401329,"MODA-occurances":287,"MODA-percentage":3.9745187647140283,"ESPORTE-occurances":223,"ESPORTE-percentage":3.0882149286802383,"POP/ARTE-occurances":127,"POP/ARTE-percentage":1.7587591746295528,"LINKEDIN-occurances":125,"LINKEDIN-percentage":1.7310621797534969,"ESOTERISMO-occurances":110,"ESOTERISMO-percentage":1.5233347181830772,"YOUTUBE-occurances":97,"YOUTUBE-percentage":1.3433042514887135,"SÉRIES E FILMES-occurances":90,"SÉRIES E FILMES-percentage":1.2463647694225177,"TV E CELEBRIDADES-occurances":75,"TV E CELEBRIDADES-percentage":1.038637307852098,"ALIMENTAÇÃO E SAÚDE-occurances":60,"ALIMENTAÇÃO E SAÚDE-percentage":0.8309098462816784,"EDUCAÇÃO-occurances":39,"EDUCAÇÃO-percentage":0.540091400083091,"CARROS-occurances":37,"CARROS-percentage":0.512394405207035,"POLÍTICA-occurances":35,"POLÍTICA-percentage":0.4846974103309791,"JOGOS-occurances":34,"JOGOS-percentage":0.4708489128929511,"VIAGENS-occurances":31,"VIAGENS-percentage":0.42930342057886717,"CIÊNCIA-occurances":23,"CIÊNCIA-percentage":0.3185154410746434,"INTERNACIONAL-occurances":22,"INTERNACIONAL-percentage":0.30466694363661545,"SEXO-occurances":17,"SEXO-percentage":0.23542445644647556,"ECONOMIA-occurances":16,"ECONOMIA-percentage":0.2215759590084476,"HUMOR-occurances":15,"HUMOR-percentage":0.2077274615704196,"FITNESS-occurances":7,"FITNESS-percentage":0.09693948206619582,"NATUREZA-occurances":7,"NATUREZA-percentage":0.09693948206619582,"TWITTER-occurances":7,"TWITTER-percentage":0.09693948206619582,"INSTAGRAM-occurances":6,"INSTAGRAM-percentage":0.08309098462816784}