{"totalHistoryAmount":6870,"TECNOLOGIA-occurances":1863,"TECNOLOGIA-percentage":27.117903930131003,"NOTÍCIAS-occurances":465,"NOTÍCIAS-percentage":6.7685589519650655,"FACEBOOK-occurances":362,"FACEBOOK-percentage":5.269286754002911,"DECORAÇÃO-occurances":349,"DECORAÇÃO-percentage":5.080058224163028,"MODA-occurances":271,"MODA-percentage":3.944687045123726,"YOUTUBE-occurances":213,"YOUTUBE-percentage":3.1004366812227073,"ESPORTE-occurances":167,"ESPORTE-percentage":2.430858806404658,"SÉRIES E FILMES-occurances":156,"SÉRIES E FILMES-percentage":2.2707423580786026,"POP/ARTE-occurances":125,"POP/ARTE-percentage":1.819505094614265,"ALIMENTAÇÃO E SAÚDE-occurances":63,"ALIMENTAÇÃO E SAÚDE-percentage":0.9170305676855895,"TV E CELEBRIDADES-occurances":59,"TV E CELEBRIDADES-percentage":0.858806404657933,"CARROS-occurances":48,"CARROS-percentage":0.6986899563318777,"JOGOS-occurances":36,"JOGOS-percentage":0.5240174672489083,"VIAGENS-occurances":36,"VIAGENS-percentage":0.5240174672489083,"SEXO-occurances":30,"SEXO-percentage":0.4366812227074236,"EDUCAÇÃO-occurances":28,"EDUCAÇÃO-percentage":0.40756914119359533,"INTERNACIONAL-occurances":21,"INTERNACIONAL-percentage":0.3056768558951965,"CIÊNCIA-occurances":19,"CIÊNCIA-percentage":0.2765647743813683,"HUMOR-occurances":16,"HUMOR-percentage":0.2328966521106259,"LINKEDIN-occurances":10,"LINKEDIN-percentage":0.14556040756914118,"ECONOMIA-occurances":9,"ECONOMIA-percentage":0.13100436681222707,"NATUREZA-occurances":8,"NATUREZA-percentage":0.11644832605531295,"ESOTERISMO-occurances":5,"ESOTERISMO-percentage":0.07278020378457059,"FITNESS-occurances":5,"FITNESS-percentage":0.07278020378457059,"INSTAGRAM-occurances":4,"INSTAGRAM-percentage":0.05822416302765648,"POLÍTICA-occurances":3,"POLÍTICA-percentage":0.043668122270742356,"TWITTER-occurances":3,"TWITTER-percentage":0.043668122270742356}