{"totalHistoryAmount":6908,"TECNOLOGIA-occurances":1917,"TECNOLOGIA-percentage":27.750434279096698,"NOTÍCIAS-occurances":465,"NOTÍCIAS-percentage":6.731325998841922,"DECORAÇÃO-occurances":358,"DECORAÇÃO-percentage":5.182397220613781,"FACEBOOK-occurances":310,"FACEBOOK-percentage":4.487550665894615,"MODA-occurances":268,"MODA-percentage":3.8795599305153443,"YOUTUBE-occurances":238,"YOUTUBE-percentage":3.4452808338158656,"SÉRIES E FILMES-occurances":161,"SÉRIES E FILMES-percentage":2.330631152287203,"ESPORTE-occurances":160,"ESPORTE-percentage":2.3161551823972206,"POP/ARTE-occurances":126,"POP/ARTE-percentage":1.8239722061378112,"ALIMENTAÇÃO E SAÚDE-occurances":71,"ALIMENTAÇÃO E SAÚDE-percentage":1.0277938621887666,"TV E CELEBRIDADES-occurances":59,"TV E CELEBRIDADES-percentage":0.8540822235089751,"CARROS-occurances":47,"CARROS-percentage":0.6803705848291836,"JOGOS-occurances":36,"JOGOS-percentage":0.5211349160393747,"VIAGENS-occurances":36,"VIAGENS-percentage":0.5211349160393747,"SEXO-occurances":32,"SEXO-percentage":0.46323103647944414,"EDUCAÇÃO-occurances":26,"EDUCAÇÃO-percentage":0.37637521713954836,"CIÊNCIA-occurances":18,"CIÊNCIA-percentage":0.26056745801968734,"INTERNACIONAL-occurances":17,"INTERNACIONAL-percentage":0.2460914881297047,"HUMOR-occurances":11,"HUMOR-percentage":0.1592356687898089,"LINKEDIN-occurances":10,"LINKEDIN-percentage":0.1447596988998263,"ECONOMIA-occurances":9,"ECONOMIA-percentage":0.13028372900984367,"NATUREZA-occurances":8,"NATUREZA-percentage":0.11580775911986103,"FITNESS-occurances":7,"FITNESS-percentage":0.1013317892298784,"ESOTERISMO-occurances":5,"ESOTERISMO-percentage":0.07237984944991314,"INSTAGRAM-occurances":4,"INSTAGRAM-percentage":0.05790387955993052,"TWITTER-occurances":3,"TWITTER-percentage":0.04342790966994789,"POLÍTICA-occurances":2,"POLÍTICA-percentage":0.02895193977996526}