{"totalHistoryAmount":1890,"TECNOLOGIA-occurances":1047,"TECNOLOGIA-percentage":55.3968253968254,"YOUTUBE-occurances":159,"YOUTUBE-percentage":8.412698412698413,"ESPORTE-occurances":90,"ESPORTE-percentage":4.761904761904762,"FITNESS-occurances":56,"FITNESS-percentage":2.962962962962963,"ECONOMIA-occurances":33,"ECONOMIA-percentage":1.746031746031746,"POP/ARTE-occurances":29,"POP/ARTE-percentage":1.5343915343915344,"FACEBOOK-occurances":18,"FACEBOOK-percentage":0.9523809523809523,"INSTAGRAM-occurances":18,"INSTAGRAM-percentage":0.9523809523809523,"SÉRIES E FILMES-occurances":14,"SÉRIES E FILMES-percentage":0.7407407407407407,"JOGOS-occurances":13,"JOGOS-percentage":0.6878306878306878,"EDUCAÇÃO-occurances":12,"EDUCAÇÃO-percentage":0.6349206349206349,"VIAGENS-occurances":11,"VIAGENS-percentage":0.582010582010582,"NOTÍCIAS-occurances":10,"NOTÍCIAS-percentage":0.5291005291005291,"POLÍTICA-occurances":6,"POLÍTICA-percentage":0.31746031746031744,"CARROS-occurances":5,"CARROS-percentage":0.26455026455026454,"TV E CELEBRIDADES-occurances":5,"TV E CELEBRIDADES-percentage":0.26455026455026454,"ESOTERISMO-occurances":2,"ESOTERISMO-percentage":0.10582010582010581,"HUMOR-occurances":2,"HUMOR-percentage":0.10582010582010581,"CIÊNCIA-occurances":1,"CIÊNCIA-percentage":0.05291005291005291,"DECORAÇÃO-occurances":1,"DECORAÇÃO-percentage":0.05291005291005291,"LINKEDIN-occurances":1,"LINKEDIN-percentage":0.05291005291005291,"MODA-occurances":1,"MODA-percentage":0.05291005291005291,"NATUREZA-occurances":1,"NATUREZA-percentage":0.05291005291005291,"ALIMENTAÇÃO E SAÚDE-occurances":0,"ALIMENTAÇÃO E SAÚDE-percentage":0,"INTERNACIONAL-occurances":0,"INTERNACIONAL-percentage":0,"SEXO-occurances":0,"SEXO-percentage":0,"TWITTER-occurances":0,"TWITTER-percentage":0}