{"totalHistoryAmount":6423,"TECNOLOGIA-occurances":1565,"TECNOLOGIA-percentage":24.365561264206757,"FACEBOOK-occurances":672,"FACEBOOK-percentage":10.462400747314339,"NOTÍCIAS-occurances":377,"NOTÍCIAS-percentage":5.869531371633193,"DECORAÇÃO-occurances":353,"DECORAÇÃO-percentage":5.495874202086252,"MODA-occurances":245,"MODA-percentage":3.8144169391250196,"ESPORTE-occurances":214,"ESPORTE-percentage":3.331776428460221,"ESOTERISMO-occurances":154,"ESOTERISMO-percentage":2.397633504592869,"LINKEDIN-occurances":136,"LINKEDIN-percentage":2.117390627432664,"POP/ARTE-occurances":108,"POP/ARTE-percentage":1.681457262961233,"TV E CELEBRIDADES-occurances":98,"TV E CELEBRIDADES-percentage":1.5257667756500077,"YOUTUBE-occurances":87,"YOUTUBE-percentage":1.35450723960766,"SÉRIES E FILMES-occurances":77,"SÉRIES E FILMES-percentage":1.1988167522964346,"ALIMENTAÇÃO E SAÚDE-occurances":54,"ALIMENTAÇÃO E SAÚDE-percentage":0.8407286314806165,"POLÍTICA-occurances":54,"POLÍTICA-percentage":0.8407286314806165,"CARROS-occurances":39,"CARROS-percentage":0.6071929005137786,"EDUCAÇÃO-occurances":29,"EDUCAÇÃO-percentage":0.4515024132025533,"ECONOMIA-occurances":25,"ECONOMIA-percentage":0.3892262182780632,"CIÊNCIA-occurances":24,"CIÊNCIA-percentage":0.37365716954694067,"NATUREZA-occurances":18,"NATUREZA-percentage":0.2802428771602055,"SEXO-occurances":18,"SEXO-percentage":0.2802428771602055,"JOGOS-occurances":17,"JOGOS-percentage":0.264673828429083,"HUMOR-occurances":15,"HUMOR-percentage":0.23353573096683794,"INTERNACIONAL-occurances":13,"INTERNACIONAL-percentage":0.20239763350459286,"TWITTER-occurances":10,"TWITTER-percentage":0.15569048731122528,"FITNESS-occurances":9,"FITNESS-percentage":0.14012143858010276,"INSTAGRAM-occurances":8,"INSTAGRAM-percentage":0.12455238984898023,"VIAGENS-occurances":4,"VIAGENS-percentage":0.062276194924490116}