{"totalHistoryAmount":3421,"TECNOLOGIA-occurances":1209,"TECNOLOGIA-percentage":35.34054370067232,"LINKEDIN-occurances":287,"LINKEDIN-percentage":8.389359836305173,"EDUCAÇÃO-occurances":99,"EDUCAÇÃO-percentage":2.8938906752411575,"FACEBOOK-occurances":98,"FACEBOOK-percentage":2.8646594562993277,"CARROS-occurances":43,"CARROS-percentage":1.2569424144986845,"VIAGENS-occurances":40,"VIAGENS-percentage":1.169248757673195,"INSTAGRAM-occurances":35,"INSTAGRAM-percentage":1.0230926629640456,"ESPORTE-occurances":32,"ESPORTE-percentage":0.935399006138556,"NOTÍCIAS-occurances":30,"NOTÍCIAS-percentage":0.8769365682548962,"SÉRIES E FILMES-occurances":28,"SÉRIES E FILMES-percentage":0.8184741303712365,"FITNESS-occurances":27,"FITNESS-percentage":0.7892429114294066,"YOUTUBE-occurances":27,"YOUTUBE-percentage":0.7892429114294066,"CIÊNCIA-occurances":20,"CIÊNCIA-percentage":0.5846243788365975,"DECORAÇÃO-occurances":19,"DECORAÇÃO-percentage":0.5553931598947676,"POP/ARTE-occurances":18,"POP/ARTE-percentage":0.5261619409529378,"JOGOS-occurances":17,"JOGOS-percentage":0.4969307220111079,"MODA-occurances":17,"MODA-percentage":0.4969307220111079,"TWITTER-occurances":17,"TWITTER-percentage":0.4969307220111079,"ECONOMIA-occurances":15,"ECONOMIA-percentage":0.4384682841274481,"TV E CELEBRIDADES-occurances":14,"TV E CELEBRIDADES-percentage":0.40923706518561825,"SEXO-occurances":11,"SEXO-percentage":0.3215434083601286,"ESOTERISMO-occurances":6,"ESOTERISMO-percentage":0.17538731365097926,"ALIMENTAÇÃO E SAÚDE-occurances":5,"ALIMENTAÇÃO E SAÚDE-percentage":0.14615609470914936,"POLÍTICA-occurances":4,"POLÍTICA-percentage":0.1169248757673195,"HUMOR-occurances":0,"HUMOR-percentage":0,"INTERNACIONAL-occurances":0,"INTERNACIONAL-percentage":0,"NATUREZA-occurances":0,"NATUREZA-percentage":0}