{"totalHistoryAmount":7185,"TECNOLOGIA-occurances":1820,"TECNOLOGIA-percentage":25.330549756437023,"NOTÍCIAS-occurances":530,"NOTÍCIAS-percentage":7.376478775226166,"FACEBOOK-occurances":526,"FACEBOOK-percentage":7.32080723729993,"DECORAÇÃO-occurances":348,"DECORAÇÃO-percentage":4.843423799582464,"MODA-occurances":277,"MODA-percentage":3.8552540013917884,"ESPORTE-occurances":209,"ESPORTE-percentage":2.90883785664579,"POP/ARTE-occurances":126,"POP/ARTE-percentage":1.7536534446764092,"YOUTUBE-occurances":125,"YOUTUBE-percentage":1.7397355601948503,"SÉRIES E FILMES-occurances":108,"SÉRIES E FILMES-percentage":1.5031315240083507,"ESOTERISMO-occurances":75,"ESOTERISMO-percentage":1.0438413361169103,"LINKEDIN-occurances":66,"LINKEDIN-percentage":0.918580375782881,"TV E CELEBRIDADES-occurances":63,"TV E CELEBRIDADES-percentage":0.8768267223382046,"ALIMENTAÇÃO E SAÚDE-occurances":54,"ALIMENTAÇÃO E SAÚDE-percentage":0.7515657620041754,"EDUCAÇÃO-occurances":35,"EDUCAÇÃO-percentage":0.4871259568545581,"JOGOS-occurances":34,"JOGOS-percentage":0.4732080723729993,"VIAGENS-occurances":33,"VIAGENS-percentage":0.4592901878914405,"CARROS-occurances":29,"CARROS-percentage":0.4036186499652053,"SEXO-occurances":23,"SEXO-percentage":0.3201113430758525,"CIÊNCIA-occurances":22,"CIÊNCIA-percentage":0.30619345859429364,"INTERNACIONAL-occurances":21,"INTERNACIONAL-percentage":0.29227557411273486,"HUMOR-occurances":19,"HUMOR-percentage":0.26443980514961724,"POLÍTICA-occurances":13,"POLÍTICA-percentage":0.18093249826026445,"ECONOMIA-occurances":12,"ECONOMIA-percentage":0.16701461377870563,"NATUREZA-occurances":8,"NATUREZA-percentage":0.11134307585247043,"TWITTER-occurances":7,"TWITTER-percentage":0.09742519137091162,"INSTAGRAM-occurances":6,"INSTAGRAM-percentage":0.08350730688935282,"FITNESS-occurances":5,"FITNESS-percentage":0.06958942240779402}