{"totalHistoryAmount":2444,"TECNOLOGIA-occurances":995,"TECNOLOGIA-percentage":40.711947626841244,"NOTÍCIAS-occurances":263,"NOTÍCIAS-percentage":10.761047463175123,"ESPORTE-occurances":155,"ESPORTE-percentage":6.342062193126023,"YOUTUBE-occurances":123,"YOUTUBE-percentage":5.032733224222586,"FACEBOOK-occurances":85,"FACEBOOK-percentage":3.4779050736497545,"JOGOS-occurances":33,"JOGOS-percentage":1.3502454991816695,"POLÍTICA-occurances":27,"POLÍTICA-percentage":1.104746317512275,"SEXO-occurances":25,"SEXO-percentage":1.0229132569558101,"POP/ARTE-occurances":19,"POP/ARTE-percentage":0.7774140752864157,"SÉRIES E FILMES-occurances":19,"SÉRIES E FILMES-percentage":0.7774140752864157,"EDUCAÇÃO-occurances":18,"EDUCAÇÃO-percentage":0.7364975450081833,"INTERNACIONAL-occurances":16,"INTERNACIONAL-percentage":0.6546644844517185,"MODA-occurances":15,"MODA-percentage":0.613747954173486,"INSTAGRAM-occurances":14,"INSTAGRAM-percentage":0.5728314238952537,"TWITTER-occurances":11,"TWITTER-percentage":0.4500818330605565,"LINKEDIN-occurances":8,"LINKEDIN-percentage":0.32733224222585927,"ALIMENTAÇÃO E SAÚDE-occurances":6,"ALIMENTAÇÃO E SAÚDE-percentage":0.24549918166939444,"TV E CELEBRIDADES-occurances":6,"TV E CELEBRIDADES-percentage":0.24549918166939444,"DECORAÇÃO-occurances":5,"DECORAÇÃO-percentage":0.20458265139116202,"VIAGENS-occurances":5,"VIAGENS-percentage":0.20458265139116202,"CARROS-occurances":4,"CARROS-percentage":0.16366612111292964,"ESOTERISMO-occurances":3,"ESOTERISMO-percentage":0.12274959083469722,"CIÊNCIA-occurances":2,"CIÊNCIA-percentage":0.08183306055646482,"NATUREZA-occurances":2,"NATUREZA-percentage":0.08183306055646482,"ECONOMIA-occurances":1,"ECONOMIA-percentage":0.04091653027823241,"FITNESS-occurances":1,"FITNESS-percentage":0.04091653027823241,"HUMOR-occurances":1,"HUMOR-percentage":0.04091653027823241}