{"totalHistoryAmount":2628,"TECNOLOGIA-occurances":1034,"TECNOLOGIA-percentage":39.3455098934551,"DECORAÇÃO-occurances":315,"DECORAÇÃO-percentage":11.986301369863014,"FACEBOOK-occurances":99,"FACEBOOK-percentage":3.767123287671233,"ESPORTE-occurances":64,"ESPORTE-percentage":2.43531202435312,"POP/ARTE-occurances":37,"POP/ARTE-percentage":1.4079147640791476,"NOTÍCIAS-occurances":34,"NOTÍCIAS-percentage":1.2937595129375952,"ALIMENTAÇÃO E SAÚDE-occurances":31,"ALIMENTAÇÃO E SAÚDE-percentage":1.1796042617960427,"SÉRIES E FILMES-occurances":31,"SÉRIES E FILMES-percentage":1.1796042617960427,"MODA-occurances":25,"MODA-percentage":0.9512937595129376,"YOUTUBE-occurances":17,"YOUTUBE-percentage":0.6468797564687976,"ECONOMIA-occurances":10,"ECONOMIA-percentage":0.380517503805175,"FITNESS-occurances":10,"FITNESS-percentage":0.380517503805175,"JOGOS-occurances":9,"JOGOS-percentage":0.3424657534246575,"INSTAGRAM-occurances":8,"INSTAGRAM-percentage":0.30441400304414,"INTERNACIONAL-occurances":6,"INTERNACIONAL-percentage":0.228310502283105,"VIAGENS-occurances":6,"VIAGENS-percentage":0.228310502283105,"CARROS-occurances":5,"CARROS-percentage":0.1902587519025875,"EDUCAÇÃO-occurances":5,"EDUCAÇÃO-percentage":0.1902587519025875,"ESOTERISMO-occurances":4,"ESOTERISMO-percentage":0.15220700152207,"NATUREZA-occurances":4,"NATUREZA-percentage":0.15220700152207,"SEXO-occurances":4,"SEXO-percentage":0.15220700152207,"TV E CELEBRIDADES-occurances":4,"TV E CELEBRIDADES-percentage":0.15220700152207,"HUMOR-occurances":3,"HUMOR-percentage":0.1141552511415525,"CIÊNCIA-occurances":1,"CIÊNCIA-percentage":0.0380517503805175,"POLÍTICA-occurances":1,"POLÍTICA-percentage":0.0380517503805175,"TWITTER-occurances":1,"TWITTER-percentage":0.0380517503805175,"LINKEDIN-occurances":0,"LINKEDIN-percentage":0}