{"totalHistoryAmount":2139,"TECNOLOGIA-occurances":903,"TECNOLOGIA-percentage":42.215988779803645,"NOTÍCIAS-occurances":256,"NOTÍCIAS-percentage":11.968209443665264,"YOUTUBE-occurances":100,"YOUTUBE-percentage":4.675081813931744,"ESPORTE-occurances":99,"ESPORTE-percentage":4.628330995792426,"FACEBOOK-occurances":69,"FACEBOOK-percentage":3.225806451612903,"JOGOS-occurances":33,"JOGOS-percentage":1.5427769985974755,"POLÍTICA-occurances":27,"POLÍTICA-percentage":1.262272089761571,"SEXO-occurances":25,"SEXO-percentage":1.168770453482936,"POP/ARTE-occurances":19,"POP/ARTE-percentage":0.8882655446470313,"SÉRIES E FILMES-occurances":19,"SÉRIES E FILMES-percentage":0.8882655446470313,"EDUCAÇÃO-occurances":16,"EDUCAÇÃO-percentage":0.748013090229079,"INTERNACIONAL-occurances":16,"INTERNACIONAL-percentage":0.748013090229079,"MODA-occurances":15,"MODA-percentage":0.7012622720897616,"INSTAGRAM-occurances":14,"INSTAGRAM-percentage":0.6545114539504441,"TWITTER-occurances":11,"TWITTER-percentage":0.5142589995324918,"LINKEDIN-occurances":8,"LINKEDIN-percentage":0.3740065451145395,"ALIMENTAÇÃO E SAÚDE-occurances":6,"ALIMENTAÇÃO E SAÚDE-percentage":0.2805049088359046,"DECORAÇÃO-occurances":5,"DECORAÇÃO-percentage":0.2337540906965872,"VIAGENS-occurances":5,"VIAGENS-percentage":0.2337540906965872,"TV E CELEBRIDADES-occurances":4,"TV E CELEBRIDADES-percentage":0.18700327255726976,"CARROS-occurances":3,"CARROS-percentage":0.1402524544179523,"ESOTERISMO-occurances":3,"ESOTERISMO-percentage":0.1402524544179523,"CIÊNCIA-occurances":1,"CIÊNCIA-percentage":0.04675081813931744,"ECONOMIA-occurances":1,"ECONOMIA-percentage":0.04675081813931744,"FITNESS-occurances":1,"FITNESS-percentage":0.04675081813931744,"HUMOR-occurances":0,"HUMOR-percentage":0,"NATUREZA-occurances":0,"NATUREZA-percentage":0}