{"totalHistoryAmount":4314,"TECNOLOGIA-occurances":2203,"TECNOLOGIA-percentage":51.06629578117756,"YOUTUBE-occurances":303,"YOUTUBE-percentage":7.023643949930459,"FACEBOOK-occurances":204,"FACEBOOK-percentage":4.728789986091794,"ESPORTE-occurances":185,"ESPORTE-percentage":4.288363467779323,"POP/ARTE-occurances":65,"POP/ARTE-percentage":1.5067222994900324,"DECORAÇÃO-occurances":47,"DECORAÇÃO-percentage":1.0894761242466389,"NOTÍCIAS-occurances":40,"NOTÍCIAS-percentage":0.9272137227630969,"MODA-occurances":37,"MODA-percentage":0.8576726935558646,"ECONOMIA-occurances":36,"ECONOMIA-percentage":0.8344923504867872,"ALIMENTAÇÃO E SAÚDE-occurances":27,"ALIMENTAÇÃO E SAÚDE-percentage":0.6258692628650904,"FITNESS-occurances":26,"FITNESS-percentage":0.602688919796013,"INSTAGRAM-occurances":26,"INSTAGRAM-percentage":0.602688919796013,"POLÍTICA-occurances":23,"POLÍTICA-percentage":0.5331478905887808,"TV E CELEBRIDADES-occurances":23,"TV E CELEBRIDADES-percentage":0.5331478905887808,"ESOTERISMO-occurances":20,"ESOTERISMO-percentage":0.46360686138154844,"JOGOS-occurances":20,"JOGOS-percentage":0.46360686138154844,"EDUCAÇÃO-occurances":13,"EDUCAÇÃO-percentage":0.3013444598980065,"VIAGENS-occurances":12,"VIAGENS-percentage":0.27816411682892905,"TWITTER-occurances":11,"TWITTER-percentage":0.25498377375985165,"INTERNACIONAL-occurances":10,"INTERNACIONAL-percentage":0.23180343069077422,"CARROS-occurances":7,"CARROS-percentage":0.16226240148354196,"SEXO-occurances":7,"SEXO-percentage":0.16226240148354196,"HUMOR-occurances":6,"HUMOR-percentage":0.13908205841446453,"LINKEDIN-occurances":6,"LINKEDIN-percentage":0.13908205841446453,"SÉRIES E FILMES-occurances":5,"SÉRIES E FILMES-percentage":0.11590171534538711,"CIÊNCIA-occurances":0,"CIÊNCIA-percentage":0,"NATUREZA-occurances":0,"NATUREZA-percentage":0}