{"totalHistoryAmount":5027,"TECNOLOGIA-occurances":1443,"TECNOLOGIA-percentage":28.704993037596978,"YOUTUBE-occurances":602,"YOUTUBE-percentage":11.975333200716133,"SÉRIES E FILMES-occurances":404,"SÉRIES E FILMES-percentage":8.036602347324449,"DECORAÇÃO-occurances":333,"DECORAÇÃO-percentage":6.624229162522379,"FACEBOOK-occurances":151,"FACEBOOK-percentage":3.003779590212851,"NOTÍCIAS-occurances":107,"NOTÍCIAS-percentage":2.1285060672369207,"POP/ARTE-occurances":84,"POP/ARTE-percentage":1.6709767256813208,"TV E CELEBRIDADES-occurances":67,"TV E CELEBRIDADES-percentage":1.3328028645315297,"CARROS-occurances":57,"CARROS-percentage":1.133877063855182,"ESPORTE-occurances":53,"ESPORTE-percentage":1.054306743584643,"ALIMENTAÇÃO E SAÚDE-occurances":43,"ALIMENTAÇÃO E SAÚDE-percentage":0.8553809429082952,"SEXO-occurances":24,"SEXO-percentage":0.47742192162323455,"MODA-occurances":21,"MODA-percentage":0.4177441814203302,"INTERNACIONAL-occurances":14,"INTERNACIONAL-percentage":0.2784961209468868,"VIAGENS-occurances":10,"VIAGENS-percentage":0.1989258006763477,"JOGOS-occurances":9,"JOGOS-percentage":0.17903322060871296,"EDUCAÇÃO-occurances":8,"EDUCAÇÃO-percentage":0.15914064054107818,"CIÊNCIA-occurances":6,"CIÊNCIA-percentage":0.11935548040580864,"ESOTERISMO-occurances":6,"ESOTERISMO-percentage":0.11935548040580864,"FITNESS-occurances":6,"FITNESS-percentage":0.11935548040580864,"INSTAGRAM-occurances":6,"INSTAGRAM-percentage":0.11935548040580864,"LINKEDIN-occurances":6,"LINKEDIN-percentage":0.11935548040580864,"HUMOR-occurances":5,"HUMOR-percentage":0.09946290033817386,"NATUREZA-occurances":3,"NATUREZA-percentage":0.05967774020290432,"ECONOMIA-occurances":1,"ECONOMIA-percentage":0.019892580067634773,"POLÍTICA-occurances":1,"POLÍTICA-percentage":0.019892580067634773,"TWITTER-occurances":1,"TWITTER-percentage":0.019892580067634773}