{"totalHistoryAmount":6445,"TECNOLOGIA-occurances":1788,"TECNOLOGIA-percentage":27.74243599689682,"NOTÍCIAS-occurances":440,"NOTÍCIAS-percentage":6.8269976726144295,"DECORAÇÃO-occurances":356,"DECORAÇÃO-percentage":5.523661753297129,"YOUTUBE-occurances":333,"YOUTUBE-percentage":5.1667959658650116,"SÉRIES E FILMES-occurances":243,"SÉRIES E FILMES-percentage":3.770364623739333,"FACEBOOK-occurances":232,"FACEBOOK-percentage":3.599689681923972,"ESPORTE-occurances":127,"ESPORTE-percentage":1.9705197827773469,"POP/ARTE-occurances":126,"POP/ARTE-percentage":1.9550038789759503,"MODA-occurances":67,"MODA-percentage":1.039565554693561,"ALIMENTAÇÃO E SAÚDE-occurances":57,"ALIMENTAÇÃO E SAÚDE-percentage":0.8844065166795966,"CARROS-occurances":56,"CARROS-percentage":0.8688906128782001,"TV E CELEBRIDADES-occurances":53,"TV E CELEBRIDADES-percentage":0.8223429014740109,"JOGOS-occurances":36,"JOGOS-percentage":0.5585725368502715,"VIAGENS-occurances":36,"VIAGENS-percentage":0.5585725368502715,"SEXO-occurances":31,"SEXO-percentage":0.48099301784328935,"EDUCAÇÃO-occurances":24,"EDUCAÇÃO-percentage":0.37238169123351433,"INTERNACIONAL-occurances":15,"INTERNACIONAL-percentage":0.23273855702094648,"CIÊNCIA-occurances":13,"CIÊNCIA-percentage":0.2017067494181536,"HUMOR-occurances":11,"HUMOR-percentage":0.17067494181536075,"ECONOMIA-occurances":10,"ECONOMIA-percentage":0.1551590380139643,"LINKEDIN-occurances":10,"LINKEDIN-percentage":0.1551590380139643,"ESOTERISMO-occurances":7,"ESOTERISMO-percentage":0.10861132660977502,"FITNESS-occurances":7,"FITNESS-percentage":0.10861132660977502,"NATUREZA-occurances":5,"NATUREZA-percentage":0.07757951900698215,"INSTAGRAM-occurances":3,"INSTAGRAM-percentage":0.04654771140418929,"TWITTER-occurances":3,"TWITTER-percentage":0.04654771140418929,"POLÍTICA-occurances":1,"POLÍTICA-percentage":0.015515903801396431}