{"totalHistoryAmount":7323,"TECNOLOGIA-occurances":1757,"TECNOLOGIA-percentage":23.992899085074423,"NOTÍCIAS-occurances":602,"NOTÍCIAS-percentage":8.22067458691793,"FACEBOOK-occurances":582,"FACEBOOK-percentage":7.947562474395739,"DECORAÇÃO-occurances":398,"DECORAÇÃO-percentage":5.434931039191588,"MODA-occurances":282,"MODA-percentage":3.8508807865628842,"ESPORTE-occurances":237,"ESPORTE-percentage":3.236378533387956,"POP/ARTE-occurances":132,"POP/ARTE-percentage":1.8025399426464563,"LINKEDIN-occurances":122,"LINKEDIN-percentage":1.665983886385361,"YOUTUBE-occurances":103,"YOUTUBE-percentage":1.4065273794892803,"ESOTERISMO-occurances":94,"ESOTERISMO-percentage":1.2836269288542947,"TV E CELEBRIDADES-occurances":88,"TV E CELEBRIDADES-percentage":1.2016932950976376,"SÉRIES E FILMES-occurances":86,"SÉRIES E FILMES-percentage":1.1743820838454186,"ALIMENTAÇÃO E SAÚDE-occurances":64,"ALIMENTAÇÃO E SAÚDE-percentage":0.8739587600710091,"EDUCAÇÃO-occurances":40,"EDUCAÇÃO-percentage":0.5462242250443807,"CARROS-occurances":36,"CARROS-percentage":0.4916018025399426,"JOGOS-occurances":35,"JOGOS-percentage":0.4779461969138331,"VIAGENS-occurances":31,"VIAGENS-percentage":0.42332377440939506,"POLÍTICA-occurances":28,"POLÍTICA-percentage":0.3823569575310665,"CIÊNCIA-occurances":23,"CIÊNCIA-percentage":0.3140789294005189,"INTERNACIONAL-occurances":21,"INTERNACIONAL-percentage":0.2867677181482999,"HUMOR-occurances":19,"HUMOR-percentage":0.25945650689608085,"SEXO-occurances":19,"SEXO-percentage":0.25945650689608085,"ECONOMIA-occurances":16,"ECONOMIA-percentage":0.21848969001775229,"FITNESS-occurances":7,"FITNESS-percentage":0.09558923938276663,"INSTAGRAM-occurances":6,"INSTAGRAM-percentage":0.0819336337566571,"NATUREZA-occurances":6,"NATUREZA-percentage":0.0819336337566571,"TWITTER-occurances":6,"TWITTER-percentage":0.0819336337566571}