{"totalHistoryAmount":2886,"TECNOLOGIA-occurances":933,"TECNOLOGIA-percentage":32.32848232848233,"LINKEDIN-occurances":280,"LINKEDIN-percentage":9.702009702009702,"EDUCAÇÃO-occurances":92,"EDUCAÇÃO-percentage":3.187803187803188,"FACEBOOK-occurances":69,"FACEBOOK-percentage":2.3908523908523907,"CARROS-occurances":38,"CARROS-percentage":1.3167013167013166,"VIAGENS-occurances":38,"VIAGENS-percentage":1.3167013167013166,"ESPORTE-occurances":30,"ESPORTE-percentage":1.0395010395010396,"FITNESS-occurances":26,"FITNESS-percentage":0.9009009009009009,"INSTAGRAM-occurances":25,"INSTAGRAM-percentage":0.8662508662508662,"YOUTUBE-occurances":25,"YOUTUBE-percentage":0.8662508662508662,"NOTÍCIAS-occurances":21,"NOTÍCIAS-percentage":0.7276507276507277,"CIÊNCIA-occurances":18,"CIÊNCIA-percentage":0.6237006237006237,"DECORAÇÃO-occurances":17,"DECORAÇÃO-percentage":0.589050589050589,"TWITTER-occurances":17,"TWITTER-percentage":0.589050589050589,"JOGOS-occurances":15,"JOGOS-percentage":0.5197505197505198,"ECONOMIA-occurances":13,"ECONOMIA-percentage":0.45045045045045046,"TV E CELEBRIDADES-occurances":13,"TV E CELEBRIDADES-percentage":0.45045045045045046,"POP/ARTE-occurances":12,"POP/ARTE-percentage":0.4158004158004158,"SEXO-occurances":11,"SEXO-percentage":0.38115038115038113,"MODA-occurances":9,"MODA-percentage":0.31185031185031187,"ESOTERISMO-occurances":6,"ESOTERISMO-percentage":0.2079002079002079,"ALIMENTAÇÃO E SAÚDE-occurances":5,"ALIMENTAÇÃO E SAÚDE-percentage":0.17325017325017325,"POLÍTICA-occurances":3,"POLÍTICA-percentage":0.10395010395010396,"HUMOR-occurances":0,"HUMOR-percentage":0,"INTERNACIONAL-occurances":0,"INTERNACIONAL-percentage":0,"NATUREZA-occurances":0,"NATUREZA-percentage":0,"SÉRIES E FILMES-occurances":0,"SÉRIES E FILMES-percentage":0}