{"totalHistoryAmount":2943,"TECNOLOGIA-occurances":957,"TECNOLOGIA-percentage":32.51783893985729,"LINKEDIN-occurances":280,"LINKEDIN-percentage":9.514101257220524,"EDUCAÇÃO-occurances":92,"EDUCAÇÃO-percentage":3.126061841658172,"FACEBOOK-occurances":48,"FACEBOOK-percentage":1.6309887869520896,"CARROS-occurances":38,"CARROS-percentage":1.291199456337071,"VIAGENS-occurances":38,"VIAGENS-percentage":1.291199456337071,"ESPORTE-occurances":30,"ESPORTE-percentage":1.019367991845056,"FITNESS-occurances":26,"FITNESS-percentage":0.8834522595990486,"YOUTUBE-occurances":26,"YOUTUBE-percentage":0.8834522595990486,"INSTAGRAM-occurances":25,"INSTAGRAM-percentage":0.8494733265375467,"NOTÍCIAS-occurances":22,"NOTÍCIAS-percentage":0.7475365273530411,"DECORAÇÃO-occurances":21,"DECORAÇÃO-percentage":0.7135575942915392,"CIÊNCIA-occurances":18,"CIÊNCIA-percentage":0.6116207951070336,"TWITTER-occurances":17,"TWITTER-percentage":0.5776418620455318,"JOGOS-occurances":15,"JOGOS-percentage":0.509683995922528,"TV E CELEBRIDADES-occurances":15,"TV E CELEBRIDADES-percentage":0.509683995922528,"ECONOMIA-occurances":13,"ECONOMIA-percentage":0.4417261297995243,"POP/ARTE-occurances":12,"POP/ARTE-percentage":0.4077471967380224,"SEXO-occurances":11,"SEXO-percentage":0.37376826367652055,"MODA-occurances":9,"MODA-percentage":0.3058103975535168,"ESOTERISMO-occurances":8,"ESOTERISMO-percentage":0.27183146449201495,"ALIMENTAÇÃO E SAÚDE-occurances":5,"ALIMENTAÇÃO E SAÚDE-percentage":0.16989466530750935,"POLÍTICA-occurances":3,"POLÍTICA-percentage":0.1019367991845056,"HUMOR-occurances":0,"HUMOR-percentage":0,"INTERNACIONAL-occurances":0,"INTERNACIONAL-percentage":0,"NATUREZA-occurances":0,"NATUREZA-percentage":0,"SÉRIES E FILMES-occurances":0,"SÉRIES E FILMES-percentage":0}