{"totalHistoryAmount":6318,"TECNOLOGIA-occurances":1473,"TECNOLOGIA-percentage":23.314339981006647,"FACEBOOK-occurances":618,"FACEBOOK-percentage":9.781576448243115,"DECORAÇÃO-occurances":391,"DECORAÇÃO-percentage":6.188667299778411,"NOTÍCIAS-occurances":383,"NOTÍCIAS-percentage":6.062044950933839,"MODA-occurances":245,"MODA-percentage":3.877809433364989,"ESPORTE-occurances":227,"ESPORTE-percentage":3.592909148464704,"LINKEDIN-occurances":126,"LINKEDIN-percentage":1.9943019943019944,"ESOTERISMO-occurances":114,"ESOTERISMO-percentage":1.8043684710351378,"POP/ARTE-occurances":104,"POP/ARTE-percentage":1.646090534979424,"TV E CELEBRIDADES-occurances":85,"TV E CELEBRIDADES-percentage":1.3453624564735676,"YOUTUBE-occurances":79,"YOUTUBE-percentage":1.2503956948401393,"SÉRIES E FILMES-occurances":67,"SÉRIES E FILMES-percentage":1.0604621715732827,"ALIMENTAÇÃO E SAÚDE-occurances":58,"ALIMENTAÇÃO E SAÚDE-percentage":0.9180120291231403,"POLÍTICA-occurances":46,"POLÍTICA-percentage":0.7280785058562836,"EDUCAÇÃO-occurances":39,"EDUCAÇÃO-percentage":0.6172839506172839,"CARROS-occurances":35,"CARROS-percentage":0.5539727761949984,"ECONOMIA-occurances":20,"ECONOMIA-percentage":0.31655587211142766,"SEXO-occurances":20,"SEXO-percentage":0.31655587211142766,"CIÊNCIA-occurances":19,"CIÊNCIA-percentage":0.3007280785058563,"HUMOR-occurances":16,"HUMOR-percentage":0.25324469768914215,"INTERNACIONAL-occurances":13,"INTERNACIONAL-percentage":0.205761316872428,"TWITTER-occurances":9,"TWITTER-percentage":0.14245014245014245,"JOGOS-occurances":7,"JOGOS-percentage":0.11079455523899968,"NATUREZA-occurances":7,"NATUREZA-percentage":0.11079455523899968,"INSTAGRAM-occurances":6,"INSTAGRAM-percentage":0.0949667616334283,"VIAGENS-occurances":6,"VIAGENS-percentage":0.0949667616334283,"FITNESS-occurances":4,"FITNESS-percentage":0.06331117442228554}