{"totalHistoryAmount":6437,"TECNOLOGIA-occurances":1565,"TECNOLOGIA-percentage":24.312567966443996,"FACEBOOK-occurances":673,"FACEBOOK-percentage":10.455180984930868,"NOTÍCIAS-occurances":377,"NOTÍCIAS-percentage":5.856765574025167,"DECORAÇÃO-occurances":353,"DECORAÇÃO-percentage":5.483921081249029,"MODA-occurances":246,"MODA-percentage":3.821656050955414,"ESPORTE-occurances":214,"ESPORTE-percentage":3.32453006058723,"ESOTERISMO-occurances":154,"ESOTERISMO-percentage":2.392418828646885,"LINKEDIN-occurances":136,"LINKEDIN-percentage":2.112785459064782,"POP/ARTE-occurances":108,"POP/ARTE-percentage":1.6778002174926208,"TV E CELEBRIDADES-occurances":98,"TV E CELEBRIDADES-percentage":1.5224483455025632,"YOUTUBE-occurances":87,"YOUTUBE-percentage":1.3515612863135,"SÉRIES E FILMES-occurances":77,"SÉRIES E FILMES-percentage":1.1962094143234425,"POLÍTICA-occurances":55,"POLÍTICA-percentage":0.8544352959453161,"ALIMENTAÇÃO E SAÚDE-occurances":54,"ALIMENTAÇÃO E SAÚDE-percentage":0.8389001087463104,"CARROS-occurances":39,"CARROS-percentage":0.6058723007612242,"EDUCAÇÃO-occurances":29,"EDUCAÇÃO-percentage":0.4505204287711667,"ECONOMIA-occurances":25,"ECONOMIA-percentage":0.3883796799751437,"CIÊNCIA-occurances":24,"CIÊNCIA-percentage":0.37284449277613796,"NATUREZA-occurances":18,"NATUREZA-percentage":0.27963336958210344,"SEXO-occurances":18,"SEXO-percentage":0.27963336958210344,"JOGOS-occurances":17,"JOGOS-percentage":0.26409818238309773,"HUMOR-occurances":15,"HUMOR-percentage":0.2330278079850862,"INTERNACIONAL-occurances":13,"INTERNACIONAL-percentage":0.20195743358707471,"TWITTER-occurances":10,"TWITTER-percentage":0.15535187199005748,"FITNESS-occurances":9,"FITNESS-percentage":0.13981668479105172,"INSTAGRAM-occurances":8,"INSTAGRAM-percentage":0.12428149759204599,"VIAGENS-occurances":4,"VIAGENS-percentage":0.06214074879602299}