{"totalHistoryAmount":6895,"TECNOLOGIA-occurances":1689,"TECNOLOGIA-percentage":24.496011602610587,"FACEBOOK-occurances":583,"FACEBOOK-percentage":8.45540246555475,"NOTÍCIAS-occurances":462,"NOTÍCIAS-percentage":6.700507614213198,"DECORAÇÃO-occurances":401,"DECORAÇÃO-percentage":5.815808556925308,"MODA-occurances":289,"MODA-percentage":4.191443074691805,"ESPORTE-occurances":226,"ESPORTE-percentage":3.2777374909354604,"POP/ARTE-occurances":128,"POP/ARTE-percentage":1.8564176939811459,"LINKEDIN-occurances":127,"LINKEDIN-percentage":1.841914430746918,"ESOTERISMO-occurances":111,"ESOTERISMO-percentage":1.6098622189992748,"YOUTUBE-occurances":86,"YOUTUBE-percentage":1.2472806381435824,"TV E CELEBRIDADES-occurances":79,"TV E CELEBRIDADES-percentage":1.1457577955039884,"SÉRIES E FILMES-occurances":73,"SÉRIES E FILMES-percentage":1.0587382160986223,"ALIMENTAÇÃO E SAÚDE-occurances":65,"ALIMENTAÇÃO E SAÚDE-percentage":0.9427121102248006,"POLÍTICA-occurances":39,"POLÍTICA-percentage":0.5656272661348803,"EDUCAÇÃO-occurances":38,"EDUCAÇÃO-percentage":0.5511240029006527,"CARROS-occurances":36,"CARROS-percentage":0.5221174764321972,"VIAGENS-occurances":31,"VIAGENS-percentage":0.44960116026105873,"CIÊNCIA-occurances":21,"CIÊNCIA-percentage":0.30456852791878175,"SEXO-occurances":18,"SEXO-percentage":0.2610587382160986,"HUMOR-occurances":16,"HUMOR-percentage":0.23205221174764323,"ECONOMIA-occurances":15,"ECONOMIA-percentage":0.21754894851341552,"INTERNACIONAL-occurances":14,"INTERNACIONAL-percentage":0.20304568527918782,"FITNESS-occurances":7,"FITNESS-percentage":0.10152284263959391,"JOGOS-occurances":7,"JOGOS-percentage":0.10152284263959391,"NATUREZA-occurances":7,"NATUREZA-percentage":0.10152284263959391,"TWITTER-occurances":7,"TWITTER-percentage":0.10152284263959391,"INSTAGRAM-occurances":6,"INSTAGRAM-percentage":0.08701957940536621}