{"totalHistoryAmount":6976,"TECNOLOGIA-occurances":1786,"TECNOLOGIA-percentage":25.602064220183486,"NOTÍCIAS-occurances":503,"NOTÍCIAS-percentage":7.210435779816514,"FACEBOOK-occurances":451,"FACEBOOK-percentage":6.465022935779817,"DECORAÇÃO-occurances":365,"DECORAÇÃO-percentage":5.232224770642202,"MODA-occurances":278,"MODA-percentage":3.985091743119266,"ESPORTE-occurances":196,"ESPORTE-percentage":2.8096330275229358,"YOUTUBE-occurances":188,"YOUTUBE-percentage":2.694954128440367,"POP/ARTE-occurances":128,"POP/ARTE-percentage":1.834862385321101,"SÉRIES E FILMES-occurances":108,"SÉRIES E FILMES-percentage":1.548165137614679,"TV E CELEBRIDADES-occurances":59,"TV E CELEBRIDADES-percentage":0.845756880733945,"ALIMENTAÇÃO E SAÚDE-occurances":54,"ALIMENTAÇÃO E SAÚDE-percentage":0.7740825688073395,"CARROS-occurances":37,"CARROS-percentage":0.5303899082568807,"EDUCAÇÃO-occurances":35,"EDUCAÇÃO-percentage":0.5017201834862385,"JOGOS-occurances":35,"JOGOS-percentage":0.5017201834862385,"VIAGENS-occurances":34,"VIAGENS-percentage":0.4873853211009174,"SEXO-occurances":33,"SEXO-percentage":0.4730504587155963,"LINKEDIN-occurances":31,"LINKEDIN-percentage":0.44438073394495414,"INTERNACIONAL-occurances":22,"INTERNACIONAL-percentage":0.31536697247706424,"CIÊNCIA-occurances":21,"CIÊNCIA-percentage":0.30103211009174313,"HUMOR-occurances":19,"HUMOR-percentage":0.2723623853211009,"ECONOMIA-occurances":11,"ECONOMIA-percentage":0.15768348623853212,"NATUREZA-occurances":8,"NATUREZA-percentage":0.11467889908256881,"POLÍTICA-occurances":8,"POLÍTICA-percentage":0.11467889908256881,"ESOTERISMO-occurances":6,"ESOTERISMO-percentage":0.0860091743119266,"FITNESS-occurances":5,"FITNESS-percentage":0.0716743119266055,"TWITTER-occurances":5,"TWITTER-percentage":0.0716743119266055,"INSTAGRAM-occurances":4,"INSTAGRAM-percentage":0.05733944954128441}