{"totalHistoryAmount":7316,"TECNOLOGIA-occurances":1769,"TECNOLOGIA-percentage":24.179879715691634,"NOTÍCIAS-occurances":582,"NOTÍCIAS-percentage":7.955166757791143,"FACEBOOK-occurances":577,"FACEBOOK-percentage":7.886823400765445,"DECORAÇÃO-occurances":378,"DECORAÇÃO-percentage":5.166757791142701,"MODA-occurances":281,"MODA-percentage":3.8408966648441774,"ESPORTE-occurances":235,"ESPORTE-percentage":3.212137780207764,"POP/ARTE-occurances":133,"POP/ARTE-percentage":1.8179332968835429,"LINKEDIN-occurances":120,"LINKEDIN-percentage":1.6402405686167305,"YOUTUBE-occurances":103,"YOUTUBE-percentage":1.4078731547293604,"SÉRIES E FILMES-occurances":96,"SÉRIES E FILMES-percentage":1.3121924548933843,"ESOTERISMO-occurances":94,"ESOTERISMO-percentage":1.2848551120831055,"TV E CELEBRIDADES-occurances":83,"TV E CELEBRIDADES-percentage":1.134499726626572,"ALIMENTAÇÃO E SAÚDE-occurances":62,"ALIMENTAÇÃO E SAÚDE-percentage":0.847457627118644,"EDUCAÇÃO-occurances":42,"EDUCAÇÃO-percentage":0.5740841990158556,"JOGOS-occurances":37,"JOGOS-percentage":0.5057408419901586,"CARROS-occurances":30,"CARROS-percentage":0.4100601421541826,"VIAGENS-occurances":30,"VIAGENS-percentage":0.4100601421541826,"CIÊNCIA-occurances":23,"CIÊNCIA-percentage":0.3143794423182067,"INTERNACIONAL-occurances":21,"INTERNACIONAL-percentage":0.2870420995079278,"HUMOR-occurances":19,"HUMOR-percentage":0.259704756697649,"POLÍTICA-occurances":19,"POLÍTICA-percentage":0.259704756697649,"SEXO-occurances":19,"SEXO-percentage":0.259704756697649,"ECONOMIA-occurances":15,"ECONOMIA-percentage":0.2050300710770913,"FITNESS-occurances":7,"FITNESS-percentage":0.09568069983597595,"INSTAGRAM-occurances":6,"INSTAGRAM-percentage":0.08201202843083652,"NATUREZA-occurances":6,"NATUREZA-percentage":0.08201202843083652,"TWITTER-occurances":6,"TWITTER-percentage":0.08201202843083652}