{"totalHistoryAmount":6543,"TECNOLOGIA-occurances":1822,"TECNOLOGIA-percentage":27.846553568699374,"NOTÍCIAS-occurances":433,"NOTÍCIAS-percentage":6.617759437566865,"YOUTUBE-occurances":403,"YOUTUBE-percentage":6.159254164756228,"DECORAÇÃO-occurances":366,"DECORAÇÃO-percentage":5.593764328289775,"SÉRIES E FILMES-occurances":241,"SÉRIES E FILMES-percentage":3.6833256915787866,"FACEBOOK-occurances":216,"FACEBOOK-percentage":3.3012379642365888,"ESPORTE-occurances":131,"ESPORTE-percentage":2.002139691273116,"POP/ARTE-occurances":116,"POP/ARTE-percentage":1.7728870548677977,"MODA-occurances":66,"MODA-percentage":1.008711600183402,"TV E CELEBRIDADES-occurances":63,"TV E CELEBRIDADES-percentage":0.9628610729023384,"ALIMENTAÇÃO E SAÚDE-occurances":57,"ALIMENTAÇÃO E SAÚDE-percentage":0.871160018340211,"CARROS-occurances":55,"CARROS-percentage":0.8405930001528351,"JOGOS-occurances":36,"JOGOS-percentage":0.5502063273727648,"VIAGENS-occurances":36,"VIAGENS-percentage":0.5502063273727648,"SEXO-occurances":26,"SEXO-percentage":0.3973712364358857,"EDUCAÇÃO-occurances":24,"EDUCAÇÃO-percentage":0.36680421824850984,"INTERNACIONAL-occurances":19,"INTERNACIONAL-percentage":0.2903866727800703,"CIÊNCIA-occurances":12,"CIÊNCIA-percentage":0.18340210912425492,"HUMOR-occurances":11,"HUMOR-percentage":0.16811860003056703,"LINKEDIN-occurances":10,"LINKEDIN-percentage":0.1528350909368791,"ECONOMIA-occurances":8,"ECONOMIA-percentage":0.12226807274950328,"FITNESS-occurances":8,"FITNESS-percentage":0.12226807274950328,"ESOTERISMO-occurances":7,"ESOTERISMO-percentage":0.10698456365581538,"NATUREZA-occurances":5,"NATUREZA-percentage":0.07641754546843955,"INSTAGRAM-occurances":3,"INSTAGRAM-percentage":0.04585052728106373,"TWITTER-occurances":3,"TWITTER-percentage":0.04585052728106373,"POLÍTICA-occurances":1,"POLÍTICA-percentage":0.01528350909368791}