{"totalHistoryAmount":6525,"TECNOLOGIA-occurances":1857,"TECNOLOGIA-percentage":28.45977011494253,"NOTÍCIAS-occurances":455,"NOTÍCIAS-percentage":6.973180076628353,"DECORAÇÃO-occurances":352,"DECORAÇÃO-percentage":5.394636015325671,"FACEBOOK-occurances":270,"FACEBOOK-percentage":4.137931034482759,"YOUTUBE-occurances":232,"YOUTUBE-percentage":3.5555555555555554,"SÉRIES E FILMES-occurances":201,"SÉRIES E FILMES-percentage":3.0804597701149423,"ESPORTE-occurances":141,"ESPORTE-percentage":2.160919540229885,"POP/ARTE-occurances":129,"POP/ARTE-percentage":1.9770114942528736,"MODA-occurances":78,"MODA-percentage":1.1954022988505748,"ALIMENTAÇÃO E SAÚDE-occurances":60,"ALIMENTAÇÃO E SAÚDE-percentage":0.9195402298850575,"TV E CELEBRIDADES-occurances":60,"TV E CELEBRIDADES-percentage":0.9195402298850575,"CARROS-occurances":57,"CARROS-percentage":0.8735632183908046,"JOGOS-occurances":36,"JOGOS-percentage":0.5517241379310345,"VIAGENS-occurances":35,"VIAGENS-percentage":0.5363984674329502,"SEXO-occurances":32,"SEXO-percentage":0.4904214559386973,"EDUCAÇÃO-occurances":25,"EDUCAÇÃO-percentage":0.3831417624521073,"CIÊNCIA-occurances":16,"CIÊNCIA-percentage":0.24521072796934865,"INTERNACIONAL-occurances":16,"INTERNACIONAL-percentage":0.24521072796934865,"HUMOR-occurances":11,"HUMOR-percentage":0.1685823754789272,"ECONOMIA-occurances":10,"ECONOMIA-percentage":0.1532567049808429,"LINKEDIN-occurances":10,"LINKEDIN-percentage":0.1532567049808429,"FITNESS-occurances":7,"FITNESS-percentage":0.10727969348659004,"ESOTERISMO-occurances":6,"ESOTERISMO-percentage":0.09195402298850575,"NATUREZA-occurances":5,"NATUREZA-percentage":0.07662835249042145,"INSTAGRAM-occurances":3,"INSTAGRAM-percentage":0.04597701149425287,"TWITTER-occurances":3,"TWITTER-percentage":0.04597701149425287,"POLÍTICA-occurances":2,"POLÍTICA-percentage":0.03065134099616858}