{"totalHistoryAmount":7105,"TECNOLOGIA-occurances":1789,"TECNOLOGIA-percentage":25.17945109078114,"NOTÍCIAS-occurances":530,"NOTÍCIAS-percentage":7.459535538353272,"FACEBOOK-occurances":526,"FACEBOOK-percentage":7.403237156931739,"DECORAÇÃO-occurances":348,"DECORAÇÃO-percentage":4.8979591836734695,"MODA-occurances":277,"MODA-percentage":3.8986629134412385,"ESPORTE-occurances":209,"ESPORTE-percentage":2.9415904292751582,"POP/ARTE-occurances":125,"POP/ARTE-percentage":1.7593244194229416,"YOUTUBE-occurances":125,"YOUTUBE-percentage":1.7593244194229416,"SÉRIES E FILMES-occurances":108,"SÉRIES E FILMES-percentage":1.5200562983814216,"ESOTERISMO-occurances":75,"ESOTERISMO-percentage":1.0555946516537649,"TV E CELEBRIDADES-occurances":63,"TV E CELEBRIDADES-percentage":0.8866995073891626,"ALIMENTAÇÃO E SAÚDE-occurances":53,"ALIMENTAÇÃO E SAÚDE-percentage":0.7459535538353272,"LINKEDIN-occurances":47,"LINKEDIN-percentage":0.661505981703026,"EDUCAÇÃO-occurances":35,"EDUCAÇÃO-percentage":0.49261083743842365,"JOGOS-occurances":34,"JOGOS-percentage":0.47853624208304013,"VIAGENS-occurances":33,"VIAGENS-percentage":0.4644616467276566,"CARROS-occurances":29,"CARROS-percentage":0.40816326530612246,"SEXO-occurances":23,"SEXO-percentage":0.32371569317382126,"CIÊNCIA-occurances":22,"CIÊNCIA-percentage":0.30964109781843774,"INTERNACIONAL-occurances":21,"INTERNACIONAL-percentage":0.2955665024630542,"HUMOR-occurances":19,"HUMOR-percentage":0.2674173117522871,"POLÍTICA-occurances":13,"POLÍTICA-percentage":0.18296973961998592,"ECONOMIA-occurances":12,"ECONOMIA-percentage":0.1688951442646024,"NATUREZA-occurances":8,"NATUREZA-percentage":0.11259676284306826,"TWITTER-occurances":7,"TWITTER-percentage":0.09852216748768473,"INSTAGRAM-occurances":6,"INSTAGRAM-percentage":0.0844475721323012,"FITNESS-occurances":5,"FITNESS-percentage":0.07037297677691766}