{"totalHistoryAmount":5421,"TECNOLOGIA-occurances":1529,"TECNOLOGIA-percentage":28.205128205128204,"YOUTUBE-occurances":526,"YOUTUBE-percentage":9.703006825308984,"SÉRIES E FILMES-occurances":371,"SÉRIES E FILMES-percentage":6.843755764619074,"DECORAÇÃO-occurances":279,"DECORAÇÃO-percentage":5.146651909241838,"NOTÍCIAS-occurances":268,"NOTÍCIAS-percentage":4.943737317838037,"FACEBOOK-occurances":159,"FACEBOOK-percentage":2.933038184836746,"POP/ARTE-occurances":101,"POP/ARTE-percentage":1.8631248847076185,"TV E CELEBRIDADES-occurances":68,"TV E CELEBRIDADES-percentage":1.2543811104962184,"ESPORTE-occurances":64,"ESPORTE-percentage":1.180593986349382,"CARROS-occurances":60,"CARROS-percentage":1.1068068622025458,"ALIMENTAÇÃO E SAÚDE-occurances":43,"ALIMENTAÇÃO E SAÚDE-percentage":0.7932115845784911,"JOGOS-occurances":36,"JOGOS-percentage":0.6640841173215274,"SEXO-occurances":24,"SEXO-percentage":0.44272274488101826,"MODA-occurances":19,"MODA-percentage":0.3504888396974728,"INTERNACIONAL-occurances":18,"INTERNACIONAL-percentage":0.3320420586607637,"EDUCAÇÃO-occurances":12,"EDUCAÇÃO-percentage":0.22136137244050913,"VIAGENS-occurances":10,"VIAGENS-percentage":0.18446781036709095,"HUMOR-occurances":9,"HUMOR-percentage":0.16602102933038185,"CIÊNCIA-occurances":8,"CIÊNCIA-percentage":0.14757424829367274,"ESOTERISMO-occurances":6,"ESOTERISMO-percentage":0.11068068622025456,"LINKEDIN-occurances":6,"LINKEDIN-percentage":0.11068068622025456,"INSTAGRAM-occurances":5,"INSTAGRAM-percentage":0.09223390518354548,"FITNESS-occurances":4,"FITNESS-percentage":0.07378712414683637,"NATUREZA-occurances":4,"NATUREZA-percentage":0.07378712414683637,"ECONOMIA-occurances":3,"ECONOMIA-percentage":0.05534034311012728,"TWITTER-occurances":1,"TWITTER-percentage":0.018446781036709093,"POLÍTICA-occurances":0,"POLÍTICA-percentage":0}