{"totalHistoryAmount":5442,"TECNOLOGIA-occurances":1533,"TECNOLOGIA-percentage":28.169790518191842,"YOUTUBE-occurances":526,"YOUTUBE-percentage":9.665564130834252,"SÉRIES E FILMES-occurances":374,"SÉRIES E FILMES-percentage":6.87247335538405,"NOTÍCIAS-occurances":284,"NOTÍCIAS-percentage":5.218669606762219,"DECORAÇÃO-occurances":277,"DECORAÇÃO-percentage":5.0900404263138554,"FACEBOOK-occurances":160,"FACEBOOK-percentage":2.940095553105476,"POP/ARTE-occurances":101,"POP/ARTE-percentage":1.8559353178978317,"TV E CELEBRIDADES-occurances":69,"TV E CELEBRIDADES-percentage":1.2679162072767365,"ESPORTE-occurances":64,"ESPORTE-percentage":1.1760382212421903,"CARROS-occurances":60,"CARROS-percentage":1.1025358324145536,"ALIMENTAÇÃO E SAÚDE-occurances":43,"ALIMENTAÇÃO E SAÚDE-percentage":0.7901506798970966,"JOGOS-occurances":36,"JOGOS-percentage":0.6615214994487321,"SEXO-occurances":24,"SEXO-percentage":0.4410143329658214,"MODA-occurances":19,"MODA-percentage":0.34913634693127527,"INTERNACIONAL-occurances":18,"INTERNACIONAL-percentage":0.33076074972436603,"EDUCAÇÃO-occurances":12,"EDUCAÇÃO-percentage":0.2205071664829107,"VIAGENS-occurances":10,"VIAGENS-percentage":0.18375597206909225,"HUMOR-occurances":9,"HUMOR-percentage":0.16538037486218302,"CIÊNCIA-occurances":8,"CIÊNCIA-percentage":0.14700477765527378,"ESOTERISMO-occurances":6,"ESOTERISMO-percentage":0.11025358324145534,"LINKEDIN-occurances":6,"LINKEDIN-percentage":0.11025358324145534,"INSTAGRAM-occurances":5,"INSTAGRAM-percentage":0.09187798603454612,"FITNESS-occurances":4,"FITNESS-percentage":0.07350238882763689,"NATUREZA-occurances":4,"NATUREZA-percentage":0.07350238882763689,"ECONOMIA-occurances":3,"ECONOMIA-percentage":0.05512679162072767,"TWITTER-occurances":1,"TWITTER-percentage":0.018375597206909223,"POLÍTICA-occurances":0,"POLÍTICA-percentage":0}