{"totalHistoryAmount":9480,"TECNOLOGIA-occurances":4434,"TECNOLOGIA-percentage":46.77215189873418,"ESPORTE-occurances":1681,"ESPORTE-percentage":17.73206751054852,"FACEBOOK-occurances":1133,"FACEBOOK-percentage":11.951476793248945,"SEXO-occurances":588,"SEXO-percentage":6.2025316455696204,"INSTAGRAM-occurances":162,"INSTAGRAM-percentage":1.7088607594936709,"CARROS-occurances":142,"CARROS-percentage":1.4978902953586497,"DECORAÇÃO-occurances":64,"DECORAÇÃO-percentage":0.6751054852320675,"POP/ARTE-occurances":50,"POP/ARTE-percentage":0.5274261603375527,"EDUCAÇÃO-occurances":46,"EDUCAÇÃO-percentage":0.48523206751054854,"YOUTUBE-occurances":42,"YOUTUBE-percentage":0.4430379746835443,"NOTÍCIAS-occurances":39,"NOTÍCIAS-percentage":0.41139240506329117,"ESOTERISMO-occurances":35,"ESOTERISMO-percentage":0.3691983122362869,"MODA-occurances":23,"MODA-percentage":0.24261603375527427,"LINKEDIN-occurances":21,"LINKEDIN-percentage":0.22151898734177214,"JOGOS-occurances":19,"JOGOS-percentage":0.20042194092827004,"ECONOMIA-occurances":11,"ECONOMIA-percentage":0.1160337552742616,"SÉRIES E FILMES-occurances":11,"SÉRIES E FILMES-percentage":0.1160337552742616,"TV E CELEBRIDADES-occurances":10,"TV E CELEBRIDADES-percentage":0.10548523206751055,"TWITTER-occurances":10,"TWITTER-percentage":0.10548523206751055,"FITNESS-occurances":4,"FITNESS-percentage":0.04219409282700422,"VIAGENS-occurances":4,"VIAGENS-percentage":0.04219409282700422,"POLÍTICA-occurances":3,"POLÍTICA-percentage":0.03164556962025317,"CIÊNCIA-occurances":2,"CIÊNCIA-percentage":0.02109704641350211,"ALIMENTAÇÃO E SAÚDE-occurances":1,"ALIMENTAÇÃO E SAÚDE-percentage":0.010548523206751054,"INTERNACIONAL-occurances":1,"INTERNACIONAL-percentage":0.010548523206751054,"HUMOR-occurances":0,"HUMOR-percentage":0,"NATUREZA-occurances":0,"NATUREZA-percentage":0}