{"totalHistoryAmount":2757,"TECNOLOGIA-occurances":1114,"TECNOLOGIA-percentage":40.40623866521582,"NOTÍCIAS-occurances":263,"NOTÍCIAS-percentage":9.539354370692783,"ESPORTE-occurances":179,"ESPORTE-percentage":6.492564381574175,"YOUTUBE-occurances":143,"YOUTUBE-percentage":5.186797243380486,"HUMOR-occurances":90,"HUMOR-percentage":3.264417845484222,"FACEBOOK-occurances":85,"FACEBOOK-percentage":3.0830612985128765,"JOGOS-occurances":40,"JOGOS-percentage":1.4508523757707654,"POLÍTICA-occurances":31,"POLÍTICA-percentage":1.1244105912223432,"SEXO-occurances":25,"SEXO-percentage":0.9067827348567283,"POP/ARTE-occurances":20,"POP/ARTE-percentage":0.7254261878853827,"SÉRIES E FILMES-occurances":19,"SÉRIES E FILMES-percentage":0.6891548784911136,"EDUCAÇÃO-occurances":18,"EDUCAÇÃO-percentage":0.6528835690968444,"INTERNACIONAL-occurances":16,"INTERNACIONAL-percentage":0.5803409503083061,"MODA-occurances":15,"MODA-percentage":0.544069640914037,"INSTAGRAM-occurances":14,"INSTAGRAM-percentage":0.5077983315197678,"TWITTER-occurances":11,"TWITTER-percentage":0.39898440333696045,"ESOTERISMO-occurances":8,"ESOTERISMO-percentage":0.29017047515415306,"LINKEDIN-occurances":8,"LINKEDIN-percentage":0.29017047515415306,"TV E CELEBRIDADES-occurances":7,"TV E CELEBRIDADES-percentage":0.2538991657598839,"ALIMENTAÇÃO E SAÚDE-occurances":6,"ALIMENTAÇÃO E SAÚDE-percentage":0.2176278563656148,"CARROS-occurances":6,"CARROS-percentage":0.2176278563656148,"DECORAÇÃO-occurances":5,"DECORAÇÃO-percentage":0.18135654697134568,"VIAGENS-occurances":5,"VIAGENS-percentage":0.18135654697134568,"CIÊNCIA-occurances":2,"CIÊNCIA-percentage":0.07254261878853827,"NATUREZA-occurances":2,"NATUREZA-percentage":0.07254261878853827,"ECONOMIA-occurances":1,"ECONOMIA-percentage":0.03627130939426913,"FITNESS-occurances":1,"FITNESS-percentage":0.03627130939426913}