{"totalHistoryAmount":7069,"TECNOLOGIA-occurances":1934,"TECNOLOGIA-percentage":27.358890932239355,"NOTÍCIAS-occurances":472,"NOTÍCIAS-percentage":6.677040599801952,"DECORAÇÃO-occurances":361,"DECORAÇÃO-percentage":5.106804357051916,"FACEBOOK-occurances":353,"FACEBOOK-percentage":4.993634177394257,"MODA-occurances":269,"MODA-percentage":3.8053472909888244,"YOUTUBE-occurances":229,"YOUTUBE-percentage":3.2394963927005236,"SÉRIES E FILMES-occurances":165,"SÉRIES E FILMES-percentage":2.3341349554392417,"ESPORTE-occurances":164,"ESPORTE-percentage":2.3199886829820344,"POP/ARTE-occurances":128,"POP/ARTE-percentage":1.8107228745225632,"ALIMENTAÇÃO E SAÚDE-occurances":71,"ALIMENTAÇÃO E SAÚDE-percentage":1.0043853444617343,"TV E CELEBRIDADES-occurances":60,"TV E CELEBRIDADES-percentage":0.8487763474324516,"CARROS-occurances":47,"CARROS-percentage":0.6648748054887537,"JOGOS-occurances":36,"JOGOS-percentage":0.5092658084594709,"VIAGENS-occurances":36,"VIAGENS-percentage":0.5092658084594709,"SEXO-occurances":32,"SEXO-percentage":0.4526807186306408,"EDUCAÇÃO-occurances":28,"EDUCAÇÃO-percentage":0.3960956288018107,"CIÊNCIA-occurances":19,"CIÊNCIA-percentage":0.268779176686943,"INTERNACIONAL-occurances":17,"INTERNACIONAL-percentage":0.24048663177252794,"HUMOR-occurances":16,"HUMOR-percentage":0.2263403593153204,"LINKEDIN-occurances":10,"LINKEDIN-percentage":0.14146272457207526,"ECONOMIA-occurances":9,"ECONOMIA-percentage":0.12731645211486772,"NATUREZA-occurances":8,"NATUREZA-percentage":0.1131701796576602,"FITNESS-occurances":7,"FITNESS-percentage":0.09902390720045268,"ESOTERISMO-occurances":5,"ESOTERISMO-percentage":0.07073136228603763,"INSTAGRAM-occurances":4,"INSTAGRAM-percentage":0.0565850898288301,"POLÍTICA-occurances":3,"POLÍTICA-percentage":0.04243881737162258,"TWITTER-occurances":3,"TWITTER-percentage":0.04243881737162258}