{"totalHistoryAmount":7243,"TECNOLOGIA-occurances":1771,"TECNOLOGIA-percentage":24.45119425652354,"FACEBOOK-occurances":581,"FACEBOOK-percentage":8.021538036725113,"NOTÍCIAS-occurances":527,"NOTÍCIAS-percentage":7.2759906116250175,"DECORAÇÃO-occurances":405,"DECORAÇÃO-percentage":5.591605688250725,"MODA-occurances":287,"MODA-percentage":3.9624465000690323,"ESPORTE-occurances":229,"ESPORTE-percentage":3.161673339776336,"POP/ARTE-occurances":127,"POP/ARTE-percentage":1.753417092365042,"LINKEDIN-occurances":125,"LINKEDIN-percentage":1.7258042247687422,"ESOTERISMO-occurances":110,"ESOTERISMO-percentage":1.5187077177964932,"YOUTUBE-occurances":100,"YOUTUBE-percentage":1.3806433798149937,"SÉRIES E FILMES-occurances":90,"SÉRIES E FILMES-percentage":1.2425790418334943,"TV E CELEBRIDADES-occurances":75,"TV E CELEBRIDADES-percentage":1.0354825348612453,"ALIMENTAÇÃO E SAÚDE-occurances":60,"ALIMENTAÇÃO E SAÚDE-percentage":0.8283860278889963,"EDUCAÇÃO-occurances":40,"EDUCAÇÃO-percentage":0.5522573519259976,"CARROS-occurances":37,"CARROS-percentage":0.5108380505315477,"POLÍTICA-occurances":35,"POLÍTICA-percentage":0.4832251829352478,"JOGOS-occurances":34,"JOGOS-percentage":0.4694187491370979,"VIAGENS-occurances":31,"VIAGENS-percentage":0.4279994477426481,"CIÊNCIA-occurances":23,"CIÊNCIA-percentage":0.31754797735744855,"INTERNACIONAL-occurances":22,"INTERNACIONAL-percentage":0.3037415435592986,"HUMOR-occurances":19,"HUMOR-percentage":0.26232224216484884,"SEXO-occurances":17,"SEXO-percentage":0.23470937456854896,"ECONOMIA-occurances":16,"ECONOMIA-percentage":0.22090294077039901,"FITNESS-occurances":7,"FITNESS-percentage":0.09664503658704957,"NATUREZA-occurances":7,"NATUREZA-percentage":0.09664503658704957,"TWITTER-occurances":7,"TWITTER-percentage":0.09664503658704957,"INSTAGRAM-occurances":6,"INSTAGRAM-percentage":0.08283860278889962}