{"totalHistoryAmount":9027,"TECNOLOGIA-occurances":4300,"TECNOLOGIA-percentage":47.63487315830287,"ESPORTE-occurances":1329,"ESPORTE-percentage":14.722499169159189,"FACEBOOK-occurances":1038,"FACEBOOK-percentage":11.498836822864739,"SEXO-occurances":404,"SEXO-percentage":4.475462501384735,"INSTAGRAM-occurances":244,"INSTAGRAM-percentage":2.7030021047967208,"CARROS-occurances":115,"CARROS-percentage":1.273955910047635,"POP/ARTE-occurances":69,"POP/ARTE-percentage":0.7643735460285809,"NOTÍCIAS-occurances":68,"NOTÍCIAS-percentage":0.7532956685499058,"EDUCAÇÃO-occurances":64,"EDUCAÇÃO-percentage":0.7089841586352055,"DECORAÇÃO-occurances":63,"DECORAÇÃO-percentage":0.6979062811565304,"YOUTUBE-occurances":49,"YOUTUBE-percentage":0.5428159964550792,"ESOTERISMO-occurances":45,"ESOTERISMO-percentage":0.4985044865403789,"LINKEDIN-occurances":38,"LINKEDIN-percentage":0.42095934418965325,"SÉRIES E FILMES-occurances":28,"SÉRIES E FILMES-percentage":0.3101805694029024,"JOGOS-occurances":26,"JOGOS-percentage":0.2880248144455522,"MODA-occurances":17,"MODA-percentage":0.18832391713747645,"TV E CELEBRIDADES-occurances":15,"TV E CELEBRIDADES-percentage":0.16616816218012628,"TWITTER-occurances":15,"TWITTER-percentage":0.16616816218012628,"ECONOMIA-occurances":11,"ECONOMIA-percentage":0.12185665226542594,"FITNESS-occurances":5,"FITNESS-percentage":0.05538938739337543,"ALIMENTAÇÃO E SAÚDE-occurances":4,"ALIMENTAÇÃO E SAÚDE-percentage":0.04431150991470034,"CIÊNCIA-occurances":4,"CIÊNCIA-percentage":0.04431150991470034,"INTERNACIONAL-occurances":4,"INTERNACIONAL-percentage":0.04431150991470034,"VIAGENS-occurances":3,"VIAGENS-percentage":0.03323363243602526,"NATUREZA-occurances":2,"NATUREZA-percentage":0.02215575495735017,"POLÍTICA-occurances":2,"POLÍTICA-percentage":0.02215575495735017,"HUMOR-occurances":0,"HUMOR-percentage":0}