{"totalHistoryAmount":2613,"TECNOLOGIA-occurances":1027,"TECNOLOGIA-percentage":39.30348258706468,"DECORAÇÃO-occurances":315,"DECORAÇÃO-percentage":12.055109070034444,"FACEBOOK-occurances":98,"FACEBOOK-percentage":3.750478377344049,"ESPORTE-occurances":64,"ESPORTE-percentage":2.4492920015308073,"POP/ARTE-occurances":37,"POP/ARTE-percentage":1.4159969383849982,"NOTÍCIAS-occurances":34,"NOTÍCIAS-percentage":1.3011863758132416,"SÉRIES E FILMES-occurances":31,"SÉRIES E FILMES-percentage":1.1863758132414848,"ALIMENTAÇÃO E SAÚDE-occurances":30,"ALIMENTAÇÃO E SAÚDE-percentage":1.148105625717566,"MODA-occurances":25,"MODA-percentage":0.9567546880979717,"YOUTUBE-occurances":17,"YOUTUBE-percentage":0.6505931879066208,"ECONOMIA-occurances":10,"ECONOMIA-percentage":0.3827018752391887,"FITNESS-occurances":10,"FITNESS-percentage":0.3827018752391887,"JOGOS-occurances":9,"JOGOS-percentage":0.34443168771526983,"INTERNACIONAL-occurances":6,"INTERNACIONAL-percentage":0.2296211251435132,"VIAGENS-occurances":6,"VIAGENS-percentage":0.2296211251435132,"CARROS-occurances":5,"CARROS-percentage":0.19135093761959435,"EDUCAÇÃO-occurances":5,"EDUCAÇÃO-percentage":0.19135093761959435,"INSTAGRAM-occurances":5,"INSTAGRAM-percentage":0.19135093761959435,"ESOTERISMO-occurances":4,"ESOTERISMO-percentage":0.15308075009567546,"NATUREZA-occurances":4,"NATUREZA-percentage":0.15308075009567546,"SEXO-occurances":4,"SEXO-percentage":0.15308075009567546,"TV E CELEBRIDADES-occurances":4,"TV E CELEBRIDADES-percentage":0.15308075009567546,"HUMOR-occurances":3,"HUMOR-percentage":0.1148105625717566,"CIÊNCIA-occurances":1,"CIÊNCIA-percentage":0.038270187523918864,"POLÍTICA-occurances":1,"POLÍTICA-percentage":0.038270187523918864,"LINKEDIN-occurances":0,"LINKEDIN-percentage":0,"TWITTER-occurances":0,"TWITTER-percentage":0}