{"totalHistoryAmount":8330,"TECNOLOGIA-occurances":2724,"TECNOLOGIA-percentage":32.701080432172866,"TWITTER-occurances":981,"TWITTER-percentage":11.77671068427371,"YOUTUBE-occurances":201,"YOUTUBE-percentage":2.41296518607443,"SÉRIES E FILMES-occurances":176,"SÉRIES E FILMES-percentage":2.112845138055222,"JOGOS-occurances":137,"JOGOS-percentage":1.6446578631452582,"ESPORTE-occurances":103,"ESPORTE-percentage":1.2364945978391357,"POP/ARTE-occurances":88,"POP/ARTE-percentage":1.056422569027611,"FACEBOOK-occurances":47,"FACEBOOK-percentage":0.5642256902761105,"CARROS-occurances":44,"CARROS-percentage":0.5282112845138055,"NOTÍCIAS-occurances":44,"NOTÍCIAS-percentage":0.5282112845138055,"TV E CELEBRIDADES-occurances":42,"TV E CELEBRIDADES-percentage":0.5042016806722689,"FITNESS-occurances":38,"FITNESS-percentage":0.4561824729891957,"ESOTERISMO-occurances":30,"ESOTERISMO-percentage":0.36014405762304924,"INSTAGRAM-occurances":24,"INSTAGRAM-percentage":0.28811524609843936,"ECONOMIA-occurances":22,"ECONOMIA-percentage":0.26410564225690275,"LINKEDIN-occurances":18,"LINKEDIN-percentage":0.21608643457382953,"EDUCAÇÃO-occurances":11,"EDUCAÇÃO-percentage":0.13205282112845138,"VIAGENS-occurances":11,"VIAGENS-percentage":0.13205282112845138,"DECORAÇÃO-occurances":10,"DECORAÇÃO-percentage":0.12004801920768307,"MODA-occurances":6,"MODA-percentage":0.07202881152460984,"CIÊNCIA-occurances":5,"CIÊNCIA-percentage":0.060024009603841535,"SEXO-occurances":3,"SEXO-percentage":0.03601440576230492,"ALIMENTAÇÃO E SAÚDE-occurances":2,"ALIMENTAÇÃO E SAÚDE-percentage":0.024009603841536616,"HUMOR-occurances":2,"HUMOR-percentage":0.024009603841536616,"INTERNACIONAL-occurances":2,"INTERNACIONAL-percentage":0.024009603841536616,"NATUREZA-occurances":0,"NATUREZA-percentage":0,"POLÍTICA-occurances":0,"POLÍTICA-percentage":0}