{"totalHistoryAmount":6453,"TECNOLOGIA-occurances":1835,"TECNOLOGIA-percentage":28.43638617697195,"YOUTUBE-occurances":436,"YOUTUBE-percentage":6.756547342321401,"NOTÍCIAS-occurances":403,"NOTÍCIAS-percentage":6.245157291182395,"DECORAÇÃO-occurances":366,"DECORAÇÃO-percentage":5.671780567178057,"SÉRIES E FILMES-occurances":300,"SÉRIES E FILMES-percentage":4.6490004649000465,"FACEBOOK-occurances":190,"FACEBOOK-percentage":2.9443669611033627,"POP/ARTE-occurances":130,"POP/ARTE-percentage":2.0145668681233535,"ESPORTE-occurances":81,"ESPORTE-percentage":1.2552301255230125,"TV E CELEBRIDADES-occurances":72,"TV E CELEBRIDADES-percentage":1.1157601115760112,"MODA-occurances":64,"MODA-percentage":0.9917867658453432,"CARROS-occurances":63,"CARROS-percentage":0.9762900976290098,"ALIMENTAÇÃO E SAÚDE-occurances":55,"ALIMENTAÇÃO E SAÚDE-percentage":0.8523167518983419,"JOGOS-occurances":39,"JOGOS-percentage":0.604370060437006,"VIAGENS-occurances":36,"VIAGENS-percentage":0.5578800557880056,"SEXO-occurances":26,"SEXO-percentage":0.4029133736246707,"INTERNACIONAL-occurances":19,"INTERNACIONAL-percentage":0.2944366961103363,"EDUCAÇÃO-occurances":12,"EDUCAÇÃO-percentage":0.18596001859600186,"CIÊNCIA-occurances":11,"CIÊNCIA-percentage":0.17046335037966837,"HUMOR-occurances":10,"HUMOR-percentage":0.1549666821633349,"LINKEDIN-occurances":10,"LINKEDIN-percentage":0.1549666821633349,"ECONOMIA-occurances":7,"ECONOMIA-percentage":0.10847667751433442,"FITNESS-occurances":7,"FITNESS-percentage":0.10847667751433442,"ESOTERISMO-occurances":6,"ESOTERISMO-percentage":0.09298000929800093,"NATUREZA-occurances":4,"NATUREZA-percentage":0.06198667286533395,"POLÍTICA-occurances":1,"POLÍTICA-percentage":0.015496668216333487,"TWITTER-occurances":1,"TWITTER-percentage":0.015496668216333487,"INSTAGRAM-occurances":0,"INSTAGRAM-percentage":0}