{"totalHistoryAmount":2416,"TECNOLOGIA-occurances":1199,"TECNOLOGIA-percentage":49.62748344370861,"YOUTUBE-occurances":194,"YOUTUBE-percentage":8.02980132450331,"FACEBOOK-occurances":140,"FACEBOOK-percentage":5.7947019867549665,"ESPORTE-occurances":107,"ESPORTE-percentage":4.428807947019868,"FITNESS-occurances":56,"FITNESS-percentage":2.3178807947019866,"ECONOMIA-occurances":33,"ECONOMIA-percentage":1.3658940397350994,"POP/ARTE-occurances":29,"POP/ARTE-percentage":1.2003311258278146,"INSTAGRAM-occurances":27,"INSTAGRAM-percentage":1.1175496688741722,"NOTÍCIAS-occurances":17,"NOTÍCIAS-percentage":0.7036423841059603,"JOGOS-occurances":15,"JOGOS-percentage":0.6208609271523179,"SÉRIES E FILMES-occurances":14,"SÉRIES E FILMES-percentage":0.5794701986754967,"EDUCAÇÃO-occurances":12,"EDUCAÇÃO-percentage":0.4966887417218543,"VIAGENS-occurances":11,"VIAGENS-percentage":0.4552980132450331,"POLÍTICA-occurances":8,"POLÍTICA-percentage":0.33112582781456956,"TV E CELEBRIDADES-occurances":7,"TV E CELEBRIDADES-percentage":0.2897350993377483,"CARROS-occurances":6,"CARROS-percentage":0.24834437086092714,"HUMOR-occurances":6,"HUMOR-percentage":0.24834437086092714,"ESOTERISMO-occurances":2,"ESOTERISMO-percentage":0.08278145695364239,"CIÊNCIA-occurances":1,"CIÊNCIA-percentage":0.041390728476821195,"DECORAÇÃO-occurances":1,"DECORAÇÃO-percentage":0.041390728476821195,"LINKEDIN-occurances":1,"LINKEDIN-percentage":0.041390728476821195,"MODA-occurances":1,"MODA-percentage":0.041390728476821195,"NATUREZA-occurances":1,"NATUREZA-percentage":0.041390728476821195,"ALIMENTAÇÃO E SAÚDE-occurances":0,"ALIMENTAÇÃO E SAÚDE-percentage":0,"INTERNACIONAL-occurances":0,"INTERNACIONAL-percentage":0,"SEXO-occurances":0,"SEXO-percentage":0,"TWITTER-occurances":0,"TWITTER-percentage":0}