{"totalHistoryAmount":5013,"TECNOLOGIA-occurances":1417,"TECNOLOGIA-percentage":28.26650708158787,"YOUTUBE-occurances":606,"YOUTUBE-percentage":12.088569718731298,"SÉRIES E FILMES-occurances":382,"SÉRIES E FILMES-percentage":7.620187512467584,"DECORAÇÃO-occurances":296,"DECORAÇÃO-percentage":5.9046479154199085,"FACEBOOK-occurances":154,"FACEBOOK-percentage":3.0720127668063038,"NOTÍCIAS-occurances":129,"NOTÍCIAS-percentage":2.5733093955715143,"POP/ARTE-occurances":87,"POP/ARTE-percentage":1.7354877318970676,"TV E CELEBRIDADES-occurances":67,"TV E CELEBRIDADES-percentage":1.336525034909236,"CARROS-occurances":57,"CARROS-percentage":1.1370436864153202,"ESPORTE-occurances":54,"ESPORTE-percentage":1.0771992818671454,"ALIMENTAÇÃO E SAÚDE-occurances":43,"ALIMENTAÇÃO E SAÚDE-percentage":0.8577697985238381,"SEXO-occurances":24,"SEXO-percentage":0.47875523638539796,"MODA-occurances":21,"MODA-percentage":0.4189108318372232,"INTERNACIONAL-occurances":14,"INTERNACIONAL-percentage":0.27927388789148216,"VIAGENS-occurances":10,"VIAGENS-percentage":0.19948134849391583,"CIÊNCIA-occurances":9,"CIÊNCIA-percentage":0.17953321364452424,"EDUCAÇÃO-occurances":9,"EDUCAÇÃO-percentage":0.17953321364452424,"JOGOS-occurances":9,"JOGOS-percentage":0.17953321364452424,"ESOTERISMO-occurances":6,"ESOTERISMO-percentage":0.11968880909634949,"FITNESS-occurances":6,"FITNESS-percentage":0.11968880909634949,"INSTAGRAM-occurances":6,"INSTAGRAM-percentage":0.11968880909634949,"LINKEDIN-occurances":6,"LINKEDIN-percentage":0.11968880909634949,"HUMOR-occurances":5,"HUMOR-percentage":0.09974067424695791,"NATUREZA-occurances":4,"NATUREZA-percentage":0.07979253939756632,"ECONOMIA-occurances":2,"ECONOMIA-percentage":0.03989626969878316,"POLÍTICA-occurances":1,"POLÍTICA-percentage":0.01994813484939158,"TWITTER-occurances":1,"TWITTER-percentage":0.01994813484939158}