{"totalHistoryAmount":3090,"TECNOLOGIA-occurances":1146,"TECNOLOGIA-percentage":37.0873786407767,"DECORAÇÃO-occurances":409,"DECORAÇÃO-percentage":13.236245954692556,"FACEBOOK-occurances":150,"FACEBOOK-percentage":4.854368932038835,"ESPORTE-occurances":103,"ESPORTE-percentage":3.3333333333333335,"POP/ARTE-occurances":42,"POP/ARTE-percentage":1.3592233009708738,"NOTÍCIAS-occurances":32,"NOTÍCIAS-percentage":1.035598705501618,"SÉRIES E FILMES-occurances":32,"SÉRIES E FILMES-percentage":1.035598705501618,"ALIMENTAÇÃO E SAÚDE-occurances":31,"ALIMENTAÇÃO E SAÚDE-percentage":1.0032362459546926,"MODA-occurances":25,"MODA-percentage":0.8090614886731392,"JOGOS-occurances":21,"JOGOS-percentage":0.6796116504854369,"YOUTUBE-occurances":17,"YOUTUBE-percentage":0.5501618122977346,"TWITTER-occurances":16,"TWITTER-percentage":0.517799352750809,"FITNESS-occurances":11,"FITNESS-percentage":0.3559870550161812,"ECONOMIA-occurances":10,"ECONOMIA-percentage":0.32362459546925565,"CARROS-occurances":8,"CARROS-percentage":0.2588996763754045,"INSTAGRAM-occurances":8,"INSTAGRAM-percentage":0.2588996763754045,"VIAGENS-occurances":8,"VIAGENS-percentage":0.2588996763754045,"INTERNACIONAL-occurances":6,"INTERNACIONAL-percentage":0.1941747572815534,"EDUCAÇÃO-occurances":5,"EDUCAÇÃO-percentage":0.16181229773462782,"ESOTERISMO-occurances":4,"ESOTERISMO-percentage":0.12944983818770225,"NATUREZA-occurances":4,"NATUREZA-percentage":0.12944983818770225,"TV E CELEBRIDADES-occurances":4,"TV E CELEBRIDADES-percentage":0.12944983818770225,"HUMOR-occurances":3,"HUMOR-percentage":0.0970873786407767,"CIÊNCIA-occurances":2,"CIÊNCIA-percentage":0.06472491909385113,"SEXO-occurances":2,"SEXO-percentage":0.06472491909385113,"POLÍTICA-occurances":1,"POLÍTICA-percentage":0.032362459546925564,"LINKEDIN-occurances":0,"LINKEDIN-percentage":0}