{"totalHistoryAmount":5777,"TECNOLOGIA-occurances":1604,"TECNOLOGIA-percentage":27.765276094858923,"YOUTUBE-occurances":480,"YOUTUBE-percentage":8.308810801454042,"SÉRIES E FILMES-occurances":345,"SÉRIES E FILMES-percentage":5.971957763545093,"DECORAÇÃO-occurances":334,"DECORAÇÃO-percentage":5.781547516011771,"NOTÍCIAS-occurances":322,"NOTÍCIAS-percentage":5.57382724597542,"FACEBOOK-occurances":169,"FACEBOOK-percentage":2.9253938030119437,"POP/ARTE-occurances":100,"POP/ARTE-percentage":1.7310022503029254,"TV E CELEBRIDADES-occurances":69,"TV E CELEBRIDADES-percentage":1.1943915527090185,"ESPORTE-occurances":65,"ESPORTE-percentage":1.1251514626969015,"CARROS-occurances":63,"CARROS-percentage":1.090531417690843,"ALIMENTAÇÃO E SAÚDE-occurances":51,"ALIMENTAÇÃO E SAÚDE-percentage":0.882811147654492,"MODA-occurances":38,"MODA-percentage":0.6577808551151116,"JOGOS-occurances":37,"JOGOS-percentage":0.6404708326120824,"SEXO-occurances":24,"SEXO-percentage":0.4154405400727021,"INTERNACIONAL-occurances":18,"INTERNACIONAL-percentage":0.31158040505452655,"EDUCAÇÃO-occurances":12,"EDUCAÇÃO-percentage":0.20772027003635105,"VIAGENS-occurances":11,"VIAGENS-percentage":0.19041024753332178,"CIÊNCIA-occurances":10,"CIÊNCIA-percentage":0.17310022503029254,"HUMOR-occurances":9,"HUMOR-percentage":0.15579020252726328,"FITNESS-occurances":7,"FITNESS-percentage":0.12117015752120477,"LINKEDIN-occurances":6,"LINKEDIN-percentage":0.10386013501817552,"ECONOMIA-occurances":4,"ECONOMIA-percentage":0.06924009001211702,"ESOTERISMO-occurances":4,"ESOTERISMO-percentage":0.06924009001211702,"NATUREZA-occurances":4,"NATUREZA-percentage":0.06924009001211702,"TWITTER-occurances":1,"TWITTER-percentage":0.017310022503029255,"INSTAGRAM-occurances":0,"INSTAGRAM-percentage":0,"POLÍTICA-occurances":0,"POLÍTICA-percentage":0}