{"totalHistoryAmount":6543,"TECNOLOGIA-occurances":1845,"TECNOLOGIA-percentage":28.198074277854197,"NOTÍCIAS-occurances":456,"NOTÍCIAS-percentage":6.969280146721688,"DECORAÇÃO-occurances":352,"DECORAÇÃO-percentage":5.379795200978145,"YOUTUBE-occurances":281,"YOUTUBE-percentage":4.294666055326303,"FACEBOOK-occurances":252,"FACEBOOK-percentage":3.8514442916093534,"SÉRIES E FILMES-occurances":214,"SÉRIES E FILMES-percentage":3.2706709460492127,"ESPORTE-occurances":134,"ESPORTE-percentage":2.04799021855418,"POP/ARTE-occurances":130,"POP/ARTE-percentage":1.9868561821794284,"MODA-occurances":74,"MODA-percentage":1.1309796729329054,"TV E CELEBRIDADES-occurances":61,"TV E CELEBRIDADES-percentage":0.9322940547149625,"ALIMENTAÇÃO E SAÚDE-occurances":58,"ALIMENTAÇÃO E SAÚDE-percentage":0.8864435274338989,"CARROS-occurances":57,"CARROS-percentage":0.871160018340211,"JOGOS-occurances":36,"JOGOS-percentage":0.5502063273727648,"VIAGENS-occurances":36,"VIAGENS-percentage":0.5502063273727648,"SEXO-occurances":32,"SEXO-percentage":0.48907229099801314,"EDUCAÇÃO-occurances":25,"EDUCAÇÃO-percentage":0.38208772734219776,"CIÊNCIA-occurances":15,"CIÊNCIA-percentage":0.22925263640531865,"INTERNACIONAL-occurances":15,"INTERNACIONAL-percentage":0.22925263640531865,"HUMOR-occurances":11,"HUMOR-percentage":0.16811860003056703,"ECONOMIA-occurances":10,"ECONOMIA-percentage":0.1528350909368791,"LINKEDIN-occurances":10,"LINKEDIN-percentage":0.1528350909368791,"FITNESS-occurances":7,"FITNESS-percentage":0.10698456365581538,"ESOTERISMO-occurances":6,"ESOTERISMO-percentage":0.09170105456212746,"NATUREZA-occurances":5,"NATUREZA-percentage":0.07641754546843955,"INSTAGRAM-occurances":3,"INSTAGRAM-percentage":0.04585052728106373,"TWITTER-occurances":3,"TWITTER-percentage":0.04585052728106373,"POLÍTICA-occurances":1,"POLÍTICA-percentage":0.01528350909368791}