{"totalHistoryAmount":3974,"TECNOLOGIA-occurances":2031,"TECNOLOGIA-percentage":51.10719677906391,"YOUTUBE-occurances":276,"YOUTUBE-percentage":6.945143432310015,"FACEBOOK-occurances":206,"FACEBOOK-percentage":5.183694011071967,"ESPORTE-occurances":183,"ESPORTE-percentage":4.604932058379466,"POP/ARTE-occurances":59,"POP/ARTE-percentage":1.4846502264720685,"FITNESS-occurances":57,"FITNESS-percentage":1.4343231001509813,"ECONOMIA-occurances":36,"ECONOMIA-percentage":0.9058882737795672,"INSTAGRAM-occurances":33,"INSTAGRAM-percentage":0.8303975842979366,"NOTÍCIAS-occurances":26,"NOTÍCIAS-percentage":0.6542526421741318,"MODA-occurances":24,"MODA-percentage":0.6039255158530448,"POLÍTICA-occurances":23,"POLÍTICA-percentage":0.5787619526925013,"TV E CELEBRIDADES-occurances":20,"TV E CELEBRIDADES-percentage":0.5032712632108707,"ESOTERISMO-occurances":17,"ESOTERISMO-percentage":0.42778057372924005,"SÉRIES E FILMES-occurances":16,"SÉRIES E FILMES-percentage":0.40261701056869653,"EDUCAÇÃO-occurances":13,"EDUCAÇÃO-percentage":0.3271263210870659,"JOGOS-occurances":13,"JOGOS-percentage":0.3271263210870659,"VIAGENS-occurances":12,"VIAGENS-percentage":0.3019627579265224,"INTERNACIONAL-occurances":10,"INTERNACIONAL-percentage":0.25163563160543534,"CARROS-occurances":8,"CARROS-percentage":0.20130850528434827,"DECORAÇÃO-occurances":6,"DECORAÇÃO-percentage":0.1509813789632612,"HUMOR-occurances":6,"HUMOR-percentage":0.1509813789632612,"LINKEDIN-occurances":6,"LINKEDIN-percentage":0.1509813789632612,"SEXO-occurances":5,"SEXO-percentage":0.12581781580271767,"TWITTER-occurances":3,"TWITTER-percentage":0.0754906894816306,"NATUREZA-occurances":1,"NATUREZA-percentage":0.025163563160543533,"ALIMENTAÇÃO E SAÚDE-occurances":0,"ALIMENTAÇÃO E SAÚDE-percentage":0,"CIÊNCIA-occurances":0,"CIÊNCIA-percentage":0}