{"totalHistoryAmount":3830,"TECNOLOGIA-occurances":1967,"TECNOLOGIA-percentage":51.35770234986945,"YOUTUBE-occurances":288,"YOUTUBE-percentage":7.51958224543081,"FACEBOOK-occurances":205,"FACEBOOK-percentage":5.3524804177545695,"ESPORTE-occurances":183,"ESPORTE-percentage":4.778067885117493,"POP/ARTE-occurances":46,"POP/ARTE-percentage":1.2010443864229765,"INSTAGRAM-occurances":40,"INSTAGRAM-percentage":1.0443864229765014,"ECONOMIA-occurances":36,"ECONOMIA-percentage":0.9399477806788512,"MODA-occurances":26,"MODA-percentage":0.6788511749347258,"NOTÍCIAS-occurances":26,"NOTÍCIAS-percentage":0.6788511749347258,"POLÍTICA-occurances":23,"POLÍTICA-percentage":0.6005221932114883,"TV E CELEBRIDADES-occurances":21,"TV E CELEBRIDADES-percentage":0.5483028720626631,"FITNESS-occurances":20,"FITNESS-percentage":0.5221932114882507,"ESOTERISMO-occurances":16,"ESOTERISMO-percentage":0.4177545691906005,"EDUCAÇÃO-occurances":13,"EDUCAÇÃO-percentage":0.3394255874673629,"VIAGENS-occurances":12,"VIAGENS-percentage":0.3133159268929504,"JOGOS-occurances":11,"JOGOS-percentage":0.28720626631853785,"INTERNACIONAL-occurances":10,"INTERNACIONAL-percentage":0.26109660574412535,"CARROS-occurances":6,"CARROS-percentage":0.1566579634464752,"DECORAÇÃO-occurances":6,"DECORAÇÃO-percentage":0.1566579634464752,"HUMOR-occurances":6,"HUMOR-percentage":0.1566579634464752,"LINKEDIN-occurances":6,"LINKEDIN-percentage":0.1566579634464752,"SÉRIES E FILMES-occurances":5,"SÉRIES E FILMES-percentage":0.13054830287206268,"SEXO-occurances":5,"SEXO-percentage":0.13054830287206268,"TWITTER-occurances":3,"TWITTER-percentage":0.0783289817232376,"ALIMENTAÇÃO E SAÚDE-occurances":0,"ALIMENTAÇÃO E SAÚDE-percentage":0,"CIÊNCIA-occurances":0,"CIÊNCIA-percentage":0,"NATUREZA-occurances":0,"NATUREZA-percentage":0}