{"totalHistoryAmount":7272,"TECNOLOGIA-occurances":1757,"TECNOLOGIA-percentage":24.16116611661166,"FACEBOOK-occurances":581,"FACEBOOK-percentage":7.98954895489549,"NOTÍCIAS-occurances":579,"NOTÍCIAS-percentage":7.962046204620462,"DECORAÇÃO-occurances":409,"DECORAÇÃO-percentage":5.6243124312431245,"MODA-occurances":282,"MODA-percentage":3.877887788778878,"ESPORTE-occurances":228,"ESPORTE-percentage":3.1353135313531353,"POP/ARTE-occurances":129,"POP/ARTE-percentage":1.773927392739274,"LINKEDIN-occurances":125,"LINKEDIN-percentage":1.7189218921892189,"YOUTUBE-occurances":105,"YOUTUBE-percentage":1.443894389438944,"ESOTERISMO-occurances":103,"ESOTERISMO-percentage":1.4163916391639164,"SÉRIES E FILMES-occurances":84,"SÉRIES E FILMES-percentage":1.155115511551155,"TV E CELEBRIDADES-occurances":73,"TV E CELEBRIDADES-percentage":1.0038503850385039,"ALIMENTAÇÃO E SAÚDE-occurances":60,"ALIMENTAÇÃO E SAÚDE-percentage":0.8250825082508251,"EDUCAÇÃO-occurances":40,"EDUCAÇÃO-percentage":0.5500550055005501,"CARROS-occurances":37,"CARROS-percentage":0.5088008800880088,"JOGOS-occurances":34,"JOGOS-percentage":0.4675467546754675,"POLÍTICA-occurances":32,"POLÍTICA-percentage":0.44004400440044006,"VIAGENS-occurances":31,"VIAGENS-percentage":0.42629262926292627,"CIÊNCIA-occurances":22,"CIÊNCIA-percentage":0.3025302530253025,"INTERNACIONAL-occurances":21,"INTERNACIONAL-percentage":0.2887788778877888,"HUMOR-occurances":19,"HUMOR-percentage":0.26127612761276126,"ECONOMIA-occurances":16,"ECONOMIA-percentage":0.22002200220022003,"SEXO-occurances":16,"SEXO-percentage":0.22002200220022003,"FITNESS-occurances":7,"FITNESS-percentage":0.09625962596259625,"NATUREZA-occurances":7,"NATUREZA-percentage":0.09625962596259625,"TWITTER-occurances":7,"TWITTER-percentage":0.09625962596259625,"INSTAGRAM-occurances":6,"INSTAGRAM-percentage":0.08250825082508251}