{"totalHistoryAmount":5063,"TECNOLOGIA-occurances":1518,"TECNOLOGIA-percentage":29.98222397787873,"YOUTUBE-occurances":602,"YOUTUBE-percentage":11.89018368556192,"SÉRIES E FILMES-occurances":392,"SÉRIES E FILMES-percentage":7.74244519059846,"DECORAÇÃO-occurances":361,"DECORAÇÃO-percentage":7.130159984199091,"FACEBOOK-occurances":122,"FACEBOOK-percentage":2.4096385542168677,"NOTÍCIAS-occurances":87,"NOTÍCIAS-percentage":1.7183488050562907,"POP/ARTE-occurances":82,"POP/ARTE-percentage":1.6195931266047798,"CARROS-occurances":58,"CARROS-percentage":1.145565870037527,"TV E CELEBRIDADES-occurances":43,"TV E CELEBRIDADES-percentage":0.8492988346829943,"ALIMENTAÇÃO E SAÚDE-occurances":41,"ALIMENTAÇÃO E SAÚDE-percentage":0.8097965633023899,"ESPORTE-occurances":38,"ESPORTE-percentage":0.7505431562314833,"SEXO-occurances":23,"SEXO-percentage":0.4542761208769504,"MODA-occurances":19,"MODA-percentage":0.37527157811574163,"INTERNACIONAL-occurances":13,"INTERNACIONAL-percentage":0.2567647639739285,"VIAGENS-occurances":10,"VIAGENS-percentage":0.19751135690302193,"JOGOS-occurances":8,"JOGOS-percentage":0.15800908552241755,"EDUCAÇÃO-occurances":7,"EDUCAÇÃO-percentage":0.13825794983211534,"ESOTERISMO-occurances":7,"ESOTERISMO-percentage":0.13825794983211534,"CIÊNCIA-occurances":6,"CIÊNCIA-percentage":0.11850681414181316,"FITNESS-occurances":6,"FITNESS-percentage":0.11850681414181316,"INSTAGRAM-occurances":6,"INSTAGRAM-percentage":0.11850681414181316,"LINKEDIN-occurances":6,"LINKEDIN-percentage":0.11850681414181316,"HUMOR-occurances":5,"HUMOR-percentage":0.09875567845151097,"NATUREZA-occurances":3,"NATUREZA-percentage":0.05925340707090658,"ECONOMIA-occurances":1,"ECONOMIA-percentage":0.019751135690302193,"POLÍTICA-occurances":1,"POLÍTICA-percentage":0.019751135690302193,"TWITTER-occurances":1,"TWITTER-percentage":0.019751135690302193}