{"totalHistoryAmount":5213,"TECNOLOGIA-occurances":1557,"TECNOLOGIA-percentage":29.867638595818146,"YOUTUBE-occurances":602,"YOUTUBE-percentage":11.548052944561674,"SÉRIES E FILMES-occurances":407,"SÉRIES E FILMES-percentage":7.807404565509303,"DECORAÇÃO-occurances":361,"DECORAÇÃO-percentage":6.92499520429695,"FACEBOOK-occurances":123,"FACEBOOK-percentage":2.359485900633033,"NOTÍCIAS-occurances":103,"NOTÍCIAS-percentage":1.9758296566276616,"POP/ARTE-occurances":82,"POP/ARTE-percentage":1.5729906004220218,"CARROS-occurances":58,"CARROS-percentage":1.1126031076155765,"ESPORTE-occurances":53,"ESPORTE-percentage":1.0166890466142335,"ALIMENTAÇÃO E SAÚDE-occurances":47,"ALIMENTAÇÃO E SAÚDE-percentage":0.9015921734126223,"TV E CELEBRIDADES-occurances":43,"TV E CELEBRIDADES-percentage":0.824860924611548,"SEXO-occurances":23,"SEXO-percentage":0.44120468060617685,"MODA-occurances":20,"MODA-percentage":0.3836562440053712,"INTERNACIONAL-occurances":14,"INTERNACIONAL-percentage":0.26855937080375986,"VIAGENS-occurances":10,"VIAGENS-percentage":0.1918281220026856,"JOGOS-occurances":8,"JOGOS-percentage":0.15346249760214847,"EDUCAÇÃO-occurances":7,"EDUCAÇÃO-percentage":0.13427968540187993,"ESOTERISMO-occurances":7,"ESOTERISMO-percentage":0.13427968540187993,"CIÊNCIA-occurances":6,"CIÊNCIA-percentage":0.11509687320161135,"FITNESS-occurances":6,"FITNESS-percentage":0.11509687320161135,"INSTAGRAM-occurances":6,"INSTAGRAM-percentage":0.11509687320161135,"LINKEDIN-occurances":6,"LINKEDIN-percentage":0.11509687320161135,"HUMOR-occurances":5,"HUMOR-percentage":0.0959140610013428,"NATUREZA-occurances":3,"NATUREZA-percentage":0.05754843660080568,"ECONOMIA-occurances":1,"ECONOMIA-percentage":0.01918281220026856,"POLÍTICA-occurances":1,"POLÍTICA-percentage":0.01918281220026856,"TWITTER-occurances":1,"TWITTER-percentage":0.01918281220026856}