{"totalHistoryAmount":3986,"TECNOLOGIA-occurances":2037,"TECNOLOGIA-percentage":51.10386352232815,"YOUTUBE-occurances":297,"YOUTUBE-percentage":7.451078775715002,"FACEBOOK-occurances":203,"FACEBOOK-percentage":5.092824887104867,"ESPORTE-occurances":176,"ESPORTE-percentage":4.415454089312594,"POP/ARTE-occurances":50,"POP/ARTE-percentage":1.2543903662819869,"DECORAÇÃO-occurances":43,"DECORAÇÃO-percentage":1.0787757150025088,"MODA-occurances":37,"MODA-percentage":0.9282488710486704,"ECONOMIA-occurances":36,"ECONOMIA-percentage":0.9031610637230306,"ALIMENTAÇÃO E SAÚDE-occurances":27,"ALIMENTAÇÃO E SAÚDE-percentage":0.6773707977922729,"FITNESS-occurances":26,"FITNESS-percentage":0.6522829904666332,"INSTAGRAM-occurances":26,"INSTAGRAM-percentage":0.6522829904666332,"NOTÍCIAS-occurances":26,"NOTÍCIAS-percentage":0.6522829904666332,"POLÍTICA-occurances":21,"POLÍTICA-percentage":0.5268439538384345,"TV E CELEBRIDADES-occurances":21,"TV E CELEBRIDADES-percentage":0.5268439538384345,"ESOTERISMO-occurances":16,"ESOTERISMO-percentage":0.4014049172102358,"EDUCAÇÃO-occurances":13,"EDUCAÇÃO-percentage":0.3261414952333166,"VIAGENS-occurances":12,"VIAGENS-percentage":0.3010536879076769,"JOGOS-occurances":11,"JOGOS-percentage":0.27596588058203714,"INTERNACIONAL-occurances":10,"INTERNACIONAL-percentage":0.2508780732563974,"CARROS-occurances":7,"CARROS-percentage":0.17561465127947817,"HUMOR-occurances":6,"HUMOR-percentage":0.15052684395383845,"LINKEDIN-occurances":6,"LINKEDIN-percentage":0.15052684395383845,"SÉRIES E FILMES-occurances":5,"SÉRIES E FILMES-percentage":0.1254390366281987,"SEXO-occurances":5,"SEXO-percentage":0.1254390366281987,"TWITTER-occurances":3,"TWITTER-percentage":0.07526342197691922,"CIÊNCIA-occurances":0,"CIÊNCIA-percentage":0,"NATUREZA-occurances":0,"NATUREZA-percentage":0}