{"totalHistoryAmount":3140,"TECNOLOGIA-occurances":1171,"TECNOLOGIA-percentage":37.29299363057325,"DECORAÇÃO-occurances":392,"DECORAÇÃO-percentage":12.48407643312102,"FACEBOOK-occurances":168,"FACEBOOK-percentage":5.350318471337579,"ESPORTE-occurances":109,"ESPORTE-percentage":3.4713375796178343,"POP/ARTE-occurances":47,"POP/ARTE-percentage":1.4968152866242037,"ALIMENTAÇÃO E SAÚDE-occurances":33,"ALIMENTAÇÃO E SAÚDE-percentage":1.0509554140127388,"NOTÍCIAS-occurances":32,"NOTÍCIAS-percentage":1.019108280254777,"SÉRIES E FILMES-occurances":28,"SÉRIES E FILMES-percentage":0.89171974522293,"MODA-occurances":23,"MODA-percentage":0.732484076433121,"JOGOS-occurances":19,"JOGOS-percentage":0.6050955414012739,"YOUTUBE-occurances":17,"YOUTUBE-percentage":0.5414012738853503,"TWITTER-occurances":16,"TWITTER-percentage":0.5095541401273885,"CARROS-occurances":11,"CARROS-percentage":0.3503184713375796,"INSTAGRAM-occurances":9,"INSTAGRAM-percentage":0.28662420382165604,"ECONOMIA-occurances":8,"ECONOMIA-percentage":0.25477707006369427,"EDUCAÇÃO-occurances":7,"EDUCAÇÃO-percentage":0.2229299363057325,"VIAGENS-occurances":7,"VIAGENS-percentage":0.2229299363057325,"ESOTERISMO-occurances":6,"ESOTERISMO-percentage":0.1910828025477707,"INTERNACIONAL-occurances":6,"INTERNACIONAL-percentage":0.1910828025477707,"NATUREZA-occurances":4,"NATUREZA-percentage":0.12738853503184713,"HUMOR-occurances":3,"HUMOR-percentage":0.09554140127388536,"TV E CELEBRIDADES-occurances":3,"TV E CELEBRIDADES-percentage":0.09554140127388536,"CIÊNCIA-occurances":2,"CIÊNCIA-percentage":0.06369426751592357,"FITNESS-occurances":2,"FITNESS-percentage":0.06369426751592357,"POLÍTICA-occurances":2,"POLÍTICA-percentage":0.06369426751592357,"SEXO-occurances":2,"SEXO-percentage":0.06369426751592357,"LINKEDIN-occurances":0,"LINKEDIN-percentage":0}