{"totalHistoryAmount":2600,"TECNOLOGIA-occurances":1027,"TECNOLOGIA-percentage":39.5,"DECORAÇÃO-occurances":315,"DECORAÇÃO-percentage":12.115384615384615,"FACEBOOK-occurances":98,"FACEBOOK-percentage":3.769230769230769,"ESPORTE-occurances":64,"ESPORTE-percentage":2.4615384615384617,"NOTÍCIAS-occurances":34,"NOTÍCIAS-percentage":1.3076923076923077,"POP/ARTE-occurances":32,"POP/ARTE-percentage":1.2307692307692308,"SÉRIES E FILMES-occurances":31,"SÉRIES E FILMES-percentage":1.1923076923076923,"ALIMENTAÇÃO E SAÚDE-occurances":30,"ALIMENTAÇÃO E SAÚDE-percentage":1.1538461538461537,"MODA-occurances":25,"MODA-percentage":0.9615384615384616,"YOUTUBE-occurances":17,"YOUTUBE-percentage":0.6538461538461539,"ECONOMIA-occurances":10,"ECONOMIA-percentage":0.38461538461538464,"FITNESS-occurances":10,"FITNESS-percentage":0.38461538461538464,"JOGOS-occurances":9,"JOGOS-percentage":0.34615384615384615,"INTERNACIONAL-occurances":6,"INTERNACIONAL-percentage":0.23076923076923078,"VIAGENS-occurances":6,"VIAGENS-percentage":0.23076923076923078,"CARROS-occurances":5,"CARROS-percentage":0.19230769230769232,"EDUCAÇÃO-occurances":5,"EDUCAÇÃO-percentage":0.19230769230769232,"INSTAGRAM-occurances":5,"INSTAGRAM-percentage":0.19230769230769232,"ESOTERISMO-occurances":4,"ESOTERISMO-percentage":0.15384615384615385,"NATUREZA-occurances":4,"NATUREZA-percentage":0.15384615384615385,"SEXO-occurances":4,"SEXO-percentage":0.15384615384615385,"TV E CELEBRIDADES-occurances":4,"TV E CELEBRIDADES-percentage":0.15384615384615385,"HUMOR-occurances":3,"HUMOR-percentage":0.11538461538461539,"CIÊNCIA-occurances":1,"CIÊNCIA-percentage":0.038461538461538464,"POLÍTICA-occurances":1,"POLÍTICA-percentage":0.038461538461538464,"LINKEDIN-occurances":0,"LINKEDIN-percentage":0,"TWITTER-occurances":0,"TWITTER-percentage":0}