{"totalHistoryAmount":3070,"TECNOLOGIA-occurances":1132,"TECNOLOGIA-percentage":36.872964169381106,"DECORAÇÃO-occurances":410,"DECORAÇÃO-percentage":13.355048859934854,"FACEBOOK-occurances":152,"FACEBOOK-percentage":4.95114006514658,"ESPORTE-occurances":89,"ESPORTE-percentage":2.8990228013029316,"POP/ARTE-occurances":42,"POP/ARTE-percentage":1.3680781758957654,"NOTÍCIAS-occurances":32,"NOTÍCIAS-percentage":1.0423452768729642,"SÉRIES E FILMES-occurances":32,"SÉRIES E FILMES-percentage":1.0423452768729642,"ALIMENTAÇÃO E SAÚDE-occurances":31,"ALIMENTAÇÃO E SAÚDE-percentage":1.009771986970684,"MODA-occurances":25,"MODA-percentage":0.8143322475570033,"JOGOS-occurances":21,"JOGOS-percentage":0.6840390879478827,"YOUTUBE-occurances":17,"YOUTUBE-percentage":0.5537459283387622,"TWITTER-occurances":16,"TWITTER-percentage":0.5211726384364821,"FITNESS-occurances":11,"FITNESS-percentage":0.3583061889250814,"ECONOMIA-occurances":10,"ECONOMIA-percentage":0.3257328990228013,"CARROS-occurances":8,"CARROS-percentage":0.26058631921824105,"INSTAGRAM-occurances":8,"INSTAGRAM-percentage":0.26058631921824105,"VIAGENS-occurances":8,"VIAGENS-percentage":0.26058631921824105,"INTERNACIONAL-occurances":6,"INTERNACIONAL-percentage":0.19543973941368079,"EDUCAÇÃO-occurances":5,"EDUCAÇÃO-percentage":0.16286644951140064,"ESOTERISMO-occurances":4,"ESOTERISMO-percentage":0.13029315960912052,"NATUREZA-occurances":4,"NATUREZA-percentage":0.13029315960912052,"TV E CELEBRIDADES-occurances":4,"TV E CELEBRIDADES-percentage":0.13029315960912052,"HUMOR-occurances":3,"HUMOR-percentage":0.09771986970684039,"CIÊNCIA-occurances":2,"CIÊNCIA-percentage":0.06514657980456026,"SEXO-occurances":2,"SEXO-percentage":0.06514657980456026,"POLÍTICA-occurances":1,"POLÍTICA-percentage":0.03257328990228013,"LINKEDIN-occurances":0,"LINKEDIN-percentage":0}