{"totalHistoryAmount":6681,"TECNOLOGIA-occurances":1679,"TECNOLOGIA-percentage":25.13096841790151,"FACEBOOK-occurances":724,"FACEBOOK-percentage":10.8367010926508,"NOTÍCIAS-occurances":399,"NOTÍCIAS-percentage":5.972159856308936,"DECORAÇÃO-occurances":357,"DECORAÇÃO-percentage":5.343511450381679,"MODA-occurances":252,"MODA-percentage":3.7718904355635385,"ESPORTE-occurances":221,"ESPORTE-percentage":3.3078880407124682,"ESOTERISMO-occurances":162,"ESOTERISMO-percentage":2.42478670857656,"LINKEDIN-occurances":136,"LINKEDIN-percentage":2.035623409669211,"TV E CELEBRIDADES-occurances":106,"TV E CELEBRIDADES-percentage":1.5865888340068852,"POP/ARTE-occurances":93,"POP/ARTE-percentage":1.3920071845532107,"YOUTUBE-occurances":91,"YOUTUBE-percentage":1.3620715461757222,"SÉRIES E FILMES-occurances":74,"SÉRIES E FILMES-percentage":1.1076186199670708,"ALIMENTAÇÃO E SAÚDE-occurances":63,"ALIMENTAÇÃO E SAÚDE-percentage":0.9429726088908846,"POLÍTICA-occurances":55,"POLÍTICA-percentage":0.823230055380931,"CARROS-occurances":41,"CARROS-percentage":0.6136805867385122,"EDUCAÇÃO-occurances":32,"EDUCAÇÃO-percentage":0.4789702140398144,"ECONOMIA-occurances":26,"ECONOMIA-percentage":0.3891632989073492,"CIÊNCIA-occurances":25,"CIÊNCIA-percentage":0.374195479718605,"NATUREZA-occurances":18,"NATUREZA-percentage":0.2694207453973956,"SEXO-occurances":18,"SEXO-percentage":0.2694207453973956,"JOGOS-occurances":17,"JOGOS-percentage":0.2544529262086514,"INTERNACIONAL-occurances":14,"INTERNACIONAL-percentage":0.2095494686424188,"HUMOR-occurances":13,"HUMOR-percentage":0.1945816494536746,"INSTAGRAM-occurances":10,"INSTAGRAM-percentage":0.149678191887442,"TWITTER-occurances":10,"TWITTER-percentage":0.149678191887442,"FITNESS-occurances":9,"FITNESS-percentage":0.1347103726986978,"VIAGENS-occurances":6,"VIAGENS-percentage":0.0898069151324652}